model,icd9,icd9_label,ccs,n_valid_targets,best_rank,best_score,top_score,margin,top_survives_chapter_filter,label_words,residual_label
ClinicalBERT,140,malignant neoplasm of lip,1,1,1,0.99999988079071,0.99999988079071,0,TRUE,4,FALSE
ClinicalBERT,141,malignant neoplasm of tongue,1,2,1,0.991551160812378,0.991551160812378,0,TRUE,4,FALSE
ClinicalBERT,142,malignant neoplasm of major salivary glands,1,2,1,0.987811326980591,0.987811326980591,0,TRUE,6,FALSE
ClinicalBERT,143,malignant neoplasm of gum,1,1,1,1,1,0,TRUE,4,FALSE
ClinicalBERT,144,malignant neoplasm of floor of mouth,1,1,1,1.00000011920929,1.00000011920929,0,TRUE,6,FALSE
ClinicalBERT,145,malignant neoplasm of other and unspecified parts of mouth,1,2,1,0.999999821186066,0.999999821186066,0,TRUE,9,TRUE
ClinicalBERT,146,malignant neoplasm of oropharynx,1,2,1,1,1,0,TRUE,4,FALSE
ClinicalBERT,147,malignant neoplasm of nasopharynx,1,1,1,0.99999988079071,0.99999988079071,0,TRUE,4,FALSE
ClinicalBERT,148,malignant neoplasm of hypopharynx,1,2,1,1.00000011920929,1.00000011920929,0,TRUE,4,FALSE
ClinicalBERT,149,malignant neoplasm of other and illdefined sites within the lip oral cavity and pharynx,1,1,1,0.99249541759491,0.99249541759491,0,TRUE,14,TRUE
ClinicalBERT,150,malignant neoplasm of esophagus,2,1,1,0.998008668422699,0.998008668422699,0,TRUE,4,FALSE
ClinicalBERT,151,malignant neoplasm of stomach,3,1,1,1.00000011920929,1.00000011920929,0,TRUE,4,FALSE
ClinicalBERT,152,malignant neoplasm of small intestine including duodenum,4,1,1,0.987811684608459,0.987811684608459,0,TRUE,7,FALSE
ClinicalBERT,153,malignant neoplasm of colon,5,1,1,1.00000011920929,1.00000011920929,0,TRUE,4,FALSE
ClinicalBERT,154,malignant neoplasm of rectum rectosigmoid junction and anus,6,3,1,0.982244491577148,0.982244491577148,0,TRUE,8,FALSE
ClinicalBERT,155,malignant neoplasm of liver and intrahepatic bile ducts,7,1,1,1,1,0,TRUE,8,FALSE
ClinicalBERT,156,malignant neoplasm of gallbladder and extrahepatic bile ducts,4,2,8,0.973546624183655,0.99658739566803,0.023040771484375,TRUE,8,FALSE
ClinicalBERT,157,malignant neoplasm of pancreas,8,1,1,0.999999403953552,0.999999403953552,0,TRUE,4,FALSE
ClinicalBERT,158,malignant neoplasm of retroperitoneum and peritoneum,4,2,1,0.999999523162842,0.999999523162842,0,TRUE,6,FALSE
ClinicalBERT,159,malignant neoplasm of other and illdefined sites within the digestive organs and peritoneum,4,2,8,0.962487936019897,0.983090400695801,0.0206024646759033,TRUE,13,TRUE
ClinicalBERT,160,malignant neoplasm of nasal cavities middle ear and accessory sinuses,1,2,1,0.989037573337555,0.989037573337555,0,TRUE,10,FALSE
ClinicalBERT,161,malignant neoplasm of larynx,1,1,1,0.99999988079071,0.99999988079071,0,TRUE,4,FALSE
ClinicalBERT,162,malignant neoplasm of trachea bronchus and lung,9,3,1,0.995633244514465,0.995633244514465,0,TRUE,7,FALSE
ClinicalBERT,163,malignant neoplasm of pleura,9,2,1,0.986494660377502,0.986494660377502,0,TRUE,4,FALSE
ClinicalBERT,164,malignant neoplasm of thymus heart and mediastinum,10,3,15,0.979662597179413,0.987865328788757,0.00820273160934448,TRUE,7,FALSE
ClinicalBERT,165,malignant neoplasm of other and illdefined sites within the respiratory system and intrathoracic organs,9,1,1,0.993113398551941,0.993113398551941,0,TRUE,14,TRUE
ClinicalBERT,170,malignant neoplasm of bone and articular cartilage,11,2,1,0.984334647655487,0.984334647655487,0,TRUE,7,FALSE
ClinicalBERT,171,malignant neoplasm of connective and other soft tissue,11,2,1,0.996519207954407,0.996519207954407,0,TRUE,8,TRUE
ClinicalBERT,172,malignant melanoma of skin,12,1,1,0.999999761581421,0.999999761581421,0,TRUE,4,FALSE
ClinicalBERT,174,malignant neoplasm of female breast,13,1,1,0.988583505153656,0.988583505153656,0,TRUE,5,FALSE
ClinicalBERT,176,kaposis sarcoma,10,3,1,0.988871097564697,0.988871097564697,0,TRUE,2,FALSE
ClinicalBERT,179,malignant neoplasm of uterus part unspecified,14,1,1,1.00000035762787,1.00000035762787,0,TRUE,6,TRUE
ClinicalBERT,180,malignant neoplasm of cervix uteri,15,1,1,0.999999761581421,0.999999761581421,0,TRUE,5,FALSE
ClinicalBERT,181,malignant neoplasm of placenta,16,1,1,1.00000023841858,1.00000023841858,0,TRUE,4,FALSE
ClinicalBERT,182,malignant neoplasm of body of uterus,14,1,2,0.988843619823456,0.989138007164001,0.000294387340545654,TRUE,6,FALSE
ClinicalBERT,183,malignant neoplasm of ovary and other uterine adnexa,16,2,3,0.980937957763672,0.986644089221954,0.00570613145828247,TRUE,8,TRUE
ClinicalBERT,184,malignant neoplasm of other and unspecified female genital organs,16,3,1,1.00000011920929,1.00000011920929,0,TRUE,9,TRUE
ClinicalBERT,185,malignant neoplasm of prostate,17,1,1,0.99999988079071,0.99999988079071,0,TRUE,4,FALSE
ClinicalBERT,186,malignant neoplasm of testis,18,1,1,0.999999582767487,0.999999582767487,0,TRUE,4,FALSE
ClinicalBERT,187,malignant neoplasm of penis and other male genital organs,19,2,1,0.988656044006348,0.988656044006348,0,TRUE,9,TRUE
ClinicalBERT,188,malignant neoplasm of bladder,20,1,1,1.00000011920929,1.00000011920929,0,TRUE,4,FALSE
ClinicalBERT,189,malignant neoplasm of kidney and other and unspecified urinary organs,21,4,1,0.996411144733429,0.996411144733429,0,TRUE,10,TRUE
ClinicalBERT,190,malignant neoplasm of eye,10,1,18,0.975539028644562,0.986899971961975,0.0113609433174133,TRUE,4,FALSE
ClinicalBERT,191,malignant neoplasm of brain,22,1,1,1.00000035762787,1.00000035762787,0,TRUE,4,FALSE
ClinicalBERT,192,malignant neoplasm of other and unspecified parts of nervous system,22,2,2,0.985005497932434,0.986891090869904,0.00188559293746948,TRUE,10,TRUE
ClinicalBERT,193,malignant neoplasm of thyroid gland,23,1,1,1.00000023841858,1.00000023841858,0,TRUE,5,FALSE
ClinicalBERT,194,malignant neoplasm of other endocrine glands and related structures,10,2,1,1.00000023841858,1.00000023841858,0,TRUE,9,TRUE
ClinicalBERT,195,malignant neoplasm of other and illdefined sites,10,2,1,0.989319443702698,0.989319443702698,0,TRUE,7,TRUE
ClinicalBERT,196,secondary and unspecified malignant neoplasm of lymph nodes,24,1,1,0.999999761581421,0.999999761581421,0,TRUE,8,TRUE
ClinicalBERT,197,secondary malignant neoplasm of respiratory and digestive systems,24,1,1,0.992605209350586,0.992605209350586,0,TRUE,8,FALSE
ClinicalBERT,198,secondary malignant neoplasm of other specified sites,24,1,1,0.982821702957153,0.982821702957153,0,TRUE,7,TRUE
ClinicalBERT,199,malignant neoplasm without specification of site,25,4,1,1.00000011920929,1.00000011920929,0,TRUE,6,TRUE
ClinicalBERT,200,lymphosarcoma and reticulosarcoma and other specified malignant tumors of lymphatic tissue,26,3,42,0.931944489479065,0.957221567630768,0.0252770781517029,TRUE,11,TRUE
ClinicalBERT,201,hodgkins disease,27,1,56,0.934615612030029,0.971393704414368,0.0367780923843384,FALSE,2,FALSE
ClinicalBERT,202,other malignant neoplasms of lymphoid and histiocytic tissue,26,6,2,0.964302003383636,0.967517673969269,0.00321567058563232,TRUE,8,TRUE
ClinicalBERT,203,multiple myeloma and immunoproliferative neoplasms,28,2,1,0.993090212345123,0.993090212345123,0,TRUE,5,FALSE
ClinicalBERT,204,lymphoid leukemia,28,1,1,0.986453592777252,0.986453592777252,0,TRUE,2,FALSE
ClinicalBERT,205,myeloid leukemia,28,1,1,0.986471772193909,0.986471772193909,0,TRUE,2,FALSE
ClinicalBERT,206,monocytic leukemia,28,1,1,0.989750623703003,0.989750623703003,0,TRUE,2,FALSE
ClinicalBERT,207,other specified leukemia,28,1,562,0.853469491004944,0.941113471984863,0.0876439809799194,FALSE,3,TRUE
ClinicalBERT,208,leukemia of unspecified cell type,28,1,1,0.992520332336426,0.992520332336426,0,TRUE,5,TRUE
ClinicalBERT,225,benign neoplasm of brain and other parts of nervous system,29,2,1,0.998168706893921,0.998168706893921,0,TRUE,10,TRUE
ClinicalBERT,230,carcinoma in situ of digestive organs,4,2,1,0.986930012702942,0.986930012702942,0,TRUE,6,FALSE
ClinicalBERT,231,carcinoma in situ of respiratory system,9,1,1,0.990280091762543,0.990280091762543,0,TRUE,6,FALSE
ClinicalBERT,233,carcinoma in situ of breast and genitourinary system,10,4,2,0.983879745006561,0.99151748418808,0.00763773918151855,TRUE,8,FALSE
ClinicalBERT,234,carcinoma in situ of other and unspecified sites,10,1,1,0.999999642372131,0.999999642372131,0,TRUE,8,TRUE
ClinicalBERT,237,neoplasm of uncertain behavior of endocrine glands and nervous system,30,4,1,0.981349289417267,0.981349289417267,0,TRUE,10,FALSE
ClinicalBERT,238,neoplasm of uncertain behavior of other and unspecified sites and tissues,30,4,1,0.980786621570587,0.980786621570587,0,TRUE,11,TRUE
ClinicalBERT,240,simple and unspecified goiter,31,2,19,0.917797267436981,0.931149959564209,0.0133526921272278,FALSE,4,TRUE
ClinicalBERT,241,nontoxic nodular goiter,31,2,6,0.94549423456192,0.949250102043152,0.00375586748123169,FALSE,3,FALSE
ClinicalBERT,242,thyrotoxicosis with or without goiter,31,1,27,0.932704329490662,0.947358071804047,0.014653742313385,FALSE,5,FALSE
ClinicalBERT,243,congenital hypothyroidism,31,2,1,0.982066512107849,0.982066512107849,0,TRUE,2,FALSE
ClinicalBERT,244,acquired hypothyroidism,31,4,4,0.947769641876221,0.973564207553864,0.0257945656776428,FALSE,2,FALSE
ClinicalBERT,245,thyroiditis,31,1,1,0.999999940395355,0.999999940395355,0,TRUE,1,FALSE
ClinicalBERT,246,other disorders of thyroid,31,3,1,0.999999821186066,0.999999821186066,0,TRUE,4,TRUE
ClinicalBERT,250,diabetes mellitus,32,4,2,0.951785862445831,0.965655386447906,0.0138695240020752,FALSE,2,FALSE
ClinicalBERT,251,other disorders of pancreatic internal secretiondisorders of parathyroid gland,33,3,1,0.952646732330322,0.952646732330322,0,TRUE,9,TRUE
ClinicalBERT,252,disorders of parathyroid gland,33,3,2,0.953101336956024,0.955255448818207,0.00215411186218262,FALSE,4,FALSE
ClinicalBERT,253,disorders of the pituitary gland and its hypothalamic control,33,4,76,0.910162508487701,0.942373216152191,0.0322107076644897,TRUE,9,FALSE
ClinicalBERT,254,diseases of thymus gland,33,1,2,0.974323809146881,0.975721120834351,0.00139731168746948,FALSE,4,FALSE
ClinicalBERT,255,disorders of adrenal glands,33,6,5,0.955299735069275,0.963143467903137,0.0078437328338623,FALSE,4,FALSE
ClinicalBERT,256,ovarian dysfunction,33,2,1,1.00000011920929,1.00000011920929,0,TRUE,2,FALSE
ClinicalBERT,257,testicular dysfunction,33,3,1,0.999999642372131,0.999999642372131,0,TRUE,2,FALSE
ClinicalBERT,258,polyglandular dysfunction and related disorders,33,1,5,0.936330556869507,0.954904854297638,0.0185742974281311,FALSE,5,FALSE
ClinicalBERT,259,other endocrine disorders,33,3,1,0.999999463558197,0.999999463558197,0,TRUE,3,TRUE
ClinicalBERT,260,kwashiorkor,34,2,1,1.00000023841858,1.00000023841858,0,TRUE,1,FALSE
ClinicalBERT,261,nutritional marasmus,34,1,1,1,1,0,TRUE,2,FALSE
ClinicalBERT,262,other severe proteincalorie malnutrition,34,1,1,0.922179520130157,0.922179520130157,0,TRUE,4,TRUE
ClinicalBERT,263,other and unspecified proteincalorie malnutrition,34,4,1,0.926446437835693,0.926446437835693,0,TRUE,5,TRUE
ClinicalBERT,268,vitamin d deficiency,34,3,1,1.00000023841858,1.00000023841858,0,TRUE,3,FALSE
ClinicalBERT,270,disorders of aminoacid transport and metabolism,35,3,3,0.961385488510132,0.965977430343628,0.00459194183349609,TRUE,6,FALSE
ClinicalBERT,271,disorders of carbohydrate transport and metabolism,35,4,4,0.940122902393341,0.949001729488373,0.00887882709503174,TRUE,6,FALSE
ClinicalBERT,272,disorders of lipoid metabolism,36,5,3,0.963373839855194,0.983383297920227,0.020009458065033,TRUE,4,FALSE
ClinicalBERT,273,disorders of plasma protein metabolism,35,5,275,0.862256526947021,0.98072475194931,0.118468225002289,TRUE,5,FALSE
ClinicalBERT,274,gout,37,1,1,0.99999988079071,0.99999988079071,0,FALSE,1,FALSE
ClinicalBERT,275,disorders of mineral metabolism,35,3,1,0.999999582767487,0.999999582767487,0,TRUE,4,FALSE
ClinicalBERT,277,other and unspecified disorders of metabolism,35,9,7,0.919480264186859,0.947895348072052,0.0284150838851929,FALSE,6,TRUE
ClinicalBERT,278,overweight obesity and other hyperalimentation,35,4,32,0.91359555721283,0.932179093360901,0.0185835361480713,FALSE,5,TRUE
ClinicalBERT,279,disorders involving the immune mechanism,35,6,143,0.903651177883148,0.940385460853577,0.0367342829704285,FALSE,5,FALSE
ClinicalBERT,280,iron deficiency anemias,38,1,1,0.984429359436035,0.984429359436035,0,TRUE,3,FALSE
ClinicalBERT,282,hereditary hemolytic anemias,38,4,1,0.96282547712326,0.96282547712326,0,TRUE,3,FALSE
ClinicalBERT,283,acquired hemolytic anemias,38,1,1,0.984397947788239,0.984397947788239,0,TRUE,3,FALSE
ClinicalBERT,284,aplastic anemia and other bone marrow failure syndromes,38,3,3,0.93487823009491,0.944109737873077,0.00923150777816772,FALSE,8,TRUE
ClinicalBERT,285,other and unspecified anemias,38,4,45,0.930148720741272,0.962286829948425,0.0321381092071533,FALSE,4,TRUE
ClinicalBERT,286,coagulation defects,39,4,1,0.959534406661987,0.959534406661987,0,TRUE,2,FALSE
ClinicalBERT,287,purpura and other hemorrhagic conditions,39,1,1,0.99548876285553,0.99548876285553,0,TRUE,5,TRUE
ClinicalBERT,288,diseases of white blood cells,39,4,89,0.839942932128906,0.898805499076843,0.058862566947937,FALSE,5,FALSE
ClinicalBERT,289,other diseases of blood and bloodforming organs,39,7,1,0.98211145401001,0.98211145401001,0,TRUE,7,TRUE
ClinicalBERT,290,dementias,40,3,1,0.959636569023132,0.959636569023132,0,TRUE,1,FALSE
ClinicalBERT,291,alcoholinduced mental disorders,41,1,559,0.890438497066498,0.94164377450943,0.0512052774429321,FALSE,3,FALSE
ClinicalBERT,292,druginduced mental disorders,41,9,66,0.925833225250244,0.949179112911224,0.0233458876609802,FALSE,3,FALSE
ClinicalBERT,294,persistent mental disorders due to conditions classified elsewhere,40,5,14,0.932940185070038,0.943109929561615,0.0101697444915771,FALSE,8,FALSE
ClinicalBERT,295,schizophrenic disorders,42,4,1,0.990940451622009,0.990940451622009,0,TRUE,2,FALSE
ClinicalBERT,296,episodic mood disorders,43,7,2,0.968898713588715,0.970447897911072,0.00154918432235718,TRUE,3,FALSE
ClinicalBERT,297,delusional disorders,42,2,2,0.954337358474731,0.957980811595917,0.0036434531211853,TRUE,2,FALSE
ClinicalBERT,298,other nonorganic psychoses,42,5,1,0.98764443397522,0.98764443397522,0,TRUE,3,TRUE
ClinicalBERT,299,pervasive developmental disorders,44,1,1,0.999999642372131,0.999999642372131,0,TRUE,3,FALSE
ClinicalBERT,300,anxiety dissociative and somatoform disorders,43,10,4,0.947484374046326,0.952807426452637,0.00532305240631104,TRUE,5,FALSE
ClinicalBERT,301,personality disorders,45,6,5,0.948451042175293,0.966370046138763,0.0179190039634705,TRUE,2,FALSE
ClinicalBERT,303,alcohol dependence syndrome,41,2,483,0.898778319358826,0.952791810035706,0.0540134906768799,FALSE,3,FALSE
ClinicalBERT,304,drug dependence,41,8,816,0.840455174446106,0.956670999526978,0.116215825080872,TRUE,2,FALSE
ClinicalBERT,305,nondependent abuse of drugs,41,11,1,0.963062167167664,0.963062167167664,0,TRUE,4,FALSE
ClinicalBERT,306,physiological malfunction arising from mental factors,46,3,3,0.919388651847839,0.929307103157043,0.0099184513092041,FALSE,6,FALSE
ClinicalBERT,307,special symptoms or syndromes not elsewhere classified,46,6,55,0.890295684337616,0.934766173362732,0.044470489025116,FALSE,7,TRUE
ClinicalBERT,308,acute reaction to stress,43,1,2,0.900600612163544,0.903049170970917,0.00244855880737305,FALSE,4,FALSE
ClinicalBERT,309,adjustment reaction,47,2,490,0.815893471240997,0.909518003463745,0.0936245322227478,FALSE,2,FALSE
ClinicalBERT,310,specific nonpsychotic mental disorders due to brain damage,46,2,1,0.958875715732574,0.958875715732574,0,TRUE,8,FALSE
ClinicalBERT,311,depressive disorder not elsewhere classified,43,2,18,0.928116798400879,0.951784431934357,0.0236676335334778,FALSE,5,TRUE
ClinicalBERT,312,disturbance of conduct not elsewhere classified,48,3,112,0.864408195018768,0.922092199325562,0.0576840043067932,FALSE,6,TRUE
ClinicalBERT,314,hyperkinetic syndrome of childhood,48,1,1900,0.769994497299194,0.950627505779266,0.180633008480072,FALSE,4,FALSE
ClinicalBERT,315,specific delays in development,49,6,1,0.900252461433411,0.900252461433411,0,TRUE,4,FALSE
ClinicalBERT,316,psychic factors associated with diseases classified elsewhere,46,1,1,0.969784617424011,0.969784617424011,0,TRUE,7,FALSE
ClinicalBERT,317,mild intellectual disabilities,49,1,299,0.845347583293915,0.907849192619324,0.0625016093254089,FALSE,3,FALSE
ClinicalBERT,318,other specified intellectual disabilities,49,3,196,0.884260773658752,0.924335718154907,0.0400749444961548,FALSE,4,TRUE
ClinicalBERT,319,unspecified intellectual disabilities,49,2,3,0.915714621543884,0.936005473136902,0.0202908515930176,TRUE,3,TRUE
ClinicalBERT,330,cerebral degenerations usually manifest in childhood,50,3,384,0.859967947006226,0.940442860126495,0.0804749131202698,FALSE,6,FALSE
ClinicalBERT,331,other cerebral degenerations,40,6,100,0.91913914680481,0.966122627258301,0.0469834804534912,TRUE,3,TRUE
ClinicalBERT,332,parkinsons disease,51,3,1,0.983465552330017,0.983465552330017,0,TRUE,2,FALSE
ClinicalBERT,333,other extrapyramidal disease and abnormal movement disorders,50,8,1,0.976617455482483,0.976617455482483,0,TRUE,7,TRUE
ClinicalBERT,334,spinocerebellar disease,50,2,294,0.91558426618576,0.953149676322937,0.0375654101371765,FALSE,2,FALSE
ClinicalBERT,335,anterior horn cell disease,50,2,270,0.915254592895508,0.965677857398987,0.050423264503479,TRUE,4,FALSE
ClinicalBERT,336,other diseases of spinal cord,50,4,1,0.999999642372131,0.999999642372131,0,TRUE,5,TRUE
ClinicalBERT,337,disorders of the autonomic nervous system,50,2,1,0.962427258491516,0.962427258491516,0,TRUE,6,FALSE
ClinicalBERT,340,multiple sclerosis,53,1,1,1.00000011920929,1.00000011920929,0,TRUE,2,FALSE
ClinicalBERT,341,other demyelinating diseases of central nervous system,50,2,1,0.999999642372131,0.999999642372131,0,TRUE,7,TRUE
ClinicalBERT,342,hemiplegia and hemiparesis,54,1,1,0.933921694755554,0.933921694755554,0,TRUE,3,FALSE
ClinicalBERT,343,infantile cerebral palsy,54,1,4,0.939198434352875,0.950783133506775,0.0115846991539001,FALSE,3,FALSE
ClinicalBERT,344,other paralytic syndromes,54,4,1,0.99999988079071,0.99999988079071,0,TRUE,3,TRUE
ClinicalBERT,345,epilepsy and recurrent seizures,55,2,17,0.925001084804535,0.947296619415283,0.0222955346107483,TRUE,4,FALSE
ClinicalBERT,346,migraine,52,2,1,0.999999523162842,0.999999523162842,0,TRUE,1,FALSE
ClinicalBERT,347,cataplexy and narcolepsy,50,1,920,0.857141017913818,0.953143298625946,0.0960022807121277,FALSE,3,FALSE
ClinicalBERT,348,other conditions of brain,50,1,1,0.975941777229309,0.975941777229309,0,TRUE,4,TRUE
ClinicalBERT,353,nerve root and plexus disorders,50,2,1,1.00000047683716,1.00000047683716,0,TRUE,5,FALSE
ClinicalBERT,354,mononeuritis of upper limb and mononeuritis multiplex,50,2,3,0.937654316425323,0.941050887107849,0.00339657068252563,FALSE,7,FALSE
ClinicalBERT,355,mononeuritis of lower limb and unspecified site,50,3,31,0.922240793704987,0.952555298805237,0.0303145051002502,FALSE,7,TRUE
ClinicalBERT,356,hereditary and idiopathic peripheral neuropathy,50,2,1,0.993315517902374,0.993315517902374,0,TRUE,5,FALSE
ClinicalBERT,357,inflammatory and toxic neuropathy,50,3,2,0.96110862493515,0.962348699569702,0.001240074634552,FALSE,4,FALSE
ClinicalBERT,358,myoneural disorders,50,2,121,0.939897418022156,0.973796308040619,0.0338988900184631,FALSE,2,FALSE
ClinicalBERT,359,muscular dystrophies and other myopathies,50,3,81,0.906319856643677,0.954062402248383,0.0477425456047058,TRUE,5,TRUE
ClinicalBERT,360,disorders of the globe,56,2,1,0.979470789432526,0.979470789432526,0,TRUE,4,FALSE
ClinicalBERT,361,retinal detachments and defects,57,1,1,0.976666510105133,0.976666510105133,0,TRUE,4,FALSE
ClinicalBERT,362,other retinal disorders,57,5,1,1.00000023841858,1.00000023841858,0,TRUE,3,TRUE
ClinicalBERT,363,chorioretinal inflammations scars and other disorders of choroid,56,3,1,0.948133945465088,0.948133945465088,0,TRUE,8,TRUE
ClinicalBERT,364,disorders of iris and ciliary body,56,3,2,0.957251608371735,0.973955512046814,0.0167039036750793,TRUE,6,FALSE
ClinicalBERT,365,glaucoma,58,3,1,0.999999582767487,0.999999582767487,0,TRUE,1,FALSE
ClinicalBERT,366,cataract,59,3,1,0.957683444023132,0.957683444023132,0,TRUE,1,FALSE
ClinicalBERT,369,blindness and low vision,60,1,13,0.916259944438934,0.939322412014008,0.0230624675750732,TRUE,4,FALSE
ClinicalBERT,370,keratitis,56,2,1,1.00000023841858,1.00000023841858,0,TRUE,1,FALSE
ClinicalBERT,371,corneal opacity and other disorders of cornea,56,3,2,0.927612483501434,0.928272604942322,0.000660121440887451,TRUE,7,TRUE
ClinicalBERT,372,disorders of conjunctiva,56,3,1,0.905278325080872,0.905278325080872,0,TRUE,3,FALSE
ClinicalBERT,376,disorders of the orbit,56,2,1,0.977251768112183,0.977251768112183,0,TRUE,4,FALSE
ClinicalBERT,377,disorders of optic nerve and visual pathways,56,3,1,0.963030695915222,0.963030695915222,0,TRUE,7,FALSE
ClinicalBERT,379,other disorders of eye,56,9,1,0.98301374912262,0.98301374912262,0,TRUE,4,TRUE
ClinicalBERT,380,disorders of external ear,61,3,7,0.95510995388031,0.965762257575989,0.0106523036956787,TRUE,4,FALSE
ClinicalBERT,381,nonsuppurative otitis media and eustachian tube disorders,62,3,2,0.956771969795227,0.957013368606567,0.000241398811340332,FALSE,7,FALSE
ClinicalBERT,382,suppurative and unspecified otitis media,62,2,1,0.999999821186066,0.999999821186066,0,TRUE,5,TRUE
ClinicalBERT,383,mastoiditis and related conditions,62,3,1,0.999999761581421,0.999999761581421,0,TRUE,4,FALSE
ClinicalBERT,384,other disorders of tympanic membrane,61,2,1,0.999999940395355,0.999999940395355,0,TRUE,5,TRUE
ClinicalBERT,386,vertiginous syndromes and other disorders of vestibular system,63,3,47,0.926905930042267,0.948844909667969,0.0219389796257019,TRUE,8,TRUE
ClinicalBERT,389,hearing loss,61,2,1,0.956412553787231,0.956412553787231,0,TRUE,2,FALSE
ClinicalBERT,393,chronic rheumatic pericarditis,64,1,155,0.92889416217804,0.977971911430359,0.0490777492523193,FALSE,3,FALSE
ClinicalBERT,394,diseases of mitral valve,65,2,9,0.8768150806427,0.910799264907837,0.0339841842651367,TRUE,4,FALSE
ClinicalBERT,395,diseases of aortic valve,65,2,16,0.886378705501556,0.90300589799881,0.0166271924972534,TRUE,4,FALSE
ClinicalBERT,396,diseases of mitral and aortic valves,65,1,672,0.834427714347839,0.901351034641266,0.0669233202934265,FALSE,6,FALSE
ClinicalBERT,397,diseases of other endocardial structures,65,3,499,0.82518869638443,0.915300130844116,0.0901114344596863,TRUE,5,TRUE
ClinicalBERT,398,other rheumatic heart disease,64,2,1,0.989706456661224,0.989706456661224,0,TRUE,4,TRUE
ClinicalBERT,401,essential hypertension,66,1,1,0.977862894535065,0.977862894535065,0,TRUE,2,FALSE
ClinicalBERT,402,hypertensive heart disease,67,1,1,1.00000011920929,1.00000011920929,0,TRUE,3,FALSE
ClinicalBERT,403,hypertensive chronic kidney disease,67,1,3,0.984874844551086,0.988372623920441,0.00349777936935425,TRUE,4,FALSE
ClinicalBERT,404,hypertensive heart and chronic kidney disease,67,1,1,0.987049460411072,0.987049460411072,0,TRUE,6,FALSE
ClinicalBERT,405,secondary hypertension,67,1,1,0.99999988079071,0.99999988079071,0,TRUE,2,FALSE
ClinicalBERT,410,acute myocardial infarction,68,3,1,0.999999940395355,0.999999940395355,0,TRUE,3,FALSE
ClinicalBERT,411,other acute and subacute forms of ischemic heart disease,69,2,5,0.945089876651764,0.947844743728638,0.00275486707687378,FALSE,9,TRUE
ClinicalBERT,412,old myocardial infarction,69,1,338,0.885016024112701,0.94816118478775,0.0631451606750488,TRUE,3,FALSE
ClinicalBERT,413,angina pectoris,69,1,1,0.999999761581421,0.999999761581421,0,TRUE,2,FALSE
ClinicalBERT,414,other forms of chronic ischemic heart disease,69,1,108,0.92571759223938,0.962918043136597,0.0372004508972168,TRUE,7,TRUE
ClinicalBERT,415,acute pulmonary heart disease,70,1,7,0.934868931770325,0.96237450838089,0.0275055766105652,TRUE,4,FALSE
ClinicalBERT,416,chronic pulmonary heart disease,70,2,41,0.923941135406494,0.983065009117126,0.0591238737106323,TRUE,4,FALSE
ClinicalBERT,417,other diseases of pulmonary circulation,70,1,1,0.968646049499512,0.968646049499512,0,TRUE,5,TRUE
ClinicalBERT,423,other diseases of pericardium,64,2,1,0.999999761581421,0.999999761581421,0,TRUE,4,TRUE
ClinicalBERT,424,other diseases of endocardium,65,6,601,0.880164861679077,0.97984254360199,0.0996776819229126,FALSE,4,TRUE
ClinicalBERT,425,cardiomyopathy,64,4,1,1.00000023841858,1.00000023841858,0,TRUE,1,FALSE
ClinicalBERT,426,conduction disorders,71,2,4,0.953476309776306,0.975854933261871,0.0223786234855652,FALSE,2,FALSE
ClinicalBERT,427,cardiac dysrhythmias,72,5,3,0.940111041069031,0.953011631965637,0.0129005908966064,TRUE,2,FALSE
ClinicalBERT,428,heart failure,72,1,1,1.00000011920929,1.00000011920929,0,TRUE,2,FALSE
ClinicalBERT,429,illdefined descriptions and complications of heart disease,73,7,1,0.933802306652069,0.933802306652069,0,TRUE,7,FALSE
ClinicalBERT,430,subarachnoid hemorrhage,74,1,1,0.995065569877625,0.995065569877625,0,TRUE,2,FALSE
ClinicalBERT,431,intracerebral hemorrhage,74,1,1,0.991335690021515,0.991335690021515,0,TRUE,2,FALSE
ClinicalBERT,432,other and unspecified intracranial hemorrhage,74,1,1,0.943053245544434,0.943053245544434,0,TRUE,5,TRUE
ClinicalBERT,433,occlusion and stenosis of precerebral arteries,74,3,1,0.948049426078796,0.948049426078796,0,TRUE,6,FALSE
ClinicalBERT,434,occlusion of cerebral arteries,74,3,2,0.939497649669647,0.943196535110474,0.00369888544082642,TRUE,4,FALSE
ClinicalBERT,435,transient cerebral ischemia,75,1,1,0.952089726924896,0.952089726924896,0,FALSE,3,FALSE
ClinicalBERT,436,acute but illdefined cerebrovascular disease,74,2,27,0.905819594860077,0.934825420379639,0.0290058255195618,TRUE,5,FALSE
ClinicalBERT,437,other and illdefined cerebrovascular disease,76,4,28,0.921430349349976,0.950776517391205,0.0293461680412292,FALSE,5,TRUE
ClinicalBERT,438,late effects of cerebrovascular disease,76,1,1,0.957048892974854,0.957048892974854,0,TRUE,5,FALSE
ClinicalBERT,440,atherosclerosis,77,1,1,0.999999940395355,0.999999940395355,0,TRUE,1,FALSE
ClinicalBERT,441,aortic aneurysm and dissection,77,1,1,0.999999761581421,0.999999761581421,0,TRUE,4,FALSE
ClinicalBERT,442,other aneurysm,77,1,1,0.973562121391296,0.973562121391296,0,TRUE,2,TRUE
ClinicalBERT,443,other peripheral vascular disease,77,2,1,0.987514615058899,0.987514615058899,0,TRUE,4,TRUE
ClinicalBERT,444,arterial embolism and thrombosis,78,1,1,0.999999821186066,0.999999821186066,0,TRUE,4,FALSE
ClinicalBERT,446,polyarteritis nodosa and allied conditions,77,2,1,0.972310364246368,0.972310364246368,0,FALSE,5,FALSE
ClinicalBERT,447,other disorders of arteries and arterioles,77,3,1,1.00000035762787,1.00000035762787,0,TRUE,6,TRUE
ClinicalBERT,448,disease of capillaries,77,2,1,0.982140123844147,0.982140123844147,0,TRUE,3,FALSE
ClinicalBERT,453,other venous embolism and thrombosis,79,1,1,0.999999761581421,0.999999761581421,0,TRUE,5,TRUE
ClinicalBERT,456,varicose veins of other sites,80,3,1,1.00000035762787,1.00000035762787,0,TRUE,5,TRUE
ClinicalBERT,457,noninfectious disorders of lymphatic channels,80,2,1,0.944652915000916,0.944652915000916,0,TRUE,5,FALSE
ClinicalBERT,459,other disorders of circulatory system,80,3,21,0.955291509628296,0.970554947853088,0.0152634382247925,FALSE,5,TRUE
ClinicalBERT,472,chronic pharyngitis and nasopharyngitis,81,1,2,0.977176427841187,0.985564589500427,0.00838816165924072,TRUE,4,FALSE
ClinicalBERT,473,chronic sinusitis,82,1,1,0.999999463558197,0.999999463558197,0,TRUE,2,FALSE
ClinicalBERT,474,chronic disease of tonsils and adenoids,83,1,1,0.992357075214386,0.992357075214386,0,TRUE,6,FALSE
ClinicalBERT,476,chronic laryngitis and laryngotracheitis,81,1,1,0.999999701976776,0.999999701976776,0,TRUE,4,FALSE
ClinicalBERT,477,allergic rhinitis,81,1,49,0.935237526893616,0.968343496322632,0.0331059694290161,FALSE,2,FALSE
ClinicalBERT,478,other diseases of upper respiratory tract,81,4,1,1.00000011920929,1.00000011920929,0,TRUE,6,TRUE
ClinicalBERT,491,chronic bronchitis,84,3,6,0.962471008300781,0.985729217529297,0.0232582092285156,TRUE,2,FALSE
ClinicalBERT,492,emphysema,84,1,1,1.00000035762787,1.00000035762787,0,TRUE,1,FALSE
ClinicalBERT,493,asthma,85,1,1,0.99999988079071,0.99999988079071,0,TRUE,1,FALSE
ClinicalBERT,494,bronchiectasis,84,1,1,1.00000035762787,1.00000035762787,0,TRUE,1,FALSE
ClinicalBERT,495,extrinsic allergic alveolitis,86,1,5,0.93700098991394,0.940717697143555,0.00371670722961426,FALSE,3,FALSE
ClinicalBERT,496,chronic airway obstruction not elsewhere classified,84,1,436,0.861788332462311,0.966632425785065,0.104844093322754,FALSE,6,TRUE
ClinicalBERT,500,coal workers pneumoconiosis,86,1,1,0.960340738296509,0.960340738296509,0,TRUE,3,FALSE
ClinicalBERT,501,asbestosis,86,1,625,0.847095906734467,0.967975258827209,0.120879352092743,TRUE,1,FALSE
ClinicalBERT,502,pneumoconiosis due to other silica or silicates,86,1,2,0.97394984960556,0.988441824913025,0.0144919753074646,TRUE,7,TRUE
ClinicalBERT,503,pneumoconiosis due to other inorganic dust,86,1,1,0.982089698314667,0.982089698314667,0,TRUE,6,TRUE
ClinicalBERT,504,pneumonopathy due to inhalation of other dust,86,1,6,0.938462555408478,0.956154763698578,0.0176922082901001,TRUE,7,TRUE
ClinicalBERT,505,pneumoconiosis unspecified,86,2,1,0.962100863456726,0.962100863456726,0,TRUE,2,TRUE
ClinicalBERT,506,respiratory conditions due to chemical fumes and vapors,86,1,1,0.948257148265839,0.948257148265839,0,TRUE,8,FALSE
ClinicalBERT,508,respiratory conditions due to other and unspecified external agents,86,1,1,0.975177884101868,0.975177884101868,0,TRUE,9,TRUE
ClinicalBERT,512,pneumothorax and air leak,87,2,1,0.954115271568298,0.954115271568298,0,TRUE,4,FALSE
ClinicalBERT,514,pulmonary congestion and hypostasis,87,1,940,0.78002268075943,0.902301549911499,0.122278869152069,TRUE,4,FALSE
ClinicalBERT,516,other alveolar and parietoalveolar pneumonopathy,87,1,22,0.93780529499054,0.961946368217468,0.0241410732269287,FALSE,5,TRUE
ClinicalBERT,517,lung involvement in conditions classified elsewhere,87,1,4,0.944626033306122,0.949715495109558,0.00508946180343628,FALSE,6,FALSE
ClinicalBERT,518,other diseases of lung,88,7,127,0.911791205406189,0.986743271350861,0.0749520659446716,FALSE,4,TRUE
ClinicalBERT,523,gingival and periodontal diseases,89,3,1,0.987820088863373,0.987820088863373,0,TRUE,4,FALSE
ClinicalBERT,525,other diseases and conditions of the teeth and supporting structures,89,1,1,0.928987801074982,0.928987801074982,0,TRUE,10,TRUE
ClinicalBERT,530,diseases of oesophagus,90,4,2,0.947733759880066,0.964445114135742,0.0167113542556763,TRUE,3,FALSE
ClinicalBERT,531,gastric ulcer,91,1,1,1.00000023841858,1.00000023841858,0,TRUE,2,FALSE
ClinicalBERT,532,duodenal ulcer,91,1,1,0.999999940395355,0.999999940395355,0,TRUE,2,FALSE
ClinicalBERT,533,peptic ulcer site unspecified,91,1,1,1.00000059604645,1.00000059604645,0,TRUE,4,TRUE
ClinicalBERT,534,gastrojejunal ulcer,91,1,1,1.00000023841858,1.00000023841858,0,TRUE,2,FALSE
ClinicalBERT,535,gastritis and duodenitis,92,1,1,1.00000047683716,1.00000047683716,0,TRUE,3,FALSE
ClinicalBERT,537,other diseases of stomach and duodenum,93,1,1,1.00000035762787,1.00000035762787,0,TRUE,6,TRUE
ClinicalBERT,555,regional enteritis,94,1,397,0.88614147901535,0.940351843833923,0.054210364818573,FALSE,2,FALSE
ClinicalBERT,556,ulcerative colitis,94,1,1,1.00000023841858,1.00000023841858,0,TRUE,2,FALSE
ClinicalBERT,557,vascular insufficiency of intestine,77,1,1,0.971884667873383,0.971884667873383,0,TRUE,4,FALSE
ClinicalBERT,558,other and unspecified noninfectious gastroenteritis and colitis,95,2,1,0.964130401611328,0.964130401611328,0,FALSE,7,TRUE
ClinicalBERT,562,diverticula of intestine,96,1,1,0.96916937828064,0.96916937828064,0,TRUE,3,FALSE
ClinicalBERT,564,functional digestive disorders not elsewhere classified,97,4,12,0.947973608970642,0.965475261211395,0.0175016522407532,FALSE,6,TRUE
ClinicalBERT,571,chronic liver disease and cirrhosis,98,4,15,0.924993097782135,0.940670967102051,0.0156778693199158,TRUE,5,FALSE
ClinicalBERT,572,liver abscess and sequelae of chronic liver disease,98,5,74,0.904839396476746,0.929574251174927,0.0247348546981812,TRUE,8,FALSE
ClinicalBERT,573,other diseases of liver,98,4,1,0.99999988079071,0.99999988079071,0,TRUE,4,TRUE
ClinicalBERT,575,other disorders of gallbladder,99,3,1,0.985477268695831,0.985477268695831,0,TRUE,4,TRUE
ClinicalBERT,576,other disorders of biliary tract,99,2,1,0.986643671989441,0.986643671989441,0,TRUE,5,TRUE
ClinicalBERT,577,diseases of pancreas,100,3,18,0.924973428249359,0.950039625167847,0.0250661969184875,TRUE,3,FALSE
ClinicalBERT,579,intestinal malabsorption,97,2,1,1.00000011920929,1.00000011920929,0,TRUE,2,FALSE
ClinicalBERT,581,nephrotic syndrome,101,4,1,1.00000035762787,1.00000035762787,0,TRUE,2,FALSE
ClinicalBERT,582,chronic glomerulonephritis,101,2,2,0.974865913391113,0.977132618427277,0.00226670503616333,FALSE,2,FALSE
ClinicalBERT,583,nephritis and nephropathy not specified as acute or chronic,101,7,14,0.919429361820221,0.972906172275543,0.0534768104553223,TRUE,9,FALSE
ClinicalBERT,585,chronic kidney disease,101,1,1,0.999999940395355,0.999999940395355,0,TRUE,3,FALSE
ClinicalBERT,586,renal failure unspecified,101,1,1,0.946176886558533,0.946176886558533,0,TRUE,3,TRUE
ClinicalBERT,587,renal sclerosis unspecified,101,1,14,0.912425100803375,0.922825932502747,0.0104008316993713,TRUE,3,TRUE
ClinicalBERT,588,disorders resulting from impaired renal function,102,1,1,0.992707252502441,0.992707252502441,0,TRUE,6,FALSE
ClinicalBERT,590,infections of kidney,103,7,138,0.890937328338623,0.954183042049408,0.0632457137107849,FALSE,3,FALSE
ClinicalBERT,595,cystitis,103,2,1,0.999999821186066,0.999999821186066,0,TRUE,1,FALSE
ClinicalBERT,596,other disorders of bladder,104,4,1,1,1,0,TRUE,4,TRUE
ClinicalBERT,599,other disorders of urethra and urinary tract,104,6,11,0.957778215408325,0.967340111732483,0.00956189632415771,FALSE,7,TRUE
ClinicalBERT,600,hyperplasia of prostate,105,1,1,0.999999761581421,0.999999761581421,0,TRUE,3,FALSE
ClinicalBERT,601,inflammatory diseases of prostate,106,1,1,1.00000035762787,1.00000035762787,0,TRUE,4,FALSE
ClinicalBERT,607,disorders of penis,106,2,1,0.958700776100159,0.958700776100159,0,TRUE,3,FALSE
ClinicalBERT,610,benign mammary dysplasias,107,1,1,0.984541356563568,0.984541356563568,0,TRUE,3,FALSE
ClinicalBERT,614,inflammatory disease of ovary fallopian tube pelvic cellular tissue and peritoneum,108,4,71,0.933008015155792,0.958700895309448,0.025692880153656,TRUE,11,FALSE
ClinicalBERT,615,inflammatory diseases of uterus except cervix,108,1,1,0.987332701683044,0.987332701683044,0,TRUE,6,FALSE
ClinicalBERT,617,endometriosis,108,1,1,1.00000047683716,1.00000047683716,0,TRUE,1,FALSE
ClinicalBERT,618,genital prolapse,110,2,25,0.930268287658691,0.947679817676544,0.0174115300178528,TRUE,2,FALSE
ClinicalBERT,619,fistula involving female genital tract,108,1,1,0.995442092418671,0.995442092418671,0,TRUE,5,FALSE
ClinicalBERT,621,disorders of uterus not elsewhere classified,108,2,220,0.880961418151855,0.971684575080872,0.0907231569290161,FALSE,6,TRUE
ClinicalBERT,625,pain and other symptoms associated with female genital organs,108,2,1,0.976265132427216,0.976265132427216,0,TRUE,9,TRUE
ClinicalBERT,626,disorders of menstruation and other abnormal bleeding from female genital tract,109,4,84,0.911678314208984,0.941816091537476,0.0301377773284912,TRUE,11,TRUE
ClinicalBERT,627,menopausal and postmenopausal disorders,111,2,1,0.979873299598694,0.979873299598694,0,TRUE,4,FALSE
ClinicalBERT,628,female infertility,112,1,1,0.999999940395355,0.999999940395355,0,TRUE,2,FALSE
ClinicalBERT,629,other disorders of female genital organs,108,3,395,0.87946617603302,0.997612237930298,0.118146061897278,TRUE,6,TRUE
ClinicalBERT,691,atopic dermatitis and related conditions,113,2,45,0.921273529529572,0.955054104328156,0.033780574798584,FALSE,5,FALSE
ClinicalBERT,694,bullous dermatoses,114,5,69,0.903040289878845,0.934658169746399,0.0316178798675537,FALSE,2,FALSE
ClinicalBERT,695,erythematous conditions,114,12,1,0.933769464492798,0.933769464492798,0,TRUE,2,FALSE
ClinicalBERT,696,psoriasis and similar disorders,114,6,405,0.89963036775589,0.959004998207092,0.0593746304512024,FALSE,4,FALSE
ClinicalBERT,701,other hypertrophic and atrophic conditions of skin,115,12,2,0.952541053295135,0.954556047916412,0.00201499462127686,FALSE,7,TRUE
ClinicalBERT,705,diseases of sweat glands,115,4,10,0.929161250591278,0.975683927536011,0.0465226769447327,FALSE,4,FALSE
ClinicalBERT,707,chronic ulcer of skin,116,3,171,0.893323123455048,0.93942528963089,0.0461021661758423,TRUE,4,FALSE
ClinicalBERT,710,diffuse diseases of connective tissue,117,6,4,0.92729914188385,0.936427295207977,0.0091281533241272,FALSE,5,FALSE
ClinicalBERT,712,crystal arthropathies,37,1,10,0.951059758663177,0.960042238235474,0.00898247957229614,TRUE,2,FALSE
ClinicalBERT,713,arthropathy associated with other disorders classified elsewhere,118,4,4,0.948975205421448,0.955243229866028,0.00626802444458008,FALSE,7,TRUE
ClinicalBERT,714,rheumatoid arthritis and other inflammatory polyarthropathies,119,5,80,0.926471650600433,0.968823552131653,0.0423519015312195,TRUE,6,TRUE
ClinicalBERT,715,osteoarthrosis and allied disorders,120,6,12,0.959281980991364,0.970392405986786,0.0111104249954224,TRUE,4,FALSE
ClinicalBERT,716,other and unspecified arthropathies,118,4,7,0.938073396682739,0.946336805820465,0.00826340913772583,TRUE,4,TRUE
ClinicalBERT,717,internal derangement of knee,118,2,1,1.00000011920929,1.00000011920929,0,TRUE,4,FALSE
ClinicalBERT,718,other derangement of joint,118,4,25,0.933098196983337,0.957860827445984,0.0247626304626465,FALSE,4,TRUE
ClinicalBERT,719,other and unspecified disorders of joint,118,4,84,0.913208425045013,0.952584445476532,0.0393760204315186,FALSE,6,TRUE
ClinicalBERT,720,ankylosing spondylitis and other inflammatory spondylopathies,121,4,1,0.958469331264496,0.958469331264496,0,TRUE,6,TRUE
ClinicalBERT,721,spondylosis and allied disorders,121,2,13,0.947898268699646,0.957091867923737,0.00919359922409058,FALSE,4,FALSE
ClinicalBERT,722,intervertebral disc disorders,121,4,1,0.956812500953674,0.956812500953674,0,TRUE,3,FALSE
ClinicalBERT,730,osteomyelitis periostitis and other infections involving bone,122,5,214,0.912063300609589,0.948910236358643,0.036846935749054,TRUE,7,TRUE
ClinicalBERT,731,osteitis deformans and osteopathies associated with other disorders classified elsewhere,123,3,253,0.858147025108337,0.957201778888702,0.099054753780365,TRUE,10,TRUE
ClinicalBERT,732,osteochondropathies,123,4,32,0.955592036247253,0.981527805328369,0.0259357690811157,TRUE,1,FALSE
ClinicalBERT,733,other disorders of bone and cartilage,123,13,1,0.985783040523529,0.985783040523529,0,TRUE,6,TRUE
ClinicalBERT,735,acquired deformities of toe,124,1,1,0.964875102043152,0.964875102043152,0,TRUE,4,FALSE
ClinicalBERT,737,curvature of spine,125,5,12,0.880912125110626,0.898740530014038,0.0178284049034119,FALSE,3,FALSE
ClinicalBERT,740,anencephalus and similar anomalies,126,1,1,0.965591847896576,0.965591847896576,0,TRUE,4,FALSE
ClinicalBERT,741,spina bifida,126,2,1,1.00000035762787,1.00000035762787,0,TRUE,2,FALSE
ClinicalBERT,742,other congenital anomalies of nervous system,126,7,1,0.991563141345978,0.991563141345978,0,TRUE,6,TRUE
ClinicalBERT,743,congenital anomalies of eye,127,6,3,0.971541821956635,0.978287041187286,0.00674521923065186,TRUE,4,FALSE
ClinicalBERT,744,congenital anomalies of ear face and neck,127,3,12,0.956376135349274,0.977276563644409,0.0209004282951355,TRUE,7,FALSE
ClinicalBERT,745,bulbus cordis anomalies and anomalies of cardiac septal closure,128,2,233,0.889517724514008,0.936933696269989,0.0474159717559814,FALSE,9,FALSE
ClinicalBERT,746,other congenital anomalies of heart,128,4,1,0.988424599170685,0.988424599170685,0,TRUE,5,TRUE
ClinicalBERT,747,other congenital anomalies of circulatory system,128,5,1,0.988983690738678,0.988983690738678,0,TRUE,6,TRUE
ClinicalBERT,748,congenital anomalies of respiratory system,127,5,1,0.971113502979279,0.971113502979279,0,TRUE,5,FALSE
ClinicalBERT,749,cleft palate and cleft lip,127,3,1,0.985047817230225,0.985047817230225,0,TRUE,5,FALSE
ClinicalBERT,750,other congenital anomalies of upper alimentary tract,129,3,1,0.989165544509888,0.989165544509888,0,TRUE,7,TRUE
ClinicalBERT,751,other congenital anomalies of digestive system,129,5,1,0.991171717643738,0.991171717643738,0,TRUE,6,TRUE
ClinicalBERT,752,congenital anomalies of genital organs,130,8,2,0.967534959316254,0.969955563545227,0.00242060422897339,TRUE,5,FALSE
ClinicalBERT,753,congenital anomalies of urinary system,130,5,4,0.962095975875854,0.97078013420105,0.00868415832519531,TRUE,5,FALSE
ClinicalBERT,754,certain congenital musculoskeletal deformities,127,5,1,0.94914186000824,0.94914186000824,0,TRUE,4,FALSE
ClinicalBERT,755,other congenital anomalies of limbs,127,9,20,0.960304617881775,0.974854469299316,0.0145498514175415,TRUE,5,TRUE
ClinicalBERT,756,other congenital musculoskeletal anomalies,127,6,1,0.989644169807434,0.989644169807434,0,TRUE,4,TRUE
ClinicalBERT,757,congenital anomalies of the integument,127,5,14,0.926511168479919,0.956102192401886,0.0295910239219666,TRUE,5,FALSE
ClinicalBERT,758,chromosomal anomalies,127,9,232,0.893434226512909,0.931362390518188,0.0379281640052795,FALSE,2,FALSE
ClinicalBERT,759,other and unspecified congenital anomalies,127,5,33,0.912097930908203,0.929737508296967,0.0176395773887634,TRUE,5,TRUE
SapBERT,140,malignant neoplasm of lip,1,1,1,1.00000011920929,1.00000011920929,0,TRUE,4,FALSE
SapBERT,141,malignant neoplasm of tongue,1,2,1,0.815355777740479,0.815355777740479,0,TRUE,4,FALSE
SapBERT,142,malignant neoplasm of major salivary glands,1,2,1,0.774683952331543,0.774683952331543,0,TRUE,6,FALSE
SapBERT,143,malignant neoplasm of gum,1,1,1,1.00000011920929,1.00000011920929,0,TRUE,4,FALSE
SapBERT,144,malignant neoplasm of floor of mouth,1,1,1,1.00000023841858,1.00000023841858,0,TRUE,6,FALSE
SapBERT,145,malignant neoplasm of other and unspecified parts of mouth,1,2,1,1.00000023841858,1.00000023841858,0,TRUE,9,TRUE
SapBERT,146,malignant neoplasm of oropharynx,1,2,1,0.999999761581421,0.999999761581421,0,TRUE,4,FALSE
SapBERT,147,malignant neoplasm of nasopharynx,1,1,1,1.00000047683716,1.00000047683716,0,TRUE,4,FALSE
SapBERT,148,malignant neoplasm of hypopharynx,1,2,1,0.999999642372131,0.999999642372131,0,TRUE,4,FALSE
SapBERT,149,malignant neoplasm of other and illdefined sites within the lip oral cavity and pharynx,1,1,1,0.957475900650024,0.957475900650024,0,TRUE,14,TRUE
SapBERT,150,malignant neoplasm of esophagus,2,1,1,0.966087222099304,0.966087222099304,0,TRUE,4,FALSE
SapBERT,151,malignant neoplasm of stomach,3,1,1,1,1,0,TRUE,4,FALSE
SapBERT,152,malignant neoplasm of small intestine including duodenum,4,1,1,0.864228248596191,0.864228248596191,0,TRUE,7,FALSE
SapBERT,153,malignant neoplasm of colon,5,1,1,1,1,0,TRUE,4,FALSE
SapBERT,154,malignant neoplasm of rectum rectosigmoid junction and anus,6,3,1,0.90324342250824,0.90324342250824,0,TRUE,8,FALSE
SapBERT,155,malignant neoplasm of liver and intrahepatic bile ducts,7,1,1,0.99999988079071,0.99999988079071,0,TRUE,8,FALSE
SapBERT,156,malignant neoplasm of gallbladder and extrahepatic bile ducts,4,2,2,0.742554605007172,0.820855379104614,0.0783007740974426,TRUE,8,FALSE
SapBERT,157,malignant neoplasm of pancreas,8,1,1,0.999999761581421,0.999999761581421,0,TRUE,4,FALSE
SapBERT,158,malignant neoplasm of retroperitoneum and peritoneum,4,2,1,1,1,0,TRUE,6,FALSE
SapBERT,159,malignant neoplasm of other and illdefined sites within the digestive organs and peritoneum,4,2,1,0.895707488059998,0.895707488059998,0,TRUE,13,TRUE
SapBERT,160,malignant neoplasm of nasal cavities middle ear and accessory sinuses,1,2,1,0.863091766834259,0.863091766834259,0,TRUE,10,FALSE
SapBERT,161,malignant neoplasm of larynx,1,1,1,0.99999988079071,0.99999988079071,0,TRUE,4,FALSE
SapBERT,162,malignant neoplasm of trachea bronchus and lung,9,3,1,0.911162316799164,0.911162316799164,0,TRUE,7,FALSE
SapBERT,163,malignant neoplasm of pleura,9,2,1,0.688165843486786,0.688165843486786,0,TRUE,4,FALSE
SapBERT,164,malignant neoplasm of thymus heart and mediastinum,10,3,1,0.807901620864868,0.807901620864868,0,TRUE,7,FALSE
SapBERT,165,malignant neoplasm of other and illdefined sites within the respiratory system and intrathoracic organs,9,1,1,0.962440848350525,0.962440848350525,0,TRUE,14,TRUE
SapBERT,170,malignant neoplasm of bone and articular cartilage,11,2,1,0.933680176734924,0.933680176734924,0,TRUE,7,FALSE
SapBERT,171,malignant neoplasm of connective and other soft tissue,11,2,1,0.934971034526825,0.934971034526825,0,TRUE,8,TRUE
SapBERT,172,malignant melanoma of skin,12,1,1,0.999999761581421,0.999999761581421,0,TRUE,4,FALSE
SapBERT,174,malignant neoplasm of female breast,13,1,1,0.890945434570312,0.890945434570312,0,TRUE,5,FALSE
SapBERT,176,kaposis sarcoma,10,3,1,0.976854145526886,0.976854145526886,0,TRUE,2,FALSE
SapBERT,179,malignant neoplasm of uterus part unspecified,14,1,1,1.00000071525574,1.00000071525574,0,TRUE,6,TRUE
SapBERT,180,malignant neoplasm of cervix uteri,15,1,1,0.99999988079071,0.99999988079071,0,TRUE,5,FALSE
SapBERT,181,malignant neoplasm of placenta,16,1,1,1.00000023841858,1.00000023841858,0,TRUE,4,FALSE
SapBERT,182,malignant neoplasm of body of uterus,14,1,1,0.892721891403198,0.892721891403198,0,TRUE,6,FALSE
SapBERT,183,malignant neoplasm of ovary and other uterine adnexa,16,2,1,0.743744373321533,0.743744373321533,0,TRUE,8,TRUE
SapBERT,184,malignant neoplasm of other and unspecified female genital organs,16,3,1,0.99999988079071,0.99999988079071,0,TRUE,9,TRUE
SapBERT,185,malignant neoplasm of prostate,17,1,1,1.00000035762787,1.00000035762787,0,TRUE,4,FALSE
SapBERT,186,malignant neoplasm of testis,18,1,1,1.00000011920929,1.00000011920929,0,TRUE,4,FALSE
SapBERT,187,malignant neoplasm of penis and other male genital organs,19,2,1,0.814518332481384,0.814518332481384,0,TRUE,9,TRUE
SapBERT,188,malignant neoplasm of bladder,20,1,1,0.999999761581421,0.999999761581421,0,TRUE,4,FALSE
SapBERT,189,malignant neoplasm of kidney and other and unspecified urinary organs,21,4,1,0.886386632919312,0.886386632919312,0,TRUE,10,TRUE
SapBERT,190,malignant neoplasm of eye,10,1,1,0.826507687568665,0.826507687568665,0,TRUE,4,FALSE
SapBERT,191,malignant neoplasm of brain,22,1,1,1.00000011920929,1.00000011920929,0,TRUE,4,FALSE
SapBERT,192,malignant neoplasm of other and unspecified parts of nervous system,22,2,1,0.782222747802734,0.782222747802734,0,TRUE,10,TRUE
SapBERT,193,malignant neoplasm of thyroid gland,23,1,1,1.00000035762787,1.00000035762787,0,TRUE,5,FALSE
SapBERT,194,malignant neoplasm of other endocrine glands and related structures,10,2,1,1.00000035762787,1.00000035762787,0,TRUE,9,TRUE
SapBERT,195,malignant neoplasm of other and illdefined sites,10,2,1,0.897712171077728,0.897712171077728,0,TRUE,7,TRUE
SapBERT,196,secondary and unspecified malignant neoplasm of lymph nodes,24,1,1,1.00000023841858,1.00000023841858,0,TRUE,8,TRUE
SapBERT,197,secondary malignant neoplasm of respiratory and digestive systems,24,1,1,0.984193205833435,0.984193205833435,0,TRUE,8,FALSE
SapBERT,198,secondary malignant neoplasm of other specified sites,24,1,1,0.942203164100647,0.942203164100647,0,TRUE,7,TRUE
SapBERT,199,malignant neoplasm without specification of site,25,4,1,1.00000011920929,1.00000011920929,0,TRUE,6,TRUE
SapBERT,200,lymphosarcoma and reticulosarcoma and other specified malignant tumors of lymphatic tissue,26,3,1,0.729141712188721,0.729141712188721,0,TRUE,11,TRUE
SapBERT,201,hodgkins disease,27,1,1,0.958472967147827,0.958472967147827,0,TRUE,2,FALSE
SapBERT,202,other malignant neoplasms of lymphoid and histiocytic tissue,26,6,1,0.897045135498047,0.897045135498047,0,TRUE,8,TRUE
SapBERT,203,multiple myeloma and immunoproliferative neoplasms,28,2,1,0.867577135562897,0.867577135562897,0,TRUE,5,FALSE
SapBERT,204,lymphoid leukemia,28,1,1,0.986060082912445,0.986060082912445,0,TRUE,2,FALSE
SapBERT,205,myeloid leukemia,28,1,1,0.985073983669281,0.985073983669281,0,TRUE,2,FALSE
SapBERT,206,monocytic leukemia,28,1,1,0.989697694778442,0.989697694778442,0,TRUE,2,FALSE
SapBERT,207,other specified leukemia,28,1,1,0.957280874252319,0.957280874252319,0,TRUE,3,TRUE
SapBERT,208,leukemia of unspecified cell type,28,1,1,0.983186364173889,0.983186364173889,0,TRUE,5,TRUE
SapBERT,225,benign neoplasm of brain and other parts of nervous system,29,2,1,0.933140218257904,0.933140218257904,0,TRUE,10,TRUE
SapBERT,230,carcinoma in situ of digestive organs,4,2,1,0.844100952148438,0.844100952148438,0,TRUE,6,FALSE
SapBERT,231,carcinoma in situ of respiratory system,9,1,1,0.694672346115112,0.694672346115112,0,TRUE,6,FALSE
SapBERT,233,carcinoma in situ of breast and genitourinary system,10,4,1,0.700652778148651,0.700652778148651,0,TRUE,8,FALSE
SapBERT,234,carcinoma in situ of other and unspecified sites,10,1,1,1,1,0,TRUE,8,TRUE
SapBERT,237,neoplasm of uncertain behavior of endocrine glands and nervous system,30,4,1,0.898513078689575,0.898513078689575,0,TRUE,10,FALSE
SapBERT,238,neoplasm of uncertain behavior of other and unspecified sites and tissues,30,4,1,0.959195137023926,0.959195137023926,0,TRUE,11,TRUE
SapBERT,240,simple and unspecified goiter,31,2,1,0.747559189796448,0.747559189796448,0,TRUE,4,TRUE
SapBERT,241,nontoxic nodular goiter,31,2,1,0.779754161834717,0.779754161834717,0,TRUE,3,FALSE
SapBERT,242,thyrotoxicosis with or without goiter,31,1,1,0.848982453346252,0.848982453346252,0,TRUE,5,FALSE
SapBERT,243,congenital hypothyroidism,31,2,1,0.754784822463989,0.754784822463989,0,TRUE,2,FALSE
SapBERT,244,acquired hypothyroidism,31,4,1,0.756231606006622,0.756231606006622,0,TRUE,2,FALSE
SapBERT,245,thyroiditis,31,1,1,1.00000035762787,1.00000035762787,0,TRUE,1,FALSE
SapBERT,246,other disorders of thyroid,31,3,1,1,1,0,TRUE,4,TRUE
SapBERT,250,diabetes mellitus,32,4,1,0.976085484027863,0.976085484027863,0,TRUE,2,FALSE
SapBERT,251,other disorders of pancreatic internal secretiondisorders of parathyroid gland,33,3,1,0.843484282493591,0.843484282493591,0,TRUE,9,TRUE
SapBERT,252,disorders of parathyroid gland,33,3,1,0.754754304885864,0.754754304885864,0,TRUE,4,FALSE
SapBERT,253,disorders of the pituitary gland and its hypothalamic control,33,4,1,0.779421448707581,0.779421448707581,0,TRUE,9,FALSE
SapBERT,254,diseases of thymus gland,33,1,1,0.972857475280762,0.972857475280762,0,TRUE,4,FALSE
SapBERT,255,disorders of adrenal glands,33,6,1,0.82624363899231,0.82624363899231,0,TRUE,4,FALSE
SapBERT,256,ovarian dysfunction,33,2,1,1.00000023841858,1.00000023841858,0,TRUE,2,FALSE
SapBERT,257,testicular dysfunction,33,3,1,0.999999701976776,0.999999701976776,0,TRUE,2,FALSE
SapBERT,258,polyglandular dysfunction and related disorders,33,1,1,0.915895104408264,0.915895104408264,0,TRUE,5,FALSE
SapBERT,259,other endocrine disorders,33,3,1,0.999999582767487,0.999999582767487,0,TRUE,3,TRUE
SapBERT,260,kwashiorkor,34,2,1,0.99999988079071,0.99999988079071,0,TRUE,1,FALSE
SapBERT,261,nutritional marasmus,34,1,1,0.999999582767487,0.999999582767487,0,TRUE,2,FALSE
SapBERT,262,other severe proteincalorie malnutrition,34,1,1,0.831449747085571,0.831449747085571,0,TRUE,4,TRUE
SapBERT,263,other and unspecified proteincalorie malnutrition,34,4,1,0.836863875389099,0.836863875389099,0,TRUE,5,TRUE
SapBERT,268,vitamin d deficiency,34,3,1,0.999999940395355,0.999999940395355,0,TRUE,3,FALSE
SapBERT,270,disorders of aminoacid transport and metabolism,35,3,1,0.802789807319641,0.802789807319641,0,TRUE,6,FALSE
SapBERT,271,disorders of carbohydrate transport and metabolism,35,4,1,0.798952162265778,0.798952162265778,0,TRUE,6,FALSE
SapBERT,272,disorders of lipoid metabolism,36,5,1,0.723984181880951,0.723984181880951,0,TRUE,4,FALSE
SapBERT,273,disorders of plasma protein metabolism,35,5,2,0.647349417209625,0.67021644115448,0.0228670239448547,TRUE,5,FALSE
SapBERT,274,gout,37,1,1,0.99999988079071,0.99999988079071,0,FALSE,1,FALSE
SapBERT,275,disorders of mineral metabolism,35,3,1,0.99999988079071,0.99999988079071,0,TRUE,4,FALSE
SapBERT,277,other and unspecified disorders of metabolism,35,9,1,0.93330717086792,0.93330717086792,0,TRUE,6,TRUE
SapBERT,278,overweight obesity and other hyperalimentation,35,4,1,0.730794131755829,0.730794131755829,0,TRUE,5,TRUE
SapBERT,279,disorders involving the immune mechanism,35,6,1,0.703315556049347,0.703315556049347,0,FALSE,5,FALSE
SapBERT,280,iron deficiency anemias,38,1,1,0.972829818725586,0.972829818725586,0,TRUE,3,FALSE
SapBERT,282,hereditary hemolytic anemias,38,4,1,0.800498127937317,0.800498127937317,0,TRUE,3,FALSE
SapBERT,283,acquired hemolytic anemias,38,1,1,0.937888860702515,0.937888860702515,0,TRUE,3,FALSE
SapBERT,284,aplastic anemia and other bone marrow failure syndromes,38,3,1,0.785869359970093,0.785869359970093,0,TRUE,8,TRUE
SapBERT,285,other and unspecified anemias,38,4,1,0.933919906616211,0.933919906616211,0,TRUE,4,TRUE
SapBERT,286,coagulation defects,39,4,1,0.79152500629425,0.79152500629425,0,TRUE,2,FALSE
SapBERT,287,purpura and other hemorrhagic conditions,39,1,1,0.967562794685364,0.967562794685364,0,TRUE,5,TRUE
SapBERT,288,diseases of white blood cells,39,4,1,0.829607367515564,0.829607367515564,0,TRUE,5,FALSE
SapBERT,289,other diseases of blood and bloodforming organs,39,7,1,0.946978628635406,0.946978628635406,0,TRUE,7,TRUE
SapBERT,290,dementias,40,3,1,0.96499502658844,0.96499502658844,0,TRUE,1,FALSE
SapBERT,291,alcoholinduced mental disorders,41,1,1,0.854083895683289,0.854083895683289,0,TRUE,3,FALSE
SapBERT,292,druginduced mental disorders,41,9,3,0.63821405172348,0.661340653896332,0.0231266021728516,TRUE,3,FALSE
SapBERT,294,persistent mental disorders due to conditions classified elsewhere,40,5,1,0.706928253173828,0.706928253173828,0,TRUE,8,FALSE
SapBERT,295,schizophrenic disorders,42,4,1,0.905064880847931,0.905064880847931,0,TRUE,2,FALSE
SapBERT,296,episodic mood disorders,43,7,1,0.727750658988953,0.727750658988953,0,TRUE,3,FALSE
SapBERT,297,delusional disorders,42,2,1,0.866762042045593,0.866762042045593,0,TRUE,2,FALSE
SapBERT,298,other nonorganic psychoses,42,5,1,0.883030652999878,0.883030652999878,0,TRUE,3,TRUE
SapBERT,299,pervasive developmental disorders,44,1,1,1.00000023841858,1.00000023841858,0,TRUE,3,FALSE
SapBERT,300,anxiety dissociative and somatoform disorders,43,10,1,0.758940696716309,0.758940696716309,0,TRUE,5,FALSE
SapBERT,301,personality disorders,45,6,1,0.920831561088562,0.920831561088562,0,TRUE,2,FALSE
SapBERT,303,alcohol dependence syndrome,41,2,1,0.744279265403748,0.744279265403748,0,TRUE,3,FALSE
SapBERT,304,drug dependence,41,8,5,0.482819139957428,0.670668005943298,0.18784886598587,TRUE,2,FALSE
SapBERT,305,nondependent abuse of drugs,41,11,1,0.848465144634247,0.848465144634247,0,TRUE,4,FALSE
SapBERT,306,physiological malfunction arising from mental factors,46,3,1,0.695369124412537,0.695369124412537,0,TRUE,6,FALSE
SapBERT,307,special symptoms or syndromes not elsewhere classified,46,6,21,0.583877086639404,0.719511747360229,0.135634660720825,FALSE,7,TRUE
SapBERT,308,acute reaction to stress,43,1,1,0.792204141616821,0.792204141616821,0,TRUE,4,FALSE
SapBERT,309,adjustment reaction,47,2,1,0.77874231338501,0.77874231338501,0,TRUE,2,FALSE
SapBERT,310,specific nonpsychotic mental disorders due to brain damage,46,2,1,0.776691913604736,0.776691913604736,0,TRUE,8,FALSE
SapBERT,311,depressive disorder not elsewhere classified,43,2,1,0.712049663066864,0.712049663066864,0,TRUE,5,TRUE
SapBERT,312,disturbance of conduct not elsewhere classified,48,3,1,0.753052949905396,0.753052949905396,0,TRUE,6,TRUE
SapBERT,314,hyperkinetic syndrome of childhood,48,1,1,0.800754308700562,0.800754308700562,0,TRUE,4,FALSE
SapBERT,315,specific delays in development,49,6,2,0.764344334602356,0.785396635532379,0.0210523009300232,FALSE,4,FALSE
SapBERT,316,psychic factors associated with diseases classified elsewhere,46,1,1,0.868526458740234,0.868526458740234,0,TRUE,7,FALSE
SapBERT,317,mild intellectual disabilities,49,1,1,0.935798943042755,0.935798943042755,0,TRUE,3,FALSE
SapBERT,318,other specified intellectual disabilities,49,3,21,0.562449932098389,0.781327486038208,0.218877553939819,TRUE,4,TRUE
SapBERT,319,unspecified intellectual disabilities,49,2,1,0.883308053016663,0.883308053016663,0,TRUE,3,TRUE
SapBERT,330,cerebral degenerations usually manifest in childhood,50,3,4,0.535741090774536,0.592997252941132,0.0572561621665955,TRUE,6,FALSE
SapBERT,331,other cerebral degenerations,40,6,2,0.770950675010681,0.778308093547821,0.00735741853713989,FALSE,3,TRUE
SapBERT,332,parkinsons disease,51,3,1,0.991868734359741,0.991868734359741,0,TRUE,2,FALSE
SapBERT,333,other extrapyramidal disease and abnormal movement disorders,50,8,1,0.97462010383606,0.97462010383606,0,TRUE,7,TRUE
SapBERT,334,spinocerebellar disease,50,2,1,0.744463741779327,0.744463741779327,0,TRUE,2,FALSE
SapBERT,335,anterior horn cell disease,50,2,6,0.53397661447525,0.587933123111725,0.0539565086364746,FALSE,4,FALSE
SapBERT,336,other diseases of spinal cord,50,4,1,1.00000035762787,1.00000035762787,0,TRUE,5,TRUE
SapBERT,337,disorders of the autonomic nervous system,50,2,1,0.996859610080719,0.996859610080719,0,TRUE,6,FALSE
SapBERT,340,multiple sclerosis,53,1,1,1.00000011920929,1.00000011920929,0,TRUE,2,FALSE
SapBERT,341,other demyelinating diseases of central nervous system,50,2,1,1,1,0,TRUE,7,TRUE
SapBERT,342,hemiplegia and hemiparesis,54,1,1,0.909252762794495,0.909252762794495,0,TRUE,3,FALSE
SapBERT,343,infantile cerebral palsy,54,1,1,0.790633201599121,0.790633201599121,0,TRUE,3,FALSE
SapBERT,344,other paralytic syndromes,54,4,1,1.00000023841858,1.00000023841858,0,TRUE,3,TRUE
SapBERT,345,epilepsy and recurrent seizures,55,2,1,0.768564701080322,0.768564701080322,0,TRUE,4,FALSE
SapBERT,346,migraine,52,2,1,0.999999523162842,0.999999523162842,0,TRUE,1,FALSE
SapBERT,347,cataplexy and narcolepsy,50,1,158,0.361707925796509,0.511877179145813,0.150169253349304,FALSE,3,FALSE
SapBERT,348,other conditions of brain,50,1,1,0.924544453620911,0.924544453620911,0,TRUE,4,TRUE
SapBERT,353,nerve root and plexus disorders,50,2,1,0.999999761581421,0.999999761581421,0,TRUE,5,FALSE
SapBERT,354,mononeuritis of upper limb and mononeuritis multiplex,50,2,1,0.772880792617798,0.772880792617798,0,TRUE,7,FALSE
SapBERT,355,mononeuritis of lower limb and unspecified site,50,3,1,0.852945923805237,0.852945923805237,0,TRUE,7,TRUE
SapBERT,356,hereditary and idiopathic peripheral neuropathy,50,2,1,0.942011475563049,0.942011475563049,0,TRUE,5,FALSE
SapBERT,357,inflammatory and toxic neuropathy,50,3,1,0.82160210609436,0.82160210609436,0,TRUE,4,FALSE
SapBERT,358,myoneural disorders,50,2,2,0.697707891464233,0.700009703636169,0.00230181217193604,TRUE,2,FALSE
SapBERT,359,muscular dystrophies and other myopathies,50,3,1,0.871942520141602,0.871942520141602,0,TRUE,5,TRUE
SapBERT,360,disorders of the globe,56,2,1,0.988923907279968,0.988923907279968,0,TRUE,4,FALSE
SapBERT,361,retinal detachments and defects,57,1,1,0.928454577922821,0.928454577922821,0,TRUE,4,FALSE
SapBERT,362,other retinal disorders,57,5,1,0.999999761581421,0.999999761581421,0,TRUE,3,TRUE
SapBERT,363,chorioretinal inflammations scars and other disorders of choroid,56,3,1,0.784943521022797,0.784943521022797,0,TRUE,8,TRUE
SapBERT,364,disorders of iris and ciliary body,56,3,1,0.821732878684998,0.821732878684998,0,TRUE,6,FALSE
SapBERT,365,glaucoma,58,3,1,1.00000023841858,1.00000023841858,0,TRUE,1,FALSE
SapBERT,366,cataract,59,3,1,0.813245058059692,0.813245058059692,0,TRUE,1,FALSE
SapBERT,369,blindness and low vision,60,1,1,0.816588282585144,0.816588282585144,0,TRUE,4,FALSE
SapBERT,370,keratitis,56,2,1,0.999999761581421,0.999999761581421,0,TRUE,1,FALSE
SapBERT,371,corneal opacity and other disorders of cornea,56,3,1,0.797507107257843,0.797507107257843,0,TRUE,7,TRUE
SapBERT,372,disorders of conjunctiva,56,3,1,0.782748937606812,0.782748937606812,0,TRUE,3,FALSE
SapBERT,376,disorders of the orbit,56,2,1,0.995306849479675,0.995306849479675,0,TRUE,4,FALSE
SapBERT,377,disorders of optic nerve and visual pathways,56,3,1,0.72917366027832,0.72917366027832,0,TRUE,7,FALSE
SapBERT,379,other disorders of eye,56,9,1,0.873205423355103,0.873205423355103,0,TRUE,4,TRUE
SapBERT,380,disorders of external ear,61,3,1,0.830589413642883,0.830589413642883,0,TRUE,4,FALSE
SapBERT,381,nonsuppurative otitis media and eustachian tube disorders,62,3,1,0.752147436141968,0.752147436141968,0,TRUE,7,FALSE
SapBERT,382,suppurative and unspecified otitis media,62,2,1,0.999999761581421,0.999999761581421,0,TRUE,5,TRUE
SapBERT,383,mastoiditis and related conditions,62,3,1,1,1,0,TRUE,4,FALSE
SapBERT,384,other disorders of tympanic membrane,61,2,1,0.999999761581421,0.999999761581421,0,TRUE,5,TRUE
SapBERT,386,vertiginous syndromes and other disorders of vestibular system,63,3,1,0.855347514152527,0.855347514152527,0,TRUE,8,TRUE
SapBERT,389,hearing loss,61,2,1,0.763647675514221,0.763647675514221,0,TRUE,2,FALSE
SapBERT,393,chronic rheumatic pericarditis,64,1,7,0.570854961872101,0.704192996025085,0.133338034152985,TRUE,3,FALSE
SapBERT,394,diseases of mitral valve,65,2,2,0.738054871559143,0.750736594200134,0.0126817226409912,TRUE,4,FALSE
SapBERT,395,diseases of aortic valve,65,2,2,0.71494722366333,0.771192193031311,0.056244969367981,TRUE,4,FALSE
SapBERT,396,diseases of mitral and aortic valves,65,1,2,0.743666350841522,0.838968873023987,0.0953025221824646,FALSE,6,FALSE
SapBERT,397,diseases of other endocardial structures,65,3,23,0.560302317142487,0.719335556030273,0.159033238887787,TRUE,5,TRUE
SapBERT,398,other rheumatic heart disease,64,2,1,0.995302796363831,0.995302796363831,0,TRUE,4,TRUE
SapBERT,401,essential hypertension,66,1,1,0.955878615379333,0.955878615379333,0,TRUE,2,FALSE
SapBERT,402,hypertensive heart disease,67,1,1,1,1,0,TRUE,3,FALSE
SapBERT,403,hypertensive chronic kidney disease,67,1,1,0.880696952342987,0.880696952342987,0,TRUE,4,FALSE
SapBERT,404,hypertensive heart and chronic kidney disease,67,1,1,0.912988543510437,0.912988543510437,0,TRUE,6,FALSE
SapBERT,405,secondary hypertension,67,1,1,1,1,0,TRUE,2,FALSE
SapBERT,410,acute myocardial infarction,68,3,1,0.999999761581421,0.999999761581421,0,TRUE,3,FALSE
SapBERT,411,other acute and subacute forms of ischemic heart disease,69,2,1,0.910061657428741,0.910061657428741,0,TRUE,9,TRUE
SapBERT,412,old myocardial infarction,69,1,2,0.709970712661743,0.771062552928925,0.0610918402671814,TRUE,3,FALSE
SapBERT,413,angina pectoris,69,1,1,0.999999642372131,0.999999642372131,0,TRUE,2,FALSE
SapBERT,414,other forms of chronic ischemic heart disease,69,1,2,0.816247940063477,0.835015833377838,0.0187678933143616,TRUE,7,TRUE
SapBERT,415,acute pulmonary heart disease,70,1,68,0.433592677116394,0.663891673088074,0.23029899597168,TRUE,4,FALSE
SapBERT,416,chronic pulmonary heart disease,70,2,1,0.770605683326721,0.770605683326721,0,TRUE,4,FALSE
SapBERT,417,other diseases of pulmonary circulation,70,1,1,0.898839950561523,0.898839950561523,0,TRUE,5,TRUE
SapBERT,423,other diseases of pericardium,64,2,1,1.00000023841858,1.00000023841858,0,TRUE,4,TRUE
SapBERT,424,other diseases of endocardium,65,6,1,0.774382591247559,0.774382591247559,0,TRUE,4,TRUE
SapBERT,425,cardiomyopathy,64,4,1,1.00000023841858,1.00000023841858,0,TRUE,1,FALSE
SapBERT,426,conduction disorders,71,2,1,0.81278133392334,0.81278133392334,0,TRUE,2,FALSE
SapBERT,427,cardiac dysrhythmias,72,5,1,0.756587743759155,0.756587743759155,0,FALSE,2,FALSE
SapBERT,428,heart failure,72,1,1,0.999999940395355,0.999999940395355,0,TRUE,2,FALSE
SapBERT,429,illdefined descriptions and complications of heart disease,73,7,1,0.895552217960358,0.895552217960358,0,TRUE,7,FALSE
SapBERT,430,subarachnoid hemorrhage,74,1,1,0.981238722801208,0.981238722801208,0,TRUE,2,FALSE
SapBERT,431,intracerebral hemorrhage,74,1,1,0.983169317245483,0.983169317245483,0,TRUE,2,FALSE
SapBERT,432,other and unspecified intracranial hemorrhage,74,1,1,0.858551681041718,0.858551681041718,0,TRUE,5,TRUE
SapBERT,433,occlusion and stenosis of precerebral arteries,74,3,1,0.831568121910095,0.831568121910095,0,TRUE,6,FALSE
SapBERT,434,occlusion of cerebral arteries,74,3,1,0.726211071014404,0.726211071014404,0,TRUE,4,FALSE
SapBERT,435,transient cerebral ischemia,75,1,1,0.846078455448151,0.846078455448151,0,FALSE,3,FALSE
SapBERT,436,acute but illdefined cerebrovascular disease,74,2,2,0.689212381839752,0.730198383331299,0.0409860014915466,FALSE,5,FALSE
SapBERT,437,other and illdefined cerebrovascular disease,76,4,1,0.878164052963257,0.878164052963257,0,TRUE,5,TRUE
SapBERT,438,late effects of cerebrovascular disease,76,1,1,0.933811545372009,0.933811545372009,0,TRUE,5,FALSE
SapBERT,440,atherosclerosis,77,1,1,1,1,0,TRUE,1,FALSE
SapBERT,441,aortic aneurysm and dissection,77,1,1,0.99999988079071,0.99999988079071,0,TRUE,4,FALSE
SapBERT,442,other aneurysm,77,1,1,0.809170186519623,0.809170186519623,0,TRUE,2,TRUE
SapBERT,443,other peripheral vascular disease,77,2,1,0.992116928100586,0.992116928100586,0,TRUE,4,TRUE
SapBERT,444,arterial embolism and thrombosis,78,1,1,0.999999761581421,0.999999761581421,0,TRUE,4,FALSE
SapBERT,446,polyarteritis nodosa and allied conditions,77,2,1,0.978337287902832,0.978337287902832,0,FALSE,5,FALSE
SapBERT,447,other disorders of arteries and arterioles,77,3,1,0.999999642372131,0.999999642372131,0,TRUE,6,TRUE
SapBERT,448,disease of capillaries,77,2,1,0.993836462497711,0.993836462497711,0,TRUE,3,FALSE
SapBERT,453,other venous embolism and thrombosis,79,1,1,1,1,0,TRUE,5,TRUE
SapBERT,456,varicose veins of other sites,80,3,1,0.99999988079071,0.99999988079071,0,TRUE,5,TRUE
SapBERT,457,noninfectious disorders of lymphatic channels,80,2,1,0.783802151679993,0.783802151679993,0,TRUE,5,FALSE
SapBERT,459,other disorders of circulatory system,80,3,1,0.967443585395813,0.967443585395813,0,TRUE,5,TRUE
SapBERT,472,chronic pharyngitis and nasopharyngitis,81,1,1,0.898983001708984,0.898983001708984,0,TRUE,4,FALSE
SapBERT,473,chronic sinusitis,82,1,1,1,1,0,TRUE,2,FALSE
SapBERT,474,chronic disease of tonsils and adenoids,83,1,1,0.994116306304932,0.994116306304932,0,TRUE,6,FALSE
SapBERT,476,chronic laryngitis and laryngotracheitis,81,1,1,1.00000035762787,1.00000035762787,0,TRUE,4,FALSE
SapBERT,477,allergic rhinitis,81,1,1,0.805848956108093,0.805848956108093,0,TRUE,2,FALSE
SapBERT,478,other diseases of upper respiratory tract,81,4,1,1.00000023841858,1.00000023841858,0,TRUE,6,TRUE
SapBERT,491,chronic bronchitis,84,3,1,0.977315068244934,0.977315068244934,0,TRUE,2,FALSE
SapBERT,492,emphysema,84,1,1,1,1,0,TRUE,1,FALSE
SapBERT,493,asthma,85,1,1,1.00000047683716,1.00000047683716,0,TRUE,1,FALSE
SapBERT,494,bronchiectasis,84,1,1,0.999999761581421,0.999999761581421,0,TRUE,1,FALSE
SapBERT,495,extrinsic allergic alveolitis,86,1,1,0.676238059997559,0.676238059997559,0,TRUE,3,FALSE
SapBERT,496,chronic airway obstruction not elsewhere classified,84,1,1,0.724426805973053,0.724426805973053,0,TRUE,6,TRUE
SapBERT,500,coal workers pneumoconiosis,86,1,1,0.938831210136414,0.938831210136414,0,TRUE,3,FALSE
SapBERT,501,asbestosis,86,1,1,0.80213189125061,0.80213189125061,0,TRUE,1,FALSE
SapBERT,502,pneumoconiosis due to other silica or silicates,86,1,1,0.8497234582901,0.8497234582901,0,TRUE,7,TRUE
SapBERT,503,pneumoconiosis due to other inorganic dust,86,1,1,0.996936559677124,0.996936559677124,0,TRUE,6,TRUE
SapBERT,504,pneumonopathy due to inhalation of other dust,86,1,2,0.76858377456665,0.838949024677277,0.0703652501106262,TRUE,7,TRUE
SapBERT,505,pneumoconiosis unspecified,86,2,1,0.995979368686676,0.995979368686676,0,TRUE,2,TRUE
SapBERT,506,respiratory conditions due to chemical fumes and vapors,86,1,1,0.946094214916229,0.946094214916229,0,TRUE,8,FALSE
SapBERT,508,respiratory conditions due to other and unspecified external agents,86,1,1,0.971553087234497,0.971553087234497,0,TRUE,9,TRUE
SapBERT,512,pneumothorax and air leak,87,2,1,0.814838051795959,0.814838051795959,0,TRUE,4,FALSE
SapBERT,514,pulmonary congestion and hypostasis,87,1,533,0.306853950023651,0.62963593006134,0.322781980037689,TRUE,4,FALSE
SapBERT,516,other alveolar and parietoalveolar pneumonopathy,87,1,1,0.729911923408508,0.729911923408508,0,TRUE,5,TRUE
SapBERT,517,lung involvement in conditions classified elsewhere,87,1,2,0.723630309104919,0.745977878570557,0.0223475694656372,TRUE,6,FALSE
SapBERT,518,other diseases of lung,88,7,1,0.83038854598999,0.83038854598999,0,TRUE,4,TRUE
SapBERT,523,gingival and periodontal diseases,89,3,1,0.919441223144531,0.919441223144531,0,TRUE,4,FALSE
SapBERT,525,other diseases and conditions of the teeth and supporting structures,89,1,1,0.966574192047119,0.966574192047119,0,TRUE,10,TRUE
SapBERT,530,diseases of oesophagus,90,4,1,0.761280536651611,0.761280536651611,0,TRUE,3,FALSE
SapBERT,531,gastric ulcer,91,1,1,1.00000023841858,1.00000023841858,0,TRUE,2,FALSE
SapBERT,532,duodenal ulcer,91,1,1,0.999999701976776,0.999999701976776,0,TRUE,2,FALSE
SapBERT,533,peptic ulcer site unspecified,91,1,1,0.999999761581421,0.999999761581421,0,TRUE,4,TRUE
SapBERT,534,gastrojejunal ulcer,91,1,1,1.00000047683716,1.00000047683716,0,TRUE,2,FALSE
SapBERT,535,gastritis and duodenitis,92,1,1,1.00000047683716,1.00000047683716,0,TRUE,3,FALSE
SapBERT,537,other diseases of stomach and duodenum,93,1,1,1.00000047683716,1.00000047683716,0,TRUE,6,TRUE
SapBERT,555,regional enteritis,94,1,1,0.899853587150574,0.899853587150574,0,TRUE,2,FALSE
SapBERT,556,ulcerative colitis,94,1,1,0.99999988079071,0.99999988079071,0,TRUE,2,FALSE
SapBERT,557,vascular insufficiency of intestine,77,1,1,0.795195043087006,0.795195043087006,0,TRUE,4,FALSE
SapBERT,558,other and unspecified noninfectious gastroenteritis and colitis,95,2,1,0.965465068817139,0.965465068817139,0,TRUE,7,TRUE
SapBERT,562,diverticula of intestine,96,1,1,0.846627950668335,0.846627950668335,0,TRUE,3,FALSE
SapBERT,564,functional digestive disorders not elsewhere classified,97,4,1,0.845695734024048,0.845695734024048,0,TRUE,6,TRUE
SapBERT,571,chronic liver disease and cirrhosis,98,4,1,0.877351999282837,0.877351999282837,0,TRUE,5,FALSE
SapBERT,572,liver abscess and sequelae of chronic liver disease,98,5,1,0.589159071445465,0.589159071445465,0,TRUE,8,FALSE
SapBERT,573,other diseases of liver,98,4,1,0.99999988079071,0.99999988079071,0,TRUE,4,TRUE
SapBERT,575,other disorders of gallbladder,99,3,1,0.984498262405396,0.984498262405396,0,TRUE,4,TRUE
SapBERT,576,other disorders of biliary tract,99,2,1,0.98653256893158,0.98653256893158,0,TRUE,5,TRUE
SapBERT,577,diseases of pancreas,100,3,1,0.74054491519928,0.74054491519928,0,TRUE,3,FALSE
SapBERT,579,intestinal malabsorption,97,2,1,0.99999988079071,0.99999988079071,0,TRUE,2,FALSE
SapBERT,581,nephrotic syndrome,101,4,1,1.00000023841858,1.00000023841858,0,TRUE,2,FALSE
SapBERT,582,chronic glomerulonephritis,101,2,1,0.777386426925659,0.777386426925659,0,TRUE,2,FALSE
SapBERT,583,nephritis and nephropathy not specified as acute or chronic,101,7,2,0.722662925720215,0.796063959598541,0.0734010338783264,TRUE,9,FALSE
SapBERT,585,chronic kidney disease,101,1,1,1.00000023841858,1.00000023841858,0,TRUE,3,FALSE
SapBERT,586,renal failure unspecified,101,1,1,0.943577170372009,0.943577170372009,0,TRUE,3,TRUE
SapBERT,587,renal sclerosis unspecified,101,1,5,0.573662102222443,0.64594703912735,0.0722849369049072,TRUE,3,TRUE
SapBERT,588,disorders resulting from impaired renal function,102,1,2,0.796002149581909,0.825959205627441,0.0299570560455322,TRUE,6,FALSE
SapBERT,590,infections of kidney,103,7,2,0.530818700790405,0.533410966396332,0.00259226560592651,FALSE,3,FALSE
SapBERT,595,cystitis,103,2,1,1.00000035762787,1.00000035762787,0,TRUE,1,FALSE
SapBERT,596,other disorders of bladder,104,4,1,1.00000023841858,1.00000023841858,0,TRUE,4,TRUE
SapBERT,599,other disorders of urethra and urinary tract,104,6,1,0.936334729194641,0.936334729194641,0,TRUE,7,TRUE
SapBERT,600,hyperplasia of prostate,105,1,1,1,1,0,TRUE,3,FALSE
SapBERT,601,inflammatory diseases of prostate,106,1,1,0.999999344348907,0.999999344348907,0,TRUE,4,FALSE
SapBERT,607,disorders of penis,106,2,1,0.777111530303955,0.777111530303955,0,TRUE,3,FALSE
SapBERT,610,benign mammary dysplasias,107,1,1,0.992904305458069,0.992904305458069,0,TRUE,3,FALSE
SapBERT,614,inflammatory disease of ovary fallopian tube pelvic cellular tissue and peritoneum,108,4,2,0.678422451019287,0.701977729797363,0.0235552787780762,TRUE,11,FALSE
SapBERT,615,inflammatory diseases of uterus except cervix,108,1,1,0.996714532375336,0.996714532375336,0,TRUE,6,FALSE
SapBERT,617,endometriosis,108,1,1,0.999999403953552,0.999999403953552,0,TRUE,1,FALSE
SapBERT,618,genital prolapse,110,2,1,0.886141896247864,0.886141896247864,0,TRUE,2,FALSE
SapBERT,619,fistula involving female genital tract,108,1,1,0.989950656890869,0.989950656890869,0,TRUE,5,FALSE
SapBERT,621,disorders of uterus not elsewhere classified,108,2,1,0.832167267799377,0.832167267799377,0,TRUE,6,TRUE
SapBERT,625,pain and other symptoms associated with female genital organs,108,2,1,0.910771250724792,0.910771250724792,0,TRUE,9,TRUE
SapBERT,626,disorders of menstruation and other abnormal bleeding from female genital tract,109,4,2,0.708563685417175,0.76118004322052,0.0526163578033447,TRUE,11,TRUE
SapBERT,627,menopausal and postmenopausal disorders,111,2,1,0.903540372848511,0.903540372848511,0,TRUE,4,FALSE
SapBERT,628,female infertility,112,1,1,0.999999642372131,0.999999642372131,0,TRUE,2,FALSE
SapBERT,629,other disorders of female genital organs,108,3,6,0.723035395145416,0.789410710334778,0.0663753151893616,TRUE,6,TRUE
SapBERT,691,atopic dermatitis and related conditions,113,2,1,0.939748167991638,0.939748167991638,0,TRUE,5,FALSE
SapBERT,694,bullous dermatoses,114,5,2,0.751632332801819,0.781590104103088,0.0299577713012695,FALSE,2,FALSE
SapBERT,695,erythematous conditions,114,12,1,0.739459991455078,0.739459991455078,0,TRUE,2,FALSE
SapBERT,696,psoriasis and similar disorders,114,6,1,0.808113217353821,0.808113217353821,0,TRUE,4,FALSE
SapBERT,701,other hypertrophic and atrophic conditions of skin,115,12,1,0.686972200870514,0.686972200870514,0,TRUE,7,TRUE
SapBERT,705,diseases of sweat glands,115,4,1,0.885930955410004,0.885930955410004,0,TRUE,4,FALSE
SapBERT,707,chronic ulcer of skin,116,3,2,0.501001477241516,0.527818739414215,0.026817262172699,FALSE,4,FALSE
SapBERT,710,diffuse diseases of connective tissue,117,6,1,0.779907941818237,0.779907941818237,0,TRUE,5,FALSE
SapBERT,712,crystal arthropathies,37,1,1,0.853674054145813,0.853674054145813,0,TRUE,2,FALSE
SapBERT,713,arthropathy associated with other disorders classified elsewhere,118,4,1,0.937698006629944,0.937698006629944,0,TRUE,7,TRUE
SapBERT,714,rheumatoid arthritis and other inflammatory polyarthropathies,119,5,1,0.746831059455872,0.746831059455872,0,TRUE,6,TRUE
SapBERT,715,osteoarthrosis and allied disorders,120,6,3,0.682714879512787,0.722329616546631,0.039614737033844,TRUE,4,FALSE
SapBERT,716,other and unspecified arthropathies,118,4,1,0.913282632827759,0.913282632827759,0,TRUE,4,TRUE
SapBERT,717,internal derangement of knee,118,2,1,0.99999988079071,0.99999988079071,0,TRUE,4,FALSE
SapBERT,718,other derangement of joint,118,4,1,0.9046950340271,0.9046950340271,0,TRUE,4,TRUE
SapBERT,719,other and unspecified disorders of joint,118,4,1,0.890082240104675,0.890082240104675,0,TRUE,6,TRUE
SapBERT,720,ankylosing spondylitis and other inflammatory spondylopathies,121,4,1,0.847942352294922,0.847942352294922,0,TRUE,6,TRUE
SapBERT,721,spondylosis and allied disorders,121,2,1,0.902857005596161,0.902857005596161,0,TRUE,4,FALSE
SapBERT,722,intervertebral disc disorders,121,4,1,0.863178074359894,0.863178074359894,0,TRUE,3,FALSE
SapBERT,730,osteomyelitis periostitis and other infections involving bone,122,5,1,0.786415934562683,0.786415934562683,0,TRUE,7,TRUE
SapBERT,731,osteitis deformans and osteopathies associated with other disorders classified elsewhere,123,3,1,0.843590140342712,0.843590140342712,0,TRUE,10,TRUE
SapBERT,732,osteochondropathies,123,4,1,0.823807239532471,0.823807239532471,0,TRUE,1,FALSE
SapBERT,733,other disorders of bone and cartilage,123,13,1,0.905039429664612,0.905039429664612,0,TRUE,6,TRUE
SapBERT,735,acquired deformities of toe,124,1,1,0.782539486885071,0.782539486885071,0,TRUE,4,FALSE
SapBERT,737,curvature of spine,125,5,1,0.763556003570557,0.763556003570557,0,TRUE,3,FALSE
SapBERT,740,anencephalus and similar anomalies,126,1,1,0.970354557037354,0.970354557037354,0,TRUE,4,FALSE
SapBERT,741,spina bifida,126,2,1,0.99999988079071,0.99999988079071,0,TRUE,2,FALSE
SapBERT,742,other congenital anomalies of nervous system,126,7,1,0.961146235466003,0.961146235466003,0,TRUE,6,TRUE
SapBERT,743,congenital anomalies of eye,127,6,1,0.800390362739563,0.800390362739563,0,TRUE,4,FALSE
SapBERT,744,congenital anomalies of ear face and neck,127,3,1,0.677802324295044,0.677802324295044,0,TRUE,7,FALSE
SapBERT,745,bulbus cordis anomalies and anomalies of cardiac septal closure,128,2,1,0.670133471488953,0.670133471488953,0,TRUE,9,FALSE
SapBERT,746,other congenital anomalies of heart,128,4,1,0.957615494728088,0.957615494728088,0,TRUE,5,TRUE
SapBERT,747,other congenital anomalies of circulatory system,128,5,1,0.940318822860718,0.940318822860718,0,TRUE,6,TRUE
SapBERT,748,congenital anomalies of respiratory system,127,5,1,0.813778042793274,0.813778042793274,0,TRUE,5,FALSE
SapBERT,749,cleft palate and cleft lip,127,3,1,0.967230677604675,0.967230677604675,0,TRUE,5,FALSE
SapBERT,750,other congenital anomalies of upper alimentary tract,129,3,1,0.977798938751221,0.977798938751221,0,TRUE,7,TRUE
SapBERT,751,other congenital anomalies of digestive system,129,5,1,0.945633172988892,0.945633172988892,0,TRUE,6,TRUE
SapBERT,752,congenital anomalies of genital organs,130,8,1,0.666974663734436,0.666974663734436,0,TRUE,5,FALSE
SapBERT,753,congenital anomalies of urinary system,130,5,1,0.752198576927185,0.752198576927185,0,TRUE,5,FALSE
SapBERT,754,certain congenital musculoskeletal deformities,127,5,1,0.835706472396851,0.835706472396851,0,TRUE,4,FALSE
SapBERT,755,other congenital anomalies of limbs,127,9,1,0.876458048820496,0.876458048820496,0,TRUE,5,TRUE
SapBERT,756,other congenital musculoskeletal anomalies,127,6,1,0.903923571109772,0.903923571109772,0,TRUE,4,TRUE
SapBERT,757,congenital anomalies of the integument,127,5,1,0.801358699798584,0.801358699798584,0,TRUE,5,FALSE
SapBERT,758,chromosomal anomalies,127,9,1,0.662478566169739,0.662478566169739,0,TRUE,2,FALSE
SapBERT,759,other and unspecified congenital anomalies,127,5,1,0.87114405632019,0.87114405632019,0,TRUE,5,TRUE
mpnet,140,malignant neoplasm of lip,1,1,1,1,1,0,TRUE,4,FALSE
mpnet,141,malignant neoplasm of tongue,1,2,1,0.952991545200348,0.952991545200348,0,TRUE,4,FALSE
mpnet,142,malignant neoplasm of major salivary glands,1,2,1,0.976572275161743,0.976572275161743,0,TRUE,6,FALSE
mpnet,143,malignant neoplasm of gum,1,1,1,1.00000023841858,1.00000023841858,0,TRUE,4,FALSE
mpnet,144,malignant neoplasm of floor of mouth,1,1,1,0.999999761581421,0.999999761581421,0,TRUE,6,FALSE
mpnet,145,malignant neoplasm of other and unspecified parts of mouth,1,2,1,0.99999988079071,0.99999988079071,0,TRUE,9,TRUE
mpnet,146,malignant neoplasm of oropharynx,1,2,1,0.999999821186066,0.999999821186066,0,TRUE,4,FALSE
mpnet,147,malignant neoplasm of nasopharynx,1,1,1,1.00000011920929,1.00000011920929,0,TRUE,4,FALSE
mpnet,148,malignant neoplasm of hypopharynx,1,2,1,0.99999988079071,0.99999988079071,0,TRUE,4,FALSE
mpnet,149,malignant neoplasm of other and illdefined sites within the lip oral cavity and pharynx,1,1,1,0.992465019226074,0.992465019226074,0,TRUE,14,TRUE
mpnet,150,malignant neoplasm of esophagus,2,1,1,0.890363931655884,0.890363931655884,0,TRUE,4,FALSE
mpnet,151,malignant neoplasm of stomach,3,1,1,0.999999821186066,0.999999821186066,0,TRUE,4,FALSE
mpnet,152,malignant neoplasm of small intestine including duodenum,4,1,1,0.912653088569641,0.912653088569641,0,TRUE,7,FALSE
mpnet,153,malignant neoplasm of colon,5,1,1,1.00000011920929,1.00000011920929,0,TRUE,4,FALSE
mpnet,154,malignant neoplasm of rectum rectosigmoid junction and anus,6,3,1,0.8760826587677,0.8760826587677,0,TRUE,8,FALSE
mpnet,155,malignant neoplasm of liver and intrahepatic bile ducts,7,1,1,1,1,0,TRUE,8,FALSE
mpnet,156,malignant neoplasm of gallbladder and extrahepatic bile ducts,4,2,2,0.866603553295135,0.885263681411743,0.0186601281166077,TRUE,8,FALSE
mpnet,157,malignant neoplasm of pancreas,8,1,1,1.00000011920929,1.00000011920929,0,TRUE,4,FALSE
mpnet,158,malignant neoplasm of retroperitoneum and peritoneum,4,2,1,0.99999988079071,0.99999988079071,0,TRUE,6,FALSE
mpnet,159,malignant neoplasm of other and illdefined sites within the digestive organs and peritoneum,4,2,1,0.856635808944702,0.856635808944702,0,TRUE,13,TRUE
mpnet,160,malignant neoplasm of nasal cavities middle ear and accessory sinuses,1,2,1,0.952594459056854,0.952594459056854,0,TRUE,10,FALSE
mpnet,161,malignant neoplasm of larynx,1,1,1,1.00000011920929,1.00000011920929,0,TRUE,4,FALSE
mpnet,162,malignant neoplasm of trachea bronchus and lung,9,3,1,0.948005795478821,0.948005795478821,0,TRUE,7,FALSE
mpnet,163,malignant neoplasm of pleura,9,2,1,0.746058940887451,0.746058940887451,0,TRUE,4,FALSE
mpnet,164,malignant neoplasm of thymus heart and mediastinum,10,3,1,0.810071110725403,0.810071110725403,0,TRUE,7,FALSE
mpnet,165,malignant neoplasm of other and illdefined sites within the respiratory system and intrathoracic organs,9,1,1,0.991418242454529,0.991418242454529,0,TRUE,14,TRUE
mpnet,170,malignant neoplasm of bone and articular cartilage,11,2,1,0.972905993461609,0.972905993461609,0,TRUE,7,FALSE
mpnet,171,malignant neoplasm of connective and other soft tissue,11,2,1,0.982438564300537,0.982438564300537,0,TRUE,8,TRUE
mpnet,172,malignant melanoma of skin,12,1,1,0.99999988079071,0.99999988079071,0,TRUE,4,FALSE
mpnet,174,malignant neoplasm of female breast,13,1,1,0.958519399166107,0.958519399166107,0,TRUE,5,FALSE
mpnet,176,kaposis sarcoma,10,3,1,0.923416197299957,0.923416197299957,0,TRUE,2,FALSE
mpnet,179,malignant neoplasm of uterus part unspecified,14,1,1,1.00000011920929,1.00000011920929,0,TRUE,6,TRUE
mpnet,180,malignant neoplasm of cervix uteri,15,1,1,1.00000023841858,1.00000023841858,0,TRUE,5,FALSE
mpnet,181,malignant neoplasm of placenta,16,1,1,1.00000011920929,1.00000011920929,0,TRUE,4,FALSE
mpnet,182,malignant neoplasm of body of uterus,14,1,14,0.693924784660339,0.930277228355408,0.236352443695068,TRUE,6,FALSE
mpnet,183,malignant neoplasm of ovary and other uterine adnexa,16,2,1,0.825344204902649,0.825344204902649,0,TRUE,8,TRUE
mpnet,184,malignant neoplasm of other and unspecified female genital organs,16,3,1,0.999999761581421,0.999999761581421,0,TRUE,9,TRUE
mpnet,185,malignant neoplasm of prostate,17,1,1,0.999999821186066,0.999999821186066,0,TRUE,4,FALSE
mpnet,186,malignant neoplasm of testis,18,1,1,1.00000011920929,1.00000011920929,0,TRUE,4,FALSE
mpnet,187,malignant neoplasm of penis and other male genital organs,19,2,1,0.94213879108429,0.94213879108429,0,TRUE,9,TRUE
mpnet,188,malignant neoplasm of bladder,20,1,1,1.00000023841858,1.00000023841858,0,TRUE,4,FALSE
mpnet,189,malignant neoplasm of kidney and other and unspecified urinary organs,21,4,1,0.928513705730438,0.928513705730438,0,TRUE,10,TRUE
mpnet,190,malignant neoplasm of eye,10,1,1,0.806053757667542,0.806053757667542,0,TRUE,4,FALSE
mpnet,191,malignant neoplasm of brain,22,1,1,1.00000071525574,1.00000071525574,0,TRUE,4,FALSE
mpnet,192,malignant neoplasm of other and unspecified parts of nervous system,22,2,1,0.86133074760437,0.86133074760437,0,TRUE,10,TRUE
mpnet,193,malignant neoplasm of thyroid gland,23,1,1,1.00000035762787,1.00000035762787,0,TRUE,5,FALSE
mpnet,194,malignant neoplasm of other endocrine glands and related structures,10,2,1,1.00000011920929,1.00000011920929,0,TRUE,9,TRUE
mpnet,195,malignant neoplasm of other and illdefined sites,10,2,1,0.970168590545654,0.970168590545654,0,TRUE,7,TRUE
mpnet,196,secondary and unspecified malignant neoplasm of lymph nodes,24,1,1,1,1,0,TRUE,8,TRUE
mpnet,197,secondary malignant neoplasm of respiratory and digestive systems,24,1,1,0.994683980941772,0.994683980941772,0,TRUE,8,FALSE
mpnet,198,secondary malignant neoplasm of other specified sites,24,1,1,0.975730657577515,0.975730657577515,0,TRUE,7,TRUE
mpnet,199,malignant neoplasm without specification of site,25,4,1,1.00000023841858,1.00000023841858,0,TRUE,6,TRUE
mpnet,200,lymphosarcoma and reticulosarcoma and other specified malignant tumors of lymphatic tissue,26,3,1,0.754824459552765,0.754824459552765,0,TRUE,11,TRUE
mpnet,201,hodgkins disease,27,1,1,0.849101543426514,0.849101543426514,0,TRUE,2,FALSE
mpnet,202,other malignant neoplasms of lymphoid and histiocytic tissue,26,6,1,0.913290977478027,0.913290977478027,0,TRUE,8,TRUE
mpnet,203,multiple myeloma and immunoproliferative neoplasms,28,2,1,0.852419853210449,0.852419853210449,0,TRUE,5,FALSE
mpnet,204,lymphoid leukemia,28,1,1,0.918868184089661,0.918868184089661,0,TRUE,2,FALSE
mpnet,205,myeloid leukemia,28,1,1,0.914606094360352,0.914606094360352,0,TRUE,2,FALSE
mpnet,206,monocytic leukemia,28,1,1,0.933732926845551,0.933732926845551,0,TRUE,2,FALSE
mpnet,207,other specified leukemia,28,1,1,0.791365623474121,0.791365623474121,0,TRUE,3,TRUE
mpnet,208,leukemia of unspecified cell type,28,1,1,0.901467978954315,0.901467978954315,0,TRUE,5,TRUE
mpnet,225,benign neoplasm of brain and other parts of nervous system,29,2,1,0.988347172737122,0.988347172737122,0,TRUE,10,TRUE
mpnet,230,carcinoma in situ of digestive organs,4,2,1,0.969304144382477,0.969304144382477,0,TRUE,6,FALSE
mpnet,231,carcinoma in situ of respiratory system,9,1,2,0.811150431632996,0.842458367347717,0.0313079357147217,TRUE,6,FALSE
mpnet,233,carcinoma in situ of breast and genitourinary system,10,4,1,0.824559092521667,0.824559092521667,0,TRUE,8,FALSE
mpnet,234,carcinoma in situ of other and unspecified sites,10,1,1,1.00000011920929,1.00000011920929,0,TRUE,8,TRUE
mpnet,237,neoplasm of uncertain behavior of endocrine glands and nervous system,30,4,1,0.910327970981598,0.910327970981598,0,TRUE,10,FALSE
mpnet,238,neoplasm of uncertain behavior of other and unspecified sites and tissues,30,4,1,0.960367143154144,0.960367143154144,0,TRUE,11,TRUE
mpnet,240,simple and unspecified goiter,31,2,1,0.498309910297394,0.498309910297394,0,TRUE,4,TRUE
mpnet,241,nontoxic nodular goiter,31,2,1,0.603757500648499,0.603757500648499,0,TRUE,3,FALSE
mpnet,242,thyrotoxicosis with or without goiter,31,1,1,0.693880379199982,0.693880379199982,0,TRUE,5,FALSE
mpnet,243,congenital hypothyroidism,31,2,1,0.799417495727539,0.799417495727539,0,TRUE,2,FALSE
mpnet,244,acquired hypothyroidism,31,4,1,0.822729527950287,0.822729527950287,0,TRUE,2,FALSE
mpnet,245,thyroiditis,31,1,1,1.00000071525574,1.00000071525574,0,TRUE,1,FALSE
mpnet,246,other disorders of thyroid,31,3,1,1.00000011920929,1.00000011920929,0,TRUE,4,TRUE
mpnet,250,diabetes mellitus,32,4,1,0.862041175365448,0.862041175365448,0,TRUE,2,FALSE
mpnet,251,other disorders of pancreatic internal secretiondisorders of parathyroid gland,33,3,1,0.748660862445831,0.748660862445831,0,TRUE,9,TRUE
mpnet,252,disorders of parathyroid gland,33,3,1,0.928420543670654,0.928420543670654,0,TRUE,4,FALSE
mpnet,253,disorders of the pituitary gland and its hypothalamic control,33,4,1,0.828952074050903,0.828952074050903,0,TRUE,9,FALSE
mpnet,254,diseases of thymus gland,33,1,1,0.954747796058655,0.954747796058655,0,TRUE,4,FALSE
mpnet,255,disorders of adrenal glands,33,6,1,0.950667381286621,0.950667381286621,0,TRUE,4,FALSE
mpnet,256,ovarian dysfunction,33,2,1,0.99999988079071,0.99999988079071,0,TRUE,2,FALSE
mpnet,257,testicular dysfunction,33,3,1,1.00000023841858,1.00000023841858,0,TRUE,2,FALSE
mpnet,258,polyglandular dysfunction and related disorders,33,1,1,0.973497152328491,0.973497152328491,0,TRUE,5,FALSE
mpnet,259,other endocrine disorders,33,3,1,0.99999988079071,0.99999988079071,0,TRUE,3,TRUE
mpnet,260,kwashiorkor,34,2,1,1.00000047683716,1.00000047683716,0,TRUE,1,FALSE
mpnet,261,nutritional marasmus,34,1,1,1.00000023841858,1.00000023841858,0,TRUE,2,FALSE
mpnet,262,other severe proteincalorie malnutrition,34,1,2,0.807911276817322,0.815626323223114,0.00771504640579224,TRUE,4,TRUE
mpnet,263,other and unspecified proteincalorie malnutrition,34,4,1,0.877961158752441,0.877961158752441,0,TRUE,5,TRUE
mpnet,268,vitamin d deficiency,34,3,1,1.00000047683716,1.00000047683716,0,TRUE,3,FALSE
mpnet,270,disorders of aminoacid transport and metabolism,35,3,1,0.783295035362244,0.783295035362244,0,TRUE,6,FALSE
mpnet,271,disorders of carbohydrate transport and metabolism,35,4,1,0.84354031085968,0.84354031085968,0,TRUE,6,FALSE
mpnet,272,disorders of lipoid metabolism,36,5,1,0.836305737495422,0.836305737495422,0,TRUE,4,FALSE
mpnet,273,disorders of plasma protein metabolism,35,5,1,0.800424098968506,0.800424098968506,0,FALSE,5,FALSE
mpnet,274,gout,37,1,1,0.99999988079071,0.99999988079071,0,FALSE,1,FALSE
mpnet,275,disorders of mineral metabolism,35,3,1,1.00000023841858,1.00000023841858,0,TRUE,4,FALSE
mpnet,277,other and unspecified disorders of metabolism,35,9,1,0.8554368019104,0.8554368019104,0,TRUE,6,TRUE
mpnet,278,overweight obesity and other hyperalimentation,35,4,1,0.650941908359528,0.650941908359528,0,TRUE,5,TRUE
mpnet,279,disorders involving the immune mechanism,35,6,1,0.926322340965271,0.926322340965271,0,FALSE,5,FALSE
mpnet,280,iron deficiency anemias,38,1,1,0.931955933570862,0.931955933570862,0,TRUE,3,FALSE
mpnet,282,hereditary hemolytic anemias,38,4,1,0.929156959056854,0.929156959056854,0,TRUE,3,FALSE
mpnet,283,acquired hemolytic anemias,38,1,1,0.927221655845642,0.927221655845642,0,TRUE,3,FALSE
mpnet,284,aplastic anemia and other bone marrow failure syndromes,38,3,1,0.83063018321991,0.83063018321991,0,TRUE,8,TRUE
mpnet,285,other and unspecified anemias,38,4,1,0.832695722579956,0.832695722579956,0,TRUE,4,TRUE
mpnet,286,coagulation defects,39,4,1,0.963165581226349,0.963165581226349,0,TRUE,2,FALSE
mpnet,287,purpura and other hemorrhagic conditions,39,1,1,0.98389744758606,0.98389744758606,0,TRUE,5,TRUE
mpnet,288,diseases of white blood cells,39,4,1,0.946802914142609,0.946802914142609,0,TRUE,5,FALSE
mpnet,289,other diseases of blood and bloodforming organs,39,7,1,0.952744126319885,0.952744126319885,0,TRUE,7,TRUE
mpnet,290,dementias,40,3,1,0.797566711902618,0.797566711902618,0,TRUE,1,FALSE
mpnet,291,alcoholinduced mental disorders,41,1,1,0.871008038520813,0.871008038520813,0,TRUE,3,FALSE
mpnet,292,druginduced mental disorders,41,9,1,0.780196189880371,0.780196189880371,0,TRUE,3,FALSE
mpnet,294,persistent mental disorders due to conditions classified elsewhere,40,5,3,0.709280788898468,0.755958199501038,0.0466774106025696,TRUE,8,FALSE
mpnet,295,schizophrenic disorders,42,4,1,0.887751281261444,0.887751281261444,0,TRUE,2,FALSE
mpnet,296,episodic mood disorders,43,7,1,0.801023840904236,0.801023840904236,0,TRUE,3,FALSE
mpnet,297,delusional disorders,42,2,1,0.876147389411926,0.876147389411926,0,TRUE,2,FALSE
mpnet,298,other nonorganic psychoses,42,5,1,0.905673384666443,0.905673384666443,0,TRUE,3,TRUE
mpnet,299,pervasive developmental disorders,44,1,1,1,1,0,TRUE,3,FALSE
mpnet,300,anxiety dissociative and somatoform disorders,43,10,1,0.688576221466064,0.688576221466064,0,TRUE,5,FALSE
mpnet,301,personality disorders,45,6,1,0.864182233810425,0.864182233810425,0,TRUE,2,FALSE
mpnet,303,alcohol dependence syndrome,41,2,1,0.739607632160187,0.739607632160187,0,TRUE,3,FALSE
mpnet,304,drug dependence,41,8,2,0.635750412940979,0.734095096588135,0.0983446836471558,TRUE,2,FALSE
mpnet,305,nondependent abuse of drugs,41,11,1,0.877895712852478,0.877895712852478,0,TRUE,4,FALSE
mpnet,306,physiological malfunction arising from mental factors,46,3,4,0.630567312240601,0.6543288230896,0.023761510848999,TRUE,6,FALSE
mpnet,307,special symptoms or syndromes not elsewhere classified,46,6,57,0.49452155828476,0.660412311553955,0.165890753269196,FALSE,7,TRUE
mpnet,308,acute reaction to stress,43,1,1,0.757783710956573,0.757783710956573,0,TRUE,4,FALSE
mpnet,309,adjustment reaction,47,2,2,0.394930005073547,0.404160618782044,0.00923061370849609,FALSE,2,FALSE
mpnet,310,specific nonpsychotic mental disorders due to brain damage,46,2,1,0.775668025016785,0.775668025016785,0,TRUE,8,FALSE
mpnet,311,depressive disorder not elsewhere classified,43,2,3,0.61862176656723,0.676580727100372,0.0579589605331421,TRUE,5,TRUE
mpnet,312,disturbance of conduct not elsewhere classified,48,3,1,0.538182079792023,0.538182079792023,0,TRUE,6,TRUE
mpnet,314,hyperkinetic syndrome of childhood,48,1,1,0.88339364528656,0.88339364528656,0,TRUE,4,FALSE
mpnet,315,specific delays in development,49,6,17,0.261391848325729,0.351283431053162,0.0898915827274322,FALSE,4,FALSE
mpnet,316,psychic factors associated with diseases classified elsewhere,46,1,1,0.701599955558777,0.701599955558777,0,TRUE,7,FALSE
mpnet,317,mild intellectual disabilities,49,1,1,0.85309112071991,0.85309112071991,0,TRUE,3,FALSE
mpnet,318,other specified intellectual disabilities,49,3,4,0.63793420791626,0.789903044700623,0.151968836784363,TRUE,4,TRUE
mpnet,319,unspecified intellectual disabilities,49,2,1,0.896906018257141,0.896906018257141,0,TRUE,3,TRUE
mpnet,330,cerebral degenerations usually manifest in childhood,50,3,6,0.54487806558609,0.612392961978912,0.0675148963928223,TRUE,6,FALSE
mpnet,331,other cerebral degenerations,40,6,1,0.795096755027771,0.795096755027771,0,TRUE,3,TRUE
mpnet,332,parkinsons disease,51,3,1,0.974658370018005,0.974658370018005,0,TRUE,2,FALSE
mpnet,333,other extrapyramidal disease and abnormal movement disorders,50,8,1,0.941348552703857,0.941348552703857,0,TRUE,7,TRUE
mpnet,334,spinocerebellar disease,50,2,7,0.524133205413818,0.624812960624695,0.100679755210876,FALSE,2,FALSE
mpnet,335,anterior horn cell disease,50,2,602,0.266668856143951,0.473849534988403,0.207180678844452,TRUE,4,FALSE
mpnet,336,other diseases of spinal cord,50,4,1,1,1,0,TRUE,5,TRUE
mpnet,337,disorders of the autonomic nervous system,50,2,1,0.990516841411591,0.990516841411591,0,TRUE,6,FALSE
mpnet,340,multiple sclerosis,53,1,1,1.00000047683716,1.00000047683716,0,TRUE,2,FALSE
mpnet,341,other demyelinating diseases of central nervous system,50,2,1,1.00000023841858,1.00000023841858,0,TRUE,7,TRUE
mpnet,342,hemiplegia and hemiparesis,54,1,1,0.85970401763916,0.85970401763916,0,TRUE,3,FALSE
mpnet,343,infantile cerebral palsy,54,1,1,0.860660910606384,0.860660910606384,0,TRUE,3,FALSE
mpnet,344,other paralytic syndromes,54,4,1,1.00000011920929,1.00000011920929,0,TRUE,3,TRUE
mpnet,345,epilepsy and recurrent seizures,55,2,1,0.776289820671082,0.776289820671082,0,TRUE,4,FALSE
mpnet,346,migraine,52,2,1,0.999999761581421,0.999999761581421,0,TRUE,1,FALSE
mpnet,347,cataplexy and narcolepsy,50,1,3,0.502739429473877,0.506739735603333,0.00400030612945557,FALSE,3,FALSE
mpnet,348,other conditions of brain,50,1,1,0.927923679351807,0.927923679351807,0,TRUE,4,TRUE
mpnet,353,nerve root and plexus disorders,50,2,1,1.00000011920929,1.00000011920929,0,TRUE,5,FALSE
mpnet,354,mononeuritis of upper limb and mononeuritis multiplex,50,2,1,0.780681550502777,0.780681550502777,0,TRUE,7,FALSE
mpnet,355,mononeuritis of lower limb and unspecified site,50,3,1,0.792802929878235,0.792802929878235,0,TRUE,7,TRUE
mpnet,356,hereditary and idiopathic peripheral neuropathy,50,2,1,0.934598743915558,0.934598743915558,0,TRUE,5,FALSE
mpnet,357,inflammatory and toxic neuropathy,50,3,1,0.766938447952271,0.766938447952271,0,TRUE,4,FALSE
mpnet,358,myoneural disorders,50,2,1,0.768235325813293,0.768235325813293,0,TRUE,2,FALSE
mpnet,359,muscular dystrophies and other myopathies,50,3,1,0.772453188896179,0.772453188896179,0,TRUE,5,TRUE
mpnet,360,disorders of the globe,56,2,1,0.890885651111603,0.890885651111603,0,TRUE,4,FALSE
mpnet,361,retinal detachments and defects,57,1,1,0.879478573799133,0.879478573799133,0,TRUE,4,FALSE
mpnet,362,other retinal disorders,57,5,1,0.999999523162842,0.999999523162842,0,TRUE,3,TRUE
mpnet,363,chorioretinal inflammations scars and other disorders of choroid,56,3,1,0.763686895370483,0.763686895370483,0,TRUE,8,TRUE
mpnet,364,disorders of iris and ciliary body,56,3,1,0.982933759689331,0.982933759689331,0,TRUE,6,FALSE
mpnet,365,glaucoma,58,3,1,0.999999940395355,0.999999940395355,0,TRUE,1,FALSE
mpnet,366,cataract,59,3,1,0.770728290081024,0.770728290081024,0,TRUE,1,FALSE
mpnet,369,blindness and low vision,60,1,1,0.766492426395416,0.766492426395416,0,TRUE,4,FALSE
mpnet,370,keratitis,56,2,1,0.99999988079071,0.99999988079071,0,TRUE,1,FALSE
mpnet,371,corneal opacity and other disorders of cornea,56,3,1,0.823791027069092,0.823791027069092,0,TRUE,7,TRUE
mpnet,372,disorders of conjunctiva,56,3,1,0.965749323368073,0.965749323368073,0,TRUE,3,FALSE
mpnet,376,disorders of the orbit,56,2,1,0.983324766159058,0.983324766159058,0,TRUE,4,FALSE
mpnet,377,disorders of optic nerve and visual pathways,56,3,1,0.860317349433899,0.860317349433899,0,TRUE,7,FALSE
mpnet,379,other disorders of eye,56,9,2,0.865348339080811,0.884293079376221,0.0189447402954102,TRUE,4,TRUE
mpnet,380,disorders of external ear,61,3,1,0.977455854415894,0.977455854415894,0,TRUE,4,FALSE
mpnet,381,nonsuppurative otitis media and eustachian tube disorders,62,3,1,0.813960313796997,0.813960313796997,0,TRUE,7,FALSE
mpnet,382,suppurative and unspecified otitis media,62,2,1,1.00000011920929,1.00000011920929,0,TRUE,5,TRUE
mpnet,383,mastoiditis and related conditions,62,3,1,1.00000023841858,1.00000023841858,0,TRUE,4,FALSE
mpnet,384,other disorders of tympanic membrane,61,2,1,0.99999988079071,0.99999988079071,0,TRUE,5,TRUE
mpnet,386,vertiginous syndromes and other disorders of vestibular system,63,3,1,0.843591928482056,0.843591928482056,0,TRUE,8,TRUE
mpnet,389,hearing loss,61,2,1,0.830219805240631,0.830219805240631,0,TRUE,2,FALSE
mpnet,393,chronic rheumatic pericarditis,64,1,3,0.693706512451172,0.721234679222107,0.0275281667709351,TRUE,3,FALSE
mpnet,394,diseases of mitral valve,65,2,1,0.876408576965332,0.876408576965332,0,TRUE,4,FALSE
mpnet,395,diseases of aortic valve,65,2,1,0.854677677154541,0.854677677154541,0,TRUE,4,FALSE
mpnet,396,diseases of mitral and aortic valves,65,1,4,0.760734260082245,0.813607335090637,0.0528730750083923,TRUE,6,FALSE
mpnet,397,diseases of other endocardial structures,65,3,6,0.656780600547791,0.699883699417114,0.0431030988693237,TRUE,5,TRUE
mpnet,398,other rheumatic heart disease,64,2,1,0.991737484931946,0.991737484931946,0,TRUE,4,TRUE
mpnet,401,essential hypertension,66,1,1,0.895591795444489,0.895591795444489,0,TRUE,2,FALSE
mpnet,402,hypertensive heart disease,67,1,1,1,1,0,TRUE,3,FALSE
mpnet,403,hypertensive chronic kidney disease,67,1,1,0.92867910861969,0.92867910861969,0,TRUE,4,FALSE
mpnet,404,hypertensive heart and chronic kidney disease,67,1,1,0.935610175132751,0.935610175132751,0,TRUE,6,FALSE
mpnet,405,secondary hypertension,67,1,1,1.00000011920929,1.00000011920929,0,TRUE,2,FALSE
mpnet,410,acute myocardial infarction,68,3,1,0.99999988079071,0.99999988079071,0,TRUE,3,FALSE
mpnet,411,other acute and subacute forms of ischemic heart disease,69,2,1,0.805388808250427,0.805388808250427,0,TRUE,9,TRUE
mpnet,412,old myocardial infarction,69,1,5,0.536694526672363,0.710838437080383,0.17414391040802,TRUE,3,FALSE
mpnet,413,angina pectoris,69,1,1,1,1,0,TRUE,2,FALSE
mpnet,414,other forms of chronic ischemic heart disease,69,1,1,0.748401403427124,0.748401403427124,0,TRUE,7,TRUE
mpnet,415,acute pulmonary heart disease,70,1,9,0.596404671669006,0.788127839565277,0.191723167896271,TRUE,4,FALSE
mpnet,416,chronic pulmonary heart disease,70,2,1,0.836700439453125,0.836700439453125,0,TRUE,4,FALSE
mpnet,417,other diseases of pulmonary circulation,70,1,1,0.870284795761108,0.870284795761108,0,TRUE,5,TRUE
mpnet,423,other diseases of pericardium,64,2,1,1,1,0,TRUE,4,TRUE
mpnet,424,other diseases of endocardium,65,6,1,0.734154164791107,0.734154164791107,0,TRUE,4,TRUE
mpnet,425,cardiomyopathy,64,4,1,1,1,0,TRUE,1,FALSE
mpnet,426,conduction disorders,71,2,1,0.950403809547424,0.950403809547424,0,TRUE,2,FALSE
mpnet,427,cardiac dysrhythmias,72,5,1,0.755029439926147,0.755029439926147,0,TRUE,2,FALSE
mpnet,428,heart failure,72,1,1,1.00000023841858,1.00000023841858,0,TRUE,2,FALSE
mpnet,429,illdefined descriptions and complications of heart disease,73,7,1,0.904474973678589,0.904474973678589,0,TRUE,7,FALSE
mpnet,430,subarachnoid hemorrhage,74,1,1,0.953671813011169,0.953671813011169,0,TRUE,2,FALSE
mpnet,431,intracerebral hemorrhage,74,1,1,0.97243869304657,0.97243869304657,0,TRUE,2,FALSE
mpnet,432,other and unspecified intracranial hemorrhage,74,1,1,0.817390859127045,0.817390859127045,0,TRUE,5,TRUE
mpnet,433,occlusion and stenosis of precerebral arteries,74,3,1,0.900636792182922,0.900636792182922,0,TRUE,6,FALSE
mpnet,434,occlusion of cerebral arteries,74,3,1,0.824274599552155,0.824274599552155,0,TRUE,4,FALSE
mpnet,435,transient cerebral ischemia,75,1,1,0.845739603042603,0.845739603042603,0,FALSE,3,FALSE
mpnet,436,acute but illdefined cerebrovascular disease,74,2,5,0.607887446880341,0.757578313350677,0.149690866470337,TRUE,5,FALSE
mpnet,437,other and illdefined cerebrovascular disease,76,4,1,0.911988019943237,0.911988019943237,0,TRUE,5,TRUE
mpnet,438,late effects of cerebrovascular disease,76,1,1,0.841683566570282,0.841683566570282,0,TRUE,5,FALSE
mpnet,440,atherosclerosis,77,1,1,0.999999940395355,0.999999940395355,0,TRUE,1,FALSE
mpnet,441,aortic aneurysm and dissection,77,1,1,0.99999988079071,0.99999988079071,0,TRUE,4,FALSE
mpnet,442,other aneurysm,77,1,1,0.863981485366821,0.863981485366821,0,TRUE,2,TRUE
mpnet,443,other peripheral vascular disease,77,2,1,0.991624116897583,0.991624116897583,0,TRUE,4,TRUE
mpnet,444,arterial embolism and thrombosis,78,1,1,0.99999988079071,0.99999988079071,0,TRUE,4,FALSE
mpnet,446,polyarteritis nodosa and allied conditions,77,2,1,0.991239964962006,0.991239964962006,0,FALSE,5,FALSE
mpnet,447,other disorders of arteries and arterioles,77,3,1,0.999999761581421,0.999999761581421,0,TRUE,6,TRUE
mpnet,448,disease of capillaries,77,2,1,0.98916095495224,0.98916095495224,0,TRUE,3,FALSE
mpnet,453,other venous embolism and thrombosis,79,1,1,1.00000059604645,1.00000059604645,0,TRUE,5,TRUE
mpnet,456,varicose veins of other sites,80,3,1,1.00000011920929,1.00000011920929,0,TRUE,5,TRUE
mpnet,457,noninfectious disorders of lymphatic channels,80,2,1,0.765961349010468,0.765961349010468,0,TRUE,5,FALSE
mpnet,459,other disorders of circulatory system,80,3,1,0.95094621181488,0.95094621181488,0,TRUE,5,TRUE
mpnet,472,chronic pharyngitis and nasopharyngitis,81,1,1,0.898884415626526,0.898884415626526,0,TRUE,4,FALSE
mpnet,473,chronic sinusitis,82,1,1,1,1,0,TRUE,2,FALSE
mpnet,474,chronic disease of tonsils and adenoids,83,1,1,0.983506083488464,0.983506083488464,0,TRUE,6,FALSE
mpnet,476,chronic laryngitis and laryngotracheitis,81,1,1,1,1,0,TRUE,4,FALSE
mpnet,477,allergic rhinitis,81,1,2,0.686200439929962,0.688956618309021,0.00275617837905884,FALSE,2,FALSE
mpnet,478,other diseases of upper respiratory tract,81,4,1,1.00000011920929,1.00000011920929,0,TRUE,6,TRUE
mpnet,491,chronic bronchitis,84,3,1,0.894879996776581,0.894879996776581,0,TRUE,2,FALSE
mpnet,492,emphysema,84,1,1,0.99999988079071,0.99999988079071,0,TRUE,1,FALSE
mpnet,493,asthma,85,1,1,1,1,0,TRUE,1,FALSE
mpnet,494,bronchiectasis,84,1,1,0.999999761581421,0.999999761581421,0,TRUE,1,FALSE
mpnet,495,extrinsic allergic alveolitis,86,1,6,0.521119773387909,0.583784699440002,0.0626649260520935,FALSE,3,FALSE
mpnet,496,chronic airway obstruction not elsewhere classified,84,1,19,0.543048918247223,0.650601863861084,0.107552945613861,FALSE,6,TRUE
mpnet,500,coal workers pneumoconiosis,86,1,1,0.970883309841156,0.970883309841156,0,TRUE,3,FALSE
mpnet,501,asbestosis,86,1,1,0.760868310928345,0.760868310928345,0,TRUE,1,FALSE
mpnet,502,pneumoconiosis due to other silica or silicates,86,1,1,0.890997469425201,0.890997469425201,0,TRUE,7,TRUE
mpnet,503,pneumoconiosis due to other inorganic dust,86,1,1,0.996799826622009,0.996799826622009,0,TRUE,6,TRUE
mpnet,504,pneumonopathy due to inhalation of other dust,86,1,4,0.781715750694275,0.847789824008942,0.0660740733146667,TRUE,7,TRUE
mpnet,505,pneumoconiosis unspecified,86,2,1,0.971506357192993,0.971506357192993,0,TRUE,2,TRUE
mpnet,506,respiratory conditions due to chemical fumes and vapors,86,1,1,0.94148063659668,0.94148063659668,0,TRUE,8,FALSE
mpnet,508,respiratory conditions due to other and unspecified external agents,86,1,1,0.965883135795593,0.965883135795593,0,TRUE,9,TRUE
mpnet,512,pneumothorax and air leak,87,2,1,0.738033592700958,0.738033592700958,0,TRUE,4,FALSE
mpnet,514,pulmonary congestion and hypostasis,87,1,58,0.428243964910507,0.639594733715057,0.21135076880455,TRUE,4,FALSE
mpnet,516,other alveolar and parietoalveolar pneumonopathy,87,1,5,0.601242899894714,0.654605984687805,0.0533630847930908,TRUE,5,TRUE
mpnet,517,lung involvement in conditions classified elsewhere,87,1,1,0.728442490100861,0.728442490100861,0,TRUE,6,FALSE
mpnet,518,other diseases of lung,88,7,2,0.805659294128418,0.812131404876709,0.00647211074829102,TRUE,4,TRUE
mpnet,523,gingival and periodontal diseases,89,3,1,0.944338321685791,0.944338321685791,0,TRUE,4,FALSE
mpnet,525,other diseases and conditions of the teeth and supporting structures,89,1,1,0.932863831520081,0.932863831520081,0,TRUE,10,TRUE
mpnet,530,diseases of oesophagus,90,4,1,0.959147572517395,0.959147572517395,0,TRUE,3,FALSE
mpnet,531,gastric ulcer,91,1,1,1.00000023841858,1.00000023841858,0,TRUE,2,FALSE
mpnet,532,duodenal ulcer,91,1,1,1,1,0,TRUE,2,FALSE
mpnet,533,peptic ulcer site unspecified,91,1,1,1.00000011920929,1.00000011920929,0,TRUE,4,TRUE
mpnet,534,gastrojejunal ulcer,91,1,1,1.00000023841858,1.00000023841858,0,TRUE,2,FALSE
mpnet,535,gastritis and duodenitis,92,1,1,1.00000023841858,1.00000023841858,0,TRUE,3,FALSE
mpnet,537,other diseases of stomach and duodenum,93,1,1,1.00000011920929,1.00000011920929,0,TRUE,6,TRUE
mpnet,555,regional enteritis,94,1,1,0.840694069862366,0.840694069862366,0,TRUE,2,FALSE
mpnet,556,ulcerative colitis,94,1,1,1.00000059604645,1.00000059604645,0,TRUE,2,FALSE
mpnet,557,vascular insufficiency of intestine,77,1,1,0.903565287590027,0.903565287590027,0,TRUE,4,FALSE
mpnet,558,other and unspecified noninfectious gastroenteritis and colitis,95,2,1,0.912000119686127,0.912000119686127,0,FALSE,7,TRUE
mpnet,562,diverticula of intestine,96,1,1,0.87837541103363,0.87837541103363,0,TRUE,3,FALSE
mpnet,564,functional digestive disorders not elsewhere classified,97,4,1,0.871211469173431,0.871211469173431,0,TRUE,6,TRUE
mpnet,571,chronic liver disease and cirrhosis,98,4,1,0.752700686454773,0.752700686454773,0,TRUE,5,FALSE
mpnet,572,liver abscess and sequelae of chronic liver disease,98,5,1,0.685794115066528,0.685794115066528,0,TRUE,8,FALSE
mpnet,573,other diseases of liver,98,4,1,1.00000035762787,1.00000035762787,0,TRUE,4,TRUE
mpnet,575,other disorders of gallbladder,99,3,1,0.955653727054596,0.955653727054596,0,TRUE,4,TRUE
mpnet,576,other disorders of biliary tract,99,2,1,0.975566029548645,0.975566029548645,0,TRUE,5,TRUE
mpnet,577,diseases of pancreas,100,3,1,0.944433450698853,0.944433450698853,0,TRUE,3,FALSE
mpnet,579,intestinal malabsorption,97,2,1,1.00000011920929,1.00000011920929,0,TRUE,2,FALSE
mpnet,581,nephrotic syndrome,101,4,1,1.00000023841858,1.00000023841858,0,TRUE,2,FALSE
mpnet,582,chronic glomerulonephritis,101,2,1,0.762190580368042,0.762190580368042,0,TRUE,2,FALSE
mpnet,583,nephritis and nephropathy not specified as acute or chronic,101,7,1,0.78958797454834,0.78958797454834,0,TRUE,9,FALSE
mpnet,585,chronic kidney disease,101,1,1,0.999999761581421,0.999999761581421,0,TRUE,3,FALSE
mpnet,586,renal failure unspecified,101,1,1,0.945318102836609,0.945318102836609,0,TRUE,3,TRUE
mpnet,587,renal sclerosis unspecified,101,1,3,0.686684787273407,0.770204722881317,0.0835199356079102,TRUE,3,TRUE
mpnet,588,disorders resulting from impaired renal function,102,1,1,0.922596037387848,0.922596037387848,0,TRUE,6,FALSE
mpnet,590,infections of kidney,103,7,4,0.579937398433685,0.736438155174255,0.15650075674057,TRUE,3,FALSE
mpnet,595,cystitis,103,2,1,1.00000011920929,1.00000011920929,0,TRUE,1,FALSE
mpnet,596,other disorders of bladder,104,4,1,1.00000011920929,1.00000011920929,0,TRUE,4,TRUE
mpnet,599,other disorders of urethra and urinary tract,104,6,1,0.96696674823761,0.96696674823761,0,TRUE,7,TRUE
mpnet,600,hyperplasia of prostate,105,1,1,0.99999988079071,0.99999988079071,0,TRUE,3,FALSE
mpnet,601,inflammatory diseases of prostate,106,1,1,1,1,0,TRUE,4,FALSE
mpnet,607,disorders of penis,106,2,1,0.964882075786591,0.964882075786591,0,TRUE,3,FALSE
mpnet,610,benign mammary dysplasias,107,1,1,0.9704709649086,0.9704709649086,0,TRUE,3,FALSE
mpnet,614,inflammatory disease of ovary fallopian tube pelvic cellular tissue and peritoneum,108,4,3,0.709991931915283,0.777307331562042,0.067315399646759,TRUE,11,FALSE
mpnet,615,inflammatory diseases of uterus except cervix,108,1,1,0.97179913520813,0.97179913520813,0,TRUE,6,FALSE
mpnet,617,endometriosis,108,1,1,1.00000023841858,1.00000023841858,0,TRUE,1,FALSE
mpnet,618,genital prolapse,110,2,1,0.939869582653046,0.939869582653046,0,TRUE,2,FALSE
mpnet,619,fistula involving female genital tract,108,1,1,0.98552680015564,0.98552680015564,0,TRUE,5,FALSE
mpnet,621,disorders of uterus not elsewhere classified,108,2,1,0.814257144927979,0.814257144927979,0,TRUE,6,TRUE
mpnet,625,pain and other symptoms associated with female genital organs,108,2,1,0.906834125518799,0.906834125518799,0,TRUE,9,TRUE
mpnet,626,disorders of menstruation and other abnormal bleeding from female genital tract,109,4,1,0.778491258621216,0.778491258621216,0,TRUE,11,TRUE
mpnet,627,menopausal and postmenopausal disorders,111,2,1,0.864887118339539,0.864887118339539,0,TRUE,4,FALSE
mpnet,628,female infertility,112,1,1,1.00000035762787,1.00000035762787,0,TRUE,2,FALSE
mpnet,629,other disorders of female genital organs,108,3,9,0.706677675247192,0.841620683670044,0.134943008422852,TRUE,6,TRUE
mpnet,691,atopic dermatitis and related conditions,113,2,1,0.87300169467926,0.87300169467926,0,TRUE,5,FALSE
mpnet,694,bullous dermatoses,114,5,1,0.77775514125824,0.77775514125824,0,TRUE,2,FALSE
mpnet,695,erythematous conditions,114,12,1,0.948480606079102,0.948480606079102,0,TRUE,2,FALSE
mpnet,696,psoriasis and similar disorders,114,6,1,0.896910071372986,0.896910071372986,0,TRUE,4,FALSE
mpnet,701,other hypertrophic and atrophic conditions of skin,115,12,1,0.852454602718353,0.852454602718353,0,TRUE,7,TRUE
mpnet,705,diseases of sweat glands,115,4,1,0.764844059944153,0.764844059944153,0,TRUE,4,FALSE
mpnet,707,chronic ulcer of skin,116,3,1,0.679097414016724,0.679097414016724,0,TRUE,4,FALSE
mpnet,710,diffuse diseases of connective tissue,117,6,1,0.865212142467499,0.865212142467499,0,TRUE,5,FALSE
mpnet,712,crystal arthropathies,37,1,1,0.963694095611572,0.963694095611572,0,TRUE,2,FALSE
mpnet,713,arthropathy associated with other disorders classified elsewhere,118,4,1,0.91800057888031,0.91800057888031,0,TRUE,7,TRUE
mpnet,714,rheumatoid arthritis and other inflammatory polyarthropathies,119,5,1,0.75769966840744,0.75769966840744,0,TRUE,6,TRUE
mpnet,715,osteoarthrosis and allied disorders,120,6,2,0.650765776634216,0.706349015235901,0.0555832386016846,TRUE,4,FALSE
mpnet,716,other and unspecified arthropathies,118,4,1,0.900413751602173,0.900413751602173,0,TRUE,4,TRUE
mpnet,717,internal derangement of knee,118,2,1,1,1,0,TRUE,4,FALSE
mpnet,718,other derangement of joint,118,4,1,0.921102046966553,0.921102046966553,0,TRUE,4,TRUE
mpnet,719,other and unspecified disorders of joint,118,4,1,0.878516256809235,0.878516256809235,0,TRUE,6,TRUE
mpnet,720,ankylosing spondylitis and other inflammatory spondylopathies,121,4,1,0.936958312988281,0.936958312988281,0,TRUE,6,TRUE
mpnet,721,spondylosis and allied disorders,121,2,1,0.927592396736145,0.927592396736145,0,TRUE,4,FALSE
mpnet,722,intervertebral disc disorders,121,4,1,0.966023564338684,0.966023564338684,0,TRUE,3,FALSE
mpnet,730,osteomyelitis periostitis and other infections involving bone,122,5,1,0.801134467124939,0.801134467124939,0,TRUE,7,TRUE
mpnet,731,osteitis deformans and osteopathies associated with other disorders classified elsewhere,123,3,1,0.755484759807587,0.755484759807587,0,TRUE,10,TRUE
mpnet,732,osteochondropathies,123,4,1,0.882450819015503,0.882450819015503,0,TRUE,1,FALSE
mpnet,733,other disorders of bone and cartilage,123,13,1,0.909201383590698,0.909201383590698,0,TRUE,6,TRUE
mpnet,735,acquired deformities of toe,124,1,1,0.872518241405487,0.872518241405487,0,TRUE,4,FALSE
mpnet,737,curvature of spine,125,5,1,0.567978262901306,0.567978262901306,0,TRUE,3,FALSE
mpnet,740,anencephalus and similar anomalies,126,1,1,0.831358671188354,0.831358671188354,0,TRUE,4,FALSE
mpnet,741,spina bifida,126,2,1,1.00000023841858,1.00000023841858,0,TRUE,2,FALSE
mpnet,742,other congenital anomalies of nervous system,126,7,1,0.936407446861267,0.936407446861267,0,TRUE,6,TRUE
mpnet,743,congenital anomalies of eye,127,6,1,0.887840628623962,0.887840628623962,0,TRUE,4,FALSE
mpnet,744,congenital anomalies of ear face and neck,127,3,1,0.820644617080688,0.820644617080688,0,TRUE,7,FALSE
mpnet,745,bulbus cordis anomalies and anomalies of cardiac septal closure,128,2,1,0.697741985321045,0.697741985321045,0,TRUE,9,FALSE
mpnet,746,other congenital anomalies of heart,128,4,1,0.937440514564514,0.937440514564514,0,TRUE,5,TRUE
mpnet,747,other congenital anomalies of circulatory system,128,5,1,0.943150639533997,0.943150639533997,0,TRUE,6,TRUE
mpnet,748,congenital anomalies of respiratory system,127,5,1,0.899096608161926,0.899096608161926,0,TRUE,5,FALSE
mpnet,749,cleft palate and cleft lip,127,3,1,0.952789843082428,0.952789843082428,0,TRUE,5,FALSE
mpnet,750,other congenital anomalies of upper alimentary tract,129,3,1,0.966627717018127,0.966627717018127,0,TRUE,7,TRUE
mpnet,751,other congenital anomalies of digestive system,129,5,1,0.953011810779572,0.953011810779572,0,TRUE,6,TRUE
mpnet,752,congenital anomalies of genital organs,130,8,1,0.849999070167542,0.849999070167542,0,TRUE,5,FALSE
mpnet,753,congenital anomalies of urinary system,130,5,1,0.912427186965942,0.912427186965942,0,TRUE,5,FALSE
mpnet,754,certain congenital musculoskeletal deformities,127,5,1,0.947109043598175,0.947109043598175,0,TRUE,4,FALSE
mpnet,755,other congenital anomalies of limbs,127,9,1,0.905701875686646,0.905701875686646,0,TRUE,5,TRUE
mpnet,756,other congenital musculoskeletal anomalies,127,6,1,0.956964492797852,0.956964492797852,0,TRUE,4,TRUE
mpnet,757,congenital anomalies of the integument,127,5,1,0.926019430160522,0.926019430160522,0,TRUE,5,FALSE
mpnet,758,chromosomal anomalies,127,9,1,0.77652633190155,0.77652633190155,0,TRUE,2,FALSE
mpnet,759,other and unspecified congenital anomalies,127,5,1,0.841359853744507,0.841359853744507,0,TRUE,5,TRUE