"track","model","family","stripping","similarity_threshold","top_n","flag_combination","precision","recall","f1","accuracy","n_auto_mappings"
"10_9","ClinicalBERT-base","ClinicalBERT","base",0.95,3,1,0.507,0.326,0.397,0.247,601
"10_9","ClinicalBERT-base","ClinicalBERT","base",0.95,3,2,0.474,0.295,0.364,0.222,582
"10_9","ClinicalBERT-base","ClinicalBERT","base",0.95,3,3,0.578,0.268,0.366,0.224,434
"10_9","ClinicalBERT-base","ClinicalBERT","base",0.95,3,4,0.475,0.358,0.408,0.256,705
"10_9","ClinicalBERT-base","ClinicalBERT","base",0.95,5,1,0.51,0.335,0.404,0.253,616
"10_9","ClinicalBERT-base","ClinicalBERT","base",0.95,5,2,0.43,0.314,0.363,0.222,683
"10_9","ClinicalBERT-base","ClinicalBERT","base",0.95,5,3,0.505,0.299,0.376,0.231,555
"10_9","ClinicalBERT-base","ClinicalBERT","base",0.95,5,4,0.439,0.382,0.409,0.257,815
"10_9","ClinicalBERT-base","ClinicalBERT","base",0.95,10,1,0.508,0.336,0.404,0.254,620
"10_9","ClinicalBERT-base","ClinicalBERT","base",0.95,10,2,0.368,0.34,0.353,0.215,868
"10_9","ClinicalBERT-base","ClinicalBERT","base",0.95,10,3,0.422,0.345,0.38,0.234,766
"10_9","ClinicalBERT-base","ClinicalBERT","base",0.95,10,4,0.382,0.409,0.395,0.246,1003
"10_9","ClinicalBERT-base","ClinicalBERT","base",0.95,15,1,0.509,0.337,0.406,0.254,621
"10_9","ClinicalBERT-base","ClinicalBERT","base",0.95,15,2,0.341,0.364,0.352,0.214,1001
"10_9","ClinicalBERT-base","ClinicalBERT","base",0.95,15,3,0.385,0.375,0.38,0.234,912
"10_9","ClinicalBERT-base","ClinicalBERT","base",0.95,15,4,0.357,0.432,0.391,0.243,1136
"10_9","ClinicalBERT-base","ClinicalBERT","base",0.95,20,1,0.51,0.34,0.408,0.257,625
"10_9","ClinicalBERT-base","ClinicalBERT","base",0.95,20,2,0.321,0.376,0.346,0.21,1095
"10_9","ClinicalBERT-base","ClinicalBERT","base",0.95,20,3,0.363,0.392,0.377,0.232,1012
"10_9","ClinicalBERT-base","ClinicalBERT","base",0.95,20,4,0.339,0.445,0.385,0.238,1231
"10_9","ClinicalBERT-base","ClinicalBERT","base",0.95,25,1,0.511,0.342,0.41,0.257,626
"10_9","ClinicalBERT-base","ClinicalBERT","base",0.95,25,2,0.306,0.382,0.34,0.205,1171
"10_9","ClinicalBERT-base","ClinicalBERT","base",0.95,25,3,0.345,0.402,0.371,0.228,1094
"10_9","ClinicalBERT-base","ClinicalBERT","base",0.95,25,4,0.324,0.453,0.378,0.233,1308
"10_9","ClinicalBERT-base","ClinicalBERT","base",0.95,30,1,0.512,0.343,0.411,0.258,627
"10_9","ClinicalBERT-base","ClinicalBERT","base",0.95,30,2,0.291,0.391,0.334,0.2,1256
"10_9","ClinicalBERT-base","ClinicalBERT","base",0.95,30,3,0.326,0.412,0.364,0.223,1183
"10_9","ClinicalBERT-base","ClinicalBERT","base",0.95,30,4,0.31,0.461,0.371,0.228,1393
"10_9","ClinicalBERT-base","ClinicalBERT","base",0.99,3,1,0.547,0.315,0.4,0.25,539
"10_9","ClinicalBERT-base","ClinicalBERT","base",0.99,3,2,0.552,0.186,0.278,0.161,315
"10_9","ClinicalBERT-base","ClinicalBERT","base",0.99,3,3,0.672,0.242,0.356,0.217,338
"10_9","ClinicalBERT-base","ClinicalBERT","base",0.99,3,4,0.55,0.321,0.405,0.254,547
"10_9","ClinicalBERT-base","ClinicalBERT","base",0.99,5,1,0.549,0.324,0.408,0.256,554
"10_9","ClinicalBERT-base","ClinicalBERT","base",0.99,5,2,0.553,0.189,0.282,0.164,320
"10_9","ClinicalBERT-base","ClinicalBERT","base",0.99,5,3,0.664,0.261,0.375,0.231,369
"10_9","ClinicalBERT-base","ClinicalBERT","base",0.99,5,4,0.552,0.334,0.416,0.263,567
"10_9","ClinicalBERT-base","ClinicalBERT","base",0.99,10,1,0.547,0.326,0.409,0.256,558
"10_9","ClinicalBERT-base","ClinicalBERT","base",0.99,10,2,0.545,0.193,0.285,0.166,332
"10_9","ClinicalBERT-base","ClinicalBERT","base",0.99,10,3,0.656,0.283,0.395,0.246,404
"10_9","ClinicalBERT-base","ClinicalBERT","base",0.99,10,4,0.545,0.339,0.418,0.265,583
"10_9","ClinicalBERT-base","ClinicalBERT","base",0.99,15,1,0.547,0.327,0.409,0.257,559
"10_9","ClinicalBERT-base","ClinicalBERT","base",0.99,15,2,0.537,0.194,0.285,0.166,339
"10_9","ClinicalBERT-base","ClinicalBERT","base",0.99,15,3,0.645,0.291,0.401,0.251,423
"10_9","ClinicalBERT-base","ClinicalBERT","base",0.99,15,4,0.541,0.342,0.419,0.265,591
"10_9","ClinicalBERT-base","ClinicalBERT","base",0.99,20,1,0.549,0.33,0.412,0.259,563
"10_9","ClinicalBERT-base","ClinicalBERT","base",0.99,20,2,0.533,0.196,0.287,0.168,345
"10_9","ClinicalBERT-base","ClinicalBERT","base",0.99,20,3,0.645,0.301,0.41,0.258,437
"10_9","ClinicalBERT-base","ClinicalBERT","base",0.99,20,4,0.541,0.347,0.423,0.268,601
"10_9","ClinicalBERT-base","ClinicalBERT","base",0.99,25,1,0.55,0.331,0.413,0.26,564
"10_9","ClinicalBERT-base","ClinicalBERT","base",0.99,25,2,0.533,0.2,0.291,0.17,351
"10_9","ClinicalBERT-base","ClinicalBERT","base",0.99,25,3,0.642,0.306,0.414,0.262,447
"10_9","ClinicalBERT-base","ClinicalBERT","base",0.99,25,4,0.541,0.351,0.426,0.271,608
"10_9","ClinicalBERT-base","ClinicalBERT","base",0.99,30,1,0.55,0.332,0.414,0.261,565
"10_9","ClinicalBERT-base","ClinicalBERT","base",0.99,30,2,0.519,0.202,0.291,0.17,364
"10_9","ClinicalBERT-base","ClinicalBERT","base",0.99,30,3,0.624,0.308,0.412,0.26,463
"10_9","ClinicalBERT-base","ClinicalBERT","base",0.99,30,4,0.533,0.353,0.425,0.27,621
"10_9","ClinicalBERT-base","ClinicalBERT","base",0.995,3,1,0.574,0.309,0.402,0.252,505
"10_9","ClinicalBERT-base","ClinicalBERT","base",0.995,3,2,0.579,0.161,0.252,0.144,261
"10_9","ClinicalBERT-base","ClinicalBERT","base",0.995,3,3,0.674,0.24,0.354,0.215,334
"10_9","ClinicalBERT-base","ClinicalBERT","base",0.995,3,4,0.576,0.314,0.406,0.255,510
"10_9","ClinicalBERT-base","ClinicalBERT","base",0.995,5,1,0.575,0.319,0.41,0.258,520
"10_9","ClinicalBERT-base","ClinicalBERT","base",0.995,5,2,0.58,0.162,0.253,0.145,262
"10_9","ClinicalBERT-base","ClinicalBERT","base",0.995,5,3,0.669,0.257,0.371,0.228,360
"10_9","ClinicalBERT-base","ClinicalBERT","base",0.995,5,4,0.578,0.324,0.415,0.262,526
"10_9","ClinicalBERT-base","ClinicalBERT","base",0.995,10,1,0.573,0.32,0.411,0.258,524
"10_9","ClinicalBERT-base","ClinicalBERT","base",0.995,10,2,0.577,0.164,0.255,0.147,267
"10_9","ClinicalBERT-base","ClinicalBERT","base",0.995,10,3,0.668,0.276,0.391,0.243,388
"10_9","ClinicalBERT-base","ClinicalBERT","base",0.995,10,4,0.574,0.328,0.417,0.264,535
"10_9","ClinicalBERT-base","ClinicalBERT","base",0.995,15,1,0.573,0.321,0.411,0.259,525
"10_9","ClinicalBERT-base","ClinicalBERT","base",0.995,15,2,0.574,0.165,0.256,0.147,270
"10_9","ClinicalBERT-base","ClinicalBERT","base",0.995,15,3,0.666,0.285,0.399,0.249,401
"10_9","ClinicalBERT-base","ClinicalBERT","base",0.995,15,4,0.573,0.33,0.419,0.265,539
"10_9","ClinicalBERT-base","ClinicalBERT","base",0.995,20,1,0.575,0.324,0.414,0.262,529
"10_9","ClinicalBERT-base","ClinicalBERT","base",0.995,20,2,0.568,0.165,0.256,0.147,273
"10_9","ClinicalBERT-base","ClinicalBERT","base",0.995,20,3,0.665,0.292,0.406,0.255,412
"10_9","ClinicalBERT-base","ClinicalBERT","base",0.995,20,4,0.571,0.333,0.421,0.266,546
"10_9","ClinicalBERT-base","ClinicalBERT","base",0.995,25,1,0.575,0.326,0.416,0.262,530
"10_9","ClinicalBERT-base","ClinicalBERT","base",0.995,25,2,0.567,0.166,0.257,0.148,275
"10_9","ClinicalBERT-base","ClinicalBERT","base",0.995,25,3,0.663,0.296,0.409,0.257,418
"10_9","ClinicalBERT-base","ClinicalBERT","base",0.995,25,4,0.572,0.335,0.423,0.268,549
"10_9","ClinicalBERT-base","ClinicalBERT","base",0.995,30,1,0.576,0.327,0.417,0.263,531
"10_9","ClinicalBERT-base","ClinicalBERT","base",0.995,30,2,0.56,0.169,0.26,0.149,282
"10_9","ClinicalBERT-base","ClinicalBERT","base",0.995,30,3,0.653,0.298,0.409,0.257,427
"10_9","ClinicalBERT-base","ClinicalBERT","base",0.995,30,4,0.568,0.337,0.423,0.268,556
"10_9","ClinicalBERT-base","ClinicalBERT","base",0.999,3,1,0.577,0.299,0.394,0.245,485
"10_9","ClinicalBERT-base","ClinicalBERT","base",0.999,3,2,0.566,0.138,0.222,0.125,228
"10_9","ClinicalBERT-base","ClinicalBERT","base",0.999,3,3,0.672,0.236,0.349,0.211,329
"10_9","ClinicalBERT-base","ClinicalBERT","base",0.999,3,4,0.579,0.301,0.396,0.247,487
"10_9","ClinicalBERT-base","ClinicalBERT","base",0.999,5,1,0.579,0.309,0.403,0.253,501
"10_9","ClinicalBERT-base","ClinicalBERT","base",0.999,5,2,0.566,0.138,0.222,0.125,228
"10_9","ClinicalBERT-base","ClinicalBERT","base",0.999,5,3,0.668,0.251,0.365,0.223,352
"10_9","ClinicalBERT-base","ClinicalBERT","base",0.999,5,4,0.581,0.312,0.406,0.254,503
"10_9","ClinicalBERT-base","ClinicalBERT","base",0.999,10,1,0.576,0.311,0.404,0.253,505
"10_9","ClinicalBERT-base","ClinicalBERT","base",0.999,10,2,0.568,0.139,0.223,0.125,229
"10_9","ClinicalBERT-base","ClinicalBERT","base",0.999,10,3,0.668,0.267,0.382,0.236,374
"10_9","ClinicalBERT-base","ClinicalBERT","base",0.999,10,4,0.579,0.314,0.407,0.255,508
"10_9","ClinicalBERT-base","ClinicalBERT","base",0.999,15,1,0.577,0.312,0.405,0.254,506
"10_9","ClinicalBERT-base","ClinicalBERT","base",0.999,15,2,0.568,0.139,0.223,0.125,229
"10_9","ClinicalBERT-base","ClinicalBERT","base",0.999,15,3,0.669,0.274,0.389,0.242,384
"10_9","ClinicalBERT-base","ClinicalBERT","base",0.999,15,4,0.58,0.315,0.408,0.256,509
"10_9","ClinicalBERT-base","ClinicalBERT","base",0.999,20,1,0.578,0.315,0.408,0.256,510
"10_9","ClinicalBERT-base","ClinicalBERT","base",0.999,20,2,0.565,0.139,0.223,0.125,230
"10_9","ClinicalBERT-base","ClinicalBERT","base",0.999,20,3,0.672,0.282,0.397,0.248,393
"10_9","ClinicalBERT-base","ClinicalBERT","base",0.999,20,4,0.58,0.318,0.411,0.258,514
"10_9","ClinicalBERT-base","ClinicalBERT","base",0.999,25,1,0.579,0.316,0.409,0.257,511
"10_9","ClinicalBERT-base","ClinicalBERT","base",0.999,25,2,0.565,0.139,0.223,0.125,230
"10_9","ClinicalBERT-base","ClinicalBERT","base",0.999,25,3,0.672,0.284,0.399,0.249,396
"10_9","ClinicalBERT-base","ClinicalBERT","base",0.999,25,4,0.581,0.319,0.412,0.259,515
"10_9","ClinicalBERT-base","ClinicalBERT","base",0.999,30,1,0.58,0.317,0.41,0.258,512
"10_9","ClinicalBERT-base","ClinicalBERT","base",0.999,30,2,0.567,0.14,0.225,0.126,231
"10_9","ClinicalBERT-base","ClinicalBERT","base",0.999,30,3,0.67,0.286,0.401,0.251,400
"10_9","ClinicalBERT-base","ClinicalBERT","base",0.999,30,4,0.582,0.321,0.414,0.261,517
"8_9","ClinicalBERT-base","ClinicalBERT","base",0.95,3,1,0.527,0.764,0.624,0.453,480
"8_9","ClinicalBERT-base","ClinicalBERT","base",0.95,3,2,0.485,0.731,0.583,0.412,499
"8_9","ClinicalBERT-base","ClinicalBERT","base",0.95,3,3,0.635,0.698,0.665,0.498,364
"8_9","ClinicalBERT-base","ClinicalBERT","base",0.95,3,4,0.472,0.792,0.591,0.42,555
"8_9","ClinicalBERT-base","ClinicalBERT","base",0.95,5,1,0.526,0.764,0.623,0.453,481
"8_9","ClinicalBERT-base","ClinicalBERT","base",0.95,5,2,0.447,0.74,0.557,0.386,548
"8_9","ClinicalBERT-base","ClinicalBERT","base",0.95,5,3,0.564,0.719,0.632,0.462,422
"8_9","ClinicalBERT-base","ClinicalBERT","base",0.95,5,4,0.438,0.801,0.566,0.395,605
"8_9","ClinicalBERT-base","ClinicalBERT","base",0.95,10,1,0.523,0.764,0.621,0.45,484
"8_9","ClinicalBERT-base","ClinicalBERT","base",0.95,10,2,0.398,0.746,0.519,0.351,620
"8_9","ClinicalBERT-base","ClinicalBERT","base",0.95,10,3,0.483,0.737,0.584,0.412,505
"8_9","ClinicalBERT-base","ClinicalBERT","base",0.95,10,4,0.394,0.807,0.529,0.36,677
"8_9","ClinicalBERT-base","ClinicalBERT","base",0.95,15,1,0.522,0.764,0.62,0.449,485
"8_9","ClinicalBERT-base","ClinicalBERT","base",0.95,15,2,0.369,0.746,0.494,0.328,670
"8_9","ClinicalBERT-base","ClinicalBERT","base",0.95,15,3,0.439,0.74,0.551,0.38,558
"8_9","ClinicalBERT-base","ClinicalBERT","base",0.95,15,4,0.367,0.807,0.505,0.338,727
"8_9","ClinicalBERT-base","ClinicalBERT","base",0.95,20,1,0.522,0.764,0.62,0.449,485
"8_9","ClinicalBERT-base","ClinicalBERT","base",0.95,20,2,0.348,0.746,0.475,0.311,710
"8_9","ClinicalBERT-base","ClinicalBERT","base",0.95,20,3,0.407,0.743,0.526,0.357,604
"8_9","ClinicalBERT-base","ClinicalBERT","base",0.95,20,4,0.348,0.807,0.486,0.321,767
"8_9","ClinicalBERT-base","ClinicalBERT","base",0.95,25,1,0.522,0.764,0.62,0.449,485
"8_9","ClinicalBERT-base","ClinicalBERT","base",0.95,25,2,0.328,0.746,0.456,0.295,752
"8_9","ClinicalBERT-base","ClinicalBERT","base",0.95,25,3,0.38,0.743,0.503,0.336,648
"8_9","ClinicalBERT-base","ClinicalBERT","base",0.95,25,4,0.33,0.807,0.468,0.306,809
"8_9","ClinicalBERT-base","ClinicalBERT","base",0.95,30,1,0.522,0.764,0.62,0.449,485
"8_9","ClinicalBERT-base","ClinicalBERT","base",0.95,30,2,0.319,0.749,0.447,0.288,778
"8_9","ClinicalBERT-base","ClinicalBERT","base",0.95,30,3,0.366,0.746,0.491,0.325,675
"8_9","ClinicalBERT-base","ClinicalBERT","base",0.95,30,4,0.321,0.81,0.46,0.298,835
"8_9","ClinicalBERT-base","ClinicalBERT","base",0.99,3,1,0.57,0.758,0.651,0.483,440
"8_9","ClinicalBERT-base","ClinicalBERT","base",0.99,3,2,0.586,0.598,0.592,0.42,338
"8_9","ClinicalBERT-base","ClinicalBERT","base",0.99,3,3,0.747,0.677,0.71,0.55,300
"8_9","ClinicalBERT-base","ClinicalBERT","base",0.99,3,4,0.562,0.767,0.649,0.48,452
"8_9","ClinicalBERT-base","ClinicalBERT","base",0.99,5,1,0.569,0.758,0.65,0.482,441
"8_9","ClinicalBERT-base","ClinicalBERT","base",0.99,5,2,0.58,0.601,0.59,0.419,343
"8_9","ClinicalBERT-base","ClinicalBERT","base",0.99,5,3,0.732,0.692,0.711,0.552,313
"8_9","ClinicalBERT-base","ClinicalBERT","base",0.99,5,4,0.557,0.77,0.646,0.478,458
"8_9","ClinicalBERT-base","ClinicalBERT","base",0.99,10,1,0.565,0.758,0.647,0.479,444
"8_9","ClinicalBERT-base","ClinicalBERT","base",0.99,10,2,0.57,0.601,0.585,0.414,349
"8_9","ClinicalBERT-base","ClinicalBERT","base",0.99,10,3,0.704,0.704,0.704,0.543,331
"8_9","ClinicalBERT-base","ClinicalBERT","base",0.99,10,4,0.547,0.77,0.64,0.47,466
"8_9","ClinicalBERT-base","ClinicalBERT","base",0.99,15,1,0.564,0.758,0.647,0.478,445
"8_9","ClinicalBERT-base","ClinicalBERT","base",0.99,15,2,0.569,0.601,0.585,0.413,350
"8_9","ClinicalBERT-base","ClinicalBERT","base",0.99,15,3,0.696,0.707,0.701,0.54,336
"8_9","ClinicalBERT-base","ClinicalBERT","base",0.99,15,4,0.545,0.77,0.638,0.469,468
"8_9","ClinicalBERT-base","ClinicalBERT","base",0.99,20,1,0.564,0.758,0.647,0.478,445
"8_9","ClinicalBERT-base","ClinicalBERT","base",0.99,20,2,0.567,0.601,0.584,0.412,351
"8_9","ClinicalBERT-base","ClinicalBERT","base",0.99,20,3,0.687,0.71,0.698,0.537,342
"8_9","ClinicalBERT-base","ClinicalBERT","base",0.99,20,4,0.544,0.77,0.638,0.468,469
"8_9","ClinicalBERT-base","ClinicalBERT","base",0.99,25,1,0.564,0.758,0.647,0.478,445
"8_9","ClinicalBERT-base","ClinicalBERT","base",0.99,25,2,0.562,0.601,0.581,0.409,354
"8_9","ClinicalBERT-base","ClinicalBERT","base",0.99,25,3,0.679,0.71,0.694,0.532,346
"8_9","ClinicalBERT-base","ClinicalBERT","base",0.99,25,4,0.54,0.77,0.635,0.465,472
"8_9","ClinicalBERT-base","ClinicalBERT","base",0.99,30,1,0.564,0.758,0.647,0.478,445
"8_9","ClinicalBERT-base","ClinicalBERT","base",0.99,30,2,0.557,0.604,0.58,0.408,359
"8_9","ClinicalBERT-base","ClinicalBERT","base",0.99,30,3,0.67,0.713,0.691,0.528,352
"8_9","ClinicalBERT-base","ClinicalBERT","base",0.99,30,4,0.537,0.773,0.634,0.464,477
"8_9","ClinicalBERT-base","ClinicalBERT","base",0.995,3,1,0.582,0.752,0.656,0.488,428
"8_9","ClinicalBERT-base","ClinicalBERT","base",0.995,3,2,0.601,0.559,0.579,0.407,308
"8_9","ClinicalBERT-base","ClinicalBERT","base",0.995,3,3,0.761,0.665,0.71,0.55,289
"8_9","ClinicalBERT-base","ClinicalBERT","base",0.995,3,4,0.58,0.755,0.656,0.488,431
"8_9","ClinicalBERT-base","ClinicalBERT","base",0.995,5,1,0.58,0.752,0.655,0.487,429
"8_9","ClinicalBERT-base","ClinicalBERT","base",0.995,5,2,0.598,0.562,0.579,0.408,311
"8_9","ClinicalBERT-base","ClinicalBERT","base",0.995,5,3,0.753,0.68,0.715,0.556,299
"8_9","ClinicalBERT-base","ClinicalBERT","base",0.995,5,4,0.577,0.758,0.655,0.487,435
"8_9","ClinicalBERT-base","ClinicalBERT","base",0.995,10,1,0.576,0.752,0.652,0.484,432
"8_9","ClinicalBERT-base","ClinicalBERT","base",0.995,10,2,0.596,0.562,0.579,0.407,312
"8_9","ClinicalBERT-base","ClinicalBERT","base",0.995,10,3,0.732,0.692,0.711,0.552,313
"8_9","ClinicalBERT-base","ClinicalBERT","base",0.995,10,4,0.572,0.758,0.652,0.484,439
"8_9","ClinicalBERT-base","ClinicalBERT","base",0.995,15,1,0.575,0.752,0.652,0.483,433
"8_9","ClinicalBERT-base","ClinicalBERT","base",0.995,15,2,0.596,0.562,0.579,0.407,312
"8_9","ClinicalBERT-base","ClinicalBERT","base",0.995,15,3,0.726,0.695,0.71,0.55,317
"8_9","ClinicalBERT-base","ClinicalBERT","base",0.995,15,4,0.57,0.758,0.651,0.483,440
"8_9","ClinicalBERT-base","ClinicalBERT","base",0.995,20,1,0.575,0.752,0.652,0.483,433
"8_9","ClinicalBERT-base","ClinicalBERT","base",0.995,20,2,0.596,0.562,0.579,0.407,312
"8_9","ClinicalBERT-base","ClinicalBERT","base",0.995,20,3,0.717,0.698,0.707,0.547,322
"8_9","ClinicalBERT-base","ClinicalBERT","base",0.995,20,4,0.57,0.758,0.651,0.483,440
"8_9","ClinicalBERT-base","ClinicalBERT","base",0.995,25,1,0.575,0.752,0.652,0.483,433
"8_9","ClinicalBERT-base","ClinicalBERT","base",0.995,25,2,0.594,0.562,0.578,0.406,313
"8_9","ClinicalBERT-base","ClinicalBERT","base",0.995,25,3,0.715,0.698,0.706,0.546,323
"8_9","ClinicalBERT-base","ClinicalBERT","base",0.995,25,4,0.569,0.758,0.65,0.482,441
"8_9","ClinicalBERT-base","ClinicalBERT","base",0.995,30,1,0.575,0.752,0.652,0.483,433
"8_9","ClinicalBERT-base","ClinicalBERT","base",0.995,30,2,0.59,0.562,0.576,0.404,315
"8_9","ClinicalBERT-base","ClinicalBERT","base",0.995,30,3,0.709,0.698,0.703,0.542,326
"8_9","ClinicalBERT-base","ClinicalBERT","base",0.995,30,4,0.567,0.758,0.649,0.48,443
"8_9","ClinicalBERT-base","ClinicalBERT","base",0.999,3,1,0.599,0.752,0.667,0.5,416
"8_9","ClinicalBERT-base","ClinicalBERT","base",0.999,3,2,0.622,0.538,0.577,0.405,286
"8_9","ClinicalBERT-base","ClinicalBERT","base",0.999,3,3,0.764,0.665,0.711,0.551,288
"8_9","ClinicalBERT-base","ClinicalBERT","base",0.999,3,4,0.598,0.755,0.667,0.501,418
"8_9","ClinicalBERT-base","ClinicalBERT","base",0.999,5,1,0.597,0.752,0.666,0.499,417
"8_9","ClinicalBERT-base","ClinicalBERT","base",0.999,5,2,0.622,0.538,0.577,0.405,286
"8_9","ClinicalBERT-base","ClinicalBERT","base",0.999,5,3,0.759,0.677,0.716,0.557,295
"8_9","ClinicalBERT-base","ClinicalBERT","base",0.999,5,4,0.597,0.755,0.667,0.5,419
"8_9","ClinicalBERT-base","ClinicalBERT","base",0.999,10,1,0.593,0.752,0.663,0.496,420
"8_9","ClinicalBERT-base","ClinicalBERT","base",0.999,10,2,0.622,0.538,0.577,0.405,286
"8_9","ClinicalBERT-base","ClinicalBERT","base",0.999,10,3,0.743,0.689,0.715,0.556,307
"8_9","ClinicalBERT-base","ClinicalBERT","base",0.999,10,4,0.592,0.755,0.664,0.497,422
"8_9","ClinicalBERT-base","ClinicalBERT","base",0.999,15,1,0.591,0.752,0.662,0.495,421
"8_9","ClinicalBERT-base","ClinicalBERT","base",0.999,15,2,0.622,0.538,0.577,0.405,286
"8_9","ClinicalBERT-base","ClinicalBERT","base",0.999,15,3,0.736,0.692,0.713,0.554,311
"8_9","ClinicalBERT-base","ClinicalBERT","base",0.999,15,4,0.591,0.755,0.663,0.496,423
"8_9","ClinicalBERT-base","ClinicalBERT","base",0.999,20,1,0.591,0.752,0.662,0.495,421
"8_9","ClinicalBERT-base","ClinicalBERT","base",0.999,20,2,0.622,0.538,0.577,0.405,286
"8_9","ClinicalBERT-base","ClinicalBERT","base",0.999,20,3,0.728,0.695,0.711,0.552,316
"8_9","ClinicalBERT-base","ClinicalBERT","base",0.999,20,4,0.591,0.755,0.663,0.496,423
"8_9","ClinicalBERT-base","ClinicalBERT","base",0.999,25,1,0.591,0.752,0.662,0.495,421
"8_9","ClinicalBERT-base","ClinicalBERT","base",0.999,25,2,0.622,0.538,0.577,0.405,286
"8_9","ClinicalBERT-base","ClinicalBERT","base",0.999,25,3,0.728,0.695,0.711,0.552,316
"8_9","ClinicalBERT-base","ClinicalBERT","base",0.999,25,4,0.591,0.755,0.663,0.496,423
"8_9","ClinicalBERT-base","ClinicalBERT","base",0.999,30,1,0.591,0.752,0.662,0.495,421
"8_9","ClinicalBERT-base","ClinicalBERT","base",0.999,30,2,0.62,0.538,0.576,0.405,287
"8_9","ClinicalBERT-base","ClinicalBERT","base",0.999,30,3,0.723,0.695,0.709,0.549,318
"8_9","ClinicalBERT-base","ClinicalBERT","base",0.999,30,4,0.59,0.755,0.662,0.495,424
"10_9","ClinicalBERT-base-nocode","ClinicalBERT","base",0.95,3,1,0.587,0.354,0.442,0.284,566
"10_9","ClinicalBERT-base-nocode","ClinicalBERT","base",0.95,3,2,0.597,0.313,0.411,0.258,491
"10_9","ClinicalBERT-base-nocode","ClinicalBERT","base",0.95,3,3,0.618,0.264,0.37,0.227,400
"10_9","ClinicalBERT-base-nocode","ClinicalBERT","base",0.95,3,4,0.558,0.376,0.449,0.289,631
"10_9","ClinicalBERT-base-nocode","ClinicalBERT","base",0.95,5,1,0.588,0.364,0.45,0.29,580
"10_9","ClinicalBERT-base-nocode","ClinicalBERT","base",0.95,5,2,0.548,0.324,0.407,0.256,555
"10_9","ClinicalBERT-base-nocode","ClinicalBERT","base",0.95,5,3,0.566,0.295,0.388,0.24,488
"10_9","ClinicalBERT-base-nocode","ClinicalBERT","base",0.95,5,4,0.523,0.394,0.449,0.29,706
"10_9","ClinicalBERT-base-nocode","ClinicalBERT","base",0.95,10,1,0.586,0.365,0.45,0.29,584
"10_9","ClinicalBERT-base-nocode","ClinicalBERT","base",0.95,10,2,0.485,0.347,0.405,0.254,670
"10_9","ClinicalBERT-base-nocode","ClinicalBERT","base",0.95,10,3,0.503,0.338,0.404,0.254,630
"10_9","ClinicalBERT-base-nocode","ClinicalBERT","base",0.95,10,4,0.473,0.416,0.443,0.284,824
"10_9","ClinicalBERT-base-nocode","ClinicalBERT","base",0.95,15,1,0.586,0.365,0.45,0.29,584
"10_9","ClinicalBERT-base-nocode","ClinicalBERT","base",0.95,15,2,0.445,0.358,0.397,0.247,753
"10_9","ClinicalBERT-base-nocode","ClinicalBERT","base",0.95,15,3,0.464,0.361,0.406,0.255,728
"10_9","ClinicalBERT-base-nocode","ClinicalBERT","base",0.95,15,4,0.441,0.427,0.434,0.277,907
"10_9","ClinicalBERT-base-nocode","ClinicalBERT","base",0.95,20,1,0.586,0.367,0.451,0.292,587
"10_9","ClinicalBERT-base-nocode","ClinicalBERT","base",0.95,20,2,0.418,0.367,0.391,0.243,822
"10_9","ClinicalBERT-base-nocode","ClinicalBERT","base",0.95,20,3,0.439,0.378,0.406,0.255,806
"10_9","ClinicalBERT-base-nocode","ClinicalBERT","base",0.95,20,4,0.42,0.439,0.429,0.273,978
"10_9","ClinicalBERT-base-nocode","ClinicalBERT","base",0.95,25,1,0.587,0.368,0.452,0.292,588
"10_9","ClinicalBERT-base-nocode","ClinicalBERT","base",0.95,25,2,0.395,0.374,0.384,0.238,885
"10_9","ClinicalBERT-base-nocode","ClinicalBERT","base",0.95,25,3,0.414,0.387,0.4,0.25,876
"10_9","ClinicalBERT-base-nocode","ClinicalBERT","base",0.95,25,4,0.401,0.446,0.422,0.268,1042
"10_9","ClinicalBERT-base-nocode","ClinicalBERT","base",0.95,30,1,0.587,0.368,0.452,0.292,588
"10_9","ClinicalBERT-base-nocode","ClinicalBERT","base",0.95,30,2,0.378,0.381,0.379,0.234,944
"10_9","ClinicalBERT-base-nocode","ClinicalBERT","base",0.95,30,3,0.396,0.397,0.396,0.247,940
"10_9","ClinicalBERT-base-nocode","ClinicalBERT","base",0.95,30,4,0.386,0.454,0.417,0.263,1101
"10_9","ClinicalBERT-base-nocode","ClinicalBERT","base",0.99,3,1,0.617,0.348,0.445,0.286,528
"10_9","ClinicalBERT-base-nocode","ClinicalBERT","base",0.99,3,2,0.685,0.237,0.352,0.214,324
"10_9","ClinicalBERT-base-nocode","ClinicalBERT","base",0.99,3,3,0.676,0.242,0.356,0.217,336
"10_9","ClinicalBERT-base-nocode","ClinicalBERT","base",0.99,3,4,0.617,0.349,0.446,0.287,530
"10_9","ClinicalBERT-base-nocode","ClinicalBERT","base",0.99,5,1,0.618,0.358,0.453,0.293,542
"10_9","ClinicalBERT-base-nocode","ClinicalBERT","base",0.99,5,2,0.681,0.237,0.352,0.213,326
"10_9","ClinicalBERT-base-nocode","ClinicalBERT","base",0.99,5,3,0.679,0.265,0.381,0.235,365
"10_9","ClinicalBERT-base-nocode","ClinicalBERT","base",0.99,5,4,0.615,0.359,0.453,0.293,546
"10_9","ClinicalBERT-base-nocode","ClinicalBERT","base",0.99,10,1,0.615,0.359,0.453,0.293,546
"10_9","ClinicalBERT-base-nocode","ClinicalBERT","base",0.99,10,2,0.668,0.24,0.353,0.214,337
"10_9","ClinicalBERT-base-nocode","ClinicalBERT","base",0.99,10,3,0.677,0.29,0.406,0.255,402
"10_9","ClinicalBERT-base-nocode","ClinicalBERT","base",0.99,10,4,0.606,0.363,0.454,0.294,561
"10_9","ClinicalBERT-base-nocode","ClinicalBERT","base",0.99,15,1,0.615,0.359,0.453,0.293,546
"10_9","ClinicalBERT-base-nocode","ClinicalBERT","base",0.99,15,2,0.665,0.241,0.354,0.215,340
"10_9","ClinicalBERT-base-nocode","ClinicalBERT","base",0.99,15,3,0.676,0.303,0.418,0.265,420
"10_9","ClinicalBERT-base-nocode","ClinicalBERT","base",0.99,15,4,0.605,0.364,0.455,0.294,564
"10_9","ClinicalBERT-base-nocode","ClinicalBERT","base",0.99,20,1,0.616,0.361,0.455,0.294,549
"10_9","ClinicalBERT-base-nocode","ClinicalBERT","base",0.99,20,2,0.661,0.245,0.357,0.218,348
"10_9","ClinicalBERT-base-nocode","ClinicalBERT","base",0.99,20,3,0.674,0.315,0.429,0.273,438
"10_9","ClinicalBERT-base-nocode","ClinicalBERT","base",0.99,20,4,0.603,0.37,0.459,0.298,575
"10_9","ClinicalBERT-base-nocode","ClinicalBERT","base",0.99,25,1,0.616,0.362,0.456,0.295,550
"10_9","ClinicalBERT-base-nocode","ClinicalBERT","base",0.99,25,2,0.656,0.247,0.359,0.218,352
"10_9","ClinicalBERT-base-nocode","ClinicalBERT","base",0.99,25,3,0.666,0.319,0.431,0.275,449
"10_9","ClinicalBERT-base-nocode","ClinicalBERT","base",0.99,25,4,0.602,0.372,0.46,0.299,580
"10_9","ClinicalBERT-base-nocode","ClinicalBERT","base",0.99,30,1,0.616,0.362,0.456,0.295,550
"10_9","ClinicalBERT-base-nocode","ClinicalBERT","base",0.99,30,2,0.648,0.248,0.359,0.218,358
"10_9","ClinicalBERT-base-nocode","ClinicalBERT","base",0.99,30,3,0.659,0.322,0.433,0.276,458
"10_9","ClinicalBERT-base-nocode","ClinicalBERT","base",0.99,30,4,0.597,0.374,0.46,0.298,586
"10_9","ClinicalBERT-base-nocode","ClinicalBERT","base",0.995,3,1,0.624,0.345,0.444,0.285,518
"10_9","ClinicalBERT-base-nocode","ClinicalBERT","base",0.995,3,2,0.697,0.226,0.341,0.206,304
"10_9","ClinicalBERT-base-nocode","ClinicalBERT","base",0.995,3,3,0.677,0.241,0.355,0.216,334
"10_9","ClinicalBERT-base-nocode","ClinicalBERT","base",0.995,3,4,0.624,0.345,0.444,0.285,518
"10_9","ClinicalBERT-base-nocode","ClinicalBERT","base",0.995,5,1,0.625,0.355,0.453,0.293,533
"10_9","ClinicalBERT-base-nocode","ClinicalBERT","base",0.995,5,2,0.697,0.226,0.341,0.206,304
"10_9","ClinicalBERT-base-nocode","ClinicalBERT","base",0.995,5,3,0.684,0.264,0.381,0.235,361
"10_9","ClinicalBERT-base-nocode","ClinicalBERT","base",0.995,5,4,0.625,0.355,0.453,0.293,533
"10_9","ClinicalBERT-base-nocode","ClinicalBERT","base",0.995,10,1,0.622,0.356,0.453,0.293,537
"10_9","ClinicalBERT-base-nocode","ClinicalBERT","base",0.995,10,2,0.695,0.228,0.343,0.208,308
"10_9","ClinicalBERT-base-nocode","ClinicalBERT","base",0.995,10,3,0.691,0.288,0.407,0.255,391
"10_9","ClinicalBERT-base-nocode","ClinicalBERT","base",0.995,10,4,0.621,0.359,0.455,0.294,541
"10_9","ClinicalBERT-base-nocode","ClinicalBERT","base",0.995,15,1,0.622,0.356,0.453,0.293,537
"10_9","ClinicalBERT-base-nocode","ClinicalBERT","base",0.995,15,2,0.693,0.228,0.343,0.207,309
"10_9","ClinicalBERT-base-nocode","ClinicalBERT","base",0.995,15,3,0.69,0.3,0.418,0.264,407
"10_9","ClinicalBERT-base-nocode","ClinicalBERT","base",0.995,15,4,0.62,0.359,0.455,0.294,542
"10_9","ClinicalBERT-base-nocode","ClinicalBERT","base",0.995,20,1,0.622,0.359,0.455,0.294,540
"10_9","ClinicalBERT-base-nocode","ClinicalBERT","base",0.995,20,2,0.693,0.232,0.348,0.21,313
"10_9","ClinicalBERT-base-nocode","ClinicalBERT","base",0.995,20,3,0.69,0.309,0.427,0.272,420
"10_9","ClinicalBERT-base-nocode","ClinicalBERT","base",0.995,20,4,0.621,0.364,0.459,0.298,549
"10_9","ClinicalBERT-base-nocode","ClinicalBERT","base",0.995,25,1,0.623,0.36,0.456,0.295,541
"10_9","ClinicalBERT-base-nocode","ClinicalBERT","base",0.995,25,2,0.694,0.233,0.349,0.211,314
"10_9","ClinicalBERT-base-nocode","ClinicalBERT","base",0.995,25,3,0.687,0.314,0.431,0.275,428
"10_9","ClinicalBERT-base-nocode","ClinicalBERT","base",0.995,25,4,0.623,0.366,0.461,0.3,551
"10_9","ClinicalBERT-base-nocode","ClinicalBERT","base",0.995,30,1,0.623,0.36,0.456,0.295,541
"10_9","ClinicalBERT-base-nocode","ClinicalBERT","base",0.995,30,2,0.688,0.233,0.348,0.21,317
"10_9","ClinicalBERT-base-nocode","ClinicalBERT","base",0.995,30,3,0.682,0.316,0.432,0.275,434
"10_9","ClinicalBERT-base-nocode","ClinicalBERT","base",0.995,30,4,0.619,0.366,0.46,0.299,554
"10_9","ClinicalBERT-base-nocode","ClinicalBERT","base",0.999,3,1,0.637,0.34,0.443,0.285,501
"10_9","ClinicalBERT-base-nocode","ClinicalBERT","base",0.999,3,2,0.717,0.213,0.328,0.197,279
"10_9","ClinicalBERT-base-nocode","ClinicalBERT","base",0.999,3,3,0.677,0.241,0.355,0.216,334
"10_9","ClinicalBERT-base-nocode","ClinicalBERT","base",0.999,3,4,0.637,0.34,0.443,0.285,501
"10_9","ClinicalBERT-base-nocode","ClinicalBERT","base",0.999,5,1,0.638,0.351,0.453,0.293,516
"10_9","ClinicalBERT-base-nocode","ClinicalBERT","base",0.999,5,2,0.717,0.213,0.328,0.197,279
"10_9","ClinicalBERT-base-nocode","ClinicalBERT","base",0.999,5,3,0.684,0.264,0.381,0.235,361
"10_9","ClinicalBERT-base-nocode","ClinicalBERT","base",0.999,5,4,0.638,0.351,0.453,0.293,516
"10_9","ClinicalBERT-base-nocode","ClinicalBERT","base",0.999,10,1,0.635,0.352,0.453,0.293,520
"10_9","ClinicalBERT-base-nocode","ClinicalBERT","base",0.999,10,2,0.714,0.213,0.328,0.197,280
"10_9","ClinicalBERT-base-nocode","ClinicalBERT","base",0.999,10,3,0.693,0.286,0.405,0.254,387
"10_9","ClinicalBERT-base-nocode","ClinicalBERT","base",0.999,10,4,0.633,0.352,0.452,0.293,521
"10_9","ClinicalBERT-base-nocode","ClinicalBERT","base",0.999,15,1,0.635,0.352,0.453,0.293,520
"10_9","ClinicalBERT-base-nocode","ClinicalBERT","base",0.999,15,2,0.714,0.213,0.328,0.197,280
"10_9","ClinicalBERT-base-nocode","ClinicalBERT","base",0.999,15,3,0.695,0.297,0.416,0.263,400
"10_9","ClinicalBERT-base-nocode","ClinicalBERT","base",0.999,15,4,0.633,0.352,0.452,0.293,521
"10_9","ClinicalBERT-base-nocode","ClinicalBERT","base",0.999,20,1,0.635,0.354,0.455,0.294,523
"10_9","ClinicalBERT-base-nocode","ClinicalBERT","base",0.999,20,2,0.715,0.215,0.331,0.198,281
"10_9","ClinicalBERT-base-nocode","ClinicalBERT","base",0.999,20,3,0.697,0.304,0.423,0.269,409
"10_9","ClinicalBERT-base-nocode","ClinicalBERT","base",0.999,20,4,0.634,0.355,0.455,0.295,525
"10_9","ClinicalBERT-base-nocode","ClinicalBERT","base",0.999,25,1,0.635,0.355,0.455,0.295,524
"10_9","ClinicalBERT-base-nocode","ClinicalBERT","base",0.999,25,2,0.715,0.215,0.331,0.198,281
"10_9","ClinicalBERT-base-nocode","ClinicalBERT","base",0.999,25,3,0.692,0.307,0.425,0.27,416
"10_9","ClinicalBERT-base-nocode","ClinicalBERT","base",0.999,25,4,0.635,0.356,0.456,0.296,526
"10_9","ClinicalBERT-base-nocode","ClinicalBERT","base",0.999,30,1,0.635,0.355,0.455,0.295,524
"10_9","ClinicalBERT-base-nocode","ClinicalBERT","base",0.999,30,2,0.715,0.215,0.331,0.198,281
"10_9","ClinicalBERT-base-nocode","ClinicalBERT","base",0.999,30,3,0.692,0.309,0.427,0.272,419
"10_9","ClinicalBERT-base-nocode","ClinicalBERT","base",0.999,30,4,0.635,0.356,0.456,0.296,526
"8_9","ClinicalBERT-base-nocode","ClinicalBERT","base",0.95,3,1,0.522,0.743,0.613,0.442,471
"8_9","ClinicalBERT-base-nocode","ClinicalBERT","base",0.95,3,2,0.475,0.677,0.558,0.387,472
"8_9","ClinicalBERT-base-nocode","ClinicalBERT","base",0.95,3,3,0.634,0.686,0.659,0.491,358
"8_9","ClinicalBERT-base-nocode","ClinicalBERT","base",0.95,3,4,0.469,0.767,0.582,0.41,542
"8_9","ClinicalBERT-base-nocode","ClinicalBERT","base",0.95,5,1,0.521,0.743,0.613,0.442,472
"8_9","ClinicalBERT-base-nocode","ClinicalBERT","base",0.95,5,2,0.43,0.68,0.527,0.358,523
"8_9","ClinicalBERT-base-nocode","ClinicalBERT","base",0.95,5,3,0.559,0.704,0.623,0.452,417
"8_9","ClinicalBERT-base-nocode","ClinicalBERT","base",0.95,5,4,0.429,0.77,0.551,0.381,594
"8_9","ClinicalBERT-base-nocode","ClinicalBERT","base",0.95,10,1,0.518,0.743,0.61,0.439,475
"8_9","ClinicalBERT-base-nocode","ClinicalBERT","base",0.95,10,2,0.374,0.68,0.483,0.318,601
"8_9","ClinicalBERT-base-nocode","ClinicalBERT","base",0.95,10,3,0.473,0.716,0.57,0.398,501
"8_9","ClinicalBERT-base-nocode","ClinicalBERT","base",0.95,10,4,0.379,0.77,0.508,0.34,673
"8_9","ClinicalBERT-base-nocode","ClinicalBERT","base",0.95,15,1,0.517,0.743,0.61,0.439,476
"8_9","ClinicalBERT-base-nocode","ClinicalBERT","base",0.95,15,2,0.349,0.683,0.462,0.3,648
"8_9","ClinicalBERT-base-nocode","ClinicalBERT","base",0.95,15,3,0.433,0.719,0.54,0.37,550
"8_9","ClinicalBERT-base-nocode","ClinicalBERT","base",0.95,15,4,0.355,0.773,0.487,0.322,721
"8_9","ClinicalBERT-base-nocode","ClinicalBERT","base",0.95,20,1,0.517,0.743,0.61,0.439,476
"8_9","ClinicalBERT-base-nocode","ClinicalBERT","base",0.95,20,2,0.329,0.683,0.444,0.286,686
"8_9","ClinicalBERT-base-nocode","ClinicalBERT","base",0.95,20,3,0.404,0.722,0.518,0.349,592
"8_9","ClinicalBERT-base-nocode","ClinicalBERT","base",0.95,20,4,0.337,0.773,0.469,0.307,759
"8_9","ClinicalBERT-base-nocode","ClinicalBERT","base",0.95,25,1,0.517,0.743,0.61,0.439,476
"8_9","ClinicalBERT-base-nocode","ClinicalBERT","base",0.95,25,2,0.313,0.683,0.429,0.273,722
"8_9","ClinicalBERT-base-nocode","ClinicalBERT","base",0.95,25,3,0.38,0.722,0.498,0.331,629
"8_9","ClinicalBERT-base-nocode","ClinicalBERT","base",0.95,25,4,0.322,0.773,0.455,0.294,795
"8_9","ClinicalBERT-base-nocode","ClinicalBERT","base",0.95,30,1,0.517,0.743,0.61,0.439,476
"8_9","ClinicalBERT-base-nocode","ClinicalBERT","base",0.95,30,2,0.301,0.683,0.418,0.264,751
"8_9","ClinicalBERT-base-nocode","ClinicalBERT","base",0.95,30,3,0.363,0.725,0.484,0.319,662
"8_9","ClinicalBERT-base-nocode","ClinicalBERT","base",0.95,30,4,0.311,0.773,0.444,0.285,824
"8_9","ClinicalBERT-base-nocode","ClinicalBERT","base",0.99,3,1,0.58,0.737,0.649,0.48,421
"8_9","ClinicalBERT-base-nocode","ClinicalBERT","base",0.99,3,2,0.58,0.535,0.557,0.386,305
"8_9","ClinicalBERT-base-nocode","ClinicalBERT","base",0.99,3,3,0.741,0.659,0.698,0.536,294
"8_9","ClinicalBERT-base-nocode","ClinicalBERT","base",0.99,3,4,0.567,0.737,0.641,0.472,430
"8_9","ClinicalBERT-base-nocode","ClinicalBERT","base",0.99,5,1,0.578,0.737,0.648,0.479,422
"8_9","ClinicalBERT-base-nocode","ClinicalBERT","base",0.99,5,2,0.578,0.535,0.556,0.385,306
"8_9","ClinicalBERT-base-nocode","ClinicalBERT","base",0.99,5,3,0.736,0.674,0.704,0.543,303
"8_9","ClinicalBERT-base-nocode","ClinicalBERT","base",0.99,5,4,0.565,0.737,0.64,0.47,432
"8_9","ClinicalBERT-base-nocode","ClinicalBERT","base",0.99,10,1,0.574,0.737,0.645,0.477,425
"8_9","ClinicalBERT-base-nocode","ClinicalBERT","base",0.99,10,2,0.569,0.535,0.551,0.381,311
"8_9","ClinicalBERT-base-nocode","ClinicalBERT","base",0.99,10,3,0.718,0.686,0.702,0.54,316
"8_9","ClinicalBERT-base-nocode","ClinicalBERT","base",0.99,10,4,0.555,0.737,0.633,0.463,440
"8_9","ClinicalBERT-base-nocode","ClinicalBERT","base",0.99,15,1,0.573,0.737,0.645,0.476,426
"8_9","ClinicalBERT-base-nocode","ClinicalBERT","base",0.99,15,2,0.567,0.535,0.551,0.38,312
"8_9","ClinicalBERT-base-nocode","ClinicalBERT","base",0.99,15,3,0.712,0.686,0.699,0.537,319
"8_9","ClinicalBERT-base-nocode","ClinicalBERT","base",0.99,15,4,0.552,0.737,0.631,0.461,442
"8_9","ClinicalBERT-base-nocode","ClinicalBERT","base",0.99,20,1,0.573,0.737,0.645,0.476,426
"8_9","ClinicalBERT-base-nocode","ClinicalBERT","base",0.99,20,2,0.56,0.535,0.547,0.377,316
"8_9","ClinicalBERT-base-nocode","ClinicalBERT","base",0.99,20,3,0.697,0.689,0.693,0.53,327
"8_9","ClinicalBERT-base-nocode","ClinicalBERT","base",0.99,20,4,0.547,0.737,0.628,0.458,446
"8_9","ClinicalBERT-base-nocode","ClinicalBERT","base",0.99,25,1,0.573,0.737,0.645,0.476,426
"8_9","ClinicalBERT-base-nocode","ClinicalBERT","base",0.99,25,2,0.555,0.535,0.545,0.374,319
"8_9","ClinicalBERT-base-nocode","ClinicalBERT","base",0.99,25,3,0.689,0.689,0.689,0.525,331
"8_9","ClinicalBERT-base-nocode","ClinicalBERT","base",0.99,25,4,0.543,0.737,0.625,0.455,449
"8_9","ClinicalBERT-base-nocode","ClinicalBERT","base",0.99,30,1,0.573,0.737,0.645,0.476,426
"8_9","ClinicalBERT-base-nocode","ClinicalBERT","base",0.99,30,2,0.546,0.535,0.54,0.37,324
"8_9","ClinicalBERT-base-nocode","ClinicalBERT","base",0.99,30,3,0.676,0.692,0.684,0.519,339
"8_9","ClinicalBERT-base-nocode","ClinicalBERT","base",0.99,30,4,0.537,0.737,0.621,0.451,454
"8_9","ClinicalBERT-base-nocode","ClinicalBERT","base",0.995,3,1,0.605,0.737,0.665,0.498,403
"8_9","ClinicalBERT-base-nocode","ClinicalBERT","base",0.995,3,2,0.628,0.526,0.572,0.401,277
"8_9","ClinicalBERT-base-nocode","ClinicalBERT","base",0.995,3,3,0.76,0.659,0.706,0.545,287
"8_9","ClinicalBERT-base-nocode","ClinicalBERT","base",0.995,3,4,0.601,0.737,0.662,0.495,406
"8_9","ClinicalBERT-base-nocode","ClinicalBERT","base",0.995,5,1,0.604,0.737,0.664,0.497,404
"8_9","ClinicalBERT-base-nocode","ClinicalBERT","base",0.995,5,2,0.628,0.526,0.572,0.401,277
"8_9","ClinicalBERT-base-nocode","ClinicalBERT","base",0.995,5,3,0.756,0.674,0.713,0.553,295
"8_9","ClinicalBERT-base-nocode","ClinicalBERT","base",0.995,5,4,0.6,0.737,0.661,0.494,407
"8_9","ClinicalBERT-base-nocode","ClinicalBERT","base",0.995,10,1,0.6,0.737,0.661,0.494,407
"8_9","ClinicalBERT-base-nocode","ClinicalBERT","base",0.995,10,2,0.624,0.526,0.571,0.399,279
"8_9","ClinicalBERT-base-nocode","ClinicalBERT","base",0.995,10,3,0.744,0.686,0.714,0.555,305
"8_9","ClinicalBERT-base-nocode","ClinicalBERT","base",0.995,10,4,0.592,0.737,0.657,0.489,412
"8_9","ClinicalBERT-base-nocode","ClinicalBERT","base",0.995,15,1,0.598,0.737,0.66,0.493,408
"8_9","ClinicalBERT-base-nocode","ClinicalBERT","base",0.995,15,2,0.624,0.526,0.571,0.399,279
"8_9","ClinicalBERT-base-nocode","ClinicalBERT","base",0.995,15,3,0.739,0.686,0.712,0.552,307
"8_9","ClinicalBERT-base-nocode","ClinicalBERT","base",0.995,15,4,0.591,0.737,0.656,0.488,413
"8_9","ClinicalBERT-base-nocode","ClinicalBERT","base",0.995,20,1,0.598,0.737,0.66,0.493,408
"8_9","ClinicalBERT-base-nocode","ClinicalBERT","base",0.995,20,2,0.624,0.526,0.571,0.399,279
"8_9","ClinicalBERT-base-nocode","ClinicalBERT","base",0.995,20,3,0.733,0.689,0.71,0.551,311
"8_9","ClinicalBERT-base-nocode","ClinicalBERT","base",0.995,20,4,0.591,0.737,0.656,0.488,413
"8_9","ClinicalBERT-base-nocode","ClinicalBERT","base",0.995,25,1,0.598,0.737,0.66,0.493,408
"8_9","ClinicalBERT-base-nocode","ClinicalBERT","base",0.995,25,2,0.621,0.526,0.57,0.398,280
"8_9","ClinicalBERT-base-nocode","ClinicalBERT","base",0.995,25,3,0.731,0.689,0.709,0.549,312
"8_9","ClinicalBERT-base-nocode","ClinicalBERT","base",0.995,25,4,0.589,0.737,0.655,0.487,414
"8_9","ClinicalBERT-base-nocode","ClinicalBERT","base",0.995,30,1,0.598,0.737,0.66,0.493,408
"8_9","ClinicalBERT-base-nocode","ClinicalBERT","base",0.995,30,2,0.619,0.526,0.569,0.397,281
"8_9","ClinicalBERT-base-nocode","ClinicalBERT","base",0.995,30,3,0.725,0.692,0.708,0.548,316
"8_9","ClinicalBERT-base-nocode","ClinicalBERT","base",0.995,30,4,0.588,0.737,0.654,0.486,415
"8_9","ClinicalBERT-base-nocode","ClinicalBERT","base",0.999,3,1,0.63,0.737,0.679,0.515,387
"8_9","ClinicalBERT-base-nocode","ClinicalBERT","base",0.999,3,2,0.665,0.505,0.574,0.402,251
"8_9","ClinicalBERT-base-nocode","ClinicalBERT","base",0.999,3,3,0.765,0.659,0.708,0.548,285
"8_9","ClinicalBERT-base-nocode","ClinicalBERT","base",0.999,3,4,0.629,0.737,0.679,0.514,388
"8_9","ClinicalBERT-base-nocode","ClinicalBERT","base",0.999,5,1,0.629,0.737,0.679,0.514,388
"8_9","ClinicalBERT-base-nocode","ClinicalBERT","base",0.999,5,2,0.665,0.505,0.574,0.402,251
"8_9","ClinicalBERT-base-nocode","ClinicalBERT","base",0.999,5,3,0.764,0.674,0.716,0.557,292
"8_9","ClinicalBERT-base-nocode","ClinicalBERT","base",0.999,5,4,0.627,0.737,0.678,0.513,389
"8_9","ClinicalBERT-base-nocode","ClinicalBERT","base",0.999,10,1,0.624,0.737,0.676,0.51,391
"8_9","ClinicalBERT-base-nocode","ClinicalBERT","base",0.999,10,2,0.663,0.505,0.573,0.401,252
"8_9","ClinicalBERT-base-nocode","ClinicalBERT","base",0.999,10,3,0.754,0.686,0.718,0.56,301
"8_9","ClinicalBERT-base-nocode","ClinicalBERT","base",0.999,10,4,0.621,0.737,0.674,0.508,393
"8_9","ClinicalBERT-base-nocode","ClinicalBERT","base",0.999,15,1,0.622,0.737,0.675,0.509,392
"8_9","ClinicalBERT-base-nocode","ClinicalBERT","base",0.999,15,2,0.663,0.505,0.573,0.401,252
"8_9","ClinicalBERT-base-nocode","ClinicalBERT","base",0.999,15,3,0.749,0.686,0.716,0.558,303
"8_9","ClinicalBERT-base-nocode","ClinicalBERT","base",0.999,15,4,0.619,0.737,0.673,0.507,394
"8_9","ClinicalBERT-base-nocode","ClinicalBERT","base",0.999,20,1,0.622,0.737,0.675,0.509,392
"8_9","ClinicalBERT-base-nocode","ClinicalBERT","base",0.999,20,2,0.663,0.505,0.573,0.401,252
"8_9","ClinicalBERT-base-nocode","ClinicalBERT","base",0.999,20,3,0.743,0.689,0.715,0.556,307
"8_9","ClinicalBERT-base-nocode","ClinicalBERT","base",0.999,20,4,0.619,0.737,0.673,0.507,394
"8_9","ClinicalBERT-base-nocode","ClinicalBERT","base",0.999,25,1,0.622,0.737,0.675,0.509,392
"8_9","ClinicalBERT-base-nocode","ClinicalBERT","base",0.999,25,2,0.663,0.505,0.573,0.401,252
"8_9","ClinicalBERT-base-nocode","ClinicalBERT","base",0.999,25,3,0.743,0.689,0.715,0.556,307
"8_9","ClinicalBERT-base-nocode","ClinicalBERT","base",0.999,25,4,0.619,0.737,0.673,0.507,394
"8_9","ClinicalBERT-base-nocode","ClinicalBERT","base",0.999,30,1,0.622,0.737,0.675,0.509,392
"8_9","ClinicalBERT-base-nocode","ClinicalBERT","base",0.999,30,2,0.663,0.505,0.573,0.401,252
"8_9","ClinicalBERT-base-nocode","ClinicalBERT","base",0.999,30,3,0.739,0.692,0.715,0.556,310
"8_9","ClinicalBERT-base-nocode","ClinicalBERT","base",0.999,30,4,0.619,0.737,0.673,0.507,394
"10_9","ClinicalBERT-original","ClinicalBERT","base",0.95,3,1,0.508,0.326,0.397,0.248,600
"10_9","ClinicalBERT-original","ClinicalBERT","base",0.95,3,2,0.475,0.295,0.364,0.222,581
"10_9","ClinicalBERT-original","ClinicalBERT","base",0.95,3,3,0.58,0.268,0.367,0.224,433
"10_9","ClinicalBERT-original","ClinicalBERT","base",0.95,3,4,0.477,0.358,0.409,0.257,702
"10_9","ClinicalBERT-original","ClinicalBERT","base",0.95,5,1,0.511,0.335,0.405,0.254,615
"10_9","ClinicalBERT-original","ClinicalBERT","base",0.95,5,2,0.432,0.313,0.363,0.221,679
"10_9","ClinicalBERT-original","ClinicalBERT","base",0.95,5,3,0.507,0.299,0.376,0.232,552
"10_9","ClinicalBERT-original","ClinicalBERT","base",0.95,5,4,0.442,0.382,0.41,0.258,810
"10_9","ClinicalBERT-original","ClinicalBERT","base",0.95,10,1,0.509,0.336,0.405,0.254,619
"10_9","ClinicalBERT-original","ClinicalBERT","base",0.95,10,2,0.365,0.335,0.349,0.212,861
"10_9","ClinicalBERT-original","ClinicalBERT","base",0.95,10,3,0.42,0.342,0.377,0.232,761
"10_9","ClinicalBERT-original","ClinicalBERT","base",0.95,10,4,0.381,0.404,0.392,0.244,995
"10_9","ClinicalBERT-original","ClinicalBERT","base",0.95,15,1,0.51,0.337,0.406,0.255,620
"10_9","ClinicalBERT-original","ClinicalBERT","base",0.95,15,2,0.338,0.359,0.348,0.211,994
"10_9","ClinicalBERT-original","ClinicalBERT","base",0.95,15,3,0.383,0.371,0.377,0.232,908
"10_9","ClinicalBERT-original","ClinicalBERT","base",0.95,15,4,0.355,0.428,0.388,0.241,1128
"10_9","ClinicalBERT-original","ClinicalBERT","base",0.95,20,1,0.511,0.34,0.408,0.257,624
"10_9","ClinicalBERT-original","ClinicalBERT","base",0.95,20,2,0.318,0.371,0.342,0.207,1093
"10_9","ClinicalBERT-original","ClinicalBERT","base",0.95,20,3,0.36,0.39,0.374,0.23,1013
"10_9","ClinicalBERT-original","ClinicalBERT","base",0.95,20,4,0.337,0.442,0.382,0.236,1228
"10_9","ClinicalBERT-original","ClinicalBERT","base",0.95,25,1,0.512,0.342,0.41,0.258,625
"10_9","ClinicalBERT-original","ClinicalBERT","base",0.95,25,2,0.303,0.378,0.336,0.202,1169
"10_9","ClinicalBERT-original","ClinicalBERT","base",0.95,25,3,0.342,0.4,0.369,0.226,1096
"10_9","ClinicalBERT-original","ClinicalBERT","base",0.95,25,4,0.323,0.449,0.376,0.231,1305
"10_9","ClinicalBERT-original","ClinicalBERT","base",0.95,30,1,0.513,0.343,0.411,0.258,626
"10_9","ClinicalBERT-original","ClinicalBERT","base",0.95,30,2,0.288,0.386,0.33,0.198,1255
"10_9","ClinicalBERT-original","ClinicalBERT","base",0.95,30,3,0.324,0.41,0.362,0.221,1185
"10_9","ClinicalBERT-original","ClinicalBERT","base",0.95,30,4,0.308,0.458,0.368,0.226,1391
"10_9","ClinicalBERT-original","ClinicalBERT","base",0.99,3,1,0.543,0.313,0.397,0.247,540
"10_9","ClinicalBERT-original","ClinicalBERT","base",0.99,3,2,0.544,0.184,0.275,0.159,316
"10_9","ClinicalBERT-original","ClinicalBERT","base",0.99,3,3,0.672,0.242,0.356,0.217,338
"10_9","ClinicalBERT-original","ClinicalBERT","base",0.99,3,4,0.546,0.319,0.403,0.252,548
"10_9","ClinicalBERT-original","ClinicalBERT","base",0.99,5,1,0.544,0.322,0.405,0.254,555
"10_9","ClinicalBERT-original","ClinicalBERT","base",0.99,5,2,0.543,0.187,0.278,0.161,322
"10_9","ClinicalBERT-original","ClinicalBERT","base",0.99,5,3,0.662,0.261,0.374,0.231,370
"10_9","ClinicalBERT-original","ClinicalBERT","base",0.99,5,4,0.547,0.332,0.413,0.26,569
"10_9","ClinicalBERT-original","ClinicalBERT","base",0.99,10,1,0.542,0.323,0.405,0.254,559
"10_9","ClinicalBERT-original","ClinicalBERT","base",0.99,10,2,0.533,0.19,0.28,0.163,334
"10_9","ClinicalBERT-original","ClinicalBERT","base",0.99,10,3,0.654,0.283,0.395,0.246,405
"10_9","ClinicalBERT-original","ClinicalBERT","base",0.99,10,4,0.538,0.336,0.414,0.261,585
"10_9","ClinicalBERT-original","ClinicalBERT","base",0.99,15,1,0.543,0.324,0.406,0.255,560
"10_9","ClinicalBERT-original","ClinicalBERT","base",0.99,15,2,0.528,0.191,0.281,0.163,339
"10_9","ClinicalBERT-original","ClinicalBERT","base",0.99,15,3,0.644,0.291,0.401,0.251,424
"10_9","ClinicalBERT-original","ClinicalBERT","base",0.99,15,4,0.536,0.338,0.415,0.262,591
"10_9","ClinicalBERT-original","ClinicalBERT","base",0.99,20,1,0.544,0.328,0.409,0.257,564
"10_9","ClinicalBERT-original","ClinicalBERT","base",0.99,20,2,0.523,0.193,0.282,0.164,346
"10_9","ClinicalBERT-original","ClinicalBERT","base",0.99,20,3,0.642,0.301,0.41,0.258,439
"10_9","ClinicalBERT-original","ClinicalBERT","base",0.99,20,4,0.535,0.344,0.419,0.265,602
"10_9","ClinicalBERT-original","ClinicalBERT","base",0.99,25,1,0.545,0.329,0.41,0.258,565
"10_9","ClinicalBERT-original","ClinicalBERT","base",0.99,25,2,0.523,0.196,0.285,0.167,352
"10_9","ClinicalBERT-original","ClinicalBERT","base",0.99,25,3,0.638,0.306,0.414,0.261,450
"10_9","ClinicalBERT-original","ClinicalBERT","base",0.99,25,4,0.535,0.348,0.422,0.267,609
"10_9","ClinicalBERT-original","ClinicalBERT","base",0.99,30,1,0.546,0.33,0.411,0.259,566
"10_9","ClinicalBERT-original","ClinicalBERT","base",0.99,30,2,0.508,0.199,0.286,0.167,366
"10_9","ClinicalBERT-original","ClinicalBERT","base",0.99,30,3,0.62,0.308,0.412,0.259,466
"10_9","ClinicalBERT-original","ClinicalBERT","base",0.99,30,4,0.526,0.35,0.42,0.266,623
"10_9","ClinicalBERT-original","ClinicalBERT","base",0.995,3,1,0.569,0.311,0.402,0.252,511
"10_9","ClinicalBERT-original","ClinicalBERT","base",0.995,3,2,0.568,0.161,0.251,0.144,266
"10_9","ClinicalBERT-original","ClinicalBERT","base",0.995,3,3,0.674,0.24,0.354,0.215,334
"10_9","ClinicalBERT-original","ClinicalBERT","base",0.995,3,4,0.572,0.315,0.406,0.255,516
"10_9","ClinicalBERT-original","ClinicalBERT","base",0.995,5,1,0.57,0.32,0.41,0.258,526
"10_9","ClinicalBERT-original","ClinicalBERT","base",0.995,5,2,0.569,0.162,0.252,0.144,267
"10_9","ClinicalBERT-original","ClinicalBERT","base",0.995,5,3,0.669,0.257,0.371,0.228,360
"10_9","ClinicalBERT-original","ClinicalBERT","base",0.995,5,4,0.573,0.326,0.416,0.262,532
"10_9","ClinicalBERT-original","ClinicalBERT","base",0.995,10,1,0.568,0.321,0.41,0.258,530
"10_9","ClinicalBERT-original","ClinicalBERT","base",0.995,10,2,0.564,0.164,0.254,0.146,273
"10_9","ClinicalBERT-original","ClinicalBERT","base",0.995,10,3,0.668,0.277,0.392,0.244,389
"10_9","ClinicalBERT-original","ClinicalBERT","base",0.995,10,4,0.568,0.329,0.417,0.263,542
"10_9","ClinicalBERT-original","ClinicalBERT","base",0.995,15,1,0.569,0.322,0.411,0.259,531
"10_9","ClinicalBERT-original","ClinicalBERT","base",0.995,15,2,0.566,0.165,0.256,0.147,274
"10_9","ClinicalBERT-original","ClinicalBERT","base",0.995,15,3,0.667,0.286,0.4,0.25,402
"10_9","ClinicalBERT-original","ClinicalBERT","base",0.995,15,4,0.57,0.331,0.419,0.265,544
"10_9","ClinicalBERT-original","ClinicalBERT","base",0.995,20,1,0.57,0.326,0.415,0.261,535
"10_9","ClinicalBERT-original","ClinicalBERT","base",0.995,20,2,0.56,0.165,0.255,0.146,277
"10_9","ClinicalBERT-original","ClinicalBERT","base",0.995,20,3,0.666,0.293,0.407,0.256,413
"10_9","ClinicalBERT-original","ClinicalBERT","base",0.995,20,4,0.568,0.334,0.421,0.266,551
"10_9","ClinicalBERT-original","ClinicalBERT","base",0.995,25,1,0.571,0.327,0.416,0.262,536
"10_9","ClinicalBERT-original","ClinicalBERT","base",0.995,25,2,0.559,0.166,0.256,0.147,279
"10_9","ClinicalBERT-original","ClinicalBERT","base",0.995,25,3,0.662,0.297,0.41,0.258,420
"10_9","ClinicalBERT-original","ClinicalBERT","base",0.995,25,4,0.569,0.336,0.423,0.268,554
"10_9","ClinicalBERT-original","ClinicalBERT","base",0.995,30,1,0.572,0.328,0.417,0.263,537
"10_9","ClinicalBERT-original","ClinicalBERT","base",0.995,30,2,0.551,0.168,0.257,0.147,285
"10_9","ClinicalBERT-original","ClinicalBERT","base",0.995,30,3,0.654,0.299,0.41,0.258,428
"10_9","ClinicalBERT-original","ClinicalBERT","base",0.995,30,4,0.565,0.338,0.423,0.268,561
"10_9","ClinicalBERT-original","ClinicalBERT","base",0.999,3,1,0.585,0.302,0.398,0.249,484
"10_9","ClinicalBERT-original","ClinicalBERT","base",0.999,3,2,0.58,0.14,0.226,0.127,226
"10_9","ClinicalBERT-original","ClinicalBERT","base",0.999,3,3,0.672,0.236,0.349,0.211,329
"10_9","ClinicalBERT-original","ClinicalBERT","base",0.999,3,4,0.586,0.304,0.4,0.25,486
"10_9","ClinicalBERT-original","ClinicalBERT","base",0.999,5,1,0.586,0.313,0.408,0.256,500
"10_9","ClinicalBERT-original","ClinicalBERT","base",0.999,5,2,0.58,0.14,0.226,0.127,226
"10_9","ClinicalBERT-original","ClinicalBERT","base",0.999,5,3,0.669,0.252,0.366,0.224,353
"10_9","ClinicalBERT-original","ClinicalBERT","base",0.999,5,4,0.588,0.315,0.41,0.258,502
"10_9","ClinicalBERT-original","ClinicalBERT","base",0.999,10,1,0.583,0.314,0.408,0.256,504
"10_9","ClinicalBERT-original","ClinicalBERT","base",0.999,10,2,0.581,0.141,0.227,0.128,227
"10_9","ClinicalBERT-original","ClinicalBERT","base",0.999,10,3,0.674,0.269,0.385,0.238,374
"10_9","ClinicalBERT-original","ClinicalBERT","base",0.999,10,4,0.586,0.317,0.411,0.259,507
"10_9","ClinicalBERT-original","ClinicalBERT","base",0.999,15,1,0.584,0.315,0.409,0.257,505
"10_9","ClinicalBERT-original","ClinicalBERT","base",0.999,15,2,0.581,0.141,0.227,0.128,227
"10_9","ClinicalBERT-original","ClinicalBERT","base",0.999,15,3,0.673,0.276,0.391,0.244,385
"10_9","ClinicalBERT-original","ClinicalBERT","base",0.999,15,4,0.587,0.318,0.413,0.26,508
"10_9","ClinicalBERT-original","ClinicalBERT","base",0.999,20,1,0.585,0.318,0.412,0.26,509
"10_9","ClinicalBERT-original","ClinicalBERT","base",0.999,20,2,0.579,0.141,0.227,0.128,228
"10_9","ClinicalBERT-original","ClinicalBERT","base",0.999,20,3,0.675,0.284,0.4,0.25,394
"10_9","ClinicalBERT-original","ClinicalBERT","base",0.999,20,4,0.587,0.321,0.415,0.262,513
"10_9","ClinicalBERT-original","ClinicalBERT","base",0.999,25,1,0.586,0.319,0.413,0.26,510
"10_9","ClinicalBERT-original","ClinicalBERT","base",0.999,25,2,0.579,0.141,0.227,0.128,228
"10_9","ClinicalBERT-original","ClinicalBERT","base",0.999,25,3,0.675,0.286,0.402,0.251,397
"10_9","ClinicalBERT-original","ClinicalBERT","base",0.999,25,4,0.588,0.322,0.416,0.263,514
"10_9","ClinicalBERT-original","ClinicalBERT","base",0.999,30,1,0.587,0.32,0.414,0.261,511
"10_9","ClinicalBERT-original","ClinicalBERT","base",0.999,30,2,0.581,0.142,0.228,0.129,229
"10_9","ClinicalBERT-original","ClinicalBERT","base",0.999,30,3,0.675,0.288,0.404,0.253,400
"10_9","ClinicalBERT-original","ClinicalBERT","base",0.999,30,4,0.589,0.324,0.418,0.265,516
"8_9","ClinicalBERT-original","ClinicalBERT","base",0.95,3,1,0.527,0.764,0.624,0.453,480
"8_9","ClinicalBERT-original","ClinicalBERT","base",0.95,3,2,0.485,0.731,0.583,0.412,499
"8_9","ClinicalBERT-original","ClinicalBERT","base",0.95,3,3,0.635,0.698,0.665,0.498,364
"8_9","ClinicalBERT-original","ClinicalBERT","base",0.95,3,4,0.472,0.792,0.591,0.42,555
"8_9","ClinicalBERT-original","ClinicalBERT","base",0.95,5,1,0.526,0.764,0.623,0.453,481
"8_9","ClinicalBERT-original","ClinicalBERT","base",0.95,5,2,0.447,0.74,0.557,0.386,548
"8_9","ClinicalBERT-original","ClinicalBERT","base",0.95,5,3,0.564,0.719,0.632,0.462,422
"8_9","ClinicalBERT-original","ClinicalBERT","base",0.95,5,4,0.438,0.801,0.566,0.395,605
"8_9","ClinicalBERT-original","ClinicalBERT","base",0.95,10,1,0.523,0.764,0.621,0.45,484
"8_9","ClinicalBERT-original","ClinicalBERT","base",0.95,10,2,0.398,0.746,0.519,0.351,620
"8_9","ClinicalBERT-original","ClinicalBERT","base",0.95,10,3,0.483,0.737,0.584,0.412,505
"8_9","ClinicalBERT-original","ClinicalBERT","base",0.95,10,4,0.394,0.807,0.529,0.36,677
"8_9","ClinicalBERT-original","ClinicalBERT","base",0.95,15,1,0.522,0.764,0.62,0.449,485
"8_9","ClinicalBERT-original","ClinicalBERT","base",0.95,15,2,0.369,0.746,0.494,0.328,670
"8_9","ClinicalBERT-original","ClinicalBERT","base",0.95,15,3,0.439,0.74,0.551,0.38,558
"8_9","ClinicalBERT-original","ClinicalBERT","base",0.95,15,4,0.367,0.807,0.505,0.338,727
"8_9","ClinicalBERT-original","ClinicalBERT","base",0.95,20,1,0.522,0.764,0.62,0.449,485
"8_9","ClinicalBERT-original","ClinicalBERT","base",0.95,20,2,0.348,0.746,0.475,0.311,710
"8_9","ClinicalBERT-original","ClinicalBERT","base",0.95,20,3,0.407,0.743,0.526,0.357,604
"8_9","ClinicalBERT-original","ClinicalBERT","base",0.95,20,4,0.348,0.807,0.486,0.321,767
"8_9","ClinicalBERT-original","ClinicalBERT","base",0.95,25,1,0.522,0.764,0.62,0.449,485
"8_9","ClinicalBERT-original","ClinicalBERT","base",0.95,25,2,0.328,0.746,0.456,0.295,752
"8_9","ClinicalBERT-original","ClinicalBERT","base",0.95,25,3,0.38,0.743,0.503,0.336,648
"8_9","ClinicalBERT-original","ClinicalBERT","base",0.95,25,4,0.33,0.807,0.468,0.306,809
"8_9","ClinicalBERT-original","ClinicalBERT","base",0.95,30,1,0.522,0.764,0.62,0.449,485
"8_9","ClinicalBERT-original","ClinicalBERT","base",0.95,30,2,0.319,0.749,0.447,0.288,778
"8_9","ClinicalBERT-original","ClinicalBERT","base",0.95,30,3,0.366,0.746,0.491,0.325,675
"8_9","ClinicalBERT-original","ClinicalBERT","base",0.95,30,4,0.321,0.81,0.46,0.298,835
"8_9","ClinicalBERT-original","ClinicalBERT","base",0.99,3,1,0.57,0.758,0.651,0.483,440
"8_9","ClinicalBERT-original","ClinicalBERT","base",0.99,3,2,0.586,0.598,0.592,0.42,338
"8_9","ClinicalBERT-original","ClinicalBERT","base",0.99,3,3,0.747,0.677,0.71,0.55,300
"8_9","ClinicalBERT-original","ClinicalBERT","base",0.99,3,4,0.562,0.767,0.649,0.48,452
"8_9","ClinicalBERT-original","ClinicalBERT","base",0.99,5,1,0.569,0.758,0.65,0.482,441
"8_9","ClinicalBERT-original","ClinicalBERT","base",0.99,5,2,0.58,0.601,0.59,0.419,343
"8_9","ClinicalBERT-original","ClinicalBERT","base",0.99,5,3,0.732,0.692,0.711,0.552,313
"8_9","ClinicalBERT-original","ClinicalBERT","base",0.99,5,4,0.557,0.77,0.646,0.478,458
"8_9","ClinicalBERT-original","ClinicalBERT","base",0.99,10,1,0.565,0.758,0.647,0.479,444
"8_9","ClinicalBERT-original","ClinicalBERT","base",0.99,10,2,0.57,0.601,0.585,0.414,349
"8_9","ClinicalBERT-original","ClinicalBERT","base",0.99,10,3,0.704,0.704,0.704,0.543,331
"8_9","ClinicalBERT-original","ClinicalBERT","base",0.99,10,4,0.547,0.77,0.64,0.47,466
"8_9","ClinicalBERT-original","ClinicalBERT","base",0.99,15,1,0.564,0.758,0.647,0.478,445
"8_9","ClinicalBERT-original","ClinicalBERT","base",0.99,15,2,0.569,0.601,0.585,0.413,350
"8_9","ClinicalBERT-original","ClinicalBERT","base",0.99,15,3,0.696,0.707,0.701,0.54,336
"8_9","ClinicalBERT-original","ClinicalBERT","base",0.99,15,4,0.545,0.77,0.638,0.469,468
"8_9","ClinicalBERT-original","ClinicalBERT","base",0.99,20,1,0.564,0.758,0.647,0.478,445
"8_9","ClinicalBERT-original","ClinicalBERT","base",0.99,20,2,0.567,0.601,0.584,0.412,351
"8_9","ClinicalBERT-original","ClinicalBERT","base",0.99,20,3,0.687,0.71,0.698,0.537,342
"8_9","ClinicalBERT-original","ClinicalBERT","base",0.99,20,4,0.544,0.77,0.638,0.468,469
"8_9","ClinicalBERT-original","ClinicalBERT","base",0.99,25,1,0.564,0.758,0.647,0.478,445
"8_9","ClinicalBERT-original","ClinicalBERT","base",0.99,25,2,0.562,0.601,0.581,0.409,354
"8_9","ClinicalBERT-original","ClinicalBERT","base",0.99,25,3,0.679,0.71,0.694,0.532,346
"8_9","ClinicalBERT-original","ClinicalBERT","base",0.99,25,4,0.54,0.77,0.635,0.465,472
"8_9","ClinicalBERT-original","ClinicalBERT","base",0.99,30,1,0.564,0.758,0.647,0.478,445
"8_9","ClinicalBERT-original","ClinicalBERT","base",0.99,30,2,0.557,0.604,0.58,0.408,359
"8_9","ClinicalBERT-original","ClinicalBERT","base",0.99,30,3,0.67,0.713,0.691,0.528,352
"8_9","ClinicalBERT-original","ClinicalBERT","base",0.99,30,4,0.537,0.773,0.634,0.464,477
"8_9","ClinicalBERT-original","ClinicalBERT","base",0.995,3,1,0.582,0.752,0.656,0.488,428
"8_9","ClinicalBERT-original","ClinicalBERT","base",0.995,3,2,0.601,0.559,0.579,0.407,308
"8_9","ClinicalBERT-original","ClinicalBERT","base",0.995,3,3,0.761,0.665,0.71,0.55,289
"8_9","ClinicalBERT-original","ClinicalBERT","base",0.995,3,4,0.58,0.755,0.656,0.488,431
"8_9","ClinicalBERT-original","ClinicalBERT","base",0.995,5,1,0.58,0.752,0.655,0.487,429
"8_9","ClinicalBERT-original","ClinicalBERT","base",0.995,5,2,0.598,0.562,0.579,0.408,311
"8_9","ClinicalBERT-original","ClinicalBERT","base",0.995,5,3,0.753,0.68,0.715,0.556,299
"8_9","ClinicalBERT-original","ClinicalBERT","base",0.995,5,4,0.577,0.758,0.655,0.487,435
"8_9","ClinicalBERT-original","ClinicalBERT","base",0.995,10,1,0.576,0.752,0.652,0.484,432
"8_9","ClinicalBERT-original","ClinicalBERT","base",0.995,10,2,0.596,0.562,0.579,0.407,312
"8_9","ClinicalBERT-original","ClinicalBERT","base",0.995,10,3,0.732,0.692,0.711,0.552,313
"8_9","ClinicalBERT-original","ClinicalBERT","base",0.995,10,4,0.572,0.758,0.652,0.484,439
"8_9","ClinicalBERT-original","ClinicalBERT","base",0.995,15,1,0.575,0.752,0.652,0.483,433
"8_9","ClinicalBERT-original","ClinicalBERT","base",0.995,15,2,0.596,0.562,0.579,0.407,312
"8_9","ClinicalBERT-original","ClinicalBERT","base",0.995,15,3,0.726,0.695,0.71,0.55,317
"8_9","ClinicalBERT-original","ClinicalBERT","base",0.995,15,4,0.57,0.758,0.651,0.483,440
"8_9","ClinicalBERT-original","ClinicalBERT","base",0.995,20,1,0.575,0.752,0.652,0.483,433
"8_9","ClinicalBERT-original","ClinicalBERT","base",0.995,20,2,0.596,0.562,0.579,0.407,312
"8_9","ClinicalBERT-original","ClinicalBERT","base",0.995,20,3,0.717,0.698,0.707,0.547,322
"8_9","ClinicalBERT-original","ClinicalBERT","base",0.995,20,4,0.57,0.758,0.651,0.483,440
"8_9","ClinicalBERT-original","ClinicalBERT","base",0.995,25,1,0.575,0.752,0.652,0.483,433
"8_9","ClinicalBERT-original","ClinicalBERT","base",0.995,25,2,0.594,0.562,0.578,0.406,313
"8_9","ClinicalBERT-original","ClinicalBERT","base",0.995,25,3,0.715,0.698,0.706,0.546,323
"8_9","ClinicalBERT-original","ClinicalBERT","base",0.995,25,4,0.569,0.758,0.65,0.482,441
"8_9","ClinicalBERT-original","ClinicalBERT","base",0.995,30,1,0.575,0.752,0.652,0.483,433
"8_9","ClinicalBERT-original","ClinicalBERT","base",0.995,30,2,0.59,0.562,0.576,0.404,315
"8_9","ClinicalBERT-original","ClinicalBERT","base",0.995,30,3,0.709,0.698,0.703,0.542,326
"8_9","ClinicalBERT-original","ClinicalBERT","base",0.995,30,4,0.567,0.758,0.649,0.48,443
"8_9","ClinicalBERT-original","ClinicalBERT","base",0.999,3,1,0.599,0.752,0.667,0.5,416
"8_9","ClinicalBERT-original","ClinicalBERT","base",0.999,3,2,0.622,0.538,0.577,0.405,286
"8_9","ClinicalBERT-original","ClinicalBERT","base",0.999,3,3,0.764,0.665,0.711,0.551,288
"8_9","ClinicalBERT-original","ClinicalBERT","base",0.999,3,4,0.598,0.755,0.667,0.501,418
"8_9","ClinicalBERT-original","ClinicalBERT","base",0.999,5,1,0.597,0.752,0.666,0.499,417
"8_9","ClinicalBERT-original","ClinicalBERT","base",0.999,5,2,0.622,0.538,0.577,0.405,286
"8_9","ClinicalBERT-original","ClinicalBERT","base",0.999,5,3,0.759,0.677,0.716,0.557,295
"8_9","ClinicalBERT-original","ClinicalBERT","base",0.999,5,4,0.597,0.755,0.667,0.5,419
"8_9","ClinicalBERT-original","ClinicalBERT","base",0.999,10,1,0.593,0.752,0.663,0.496,420
"8_9","ClinicalBERT-original","ClinicalBERT","base",0.999,10,2,0.622,0.538,0.577,0.405,286
"8_9","ClinicalBERT-original","ClinicalBERT","base",0.999,10,3,0.743,0.689,0.715,0.556,307
"8_9","ClinicalBERT-original","ClinicalBERT","base",0.999,10,4,0.592,0.755,0.664,0.497,422
"8_9","ClinicalBERT-original","ClinicalBERT","base",0.999,15,1,0.591,0.752,0.662,0.495,421
"8_9","ClinicalBERT-original","ClinicalBERT","base",0.999,15,2,0.622,0.538,0.577,0.405,286
"8_9","ClinicalBERT-original","ClinicalBERT","base",0.999,15,3,0.736,0.692,0.713,0.554,311
"8_9","ClinicalBERT-original","ClinicalBERT","base",0.999,15,4,0.591,0.755,0.663,0.496,423
"8_9","ClinicalBERT-original","ClinicalBERT","base",0.999,20,1,0.591,0.752,0.662,0.495,421
"8_9","ClinicalBERT-original","ClinicalBERT","base",0.999,20,2,0.622,0.538,0.577,0.405,286
"8_9","ClinicalBERT-original","ClinicalBERT","base",0.999,20,3,0.728,0.695,0.711,0.552,316
"8_9","ClinicalBERT-original","ClinicalBERT","base",0.999,20,4,0.591,0.755,0.663,0.496,423
"8_9","ClinicalBERT-original","ClinicalBERT","base",0.999,25,1,0.591,0.752,0.662,0.495,421
"8_9","ClinicalBERT-original","ClinicalBERT","base",0.999,25,2,0.622,0.538,0.577,0.405,286
"8_9","ClinicalBERT-original","ClinicalBERT","base",0.999,25,3,0.728,0.695,0.711,0.552,316
"8_9","ClinicalBERT-original","ClinicalBERT","base",0.999,25,4,0.591,0.755,0.663,0.496,423
"8_9","ClinicalBERT-original","ClinicalBERT","base",0.999,30,1,0.591,0.752,0.662,0.495,421
"8_9","ClinicalBERT-original","ClinicalBERT","base",0.999,30,2,0.62,0.538,0.576,0.405,287
"8_9","ClinicalBERT-original","ClinicalBERT","base",0.999,30,3,0.723,0.695,0.709,0.549,318
"8_9","ClinicalBERT-original","ClinicalBERT","base",0.999,30,4,0.59,0.755,0.662,0.495,424
"10_9","ClinicalBERT-stopwords","ClinicalBERT","stopwords",0.95,3,1,0.524,0.331,0.406,0.254,592
"10_9","ClinicalBERT-stopwords","ClinicalBERT","stopwords",0.95,3,2,0.503,0.298,0.374,0.23,555
"10_9","ClinicalBERT-stopwords","ClinicalBERT","stopwords",0.95,3,3,0.596,0.265,0.367,0.224,416
"10_9","ClinicalBERT-stopwords","ClinicalBERT","stopwords",0.95,3,4,0.495,0.356,0.414,0.261,675
"10_9","ClinicalBERT-stopwords","ClinicalBERT","stopwords",0.95,5,1,0.526,0.34,0.413,0.26,607
"10_9","ClinicalBERT-stopwords","ClinicalBERT","stopwords",0.95,5,2,0.464,0.319,0.378,0.233,644
"10_9","ClinicalBERT-stopwords","ClinicalBERT","stopwords",0.95,5,3,0.537,0.301,0.386,0.239,525
"10_9","ClinicalBERT-stopwords","ClinicalBERT","stopwords",0.95,5,4,0.465,0.383,0.42,0.266,772
"10_9","ClinicalBERT-stopwords","ClinicalBERT","stopwords",0.95,10,1,0.524,0.342,0.414,0.261,611
"10_9","ClinicalBERT-stopwords","ClinicalBERT","stopwords",0.95,10,2,0.4,0.348,0.372,0.228,816
"10_9","ClinicalBERT-stopwords","ClinicalBERT","stopwords",0.95,10,3,0.451,0.347,0.392,0.244,720
"10_9","ClinicalBERT-stopwords","ClinicalBERT","stopwords",0.95,10,4,0.408,0.412,0.41,0.258,947
"10_9","ClinicalBERT-stopwords","ClinicalBERT","stopwords",0.95,15,1,0.525,0.343,0.415,0.261,612
"10_9","ClinicalBERT-stopwords","ClinicalBERT","stopwords",0.95,15,2,0.369,0.367,0.368,0.226,931
"10_9","ClinicalBERT-stopwords","ClinicalBERT","stopwords",0.95,15,3,0.413,0.374,0.393,0.244,848
"10_9","ClinicalBERT-stopwords","ClinicalBERT","stopwords",0.95,15,4,0.38,0.431,0.404,0.253,1062
"10_9","ClinicalBERT-stopwords","ClinicalBERT","stopwords",0.95,20,1,0.526,0.346,0.417,0.264,616
"10_9","ClinicalBERT-stopwords","ClinicalBERT","stopwords",0.95,20,2,0.35,0.378,0.363,0.222,1011
"10_9","ClinicalBERT-stopwords","ClinicalBERT","stopwords",0.95,20,3,0.392,0.391,0.391,0.243,934
"10_9","ClinicalBERT-stopwords","ClinicalBERT","stopwords",0.95,20,4,0.363,0.443,0.399,0.249,1143
"10_9","ClinicalBERT-stopwords","ClinicalBERT","stopwords",0.95,25,1,0.527,0.347,0.418,0.264,617
"10_9","ClinicalBERT-stopwords","ClinicalBERT","stopwords",0.95,25,2,0.334,0.388,0.359,0.219,1091
"10_9","ClinicalBERT-stopwords","ClinicalBERT","stopwords",0.95,25,3,0.372,0.404,0.387,0.24,1018
"10_9","ClinicalBERT-stopwords","ClinicalBERT","stopwords",0.95,25,4,0.348,0.455,0.394,0.246,1224
"10_9","ClinicalBERT-stopwords","ClinicalBERT","stopwords",0.95,30,1,0.527,0.347,0.418,0.264,617
"10_9","ClinicalBERT-stopwords","ClinicalBERT","stopwords",0.95,30,2,0.317,0.396,0.352,0.214,1170
"10_9","ClinicalBERT-stopwords","ClinicalBERT","stopwords",0.95,30,3,0.354,0.415,0.382,0.236,1100
"10_9","ClinicalBERT-stopwords","ClinicalBERT","stopwords",0.95,30,4,0.332,0.462,0.386,0.24,1303
"10_9","ClinicalBERT-stopwords","ClinicalBERT","stopwords",0.99,3,1,0.569,0.32,0.41,0.258,527
"10_9","ClinicalBERT-stopwords","ClinicalBERT","stopwords",0.99,3,2,0.595,0.194,0.293,0.172,306
"10_9","ClinicalBERT-stopwords","ClinicalBERT","stopwords",0.99,3,3,0.676,0.245,0.36,0.22,340
"10_9","ClinicalBERT-stopwords","ClinicalBERT","stopwords",0.99,3,4,0.573,0.327,0.416,0.263,534
"10_9","ClinicalBERT-stopwords","ClinicalBERT","stopwords",0.99,5,1,0.57,0.33,0.418,0.264,542
"10_9","ClinicalBERT-stopwords","ClinicalBERT","stopwords",0.99,5,2,0.591,0.194,0.292,0.171,308
"10_9","ClinicalBERT-stopwords","ClinicalBERT","stopwords",0.99,5,3,0.674,0.265,0.38,0.235,368
"10_9","ClinicalBERT-stopwords","ClinicalBERT","stopwords",0.99,5,4,0.572,0.336,0.423,0.269,551
"10_9","ClinicalBERT-stopwords","ClinicalBERT","stopwords",0.99,10,1,0.568,0.331,0.418,0.264,546
"10_9","ClinicalBERT-stopwords","ClinicalBERT","stopwords",0.99,10,2,0.583,0.199,0.297,0.174,319
"10_9","ClinicalBERT-stopwords","ClinicalBERT","stopwords",0.99,10,3,0.666,0.285,0.399,0.249,401
"10_9","ClinicalBERT-stopwords","ClinicalBERT","stopwords",0.99,10,4,0.565,0.342,0.426,0.27,566
"10_9","ClinicalBERT-stopwords","ClinicalBERT","stopwords",0.99,15,1,0.569,0.332,0.419,0.265,547
"10_9","ClinicalBERT-stopwords","ClinicalBERT","stopwords",0.99,15,2,0.575,0.2,0.297,0.174,325
"10_9","ClinicalBERT-stopwords","ClinicalBERT","stopwords",0.99,15,3,0.659,0.295,0.408,0.256,419
"10_9","ClinicalBERT-stopwords","ClinicalBERT","stopwords",0.99,15,4,0.562,0.344,0.427,0.271,573
"10_9","ClinicalBERT-stopwords","ClinicalBERT","stopwords",0.99,20,1,0.57,0.335,0.422,0.267,551
"10_9","ClinicalBERT-stopwords","ClinicalBERT","stopwords",0.99,20,2,0.569,0.202,0.298,0.175,332
"10_9","ClinicalBERT-stopwords","ClinicalBERT","stopwords",0.99,20,3,0.658,0.304,0.416,0.263,433
"10_9","ClinicalBERT-stopwords","ClinicalBERT","stopwords",0.99,20,4,0.561,0.349,0.43,0.274,583
"10_9","ClinicalBERT-stopwords","ClinicalBERT","stopwords",0.99,25,1,0.571,0.336,0.423,0.268,552
"10_9","ClinicalBERT-stopwords","ClinicalBERT","stopwords",0.99,25,2,0.567,0.203,0.299,0.176,335
"10_9","ClinicalBERT-stopwords","ClinicalBERT","stopwords",0.99,25,3,0.657,0.308,0.419,0.266,440
"10_9","ClinicalBERT-stopwords","ClinicalBERT","stopwords",0.99,25,4,0.56,0.351,0.432,0.275,587
"10_9","ClinicalBERT-stopwords","ClinicalBERT","stopwords",0.99,30,1,0.571,0.336,0.423,0.268,552
"10_9","ClinicalBERT-stopwords","ClinicalBERT","stopwords",0.99,30,2,0.554,0.203,0.297,0.174,343
"10_9","ClinicalBERT-stopwords","ClinicalBERT","stopwords",0.99,30,3,0.647,0.312,0.421,0.266,451
"10_9","ClinicalBERT-stopwords","ClinicalBERT","stopwords",0.99,30,4,0.553,0.351,0.429,0.273,595
"10_9","ClinicalBERT-stopwords","ClinicalBERT","stopwords",0.995,3,1,0.582,0.312,0.406,0.255,502
"10_9","ClinicalBERT-stopwords","ClinicalBERT","stopwords",0.995,3,2,0.596,0.169,0.263,0.151,265
"10_9","ClinicalBERT-stopwords","ClinicalBERT","stopwords",0.995,3,3,0.672,0.24,0.354,0.215,335
"10_9","ClinicalBERT-stopwords","ClinicalBERT","stopwords",0.995,3,4,0.583,0.315,0.409,0.257,506
"10_9","ClinicalBERT-stopwords","ClinicalBERT","stopwords",0.995,5,1,0.583,0.322,0.415,0.262,518
"10_9","ClinicalBERT-stopwords","ClinicalBERT","stopwords",0.995,5,2,0.596,0.169,0.263,0.151,265
"10_9","ClinicalBERT-stopwords","ClinicalBERT","stopwords",0.995,5,3,0.673,0.259,0.374,0.23,361
"10_9","ClinicalBERT-stopwords","ClinicalBERT","stopwords",0.995,5,4,0.584,0.326,0.418,0.264,522
"10_9","ClinicalBERT-stopwords","ClinicalBERT","stopwords",0.995,10,1,0.58,0.323,0.415,0.262,522
"10_9","ClinicalBERT-stopwords","ClinicalBERT","stopwords",0.995,10,2,0.593,0.171,0.265,0.153,270
"10_9","ClinicalBERT-stopwords","ClinicalBERT","stopwords",0.995,10,3,0.67,0.277,0.392,0.244,388
"10_9","ClinicalBERT-stopwords","ClinicalBERT","stopwords",0.995,10,4,0.58,0.329,0.42,0.266,531
"10_9","ClinicalBERT-stopwords","ClinicalBERT","stopwords",0.995,15,1,0.581,0.324,0.416,0.263,523
"10_9","ClinicalBERT-stopwords","ClinicalBERT","stopwords",0.995,15,2,0.59,0.172,0.266,0.153,273
"10_9","ClinicalBERT-stopwords","ClinicalBERT","stopwords",0.995,15,3,0.669,0.287,0.402,0.251,402
"10_9","ClinicalBERT-stopwords","ClinicalBERT","stopwords",0.995,15,4,0.579,0.331,0.421,0.267,535
"10_9","ClinicalBERT-stopwords","ClinicalBERT","stopwords",0.995,20,1,0.583,0.328,0.42,0.265,527
"10_9","ClinicalBERT-stopwords","ClinicalBERT","stopwords",0.995,20,2,0.585,0.172,0.266,0.153,275
"10_9","ClinicalBERT-stopwords","ClinicalBERT","stopwords",0.995,20,3,0.669,0.293,0.408,0.256,411
"10_9","ClinicalBERT-stopwords","ClinicalBERT","stopwords",0.995,20,4,0.579,0.334,0.424,0.269,541
"10_9","ClinicalBERT-stopwords","ClinicalBERT","stopwords",0.995,25,1,0.583,0.329,0.421,0.266,528
"10_9","ClinicalBERT-stopwords","ClinicalBERT","stopwords",0.995,25,2,0.583,0.172,0.266,0.153,276
"10_9","ClinicalBERT-stopwords","ClinicalBERT","stopwords",0.995,25,3,0.668,0.297,0.411,0.259,416
"10_9","ClinicalBERT-stopwords","ClinicalBERT","stopwords",0.995,25,4,0.578,0.335,0.424,0.269,543
"10_9","ClinicalBERT-stopwords","ClinicalBERT","stopwords",0.995,30,1,0.583,0.329,0.421,0.266,528
"10_9","ClinicalBERT-stopwords","ClinicalBERT","stopwords",0.995,30,2,0.579,0.172,0.265,0.153,278
"10_9","ClinicalBERT-stopwords","ClinicalBERT","stopwords",0.995,30,3,0.667,0.3,0.414,0.261,421
"10_9","ClinicalBERT-stopwords","ClinicalBERT","stopwords",0.995,30,4,0.576,0.335,0.424,0.269,545
"10_9","ClinicalBERT-stopwords","ClinicalBERT","stopwords",0.999,3,1,0.603,0.307,0.407,0.256,478
"10_9","ClinicalBERT-stopwords","ClinicalBERT","stopwords",0.999,3,2,0.626,0.152,0.245,0.139,227
"10_9","ClinicalBERT-stopwords","ClinicalBERT","stopwords",0.999,3,3,0.671,0.237,0.35,0.212,331
"10_9","ClinicalBERT-stopwords","ClinicalBERT","stopwords",0.999,3,4,0.603,0.307,0.407,0.256,478
"10_9","ClinicalBERT-stopwords","ClinicalBERT","stopwords",0.999,5,1,0.603,0.318,0.416,0.263,494
"10_9","ClinicalBERT-stopwords","ClinicalBERT","stopwords",0.999,5,2,0.626,0.152,0.245,0.139,227
"10_9","ClinicalBERT-stopwords","ClinicalBERT","stopwords",0.999,5,3,0.671,0.255,0.37,0.227,356
"10_9","ClinicalBERT-stopwords","ClinicalBERT","stopwords",0.999,5,4,0.603,0.318,0.416,0.263,494
"10_9","ClinicalBERT-stopwords","ClinicalBERT","stopwords",0.999,10,1,0.6,0.319,0.417,0.263,498
"10_9","ClinicalBERT-stopwords","ClinicalBERT","stopwords",0.999,10,2,0.627,0.153,0.246,0.14,228
"10_9","ClinicalBERT-stopwords","ClinicalBERT","stopwords",0.999,10,3,0.673,0.272,0.387,0.24,379
"10_9","ClinicalBERT-stopwords","ClinicalBERT","stopwords",0.999,10,4,0.601,0.32,0.418,0.264,499
"10_9","ClinicalBERT-stopwords","ClinicalBERT","stopwords",0.999,15,1,0.601,0.32,0.418,0.264,499
"10_9","ClinicalBERT-stopwords","ClinicalBERT","stopwords",0.999,15,2,0.629,0.154,0.247,0.141,229
"10_9","ClinicalBERT-stopwords","ClinicalBERT","stopwords",0.999,15,3,0.675,0.282,0.398,0.248,391
"10_9","ClinicalBERT-stopwords","ClinicalBERT","stopwords",0.999,15,4,0.603,0.322,0.42,0.266,501
"10_9","ClinicalBERT-stopwords","ClinicalBERT","stopwords",0.999,20,1,0.602,0.323,0.42,0.266,503
"10_9","ClinicalBERT-stopwords","ClinicalBERT","stopwords",0.999,20,2,0.626,0.154,0.247,0.141,230
"10_9","ClinicalBERT-stopwords","ClinicalBERT","stopwords",0.999,20,3,0.676,0.287,0.403,0.252,398
"10_9","ClinicalBERT-stopwords","ClinicalBERT","stopwords",0.999,20,4,0.603,0.326,0.423,0.268,506
"10_9","ClinicalBERT-stopwords","ClinicalBERT","stopwords",0.999,25,1,0.603,0.324,0.422,0.267,504
"10_9","ClinicalBERT-stopwords","ClinicalBERT","stopwords",0.999,25,2,0.626,0.154,0.247,0.141,230
"10_9","ClinicalBERT-stopwords","ClinicalBERT","stopwords",0.999,25,3,0.677,0.29,0.406,0.255,402
"10_9","ClinicalBERT-stopwords","ClinicalBERT","stopwords",0.999,25,4,0.604,0.327,0.424,0.269,507
"10_9","ClinicalBERT-stopwords","ClinicalBERT","stopwords",0.999,30,1,0.603,0.324,0.422,0.267,504
"10_9","ClinicalBERT-stopwords","ClinicalBERT","stopwords",0.999,30,2,0.626,0.154,0.247,0.141,230
"10_9","ClinicalBERT-stopwords","ClinicalBERT","stopwords",0.999,30,3,0.679,0.293,0.409,0.258,405
"10_9","ClinicalBERT-stopwords","ClinicalBERT","stopwords",0.999,30,4,0.604,0.327,0.424,0.269,507
"8_9","ClinicalBERT-stopwords","ClinicalBERT","stopwords",0.95,3,1,0.53,0.758,0.624,0.453,474
"8_9","ClinicalBERT-stopwords","ClinicalBERT","stopwords",0.95,3,2,0.495,0.734,0.591,0.42,491
"8_9","ClinicalBERT-stopwords","ClinicalBERT","stopwords",0.95,3,3,0.633,0.698,0.664,0.497,365
"8_9","ClinicalBERT-stopwords","ClinicalBERT","stopwords",0.95,3,4,0.475,0.792,0.594,0.423,551
"8_9","ClinicalBERT-stopwords","ClinicalBERT","stopwords",0.95,5,1,0.528,0.758,0.622,0.452,475
"8_9","ClinicalBERT-stopwords","ClinicalBERT","stopwords",0.95,5,2,0.46,0.737,0.566,0.395,531
"8_9","ClinicalBERT-stopwords","ClinicalBERT","stopwords",0.95,5,3,0.571,0.716,0.635,0.466,415
"8_9","ClinicalBERT-stopwords","ClinicalBERT","stopwords",0.95,5,4,0.444,0.795,0.57,0.398,592
"8_9","ClinicalBERT-stopwords","ClinicalBERT","stopwords",0.95,10,1,0.525,0.758,0.62,0.45,478
"8_9","ClinicalBERT-stopwords","ClinicalBERT","stopwords",0.95,10,2,0.407,0.743,0.526,0.357,605
"8_9","ClinicalBERT-stopwords","ClinicalBERT","stopwords",0.95,10,3,0.488,0.734,0.586,0.415,498
"8_9","ClinicalBERT-stopwords","ClinicalBERT","stopwords",0.95,10,4,0.398,0.801,0.532,0.362,666
"8_9","ClinicalBERT-stopwords","ClinicalBERT","stopwords",0.95,15,1,0.524,0.758,0.62,0.449,479
"8_9","ClinicalBERT-stopwords","ClinicalBERT","stopwords",0.95,15,2,0.381,0.743,0.504,0.337,645
"8_9","ClinicalBERT-stopwords","ClinicalBERT","stopwords",0.95,15,3,0.452,0.737,0.56,0.389,540
"8_9","ClinicalBERT-stopwords","ClinicalBERT","stopwords",0.95,15,4,0.375,0.801,0.511,0.343,706
"8_9","ClinicalBERT-stopwords","ClinicalBERT","stopwords",0.95,20,1,0.524,0.758,0.62,0.449,479
"8_9","ClinicalBERT-stopwords","ClinicalBERT","stopwords",0.95,20,2,0.366,0.743,0.49,0.325,672
"8_9","ClinicalBERT-stopwords","ClinicalBERT","stopwords",0.95,20,3,0.428,0.74,0.542,0.372,572
"8_9","ClinicalBERT-stopwords","ClinicalBERT","stopwords",0.95,20,4,0.362,0.801,0.499,0.332,733
"8_9","ClinicalBERT-stopwords","ClinicalBERT","stopwords",0.95,25,1,0.524,0.758,0.62,0.449,479
"8_9","ClinicalBERT-stopwords","ClinicalBERT","stopwords",0.95,25,2,0.349,0.743,0.475,0.311,705
"8_9","ClinicalBERT-stopwords","ClinicalBERT","stopwords",0.95,25,3,0.402,0.74,0.521,0.353,609
"8_9","ClinicalBERT-stopwords","ClinicalBERT","stopwords",0.95,25,4,0.346,0.801,0.483,0.319,766
"8_9","ClinicalBERT-stopwords","ClinicalBERT","stopwords",0.95,30,1,0.524,0.758,0.62,0.449,479
"8_9","ClinicalBERT-stopwords","ClinicalBERT","stopwords",0.95,30,2,0.337,0.743,0.464,0.302,729
"8_9","ClinicalBERT-stopwords","ClinicalBERT","stopwords",0.95,30,3,0.386,0.74,0.507,0.34,635
"8_9","ClinicalBERT-stopwords","ClinicalBERT","stopwords",0.95,30,4,0.335,0.801,0.472,0.31,790
"8_9","ClinicalBERT-stopwords","ClinicalBERT","stopwords",0.99,3,1,0.575,0.749,0.651,0.482,431
"8_9","ClinicalBERT-stopwords","ClinicalBERT","stopwords",0.99,3,2,0.603,0.592,0.597,0.426,325
"8_9","ClinicalBERT-stopwords","ClinicalBERT","stopwords",0.99,3,3,0.755,0.671,0.711,0.551,294
"8_9","ClinicalBERT-stopwords","ClinicalBERT","stopwords",0.99,3,4,0.571,0.755,0.65,0.482,438
"8_9","ClinicalBERT-stopwords","ClinicalBERT","stopwords",0.99,5,1,0.574,0.749,0.65,0.482,432
"8_9","ClinicalBERT-stopwords","ClinicalBERT","stopwords",0.99,5,2,0.598,0.592,0.595,0.423,328
"8_9","ClinicalBERT-stopwords","ClinicalBERT","stopwords",0.99,5,3,0.742,0.686,0.713,0.554,306
"8_9","ClinicalBERT-stopwords","ClinicalBERT","stopwords",0.99,5,4,0.566,0.755,0.647,0.478,442
"8_9","ClinicalBERT-stopwords","ClinicalBERT","stopwords",0.99,10,1,0.57,0.749,0.647,0.479,435
"8_9","ClinicalBERT-stopwords","ClinicalBERT","stopwords",0.99,10,2,0.596,0.592,0.594,0.422,329
"8_9","ClinicalBERT-stopwords","ClinicalBERT","stopwords",0.99,10,3,0.729,0.698,0.713,0.554,317
"8_9","ClinicalBERT-stopwords","ClinicalBERT","stopwords",0.99,10,4,0.561,0.755,0.644,0.474,446
"8_9","ClinicalBERT-stopwords","ClinicalBERT","stopwords",0.99,15,1,0.569,0.749,0.647,0.478,436
"8_9","ClinicalBERT-stopwords","ClinicalBERT","stopwords",0.99,15,2,0.596,0.592,0.594,0.422,329
"8_9","ClinicalBERT-stopwords","ClinicalBERT","stopwords",0.99,15,3,0.725,0.701,0.713,0.554,320
"8_9","ClinicalBERT-stopwords","ClinicalBERT","stopwords",0.99,15,4,0.559,0.755,0.642,0.473,447
"8_9","ClinicalBERT-stopwords","ClinicalBERT","stopwords",0.99,20,1,0.569,0.749,0.647,0.478,436
"8_9","ClinicalBERT-stopwords","ClinicalBERT","stopwords",0.99,20,2,0.594,0.592,0.593,0.422,330
"8_9","ClinicalBERT-stopwords","ClinicalBERT","stopwords",0.99,20,3,0.714,0.701,0.707,0.547,325
"8_9","ClinicalBERT-stopwords","ClinicalBERT","stopwords",0.99,20,4,0.558,0.755,0.642,0.473,448
"8_9","ClinicalBERT-stopwords","ClinicalBERT","stopwords",0.99,25,1,0.569,0.749,0.647,0.478,436
"8_9","ClinicalBERT-stopwords","ClinicalBERT","stopwords",0.99,25,2,0.59,0.592,0.591,0.42,332
"8_9","ClinicalBERT-stopwords","ClinicalBERT","stopwords",0.99,25,3,0.703,0.701,0.702,0.541,330
"8_9","ClinicalBERT-stopwords","ClinicalBERT","stopwords",0.99,25,4,0.556,0.755,0.64,0.471,450
"8_9","ClinicalBERT-stopwords","ClinicalBERT","stopwords",0.99,30,1,0.569,0.749,0.647,0.478,436
"8_9","ClinicalBERT-stopwords","ClinicalBERT","stopwords",0.99,30,2,0.585,0.592,0.588,0.417,335
"8_9","ClinicalBERT-stopwords","ClinicalBERT","stopwords",0.99,30,3,0.693,0.701,0.697,0.535,335
"8_9","ClinicalBERT-stopwords","ClinicalBERT","stopwords",0.99,30,4,0.552,0.755,0.638,0.468,453
"8_9","ClinicalBERT-stopwords","ClinicalBERT","stopwords",0.995,3,1,0.588,0.749,0.659,0.491,422
"8_9","ClinicalBERT-stopwords","ClinicalBERT","stopwords",0.995,3,2,0.62,0.571,0.594,0.423,305
"8_9","ClinicalBERT-stopwords","ClinicalBERT","stopwords",0.995,3,3,0.765,0.668,0.713,0.554,289
"8_9","ClinicalBERT-stopwords","ClinicalBERT","stopwords",0.995,3,4,0.587,0.752,0.659,0.492,424
"8_9","ClinicalBERT-stopwords","ClinicalBERT","stopwords",0.995,5,1,0.586,0.749,0.658,0.49,423
"8_9","ClinicalBERT-stopwords","ClinicalBERT","stopwords",0.995,5,2,0.614,0.571,0.592,0.42,308
"8_9","ClinicalBERT-stopwords","ClinicalBERT","stopwords",0.995,5,3,0.751,0.683,0.715,0.557,301
"8_9","ClinicalBERT-stopwords","ClinicalBERT","stopwords",0.995,5,4,0.582,0.752,0.656,0.488,428
"8_9","ClinicalBERT-stopwords","ClinicalBERT","stopwords",0.995,10,1,0.582,0.749,0.655,0.487,426
"8_9","ClinicalBERT-stopwords","ClinicalBERT","stopwords",0.995,10,2,0.614,0.571,0.592,0.42,308
"8_9","ClinicalBERT-stopwords","ClinicalBERT","stopwords",0.995,10,3,0.74,0.695,0.717,0.558,311
"8_9","ClinicalBERT-stopwords","ClinicalBERT","stopwords",0.995,10,4,0.578,0.752,0.654,0.485,431
"8_9","ClinicalBERT-stopwords","ClinicalBERT","stopwords",0.995,15,1,0.581,0.749,0.654,0.486,427
"8_9","ClinicalBERT-stopwords","ClinicalBERT","stopwords",0.995,15,2,0.614,0.571,0.592,0.42,308
"8_9","ClinicalBERT-stopwords","ClinicalBERT","stopwords",0.995,15,3,0.736,0.698,0.716,0.558,314
"8_9","ClinicalBERT-stopwords","ClinicalBERT","stopwords",0.995,15,4,0.576,0.752,0.652,0.484,432
"8_9","ClinicalBERT-stopwords","ClinicalBERT","stopwords",0.995,20,1,0.581,0.749,0.654,0.486,427
"8_9","ClinicalBERT-stopwords","ClinicalBERT","stopwords",0.995,20,2,0.612,0.571,0.591,0.419,309
"8_9","ClinicalBERT-stopwords","ClinicalBERT","stopwords",0.995,20,3,0.724,0.698,0.711,0.551,319
"8_9","ClinicalBERT-stopwords","ClinicalBERT","stopwords",0.995,20,4,0.575,0.752,0.652,0.483,433
"8_9","ClinicalBERT-stopwords","ClinicalBERT","stopwords",0.995,25,1,0.581,0.749,0.654,0.486,427
"8_9","ClinicalBERT-stopwords","ClinicalBERT","stopwords",0.995,25,2,0.612,0.571,0.591,0.419,309
"8_9","ClinicalBERT-stopwords","ClinicalBERT","stopwords",0.995,25,3,0.717,0.698,0.707,0.547,322
"8_9","ClinicalBERT-stopwords","ClinicalBERT","stopwords",0.995,25,4,0.575,0.752,0.652,0.483,433
"8_9","ClinicalBERT-stopwords","ClinicalBERT","stopwords",0.995,30,1,0.581,0.749,0.654,0.486,427
"8_9","ClinicalBERT-stopwords","ClinicalBERT","stopwords",0.995,30,2,0.608,0.571,0.589,0.417,311
"8_9","ClinicalBERT-stopwords","ClinicalBERT","stopwords",0.995,30,3,0.711,0.698,0.704,0.544,325
"8_9","ClinicalBERT-stopwords","ClinicalBERT","stopwords",0.995,30,4,0.572,0.752,0.65,0.482,435
"8_9","ClinicalBERT-stopwords","ClinicalBERT","stopwords",0.999,3,1,0.596,0.743,0.661,0.494,413
"8_9","ClinicalBERT-stopwords","ClinicalBERT","stopwords",0.999,3,2,0.63,0.55,0.587,0.416,289
"8_9","ClinicalBERT-stopwords","ClinicalBERT","stopwords",0.999,3,3,0.767,0.665,0.712,0.553,287
"8_9","ClinicalBERT-stopwords","ClinicalBERT","stopwords",0.999,3,4,0.596,0.743,0.661,0.494,413
"8_9","ClinicalBERT-stopwords","ClinicalBERT","stopwords",0.999,5,1,0.594,0.743,0.66,0.493,414
"8_9","ClinicalBERT-stopwords","ClinicalBERT","stopwords",0.999,5,2,0.63,0.55,0.587,0.416,289
"8_9","ClinicalBERT-stopwords","ClinicalBERT","stopwords",0.999,5,3,0.76,0.68,0.718,0.56,296
"8_9","ClinicalBERT-stopwords","ClinicalBERT","stopwords",0.999,5,4,0.594,0.743,0.66,0.493,414
"8_9","ClinicalBERT-stopwords","ClinicalBERT","stopwords",0.999,10,1,0.59,0.743,0.658,0.49,417
"8_9","ClinicalBERT-stopwords","ClinicalBERT","stopwords",0.999,10,2,0.63,0.55,0.587,0.416,289
"8_9","ClinicalBERT-stopwords","ClinicalBERT","stopwords",0.999,10,3,0.748,0.692,0.719,0.561,306
"8_9","ClinicalBERT-stopwords","ClinicalBERT","stopwords",0.999,10,4,0.59,0.743,0.658,0.49,417
"8_9","ClinicalBERT-stopwords","ClinicalBERT","stopwords",0.999,15,1,0.589,0.743,0.657,0.489,418
"8_9","ClinicalBERT-stopwords","ClinicalBERT","stopwords",0.999,15,2,0.63,0.55,0.587,0.416,289
"8_9","ClinicalBERT-stopwords","ClinicalBERT","stopwords",0.999,15,3,0.744,0.695,0.719,0.561,309
"8_9","ClinicalBERT-stopwords","ClinicalBERT","stopwords",0.999,15,4,0.589,0.743,0.657,0.489,418
"8_9","ClinicalBERT-stopwords","ClinicalBERT","stopwords",0.999,20,1,0.589,0.743,0.657,0.489,418
"8_9","ClinicalBERT-stopwords","ClinicalBERT","stopwords",0.999,20,2,0.63,0.55,0.587,0.416,289
"8_9","ClinicalBERT-stopwords","ClinicalBERT","stopwords",0.999,20,3,0.737,0.695,0.715,0.557,312
"8_9","ClinicalBERT-stopwords","ClinicalBERT","stopwords",0.999,20,4,0.589,0.743,0.657,0.489,418
"8_9","ClinicalBERT-stopwords","ClinicalBERT","stopwords",0.999,25,1,0.589,0.743,0.657,0.489,418
"8_9","ClinicalBERT-stopwords","ClinicalBERT","stopwords",0.999,25,2,0.63,0.55,0.587,0.416,289
"8_9","ClinicalBERT-stopwords","ClinicalBERT","stopwords",0.999,25,3,0.73,0.695,0.712,0.553,315
"8_9","ClinicalBERT-stopwords","ClinicalBERT","stopwords",0.999,25,4,0.589,0.743,0.657,0.489,418
"8_9","ClinicalBERT-stopwords","ClinicalBERT","stopwords",0.999,30,1,0.589,0.743,0.657,0.489,418
"8_9","ClinicalBERT-stopwords","ClinicalBERT","stopwords",0.999,30,2,0.63,0.55,0.587,0.416,289
"8_9","ClinicalBERT-stopwords","ClinicalBERT","stopwords",0.999,30,3,0.728,0.695,0.711,0.552,316
"8_9","ClinicalBERT-stopwords","ClinicalBERT","stopwords",0.999,30,4,0.589,0.743,0.657,0.489,418
"10_9","ClinicalBERT-stopwords-nocode","ClinicalBERT","stopwords",0.95,3,1,0.609,0.365,0.456,0.296,562
"10_9","ClinicalBERT-stopwords-nocode","ClinicalBERT","stopwords",0.95,3,2,0.643,0.323,0.43,0.274,471
"10_9","ClinicalBERT-stopwords-nocode","ClinicalBERT","stopwords",0.95,3,3,0.648,0.265,0.376,0.231,383
"10_9","ClinicalBERT-stopwords-nocode","ClinicalBERT","stopwords",0.95,3,4,0.593,0.384,0.466,0.304,607
"10_9","ClinicalBERT-stopwords-nocode","ClinicalBERT","stopwords",0.95,5,1,0.61,0.376,0.465,0.303,577
"10_9","ClinicalBERT-stopwords-nocode","ClinicalBERT","stopwords",0.95,5,2,0.6,0.338,0.432,0.276,528
"10_9","ClinicalBERT-stopwords-nocode","ClinicalBERT","stopwords",0.95,5,3,0.599,0.298,0.398,0.248,466
"10_9","ClinicalBERT-stopwords-nocode","ClinicalBERT","stopwords",0.95,5,4,0.564,0.406,0.472,0.309,674
"10_9","ClinicalBERT-stopwords-nocode","ClinicalBERT","stopwords",0.95,10,1,0.608,0.377,0.465,0.303,581
"10_9","ClinicalBERT-stopwords-nocode","ClinicalBERT","stopwords",0.95,10,2,0.539,0.365,0.435,0.278,634
"10_9","ClinicalBERT-stopwords-nocode","ClinicalBERT","stopwords",0.95,10,3,0.541,0.347,0.423,0.268,601
"10_9","ClinicalBERT-stopwords-nocode","ClinicalBERT","stopwords",0.95,10,4,0.517,0.432,0.471,0.308,783
"10_9","ClinicalBERT-stopwords-nocode","ClinicalBERT","stopwords",0.95,15,1,0.608,0.377,0.465,0.303,581
"10_9","ClinicalBERT-stopwords-nocode","ClinicalBERT","stopwords",0.95,15,2,0.493,0.379,0.429,0.273,720
"10_9","ClinicalBERT-stopwords-nocode","ClinicalBERT","stopwords",0.95,15,3,0.499,0.374,0.428,0.272,701
"10_9","ClinicalBERT-stopwords-nocode","ClinicalBERT","stopwords",0.95,15,4,0.481,0.446,0.463,0.301,869
"10_9","ClinicalBERT-stopwords-nocode","ClinicalBERT","stopwords",0.95,20,1,0.609,0.38,0.468,0.305,585
"10_9","ClinicalBERT-stopwords-nocode","ClinicalBERT","stopwords",0.95,20,2,0.475,0.387,0.427,0.271,765
"10_9","ClinicalBERT-stopwords-nocode","ClinicalBERT","stopwords",0.95,20,3,0.482,0.39,0.431,0.275,757
"10_9","ClinicalBERT-stopwords-nocode","ClinicalBERT","stopwords",0.95,20,4,0.467,0.458,0.462,0.301,918
"10_9","ClinicalBERT-stopwords-nocode","ClinicalBERT","stopwords",0.95,25,1,0.609,0.381,0.469,0.306,586
"10_9","ClinicalBERT-stopwords-nocode","ClinicalBERT","stopwords",0.95,25,2,0.454,0.398,0.424,0.269,821
"10_9","ClinicalBERT-stopwords-nocode","ClinicalBERT","stopwords",0.95,25,3,0.463,0.402,0.43,0.274,815
"10_9","ClinicalBERT-stopwords-nocode","ClinicalBERT","stopwords",0.95,25,4,0.451,0.469,0.46,0.298,974
"10_9","ClinicalBERT-stopwords-nocode","ClinicalBERT","stopwords",0.95,30,1,0.609,0.381,0.469,0.306,586
"10_9","ClinicalBERT-stopwords-nocode","ClinicalBERT","stopwords",0.95,30,2,0.433,0.403,0.417,0.264,873
"10_9","ClinicalBERT-stopwords-nocode","ClinicalBERT","stopwords",0.95,30,3,0.443,0.411,0.426,0.271,870
"10_9","ClinicalBERT-stopwords-nocode","ClinicalBERT","stopwords",0.95,30,4,0.433,0.474,0.453,0.292,1026
"10_9","ClinicalBERT-stopwords-nocode","ClinicalBERT","stopwords",0.99,3,1,0.628,0.356,0.454,0.294,532
"10_9","ClinicalBERT-stopwords-nocode","ClinicalBERT","stopwords",0.99,3,2,0.71,0.253,0.373,0.229,334
"10_9","ClinicalBERT-stopwords-nocode","ClinicalBERT","stopwords",0.99,3,3,0.682,0.248,0.364,0.222,340
"10_9","ClinicalBERT-stopwords-nocode","ClinicalBERT","stopwords",0.99,3,4,0.63,0.36,0.458,0.297,535
"10_9","ClinicalBERT-stopwords-nocode","ClinicalBERT","stopwords",0.99,5,1,0.629,0.367,0.464,0.302,547
"10_9","ClinicalBERT-stopwords-nocode","ClinicalBERT","stopwords",0.99,5,2,0.706,0.256,0.376,0.231,340
"10_9","ClinicalBERT-stopwords-nocode","ClinicalBERT","stopwords",0.99,5,3,0.678,0.272,0.388,0.241,376
"10_9","ClinicalBERT-stopwords-nocode","ClinicalBERT","stopwords",0.99,5,4,0.629,0.372,0.468,0.305,555
"10_9","ClinicalBERT-stopwords-nocode","ClinicalBERT","stopwords",0.99,10,1,0.626,0.368,0.464,0.302,551
"10_9","ClinicalBERT-stopwords-nocode","ClinicalBERT","stopwords",0.99,10,2,0.703,0.26,0.38,0.235,347
"10_9","ClinicalBERT-stopwords-nocode","ClinicalBERT","stopwords",0.99,10,3,0.682,0.3,0.417,0.263,412
"10_9","ClinicalBERT-stopwords-nocode","ClinicalBERT","stopwords",0.99,10,4,0.625,0.378,0.471,0.308,566
"10_9","ClinicalBERT-stopwords-nocode","ClinicalBERT","stopwords",0.99,15,1,0.626,0.368,0.464,0.302,551
"10_9","ClinicalBERT-stopwords-nocode","ClinicalBERT","stopwords",0.99,15,2,0.703,0.263,0.383,0.236,350
"10_9","ClinicalBERT-stopwords-nocode","ClinicalBERT","stopwords",0.99,15,3,0.687,0.314,0.431,0.275,428
"10_9","ClinicalBERT-stopwords-nocode","ClinicalBERT","stopwords",0.99,15,4,0.626,0.38,0.473,0.31,569
"10_9","ClinicalBERT-stopwords-nocode","ClinicalBERT","stopwords",0.99,20,1,0.627,0.371,0.466,0.304,555
"10_9","ClinicalBERT-stopwords-nocode","ClinicalBERT","stopwords",0.99,20,2,0.701,0.265,0.385,0.238,354
"10_9","ClinicalBERT-stopwords-nocode","ClinicalBERT","stopwords",0.99,20,3,0.683,0.322,0.438,0.28,442
"10_9","ClinicalBERT-stopwords-nocode","ClinicalBERT","stopwords",0.99,20,4,0.626,0.385,0.477,0.313,577
"10_9","ClinicalBERT-stopwords-nocode","ClinicalBERT","stopwords",0.99,25,1,0.628,0.372,0.467,0.305,556
"10_9","ClinicalBERT-stopwords-nocode","ClinicalBERT","stopwords",0.99,25,2,0.696,0.266,0.385,0.238,358
"10_9","ClinicalBERT-stopwords-nocode","ClinicalBERT","stopwords",0.99,25,3,0.682,0.327,0.442,0.283,449
"10_9","ClinicalBERT-stopwords-nocode","ClinicalBERT","stopwords",0.99,25,4,0.624,0.387,0.478,0.314,582
"10_9","ClinicalBERT-stopwords-nocode","ClinicalBERT","stopwords",0.99,30,1,0.628,0.372,0.467,0.305,556
"10_9","ClinicalBERT-stopwords-nocode","ClinicalBERT","stopwords",0.99,30,2,0.692,0.266,0.384,0.238,360
"10_9","ClinicalBERT-stopwords-nocode","ClinicalBERT","stopwords",0.99,30,3,0.681,0.33,0.445,0.286,454
"10_9","ClinicalBERT-stopwords-nocode","ClinicalBERT","stopwords",0.99,30,4,0.622,0.387,0.477,0.313,584
"10_9","ClinicalBERT-stopwords-nocode","ClinicalBERT","stopwords",0.995,3,1,0.633,0.353,0.453,0.293,523
"10_9","ClinicalBERT-stopwords-nocode","ClinicalBERT","stopwords",0.995,3,2,0.716,0.242,0.362,0.221,317
"10_9","ClinicalBERT-stopwords-nocode","ClinicalBERT","stopwords",0.995,3,3,0.681,0.247,0.363,0.221,339
"10_9","ClinicalBERT-stopwords-nocode","ClinicalBERT","stopwords",0.995,3,4,0.634,0.355,0.455,0.295,525
"10_9","ClinicalBERT-stopwords-nocode","ClinicalBERT","stopwords",0.995,5,1,0.634,0.364,0.462,0.301,538
"10_9","ClinicalBERT-stopwords-nocode","ClinicalBERT","stopwords",0.995,5,2,0.715,0.243,0.363,0.222,319
"10_9","ClinicalBERT-stopwords-nocode","ClinicalBERT","stopwords",0.995,5,3,0.679,0.267,0.383,0.237,368
"10_9","ClinicalBERT-stopwords-nocode","ClinicalBERT","stopwords",0.995,5,4,0.634,0.366,0.464,0.302,541
"10_9","ClinicalBERT-stopwords-nocode","ClinicalBERT","stopwords",0.995,10,1,0.631,0.365,0.462,0.301,542
"10_9","ClinicalBERT-stopwords-nocode","ClinicalBERT","stopwords",0.995,10,2,0.712,0.245,0.365,0.223,323
"10_9","ClinicalBERT-stopwords-nocode","ClinicalBERT","stopwords",0.995,10,3,0.683,0.292,0.409,0.258,401
"10_9","ClinicalBERT-stopwords-nocode","ClinicalBERT","stopwords",0.995,10,4,0.63,0.369,0.465,0.304,549
"10_9","ClinicalBERT-stopwords-nocode","ClinicalBERT","stopwords",0.995,15,1,0.631,0.365,0.462,0.301,542
"10_9","ClinicalBERT-stopwords-nocode","ClinicalBERT","stopwords",0.995,15,2,0.712,0.248,0.368,0.225,326
"10_9","ClinicalBERT-stopwords-nocode","ClinicalBERT","stopwords",0.995,15,3,0.688,0.306,0.424,0.269,417
"10_9","ClinicalBERT-stopwords-nocode","ClinicalBERT","stopwords",0.995,15,4,0.63,0.371,0.467,0.305,552
"10_9","ClinicalBERT-stopwords-nocode","ClinicalBERT","stopwords",0.995,20,1,0.632,0.368,0.465,0.303,546
"10_9","ClinicalBERT-stopwords-nocode","ClinicalBERT","stopwords",0.995,20,2,0.713,0.249,0.369,0.226,327
"10_9","ClinicalBERT-stopwords-nocode","ClinicalBERT","stopwords",0.995,20,3,0.687,0.314,0.431,0.275,428
"10_9","ClinicalBERT-stopwords-nocode","ClinicalBERT","stopwords",0.995,20,4,0.632,0.376,0.471,0.308,557
"10_9","ClinicalBERT-stopwords-nocode","ClinicalBERT","stopwords",0.995,25,1,0.633,0.369,0.466,0.304,547
"10_9","ClinicalBERT-stopwords-nocode","ClinicalBERT","stopwords",0.995,25,2,0.713,0.25,0.37,0.227,328
"10_9","ClinicalBERT-stopwords-nocode","ClinicalBERT","stopwords",0.995,25,3,0.69,0.318,0.435,0.278,432
"10_9","ClinicalBERT-stopwords-nocode","ClinicalBERT","stopwords",0.995,25,4,0.633,0.378,0.473,0.31,559
"10_9","ClinicalBERT-stopwords-nocode","ClinicalBERT","stopwords",0.995,30,1,0.633,0.369,0.466,0.304,547
"10_9","ClinicalBERT-stopwords-nocode","ClinicalBERT","stopwords",0.995,30,2,0.713,0.25,0.37,0.227,328
"10_9","ClinicalBERT-stopwords-nocode","ClinicalBERT","stopwords",0.995,30,3,0.692,0.321,0.439,0.281,435
"10_9","ClinicalBERT-stopwords-nocode","ClinicalBERT","stopwords",0.995,30,4,0.633,0.378,0.473,0.31,559
"10_9","ClinicalBERT-stopwords-nocode","ClinicalBERT","stopwords",0.999,3,1,0.644,0.349,0.453,0.292,508
"10_9","ClinicalBERT-stopwords-nocode","ClinicalBERT","stopwords",0.999,3,2,0.736,0.232,0.353,0.214,295
"10_9","ClinicalBERT-stopwords-nocode","ClinicalBERT","stopwords",0.999,3,3,0.68,0.245,0.36,0.22,338
"10_9","ClinicalBERT-stopwords-nocode","ClinicalBERT","stopwords",0.999,3,4,0.644,0.35,0.454,0.293,509
"10_9","ClinicalBERT-stopwords-nocode","ClinicalBERT","stopwords",0.999,5,1,0.644,0.36,0.462,0.3,523
"10_9","ClinicalBERT-stopwords-nocode","ClinicalBERT","stopwords",0.999,5,2,0.736,0.232,0.353,0.214,295
"10_9","ClinicalBERT-stopwords-nocode","ClinicalBERT","stopwords",0.999,5,3,0.679,0.265,0.381,0.235,365
"10_9","ClinicalBERT-stopwords-nocode","ClinicalBERT","stopwords",0.999,5,4,0.645,0.361,0.463,0.301,524
"10_9","ClinicalBERT-stopwords-nocode","ClinicalBERT","stopwords",0.999,10,1,0.641,0.361,0.462,0.3,527
"10_9","ClinicalBERT-stopwords-nocode","ClinicalBERT","stopwords",0.999,10,2,0.736,0.232,0.353,0.214,295
"10_9","ClinicalBERT-stopwords-nocode","ClinicalBERT","stopwords",0.999,10,3,0.685,0.288,0.406,0.254,394
"10_9","ClinicalBERT-stopwords-nocode","ClinicalBERT","stopwords",0.999,10,4,0.642,0.362,0.463,0.301,528
"10_9","ClinicalBERT-stopwords-nocode","ClinicalBERT","stopwords",0.999,15,1,0.641,0.361,0.462,0.3,527
"10_9","ClinicalBERT-stopwords-nocode","ClinicalBERT","stopwords",0.999,15,2,0.736,0.233,0.354,0.215,296
"10_9","ClinicalBERT-stopwords-nocode","ClinicalBERT","stopwords",0.999,15,3,0.691,0.301,0.419,0.265,408
"10_9","ClinicalBERT-stopwords-nocode","ClinicalBERT","stopwords",0.999,15,4,0.643,0.363,0.464,0.302,529
"10_9","ClinicalBERT-stopwords-nocode","ClinicalBERT","stopwords",0.999,20,1,0.642,0.364,0.465,0.303,531
"10_9","ClinicalBERT-stopwords-nocode","ClinicalBERT","stopwords",0.999,20,2,0.737,0.234,0.355,0.216,297
"10_9","ClinicalBERT-stopwords-nocode","ClinicalBERT","stopwords",0.999,20,3,0.691,0.308,0.426,0.271,418
"10_9","ClinicalBERT-stopwords-nocode","ClinicalBERT","stopwords",0.999,20,4,0.644,0.367,0.468,0.305,534
"10_9","ClinicalBERT-stopwords-nocode","ClinicalBERT","stopwords",0.999,25,1,0.643,0.365,0.466,0.303,532
"10_9","ClinicalBERT-stopwords-nocode","ClinicalBERT","stopwords",0.999,25,2,0.737,0.234,0.355,0.216,297
"10_9","ClinicalBERT-stopwords-nocode","ClinicalBERT","stopwords",0.999,25,3,0.694,0.312,0.43,0.274,421
"10_9","ClinicalBERT-stopwords-nocode","ClinicalBERT","stopwords",0.999,25,4,0.645,0.368,0.469,0.306,535
"10_9","ClinicalBERT-stopwords-nocode","ClinicalBERT","stopwords",0.999,30,1,0.643,0.365,0.466,0.303,532
"10_9","ClinicalBERT-stopwords-nocode","ClinicalBERT","stopwords",0.999,30,2,0.737,0.234,0.355,0.216,297
"10_9","ClinicalBERT-stopwords-nocode","ClinicalBERT","stopwords",0.999,30,3,0.696,0.315,0.434,0.277,424
"10_9","ClinicalBERT-stopwords-nocode","ClinicalBERT","stopwords",0.999,30,4,0.645,0.368,0.469,0.306,535
"8_9","ClinicalBERT-stopwords-nocode","ClinicalBERT","stopwords",0.95,3,1,0.517,0.743,0.61,0.439,476
"8_9","ClinicalBERT-stopwords-nocode","ClinicalBERT","stopwords",0.95,3,2,0.486,0.713,0.578,0.406,486
"8_9","ClinicalBERT-stopwords-nocode","ClinicalBERT","stopwords",0.95,3,3,0.64,0.698,0.668,0.501,361
"8_9","ClinicalBERT-stopwords-nocode","ClinicalBERT","stopwords",0.95,3,4,0.468,0.782,0.586,0.414,553
"8_9","ClinicalBERT-stopwords-nocode","ClinicalBERT","stopwords",0.95,5,1,0.516,0.743,0.609,0.438,477
"8_9","ClinicalBERT-stopwords-nocode","ClinicalBERT","stopwords",0.95,5,2,0.446,0.716,0.55,0.379,531
"8_9","ClinicalBERT-stopwords-nocode","ClinicalBERT","stopwords",0.95,5,3,0.568,0.716,0.633,0.464,417
"8_9","ClinicalBERT-stopwords-nocode","ClinicalBERT","stopwords",0.95,5,4,0.434,0.785,0.559,0.388,599
"8_9","ClinicalBERT-stopwords-nocode","ClinicalBERT","stopwords",0.95,10,1,0.512,0.743,0.606,0.435,480
"8_9","ClinicalBERT-stopwords-nocode","ClinicalBERT","stopwords",0.95,10,2,0.393,0.716,0.507,0.34,603
"8_9","ClinicalBERT-stopwords-nocode","ClinicalBERT","stopwords",0.95,10,3,0.484,0.728,0.581,0.41,498
"8_9","ClinicalBERT-stopwords-nocode","ClinicalBERT","stopwords",0.95,10,4,0.387,0.785,0.518,0.35,672
"8_9","ClinicalBERT-stopwords-nocode","ClinicalBERT","stopwords",0.95,15,1,0.511,0.743,0.606,0.435,481
"8_9","ClinicalBERT-stopwords-nocode","ClinicalBERT","stopwords",0.95,15,2,0.368,0.719,0.487,0.322,646
"8_9","ClinicalBERT-stopwords-nocode","ClinicalBERT","stopwords",0.95,15,3,0.447,0.734,0.556,0.384,544
"8_9","ClinicalBERT-stopwords-nocode","ClinicalBERT","stopwords",0.95,15,4,0.365,0.789,0.499,0.332,716
"8_9","ClinicalBERT-stopwords-nocode","ClinicalBERT","stopwords",0.95,20,1,0.511,0.743,0.606,0.435,481
"8_9","ClinicalBERT-stopwords-nocode","ClinicalBERT","stopwords",0.95,20,2,0.352,0.722,0.473,0.31,679
"8_9","ClinicalBERT-stopwords-nocode","ClinicalBERT","stopwords",0.95,20,3,0.42,0.737,0.535,0.365,581
"8_9","ClinicalBERT-stopwords-nocode","ClinicalBERT","stopwords",0.95,20,4,0.35,0.792,0.485,0.32,749
"8_9","ClinicalBERT-stopwords-nocode","ClinicalBERT","stopwords",0.95,25,1,0.511,0.743,0.606,0.435,481
"8_9","ClinicalBERT-stopwords-nocode","ClinicalBERT","stopwords",0.95,25,2,0.334,0.722,0.457,0.296,716
"8_9","ClinicalBERT-stopwords-nocode","ClinicalBERT","stopwords",0.95,25,3,0.394,0.737,0.513,0.345,620
"8_9","ClinicalBERT-stopwords-nocode","ClinicalBERT","stopwords",0.95,25,4,0.333,0.792,0.469,0.306,786
"8_9","ClinicalBERT-stopwords-nocode","ClinicalBERT","stopwords",0.95,30,1,0.511,0.743,0.606,0.435,481
"8_9","ClinicalBERT-stopwords-nocode","ClinicalBERT","stopwords",0.95,30,2,0.322,0.722,0.445,0.287,742
"8_9","ClinicalBERT-stopwords-nocode","ClinicalBERT","stopwords",0.95,30,3,0.376,0.737,0.498,0.332,649
"8_9","ClinicalBERT-stopwords-nocode","ClinicalBERT","stopwords",0.95,30,4,0.323,0.792,0.459,0.297,812
"8_9","ClinicalBERT-stopwords-nocode","ClinicalBERT","stopwords",0.99,3,1,0.573,0.734,0.644,0.475,424
"8_9","ClinicalBERT-stopwords-nocode","ClinicalBERT","stopwords",0.99,3,2,0.585,0.55,0.567,0.396,311
"8_9","ClinicalBERT-stopwords-nocode","ClinicalBERT","stopwords",0.99,3,3,0.754,0.659,0.703,0.542,289
"8_9","ClinicalBERT-stopwords-nocode","ClinicalBERT","stopwords",0.99,3,4,0.566,0.737,0.64,0.471,431
"8_9","ClinicalBERT-stopwords-nocode","ClinicalBERT","stopwords",0.99,5,1,0.572,0.734,0.643,0.474,425
"8_9","ClinicalBERT-stopwords-nocode","ClinicalBERT","stopwords",0.99,5,2,0.583,0.55,0.566,0.395,312
"8_9","ClinicalBERT-stopwords-nocode","ClinicalBERT","stopwords",0.99,5,3,0.743,0.674,0.707,0.547,300
"8_9","ClinicalBERT-stopwords-nocode","ClinicalBERT","stopwords",0.99,5,4,0.564,0.737,0.639,0.469,433
"8_9","ClinicalBERT-stopwords-nocode","ClinicalBERT","stopwords",0.99,10,1,0.568,0.734,0.64,0.471,428
"8_9","ClinicalBERT-stopwords-nocode","ClinicalBERT","stopwords",0.99,10,2,0.569,0.55,0.559,0.388,320
"8_9","ClinicalBERT-stopwords-nocode","ClinicalBERT","stopwords",0.99,10,3,0.712,0.686,0.699,0.537,319
"8_9","ClinicalBERT-stopwords-nocode","ClinicalBERT","stopwords",0.99,10,4,0.55,0.737,0.63,0.46,444
"8_9","ClinicalBERT-stopwords-nocode","ClinicalBERT","stopwords",0.99,15,1,0.566,0.734,0.639,0.47,429
"8_9","ClinicalBERT-stopwords-nocode","ClinicalBERT","stopwords",0.99,15,2,0.567,0.55,0.558,0.387,321
"8_9","ClinicalBERT-stopwords-nocode","ClinicalBERT","stopwords",0.99,15,3,0.706,0.689,0.697,0.535,323
"8_9","ClinicalBERT-stopwords-nocode","ClinicalBERT","stopwords",0.99,15,4,0.547,0.737,0.628,0.458,446
"8_9","ClinicalBERT-stopwords-nocode","ClinicalBERT","stopwords",0.99,20,1,0.566,0.734,0.639,0.47,429
"8_9","ClinicalBERT-stopwords-nocode","ClinicalBERT","stopwords",0.99,20,2,0.567,0.55,0.558,0.387,321
"8_9","ClinicalBERT-stopwords-nocode","ClinicalBERT","stopwords",0.99,20,3,0.697,0.689,0.693,0.53,327
"8_9","ClinicalBERT-stopwords-nocode","ClinicalBERT","stopwords",0.99,20,4,0.547,0.737,0.628,0.458,446
"8_9","ClinicalBERT-stopwords-nocode","ClinicalBERT","stopwords",0.99,25,1,0.566,0.734,0.639,0.47,429
"8_9","ClinicalBERT-stopwords-nocode","ClinicalBERT","stopwords",0.99,25,2,0.563,0.55,0.556,0.386,323
"8_9","ClinicalBERT-stopwords-nocode","ClinicalBERT","stopwords",0.99,25,3,0.691,0.689,0.69,0.527,330
"8_9","ClinicalBERT-stopwords-nocode","ClinicalBERT","stopwords",0.99,25,4,0.545,0.737,0.627,0.456,448
"8_9","ClinicalBERT-stopwords-nocode","ClinicalBERT","stopwords",0.99,30,1,0.566,0.734,0.639,0.47,429
"8_9","ClinicalBERT-stopwords-nocode","ClinicalBERT","stopwords",0.99,30,2,0.555,0.55,0.552,0.382,328
"8_9","ClinicalBERT-stopwords-nocode","ClinicalBERT","stopwords",0.99,30,3,0.675,0.689,0.682,0.517,338
"8_9","ClinicalBERT-stopwords-nocode","ClinicalBERT","stopwords",0.99,30,4,0.539,0.737,0.623,0.452,453
"8_9","ClinicalBERT-stopwords-nocode","ClinicalBERT","stopwords",0.995,3,1,0.593,0.734,0.656,0.488,410
"8_9","ClinicalBERT-stopwords-nocode","ClinicalBERT","stopwords",0.995,3,2,0.619,0.535,0.574,0.402,286
"8_9","ClinicalBERT-stopwords-nocode","ClinicalBERT","stopwords",0.995,3,3,0.767,0.656,0.707,0.547,283
"8_9","ClinicalBERT-stopwords-nocode","ClinicalBERT","stopwords",0.995,3,4,0.591,0.734,0.655,0.487,411
"8_9","ClinicalBERT-stopwords-nocode","ClinicalBERT","stopwords",0.995,5,1,0.591,0.734,0.655,0.487,411
"8_9","ClinicalBERT-stopwords-nocode","ClinicalBERT","stopwords",0.995,5,2,0.617,0.535,0.573,0.401,287
"8_9","ClinicalBERT-stopwords-nocode","ClinicalBERT","stopwords",0.995,5,3,0.755,0.671,0.711,0.551,294
"8_9","ClinicalBERT-stopwords-nocode","ClinicalBERT","stopwords",0.995,5,4,0.588,0.734,0.653,0.485,413
"8_9","ClinicalBERT-stopwords-nocode","ClinicalBERT","stopwords",0.995,10,1,0.587,0.734,0.652,0.484,414
"8_9","ClinicalBERT-stopwords-nocode","ClinicalBERT","stopwords",0.995,10,2,0.606,0.535,0.568,0.397,292
"8_9","ClinicalBERT-stopwords-nocode","ClinicalBERT","stopwords",0.995,10,3,0.731,0.683,0.706,0.546,309
"8_9","ClinicalBERT-stopwords-nocode","ClinicalBERT","stopwords",0.995,10,4,0.577,0.734,0.646,0.477,421
"8_9","ClinicalBERT-stopwords-nocode","ClinicalBERT","stopwords",0.995,15,1,0.586,0.734,0.652,0.483,415
"8_9","ClinicalBERT-stopwords-nocode","ClinicalBERT","stopwords",0.995,15,2,0.604,0.535,0.567,0.396,293
"8_9","ClinicalBERT-stopwords-nocode","ClinicalBERT","stopwords",0.995,15,3,0.725,0.686,0.705,0.544,313
"8_9","ClinicalBERT-stopwords-nocode","ClinicalBERT","stopwords",0.995,15,4,0.574,0.734,0.644,0.476,423
"8_9","ClinicalBERT-stopwords-nocode","ClinicalBERT","stopwords",0.995,20,1,0.586,0.734,0.652,0.483,415
"8_9","ClinicalBERT-stopwords-nocode","ClinicalBERT","stopwords",0.995,20,2,0.604,0.535,0.567,0.396,293
"8_9","ClinicalBERT-stopwords-nocode","ClinicalBERT","stopwords",0.995,20,3,0.718,0.686,0.702,0.54,316
"8_9","ClinicalBERT-stopwords-nocode","ClinicalBERT","stopwords",0.995,20,4,0.574,0.734,0.644,0.476,423
"8_9","ClinicalBERT-stopwords-nocode","ClinicalBERT","stopwords",0.995,25,1,0.586,0.734,0.652,0.483,415
"8_9","ClinicalBERT-stopwords-nocode","ClinicalBERT","stopwords",0.995,25,2,0.602,0.535,0.567,0.395,294
"8_9","ClinicalBERT-stopwords-nocode","ClinicalBERT","stopwords",0.995,25,3,0.714,0.686,0.7,0.538,318
"8_9","ClinicalBERT-stopwords-nocode","ClinicalBERT","stopwords",0.995,25,4,0.573,0.734,0.644,0.475,424
"8_9","ClinicalBERT-stopwords-nocode","ClinicalBERT","stopwords",0.995,30,1,0.586,0.734,0.652,0.483,415
"8_9","ClinicalBERT-stopwords-nocode","ClinicalBERT","stopwords",0.995,30,2,0.596,0.535,0.564,0.392,297
"8_9","ClinicalBERT-stopwords-nocode","ClinicalBERT","stopwords",0.995,30,3,0.701,0.686,0.693,0.53,324
"8_9","ClinicalBERT-stopwords-nocode","ClinicalBERT","stopwords",0.995,30,4,0.569,0.734,0.641,0.472,427
"8_9","ClinicalBERT-stopwords-nocode","ClinicalBERT","stopwords",0.999,3,1,0.61,0.731,0.665,0.498,397
"8_9","ClinicalBERT-stopwords-nocode","ClinicalBERT","stopwords",0.999,3,2,0.643,0.523,0.577,0.405,269
"8_9","ClinicalBERT-stopwords-nocode","ClinicalBERT","stopwords",0.999,3,3,0.77,0.656,0.708,0.548,282
"8_9","ClinicalBERT-stopwords-nocode","ClinicalBERT","stopwords",0.999,3,4,0.61,0.731,0.665,0.498,397
"8_9","ClinicalBERT-stopwords-nocode","ClinicalBERT","stopwords",0.999,5,1,0.608,0.731,0.664,0.497,398
"8_9","ClinicalBERT-stopwords-nocode","ClinicalBERT","stopwords",0.999,5,2,0.643,0.523,0.577,0.405,269
"8_9","ClinicalBERT-stopwords-nocode","ClinicalBERT","stopwords",0.999,5,3,0.76,0.671,0.713,0.554,292
"8_9","ClinicalBERT-stopwords-nocode","ClinicalBERT","stopwords",0.999,5,4,0.608,0.731,0.664,0.497,398
"8_9","ClinicalBERT-stopwords-nocode","ClinicalBERT","stopwords",0.999,10,1,0.603,0.731,0.661,0.494,401
"8_9","ClinicalBERT-stopwords-nocode","ClinicalBERT","stopwords",0.999,10,2,0.641,0.523,0.576,0.404,270
"8_9","ClinicalBERT-stopwords-nocode","ClinicalBERT","stopwords",0.999,10,3,0.746,0.683,0.713,0.554,303
"8_9","ClinicalBERT-stopwords-nocode","ClinicalBERT","stopwords",0.999,10,4,0.602,0.731,0.66,0.493,402
"8_9","ClinicalBERT-stopwords-nocode","ClinicalBERT","stopwords",0.999,15,1,0.602,0.731,0.66,0.493,402
"8_9","ClinicalBERT-stopwords-nocode","ClinicalBERT","stopwords",0.999,15,2,0.641,0.523,0.576,0.404,270
"8_9","ClinicalBERT-stopwords-nocode","ClinicalBERT","stopwords",0.999,15,3,0.742,0.686,0.713,0.554,306
"8_9","ClinicalBERT-stopwords-nocode","ClinicalBERT","stopwords",0.999,15,4,0.6,0.731,0.659,0.492,403
"8_9","ClinicalBERT-stopwords-nocode","ClinicalBERT","stopwords",0.999,20,1,0.602,0.731,0.66,0.493,402
"8_9","ClinicalBERT-stopwords-nocode","ClinicalBERT","stopwords",0.999,20,2,0.641,0.523,0.576,0.404,270
"8_9","ClinicalBERT-stopwords-nocode","ClinicalBERT","stopwords",0.999,20,3,0.735,0.686,0.71,0.55,309
"8_9","ClinicalBERT-stopwords-nocode","ClinicalBERT","stopwords",0.999,20,4,0.6,0.731,0.659,0.492,403
"8_9","ClinicalBERT-stopwords-nocode","ClinicalBERT","stopwords",0.999,25,1,0.602,0.731,0.66,0.493,402
"8_9","ClinicalBERT-stopwords-nocode","ClinicalBERT","stopwords",0.999,25,2,0.641,0.523,0.576,0.404,270
"8_9","ClinicalBERT-stopwords-nocode","ClinicalBERT","stopwords",0.999,25,3,0.732,0.686,0.708,0.548,310
"8_9","ClinicalBERT-stopwords-nocode","ClinicalBERT","stopwords",0.999,25,4,0.6,0.731,0.659,0.492,403
"8_9","ClinicalBERT-stopwords-nocode","ClinicalBERT","stopwords",0.999,30,1,0.602,0.731,0.66,0.493,402
"8_9","ClinicalBERT-stopwords-nocode","ClinicalBERT","stopwords",0.999,30,2,0.641,0.523,0.576,0.404,270
"8_9","ClinicalBERT-stopwords-nocode","ClinicalBERT","stopwords",0.999,30,3,0.725,0.686,0.705,0.544,313
"8_9","ClinicalBERT-stopwords-nocode","ClinicalBERT","stopwords",0.999,30,4,0.6,0.731,0.659,0.492,403
"10_9","ClinicalBERT-stopwords-raw","ClinicalBERT","stopwords_raw",0.95,3,1,0.52,0.33,0.404,0.253,594
"10_9","ClinicalBERT-stopwords-raw","ClinicalBERT","stopwords_raw",0.95,3,2,0.499,0.299,0.374,0.23,561
"10_9","ClinicalBERT-stopwords-raw","ClinicalBERT","stopwords_raw",0.95,3,3,0.594,0.266,0.367,0.225,419
"10_9","ClinicalBERT-stopwords-raw","ClinicalBERT","stopwords_raw",0.95,3,4,0.491,0.356,0.413,0.26,680
"10_9","ClinicalBERT-stopwords-raw","ClinicalBERT","stopwords_raw",0.95,5,1,0.522,0.339,0.411,0.259,609
"10_9","ClinicalBERT-stopwords-raw","ClinicalBERT","stopwords_raw",0.95,5,2,0.462,0.32,0.378,0.233,650
"10_9","ClinicalBERT-stopwords-raw","ClinicalBERT","stopwords_raw",0.95,5,3,0.536,0.302,0.386,0.239,528
"10_9","ClinicalBERT-stopwords-raw","ClinicalBERT","stopwords_raw",0.95,5,4,0.462,0.383,0.419,0.265,777
"10_9","ClinicalBERT-stopwords-raw","ClinicalBERT","stopwords_raw",0.95,10,1,0.52,0.34,0.411,0.259,613
"10_9","ClinicalBERT-stopwords-raw","ClinicalBERT","stopwords_raw",0.95,10,2,0.397,0.349,0.371,0.228,824
"10_9","ClinicalBERT-stopwords-raw","ClinicalBERT","stopwords_raw",0.95,10,3,0.451,0.348,0.393,0.244,723
"10_9","ClinicalBERT-stopwords-raw","ClinicalBERT","stopwords_raw",0.95,10,4,0.405,0.412,0.408,0.256,954
"10_9","ClinicalBERT-stopwords-raw","ClinicalBERT","stopwords_raw",0.95,15,1,0.521,0.342,0.413,0.26,614
"10_9","ClinicalBERT-stopwords-raw","ClinicalBERT","stopwords_raw",0.95,15,2,0.368,0.369,0.368,0.226,939
"10_9","ClinicalBERT-stopwords-raw","ClinicalBERT","stopwords_raw",0.95,15,3,0.413,0.376,0.394,0.245,852
"10_9","ClinicalBERT-stopwords-raw","ClinicalBERT","stopwords_raw",0.95,15,4,0.379,0.432,0.404,0.253,1069
"10_9","ClinicalBERT-stopwords-raw","ClinicalBERT","stopwords_raw",0.95,20,1,0.523,0.345,0.416,0.262,618
"10_9","ClinicalBERT-stopwords-raw","ClinicalBERT","stopwords_raw",0.95,20,2,0.35,0.382,0.365,0.223,1023
"10_9","ClinicalBERT-stopwords-raw","ClinicalBERT","stopwords_raw",0.95,20,3,0.392,0.394,0.393,0.245,941
"10_9","ClinicalBERT-stopwords-raw","ClinicalBERT","stopwords_raw",0.95,20,4,0.362,0.446,0.4,0.25,1154
"10_9","ClinicalBERT-stopwords-raw","ClinicalBERT","stopwords_raw",0.95,25,1,0.523,0.346,0.416,0.263,619
"10_9","ClinicalBERT-stopwords-raw","ClinicalBERT","stopwords_raw",0.95,25,2,0.333,0.393,0.361,0.22,1104
"10_9","ClinicalBERT-stopwords-raw","ClinicalBERT","stopwords_raw",0.95,25,3,0.372,0.408,0.389,0.242,1026
"10_9","ClinicalBERT-stopwords-raw","ClinicalBERT","stopwords_raw",0.95,25,4,0.347,0.458,0.395,0.246,1236
"10_9","ClinicalBERT-stopwords-raw","ClinicalBERT","stopwords_raw",0.95,30,1,0.523,0.346,0.416,0.263,619
"10_9","ClinicalBERT-stopwords-raw","ClinicalBERT","stopwords_raw",0.95,30,2,0.316,0.4,0.353,0.215,1185
"10_9","ClinicalBERT-stopwords-raw","ClinicalBERT","stopwords_raw",0.95,30,3,0.353,0.418,0.383,0.237,1110
"10_9","ClinicalBERT-stopwords-raw","ClinicalBERT","stopwords_raw",0.95,30,4,0.331,0.465,0.387,0.24,1317
"10_9","ClinicalBERT-stopwords-raw","ClinicalBERT","stopwords_raw",0.99,3,1,0.571,0.322,0.412,0.259,529
"10_9","ClinicalBERT-stopwords-raw","ClinicalBERT","stopwords_raw",0.99,3,2,0.597,0.196,0.295,0.173,308
"10_9","ClinicalBERT-stopwords-raw","ClinicalBERT","stopwords_raw",0.99,3,3,0.676,0.245,0.36,0.22,340
"10_9","ClinicalBERT-stopwords-raw","ClinicalBERT","stopwords_raw",0.99,3,4,0.575,0.329,0.419,0.264,536
"10_9","ClinicalBERT-stopwords-raw","ClinicalBERT","stopwords_raw",0.99,5,1,0.572,0.332,0.42,0.266,544
"10_9","ClinicalBERT-stopwords-raw","ClinicalBERT","stopwords_raw",0.99,5,2,0.594,0.196,0.295,0.173,310
"10_9","ClinicalBERT-stopwords-raw","ClinicalBERT","stopwords_raw",0.99,5,3,0.674,0.265,0.38,0.235,368
"10_9","ClinicalBERT-stopwords-raw","ClinicalBERT","stopwords_raw",0.99,5,4,0.573,0.338,0.425,0.27,553
"10_9","ClinicalBERT-stopwords-raw","ClinicalBERT","stopwords_raw",0.99,10,1,0.569,0.333,0.42,0.266,548
"10_9","ClinicalBERT-stopwords-raw","ClinicalBERT","stopwords_raw",0.99,10,2,0.586,0.201,0.299,0.176,321
"10_9","ClinicalBERT-stopwords-raw","ClinicalBERT","stopwords_raw",0.99,10,3,0.669,0.285,0.4,0.25,399
"10_9","ClinicalBERT-stopwords-raw","ClinicalBERT","stopwords_raw",0.99,10,4,0.567,0.344,0.428,0.272,568
"10_9","ClinicalBERT-stopwords-raw","ClinicalBERT","stopwords_raw",0.99,15,1,0.57,0.334,0.421,0.267,549
"10_9","ClinicalBERT-stopwords-raw","ClinicalBERT","stopwords_raw",0.99,15,2,0.58,0.202,0.3,0.176,326
"10_9","ClinicalBERT-stopwords-raw","ClinicalBERT","stopwords_raw",0.99,15,3,0.662,0.295,0.408,0.256,417
"10_9","ClinicalBERT-stopwords-raw","ClinicalBERT","stopwords_raw",0.99,15,4,0.564,0.346,0.429,0.273,574
"10_9","ClinicalBERT-stopwords-raw","ClinicalBERT","stopwords_raw",0.99,20,1,0.571,0.337,0.424,0.269,553
"10_9","ClinicalBERT-stopwords-raw","ClinicalBERT","stopwords_raw",0.99,20,2,0.575,0.204,0.301,0.177,332
"10_9","ClinicalBERT-stopwords-raw","ClinicalBERT","stopwords_raw",0.99,20,3,0.663,0.304,0.417,0.263,430
"10_9","ClinicalBERT-stopwords-raw","ClinicalBERT","stopwords_raw",0.99,20,4,0.564,0.351,0.433,0.276,583
"10_9","ClinicalBERT-stopwords-raw","ClinicalBERT","stopwords_raw",0.99,25,1,0.572,0.338,0.425,0.27,554
"10_9","ClinicalBERT-stopwords-raw","ClinicalBERT","stopwords_raw",0.99,25,2,0.573,0.205,0.302,0.178,335
"10_9","ClinicalBERT-stopwords-raw","ClinicalBERT","stopwords_raw",0.99,25,3,0.661,0.308,0.42,0.266,437
"10_9","ClinicalBERT-stopwords-raw","ClinicalBERT","stopwords_raw",0.99,25,4,0.564,0.353,0.434,0.277,587
"10_9","ClinicalBERT-stopwords-raw","ClinicalBERT","stopwords_raw",0.99,30,1,0.572,0.338,0.425,0.27,554
"10_9","ClinicalBERT-stopwords-raw","ClinicalBERT","stopwords_raw",0.99,30,2,0.56,0.205,0.3,0.176,343
"10_9","ClinicalBERT-stopwords-raw","ClinicalBERT","stopwords_raw",0.99,30,3,0.652,0.312,0.422,0.267,448
"10_9","ClinicalBERT-stopwords-raw","ClinicalBERT","stopwords_raw",0.99,30,4,0.556,0.353,0.432,0.276,595
"10_9","ClinicalBERT-stopwords-raw","ClinicalBERT","stopwords_raw",0.995,3,1,0.584,0.313,0.408,0.256,502
"10_9","ClinicalBERT-stopwords-raw","ClinicalBERT","stopwords_raw",0.995,3,2,0.602,0.171,0.266,0.153,266
"10_9","ClinicalBERT-stopwords-raw","ClinicalBERT","stopwords_raw",0.995,3,3,0.672,0.24,0.354,0.215,335
"10_9","ClinicalBERT-stopwords-raw","ClinicalBERT","stopwords_raw",0.995,3,4,0.585,0.316,0.41,0.258,506
"10_9","ClinicalBERT-stopwords-raw","ClinicalBERT","stopwords_raw",0.995,5,1,0.585,0.323,0.416,0.263,518
"10_9","ClinicalBERT-stopwords-raw","ClinicalBERT","stopwords_raw",0.995,5,2,0.602,0.171,0.266,0.153,266
"10_9","ClinicalBERT-stopwords-raw","ClinicalBERT","stopwords_raw",0.995,5,3,0.673,0.259,0.374,0.23,361
"10_9","ClinicalBERT-stopwords-raw","ClinicalBERT","stopwords_raw",0.995,5,4,0.586,0.327,0.42,0.265,522
"10_9","ClinicalBERT-stopwords-raw","ClinicalBERT","stopwords_raw",0.995,10,1,0.582,0.324,0.416,0.263,522
"10_9","ClinicalBERT-stopwords-raw","ClinicalBERT","stopwords_raw",0.995,10,2,0.596,0.173,0.268,0.155,272
"10_9","ClinicalBERT-stopwords-raw","ClinicalBERT","stopwords_raw",0.995,10,3,0.672,0.277,0.392,0.244,387
"10_9","ClinicalBERT-stopwords-raw","ClinicalBERT","stopwords_raw",0.995,10,4,0.581,0.33,0.421,0.266,532
"10_9","ClinicalBERT-stopwords-raw","ClinicalBERT","stopwords_raw",0.995,15,1,0.583,0.326,0.418,0.264,523
"10_9","ClinicalBERT-stopwords-raw","ClinicalBERT","stopwords_raw",0.995,15,2,0.595,0.174,0.269,0.156,274
"10_9","ClinicalBERT-stopwords-raw","ClinicalBERT","stopwords_raw",0.995,15,3,0.669,0.287,0.402,0.251,402
"10_9","ClinicalBERT-stopwords-raw","ClinicalBERT","stopwords_raw",0.995,15,4,0.581,0.332,0.423,0.268,535
"10_9","ClinicalBERT-stopwords-raw","ClinicalBERT","stopwords_raw",0.995,20,1,0.584,0.329,0.421,0.266,527
"10_9","ClinicalBERT-stopwords-raw","ClinicalBERT","stopwords_raw",0.995,20,2,0.591,0.174,0.269,0.155,276
"10_9","ClinicalBERT-stopwords-raw","ClinicalBERT","stopwords_raw",0.995,20,3,0.669,0.293,0.408,0.256,411
"10_9","ClinicalBERT-stopwords-raw","ClinicalBERT","stopwords_raw",0.995,20,4,0.58,0.335,0.425,0.27,541
"10_9","ClinicalBERT-stopwords-raw","ClinicalBERT","stopwords_raw",0.995,25,1,0.585,0.33,0.422,0.267,528
"10_9","ClinicalBERT-stopwords-raw","ClinicalBERT","stopwords_raw",0.995,25,2,0.588,0.174,0.269,0.155,277
"10_9","ClinicalBERT-stopwords-raw","ClinicalBERT","stopwords_raw",0.995,25,3,0.668,0.297,0.411,0.259,416
"10_9","ClinicalBERT-stopwords-raw","ClinicalBERT","stopwords_raw",0.995,25,4,0.58,0.336,0.426,0.27,543
"10_9","ClinicalBERT-stopwords-raw","ClinicalBERT","stopwords_raw",0.995,30,1,0.585,0.33,0.422,0.267,528
"10_9","ClinicalBERT-stopwords-raw","ClinicalBERT","stopwords_raw",0.995,30,2,0.584,0.174,0.268,0.155,279
"10_9","ClinicalBERT-stopwords-raw","ClinicalBERT","stopwords_raw",0.995,30,3,0.667,0.3,0.414,0.261,421
"10_9","ClinicalBERT-stopwords-raw","ClinicalBERT","stopwords_raw",0.995,30,4,0.578,0.336,0.425,0.27,545
"10_9","ClinicalBERT-stopwords-raw","ClinicalBERT","stopwords_raw",0.999,3,1,0.606,0.308,0.408,0.257,477
"10_9","ClinicalBERT-stopwords-raw","ClinicalBERT","stopwords_raw",0.999,3,2,0.633,0.153,0.246,0.14,226
"10_9","ClinicalBERT-stopwords-raw","ClinicalBERT","stopwords_raw",0.999,3,3,0.671,0.237,0.35,0.212,331
"10_9","ClinicalBERT-stopwords-raw","ClinicalBERT","stopwords_raw",0.999,3,4,0.606,0.308,0.408,0.257,477
"10_9","ClinicalBERT-stopwords-raw","ClinicalBERT","stopwords_raw",0.999,5,1,0.606,0.319,0.418,0.264,493
"10_9","ClinicalBERT-stopwords-raw","ClinicalBERT","stopwords_raw",0.999,5,2,0.633,0.153,0.246,0.14,226
"10_9","ClinicalBERT-stopwords-raw","ClinicalBERT","stopwords_raw",0.999,5,3,0.671,0.255,0.37,0.227,356
"10_9","ClinicalBERT-stopwords-raw","ClinicalBERT","stopwords_raw",0.999,5,4,0.606,0.319,0.418,0.264,493
"10_9","ClinicalBERT-stopwords-raw","ClinicalBERT","stopwords_raw",0.999,10,1,0.604,0.32,0.418,0.265,497
"10_9","ClinicalBERT-stopwords-raw","ClinicalBERT","stopwords_raw",0.999,10,2,0.634,0.154,0.248,0.141,227
"10_9","ClinicalBERT-stopwords-raw","ClinicalBERT","stopwords_raw",0.999,10,3,0.676,0.272,0.388,0.241,377
"10_9","ClinicalBERT-stopwords-raw","ClinicalBERT","stopwords_raw",0.999,10,4,0.604,0.321,0.419,0.265,498
"10_9","ClinicalBERT-stopwords-raw","ClinicalBERT","stopwords_raw",0.999,15,1,0.604,0.321,0.419,0.265,498
"10_9","ClinicalBERT-stopwords-raw","ClinicalBERT","stopwords_raw",0.999,15,2,0.636,0.155,0.249,0.142,228
"10_9","ClinicalBERT-stopwords-raw","ClinicalBERT","stopwords_raw",0.999,15,3,0.679,0.282,0.398,0.249,389
"10_9","ClinicalBERT-stopwords-raw","ClinicalBERT","stopwords_raw",0.999,15,4,0.606,0.323,0.421,0.267,500
"10_9","ClinicalBERT-stopwords-raw","ClinicalBERT","stopwords_raw",0.999,20,1,0.606,0.324,0.422,0.268,502
"10_9","ClinicalBERT-stopwords-raw","ClinicalBERT","stopwords_raw",0.999,20,2,0.633,0.155,0.249,0.142,229
"10_9","ClinicalBERT-stopwords-raw","ClinicalBERT","stopwords_raw",0.999,20,3,0.679,0.287,0.403,0.253,396
"10_9","ClinicalBERT-stopwords-raw","ClinicalBERT","stopwords_raw",0.999,20,4,0.606,0.327,0.425,0.269,505
"10_9","ClinicalBERT-stopwords-raw","ClinicalBERT","stopwords_raw",0.999,25,1,0.606,0.326,0.424,0.269,503
"10_9","ClinicalBERT-stopwords-raw","ClinicalBERT","stopwords_raw",0.999,25,2,0.633,0.155,0.249,0.142,229
"10_9","ClinicalBERT-stopwords-raw","ClinicalBERT","stopwords_raw",0.999,25,3,0.68,0.29,0.407,0.255,400
"10_9","ClinicalBERT-stopwords-raw","ClinicalBERT","stopwords_raw",0.999,25,4,0.607,0.328,0.426,0.27,506
"10_9","ClinicalBERT-stopwords-raw","ClinicalBERT","stopwords_raw",0.999,30,1,0.606,0.326,0.424,0.269,503
"10_9","ClinicalBERT-stopwords-raw","ClinicalBERT","stopwords_raw",0.999,30,2,0.633,0.155,0.249,0.142,229
"10_9","ClinicalBERT-stopwords-raw","ClinicalBERT","stopwords_raw",0.999,30,3,0.682,0.293,0.41,0.258,403
"10_9","ClinicalBERT-stopwords-raw","ClinicalBERT","stopwords_raw",0.999,30,4,0.607,0.328,0.426,0.27,506
"8_9","ClinicalBERT-stopwords-raw","ClinicalBERT","stopwords_raw",0.95,3,1,0.533,0.761,0.627,0.457,473
"8_9","ClinicalBERT-stopwords-raw","ClinicalBERT","stopwords_raw",0.95,3,2,0.498,0.737,0.594,0.423,490
"8_9","ClinicalBERT-stopwords-raw","ClinicalBERT","stopwords_raw",0.95,3,3,0.633,0.698,0.664,0.497,365
"8_9","ClinicalBERT-stopwords-raw","ClinicalBERT","stopwords_raw",0.95,3,4,0.478,0.795,0.597,0.426,550
"8_9","ClinicalBERT-stopwords-raw","ClinicalBERT","stopwords_raw",0.95,5,1,0.532,0.761,0.626,0.456,474
"8_9","ClinicalBERT-stopwords-raw","ClinicalBERT","stopwords_raw",0.95,5,2,0.462,0.74,0.569,0.398,530
"8_9","ClinicalBERT-stopwords-raw","ClinicalBERT","stopwords_raw",0.95,5,3,0.571,0.716,0.635,0.466,415
"8_9","ClinicalBERT-stopwords-raw","ClinicalBERT","stopwords_raw",0.95,5,4,0.447,0.798,0.573,0.401,591
"8_9","ClinicalBERT-stopwords-raw","ClinicalBERT","stopwords_raw",0.95,10,1,0.528,0.761,0.623,0.453,477
"8_9","ClinicalBERT-stopwords-raw","ClinicalBERT","stopwords_raw",0.95,10,2,0.408,0.746,0.528,0.358,606
"8_9","ClinicalBERT-stopwords-raw","ClinicalBERT","stopwords_raw",0.95,10,3,0.486,0.734,0.585,0.413,500
"8_9","ClinicalBERT-stopwords-raw","ClinicalBERT","stopwords_raw",0.95,10,4,0.399,0.804,0.533,0.363,667
"8_9","ClinicalBERT-stopwords-raw","ClinicalBERT","stopwords_raw",0.95,15,1,0.527,0.761,0.623,0.452,478
"8_9","ClinicalBERT-stopwords-raw","ClinicalBERT","stopwords_raw",0.95,15,2,0.382,0.746,0.505,0.338,647
"8_9","ClinicalBERT-stopwords-raw","ClinicalBERT","stopwords_raw",0.95,15,3,0.449,0.737,0.558,0.387,543
"8_9","ClinicalBERT-stopwords-raw","ClinicalBERT","stopwords_raw",0.95,15,4,0.376,0.804,0.512,0.344,708
"8_9","ClinicalBERT-stopwords-raw","ClinicalBERT","stopwords_raw",0.95,20,1,0.527,0.761,0.623,0.452,478
"8_9","ClinicalBERT-stopwords-raw","ClinicalBERT","stopwords_raw",0.95,20,2,0.366,0.746,0.491,0.325,675
"8_9","ClinicalBERT-stopwords-raw","ClinicalBERT","stopwords_raw",0.95,20,3,0.426,0.74,0.541,0.371,575
"8_9","ClinicalBERT-stopwords-raw","ClinicalBERT","stopwords_raw",0.95,20,4,0.361,0.804,0.498,0.332,736
"8_9","ClinicalBERT-stopwords-raw","ClinicalBERT","stopwords_raw",0.95,25,1,0.527,0.761,0.623,0.452,478
"8_9","ClinicalBERT-stopwords-raw","ClinicalBERT","stopwords_raw",0.95,25,2,0.349,0.746,0.476,0.312,708
"8_9","ClinicalBERT-stopwords-raw","ClinicalBERT","stopwords_raw",0.95,25,3,0.4,0.74,0.519,0.351,612
"8_9","ClinicalBERT-stopwords-raw","ClinicalBERT","stopwords_raw",0.95,25,4,0.346,0.804,0.484,0.319,769
"8_9","ClinicalBERT-stopwords-raw","ClinicalBERT","stopwords_raw",0.95,30,1,0.527,0.761,0.623,0.452,478
"8_9","ClinicalBERT-stopwords-raw","ClinicalBERT","stopwords_raw",0.95,30,2,0.337,0.746,0.464,0.302,734
"8_9","ClinicalBERT-stopwords-raw","ClinicalBERT","stopwords_raw",0.95,30,3,0.383,0.74,0.505,0.337,640
"8_9","ClinicalBERT-stopwords-raw","ClinicalBERT","stopwords_raw",0.95,30,4,0.335,0.804,0.473,0.309,795
"8_9","ClinicalBERT-stopwords-raw","ClinicalBERT","stopwords_raw",0.99,3,1,0.575,0.752,0.652,0.483,433
"8_9","ClinicalBERT-stopwords-raw","ClinicalBERT","stopwords_raw",0.99,3,2,0.604,0.598,0.601,0.43,328
"8_9","ClinicalBERT-stopwords-raw","ClinicalBERT","stopwords_raw",0.99,3,3,0.756,0.674,0.713,0.553,295
"8_9","ClinicalBERT-stopwords-raw","ClinicalBERT","stopwords_raw",0.99,3,4,0.571,0.761,0.652,0.485,441
"8_9","ClinicalBERT-stopwords-raw","ClinicalBERT","stopwords_raw",0.99,5,1,0.574,0.752,0.651,0.483,434
"8_9","ClinicalBERT-stopwords-raw","ClinicalBERT","stopwords_raw",0.99,5,2,0.598,0.598,0.598,0.427,331
"8_9","ClinicalBERT-stopwords-raw","ClinicalBERT","stopwords_raw",0.99,5,3,0.743,0.689,0.715,0.556,307
"8_9","ClinicalBERT-stopwords-raw","ClinicalBERT","stopwords_raw",0.99,5,4,0.566,0.761,0.649,0.481,445
"8_9","ClinicalBERT-stopwords-raw","ClinicalBERT","stopwords_raw",0.99,10,1,0.57,0.752,0.648,0.48,437
"8_9","ClinicalBERT-stopwords-raw","ClinicalBERT","stopwords_raw",0.99,10,2,0.596,0.598,0.597,0.426,332
"8_9","ClinicalBERT-stopwords-raw","ClinicalBERT","stopwords_raw",0.99,10,3,0.73,0.701,0.715,0.556,318
"8_9","ClinicalBERT-stopwords-raw","ClinicalBERT","stopwords_raw",0.99,10,4,0.561,0.761,0.646,0.477,449
"8_9","ClinicalBERT-stopwords-raw","ClinicalBERT","stopwords_raw",0.99,15,1,0.568,0.752,0.647,0.479,438
"8_9","ClinicalBERT-stopwords-raw","ClinicalBERT","stopwords_raw",0.99,15,2,0.596,0.598,0.597,0.426,332
"8_9","ClinicalBERT-stopwords-raw","ClinicalBERT","stopwords_raw",0.99,15,3,0.726,0.704,0.715,0.556,321
"8_9","ClinicalBERT-stopwords-raw","ClinicalBERT","stopwords_raw",0.99,15,4,0.56,0.761,0.645,0.476,450
"8_9","ClinicalBERT-stopwords-raw","ClinicalBERT","stopwords_raw",0.99,20,1,0.568,0.752,0.647,0.479,438
"8_9","ClinicalBERT-stopwords-raw","ClinicalBERT","stopwords_raw",0.99,20,2,0.593,0.598,0.595,0.424,334
"8_9","ClinicalBERT-stopwords-raw","ClinicalBERT","stopwords_raw",0.99,20,3,0.715,0.704,0.709,0.55,326
"8_9","ClinicalBERT-stopwords-raw","ClinicalBERT","stopwords_raw",0.99,20,4,0.558,0.761,0.644,0.475,452
"8_9","ClinicalBERT-stopwords-raw","ClinicalBERT","stopwords_raw",0.99,25,1,0.568,0.752,0.647,0.479,438
"8_9","ClinicalBERT-stopwords-raw","ClinicalBERT","stopwords_raw",0.99,25,2,0.589,0.598,0.593,0.422,336
"8_9","ClinicalBERT-stopwords-raw","ClinicalBERT","stopwords_raw",0.99,25,3,0.704,0.704,0.704,0.543,331
"8_9","ClinicalBERT-stopwords-raw","ClinicalBERT","stopwords_raw",0.99,25,4,0.555,0.761,0.642,0.473,454
"8_9","ClinicalBERT-stopwords-raw","ClinicalBERT","stopwords_raw",0.99,30,1,0.568,0.752,0.647,0.479,438
"8_9","ClinicalBERT-stopwords-raw","ClinicalBERT","stopwords_raw",0.99,30,2,0.584,0.598,0.591,0.419,339
"8_9","ClinicalBERT-stopwords-raw","ClinicalBERT","stopwords_raw",0.99,30,3,0.693,0.704,0.698,0.537,336
"8_9","ClinicalBERT-stopwords-raw","ClinicalBERT","stopwords_raw",0.99,30,4,0.551,0.761,0.639,0.47,457
"8_9","ClinicalBERT-stopwords-raw","ClinicalBERT","stopwords_raw",0.995,3,1,0.589,0.749,0.659,0.492,421
"8_9","ClinicalBERT-stopwords-raw","ClinicalBERT","stopwords_raw",0.995,3,2,0.622,0.571,0.595,0.424,304
"8_9","ClinicalBERT-stopwords-raw","ClinicalBERT","stopwords_raw",0.995,3,3,0.764,0.665,0.711,0.551,288
"8_9","ClinicalBERT-stopwords-raw","ClinicalBERT","stopwords_raw",0.995,3,4,0.589,0.752,0.661,0.493,423
"8_9","ClinicalBERT-stopwords-raw","ClinicalBERT","stopwords_raw",0.995,5,1,0.588,0.749,0.659,0.491,422
"8_9","ClinicalBERT-stopwords-raw","ClinicalBERT","stopwords_raw",0.995,5,2,0.616,0.571,0.593,0.421,307
"8_9","ClinicalBERT-stopwords-raw","ClinicalBERT","stopwords_raw",0.995,5,3,0.75,0.68,0.713,0.554,300
"8_9","ClinicalBERT-stopwords-raw","ClinicalBERT","stopwords_raw",0.995,5,4,0.583,0.752,0.657,0.489,427
"8_9","ClinicalBERT-stopwords-raw","ClinicalBERT","stopwords_raw",0.995,10,1,0.584,0.749,0.656,0.488,425
"8_9","ClinicalBERT-stopwords-raw","ClinicalBERT","stopwords_raw",0.995,10,2,0.616,0.571,0.593,0.421,307
"8_9","ClinicalBERT-stopwords-raw","ClinicalBERT","stopwords_raw",0.995,10,3,0.739,0.692,0.715,0.556,310
"8_9","ClinicalBERT-stopwords-raw","ClinicalBERT","stopwords_raw",0.995,10,4,0.579,0.752,0.654,0.486,430
"8_9","ClinicalBERT-stopwords-raw","ClinicalBERT","stopwords_raw",0.995,15,1,0.582,0.749,0.655,0.487,426
"8_9","ClinicalBERT-stopwords-raw","ClinicalBERT","stopwords_raw",0.995,15,2,0.616,0.571,0.593,0.421,307
"8_9","ClinicalBERT-stopwords-raw","ClinicalBERT","stopwords_raw",0.995,15,3,0.735,0.695,0.714,0.556,313
"8_9","ClinicalBERT-stopwords-raw","ClinicalBERT","stopwords_raw",0.995,15,4,0.578,0.752,0.654,0.485,431
"8_9","ClinicalBERT-stopwords-raw","ClinicalBERT","stopwords_raw",0.995,20,1,0.582,0.749,0.655,0.487,426
"8_9","ClinicalBERT-stopwords-raw","ClinicalBERT","stopwords_raw",0.995,20,2,0.612,0.571,0.591,0.419,309
"8_9","ClinicalBERT-stopwords-raw","ClinicalBERT","stopwords_raw",0.995,20,3,0.723,0.695,0.709,0.549,318
"8_9","ClinicalBERT-stopwords-raw","ClinicalBERT","stopwords_raw",0.995,20,4,0.575,0.752,0.652,0.483,433
"8_9","ClinicalBERT-stopwords-raw","ClinicalBERT","stopwords_raw",0.995,25,1,0.582,0.749,0.655,0.487,426
"8_9","ClinicalBERT-stopwords-raw","ClinicalBERT","stopwords_raw",0.995,25,2,0.612,0.571,0.591,0.419,309
"8_9","ClinicalBERT-stopwords-raw","ClinicalBERT","stopwords_raw",0.995,25,3,0.717,0.695,0.706,0.545,321
"8_9","ClinicalBERT-stopwords-raw","ClinicalBERT","stopwords_raw",0.995,25,4,0.575,0.752,0.652,0.483,433
"8_9","ClinicalBERT-stopwords-raw","ClinicalBERT","stopwords_raw",0.995,30,1,0.582,0.749,0.655,0.487,426
"8_9","ClinicalBERT-stopwords-raw","ClinicalBERT","stopwords_raw",0.995,30,2,0.608,0.571,0.589,0.417,311
"8_9","ClinicalBERT-stopwords-raw","ClinicalBERT","stopwords_raw",0.995,30,3,0.71,0.695,0.702,0.541,324
"8_9","ClinicalBERT-stopwords-raw","ClinicalBERT","stopwords_raw",0.995,30,4,0.572,0.752,0.65,0.482,435
"8_9","ClinicalBERT-stopwords-raw","ClinicalBERT","stopwords_raw",0.999,3,1,0.599,0.743,0.663,0.496,411
"8_9","ClinicalBERT-stopwords-raw","ClinicalBERT","stopwords_raw",0.999,3,2,0.634,0.55,0.589,0.417,287
"8_9","ClinicalBERT-stopwords-raw","ClinicalBERT","stopwords_raw",0.999,3,3,0.766,0.662,0.71,0.55,286
"8_9","ClinicalBERT-stopwords-raw","ClinicalBERT","stopwords_raw",0.999,3,4,0.599,0.743,0.663,0.496,411
"8_9","ClinicalBERT-stopwords-raw","ClinicalBERT","stopwords_raw",0.999,5,1,0.597,0.743,0.662,0.495,412
"8_9","ClinicalBERT-stopwords-raw","ClinicalBERT","stopwords_raw",0.999,5,2,0.634,0.55,0.589,0.417,287
"8_9","ClinicalBERT-stopwords-raw","ClinicalBERT","stopwords_raw",0.999,5,3,0.759,0.677,0.716,0.557,295
"8_9","ClinicalBERT-stopwords-raw","ClinicalBERT","stopwords_raw",0.999,5,4,0.597,0.743,0.662,0.495,412
"8_9","ClinicalBERT-stopwords-raw","ClinicalBERT","stopwords_raw",0.999,10,1,0.593,0.743,0.66,0.492,415
"8_9","ClinicalBERT-stopwords-raw","ClinicalBERT","stopwords_raw",0.999,10,2,0.634,0.55,0.589,0.417,287
"8_9","ClinicalBERT-stopwords-raw","ClinicalBERT","stopwords_raw",0.999,10,3,0.748,0.689,0.717,0.559,305
"8_9","ClinicalBERT-stopwords-raw","ClinicalBERT","stopwords_raw",0.999,10,4,0.593,0.743,0.66,0.492,415
"8_9","ClinicalBERT-stopwords-raw","ClinicalBERT","stopwords_raw",0.999,15,1,0.591,0.743,0.658,0.491,416
"8_9","ClinicalBERT-stopwords-raw","ClinicalBERT","stopwords_raw",0.999,15,2,0.634,0.55,0.589,0.417,287
"8_9","ClinicalBERT-stopwords-raw","ClinicalBERT","stopwords_raw",0.999,15,3,0.744,0.692,0.717,0.559,308
"8_9","ClinicalBERT-stopwords-raw","ClinicalBERT","stopwords_raw",0.999,15,4,0.591,0.743,0.658,0.491,416
"8_9","ClinicalBERT-stopwords-raw","ClinicalBERT","stopwords_raw",0.999,20,1,0.591,0.743,0.658,0.491,416
"8_9","ClinicalBERT-stopwords-raw","ClinicalBERT","stopwords_raw",0.999,20,2,0.634,0.55,0.589,0.417,287
"8_9","ClinicalBERT-stopwords-raw","ClinicalBERT","stopwords_raw",0.999,20,3,0.739,0.692,0.715,0.556,310
"8_9","ClinicalBERT-stopwords-raw","ClinicalBERT","stopwords_raw",0.999,20,4,0.591,0.743,0.658,0.491,416
"8_9","ClinicalBERT-stopwords-raw","ClinicalBERT","stopwords_raw",0.999,25,1,0.591,0.743,0.658,0.491,416
"8_9","ClinicalBERT-stopwords-raw","ClinicalBERT","stopwords_raw",0.999,25,2,0.634,0.55,0.589,0.417,287
"8_9","ClinicalBERT-stopwords-raw","ClinicalBERT","stopwords_raw",0.999,25,3,0.732,0.692,0.711,0.552,313
"8_9","ClinicalBERT-stopwords-raw","ClinicalBERT","stopwords_raw",0.999,25,4,0.591,0.743,0.658,0.491,416
"8_9","ClinicalBERT-stopwords-raw","ClinicalBERT","stopwords_raw",0.999,30,1,0.591,0.743,0.658,0.491,416
"8_9","ClinicalBERT-stopwords-raw","ClinicalBERT","stopwords_raw",0.999,30,2,0.634,0.55,0.589,0.417,287
"8_9","ClinicalBERT-stopwords-raw","ClinicalBERT","stopwords_raw",0.999,30,3,0.729,0.692,0.71,0.55,314
"8_9","ClinicalBERT-stopwords-raw","ClinicalBERT","stopwords_raw",0.999,30,4,0.591,0.743,0.658,0.491,416
"10_9","ClinicalBERT-stripped","ClinicalBERT","stripped",0.95,3,1,0.526,0.333,0.408,0.256,593
"10_9","ClinicalBERT-stripped","ClinicalBERT","stripped",0.95,3,2,0.505,0.303,0.379,0.234,562
"10_9","ClinicalBERT-stripped","ClinicalBERT","stripped",0.95,3,3,0.593,0.266,0.367,0.225,420
"10_9","ClinicalBERT-stripped","ClinicalBERT","stripped",0.95,3,4,0.494,0.36,0.416,0.263,682
"10_9","ClinicalBERT-stripped","ClinicalBERT","stripped",0.95,5,1,0.528,0.343,0.416,0.262,608
"10_9","ClinicalBERT-stripped","ClinicalBERT","stripped",0.95,5,2,0.466,0.324,0.382,0.236,653
"10_9","ClinicalBERT-stripped","ClinicalBERT","stripped",0.95,5,3,0.534,0.302,0.386,0.239,530
"10_9","ClinicalBERT-stripped","ClinicalBERT","stripped",0.95,5,4,0.464,0.386,0.421,0.267,781
"10_9","ClinicalBERT-stripped","ClinicalBERT","stripped",0.95,10,1,0.526,0.344,0.416,0.262,612
"10_9","ClinicalBERT-stripped","ClinicalBERT","stripped",0.95,10,2,0.403,0.353,0.376,0.232,821
"10_9","ClinicalBERT-stripped","ClinicalBERT","stripped",0.95,10,3,0.453,0.349,0.394,0.245,722
"10_9","ClinicalBERT-stripped","ClinicalBERT","stripped",0.95,10,4,0.409,0.415,0.412,0.259,952
"10_9","ClinicalBERT-stripped","ClinicalBERT","stripped",0.95,15,1,0.527,0.345,0.417,0.263,613
"10_9","ClinicalBERT-stripped","ClinicalBERT","stripped",0.95,15,2,0.376,0.372,0.374,0.23,929
"10_9","ClinicalBERT-stripped","ClinicalBERT","stripped",0.95,15,3,0.418,0.376,0.396,0.246,843
"10_9","ClinicalBERT-stripped","ClinicalBERT","stripped",0.95,15,4,0.384,0.434,0.407,0.256,1060
"10_9","ClinicalBERT-stripped","ClinicalBERT","stripped",0.95,20,1,0.528,0.348,0.42,0.265,617
"10_9","ClinicalBERT-stripped","ClinicalBERT","stripped",0.95,20,2,0.356,0.385,0.37,0.227,1014
"10_9","ClinicalBERT-stripped","ClinicalBERT","stripped",0.95,20,3,0.395,0.394,0.394,0.246,933
"10_9","ClinicalBERT-stripped","ClinicalBERT","stripped",0.95,20,4,0.366,0.448,0.403,0.253,1146
"10_9","ClinicalBERT-stripped","ClinicalBERT","stripped",0.95,25,1,0.529,0.349,0.421,0.266,618
"10_9","ClinicalBERT-stripped","ClinicalBERT","stripped",0.95,25,2,0.34,0.396,0.366,0.224,1090
"10_9","ClinicalBERT-stripped","ClinicalBERT","stripped",0.95,25,3,0.377,0.408,0.392,0.243,1014
"10_9","ClinicalBERT-stripped","ClinicalBERT","stripped",0.95,25,4,0.352,0.46,0.399,0.249,1223
"10_9","ClinicalBERT-stripped","ClinicalBERT","stripped",0.95,30,1,0.529,0.349,0.421,0.266,618
"10_9","ClinicalBERT-stripped","ClinicalBERT","stripped",0.95,30,2,0.324,0.404,0.36,0.219,1170
"10_9","ClinicalBERT-stripped","ClinicalBERT","stripped",0.95,30,3,0.358,0.419,0.386,0.239,1097
"10_9","ClinicalBERT-stripped","ClinicalBERT","stripped",0.95,30,4,0.337,0.469,0.392,0.244,1303
"10_9","ClinicalBERT-stripped","ClinicalBERT","stripped",0.99,3,1,0.577,0.327,0.417,0.264,530
"10_9","ClinicalBERT-stripped","ClinicalBERT","stripped",0.99,3,2,0.61,0.202,0.303,0.179,310
"10_9","ClinicalBERT-stripped","ClinicalBERT","stripped",0.99,3,3,0.678,0.245,0.36,0.22,339
"10_9","ClinicalBERT-stripped","ClinicalBERT","stripped",0.99,3,4,0.58,0.333,0.423,0.268,538
"10_9","ClinicalBERT-stripped","ClinicalBERT","stripped",0.99,5,1,0.578,0.336,0.425,0.27,545
"10_9","ClinicalBERT-stripped","ClinicalBERT","stripped",0.99,5,2,0.603,0.203,0.304,0.179,315
"10_9","ClinicalBERT-stripped","ClinicalBERT","stripped",0.99,5,3,0.675,0.266,0.382,0.236,369
"10_9","ClinicalBERT-stripped","ClinicalBERT","stripped",0.99,5,4,0.577,0.344,0.431,0.275,558
"10_9","ClinicalBERT-stripped","ClinicalBERT","stripped",0.99,10,1,0.576,0.337,0.425,0.27,549
"10_9","ClinicalBERT-stripped","ClinicalBERT","stripped",0.99,10,2,0.596,0.208,0.308,0.182,327
"10_9","ClinicalBERT-stripped","ClinicalBERT","stripped",0.99,10,3,0.668,0.288,0.402,0.252,404
"10_9","ClinicalBERT-stripped","ClinicalBERT","stripped",0.99,10,4,0.571,0.35,0.434,0.277,574
"10_9","ClinicalBERT-stripped","ClinicalBERT","stripped",0.99,15,1,0.576,0.338,0.426,0.271,550
"10_9","ClinicalBERT-stripped","ClinicalBERT","stripped",0.99,15,2,0.59,0.21,0.31,0.183,334
"10_9","ClinicalBERT-stripped","ClinicalBERT","stripped",0.99,15,3,0.664,0.299,0.412,0.259,422
"10_9","ClinicalBERT-stripped","ClinicalBERT","stripped",0.99,15,4,0.569,0.353,0.436,0.279,582
"10_9","ClinicalBERT-stripped","ClinicalBERT","stripped",0.99,20,1,0.578,0.342,0.43,0.273,554
"10_9","ClinicalBERT-stripped","ClinicalBERT","stripped",0.99,20,2,0.583,0.213,0.312,0.185,343
"10_9","ClinicalBERT-stripped","ClinicalBERT","stripped",0.99,20,3,0.662,0.309,0.421,0.267,438
"10_9","ClinicalBERT-stripped","ClinicalBERT","stripped",0.99,20,4,0.567,0.36,0.44,0.282,594
"10_9","ClinicalBERT-stripped","ClinicalBERT","stripped",0.99,25,1,0.578,0.343,0.431,0.274,555
"10_9","ClinicalBERT-stripped","ClinicalBERT","stripped",0.99,25,2,0.582,0.216,0.315,0.187,347
"10_9","ClinicalBERT-stripped","ClinicalBERT","stripped",0.99,25,3,0.66,0.315,0.426,0.271,447
"10_9","ClinicalBERT-stripped","ClinicalBERT","stripped",0.99,25,4,0.568,0.363,0.443,0.284,599
"10_9","ClinicalBERT-stripped","ClinicalBERT","stripped",0.99,30,1,0.578,0.343,0.431,0.274,555
"10_9","ClinicalBERT-stripped","ClinicalBERT","stripped",0.99,30,2,0.569,0.216,0.313,0.185,355
"10_9","ClinicalBERT-stripped","ClinicalBERT","stripped",0.99,30,3,0.651,0.318,0.427,0.272,458
"10_9","ClinicalBERT-stripped","ClinicalBERT","stripped",0.99,30,4,0.56,0.363,0.44,0.282,607
"10_9","ClinicalBERT-stripped","ClinicalBERT","stripped",0.995,3,1,0.591,0.319,0.414,0.261,506
"10_9","ClinicalBERT-stripped","ClinicalBERT","stripped",0.995,3,2,0.614,0.175,0.272,0.158,267
"10_9","ClinicalBERT-stripped","ClinicalBERT","stripped",0.995,3,3,0.677,0.241,0.355,0.216,334
"10_9","ClinicalBERT-stripped","ClinicalBERT","stripped",0.995,3,4,0.592,0.322,0.417,0.264,510
"10_9","ClinicalBERT-stripped","ClinicalBERT","stripped",0.995,5,1,0.591,0.329,0.423,0.268,521
"10_9","ClinicalBERT-stripped","ClinicalBERT","stripped",0.995,5,2,0.607,0.175,0.272,0.157,270
"10_9","ClinicalBERT-stripped","ClinicalBERT","stripped",0.995,5,3,0.674,0.26,0.375,0.231,362
"10_9","ClinicalBERT-stripped","ClinicalBERT","stripped",0.995,5,4,0.589,0.332,0.425,0.269,528
"10_9","ClinicalBERT-stripped","ClinicalBERT","stripped",0.995,10,1,0.589,0.33,0.423,0.268,525
"10_9","ClinicalBERT-stripped","ClinicalBERT","stripped",0.995,10,2,0.605,0.178,0.275,0.16,276
"10_9","ClinicalBERT-stripped","ClinicalBERT","stripped",0.995,10,3,0.673,0.281,0.396,0.247,391
"10_9","ClinicalBERT-stripped","ClinicalBERT","stripped",0.995,10,4,0.586,0.336,0.427,0.272,538
"10_9","ClinicalBERT-stripped","ClinicalBERT","stripped",0.995,15,1,0.589,0.331,0.424,0.269,526
"10_9","ClinicalBERT-stripped","ClinicalBERT","stripped",0.995,15,2,0.602,0.179,0.276,0.16,279
"10_9","ClinicalBERT-stripped","ClinicalBERT","stripped",0.995,15,3,0.672,0.29,0.405,0.254,405
"10_9","ClinicalBERT-stripped","ClinicalBERT","stripped",0.995,15,4,0.585,0.338,0.428,0.273,542
"10_9","ClinicalBERT-stripped","ClinicalBERT","stripped",0.995,20,1,0.591,0.334,0.427,0.271,530
"10_9","ClinicalBERT-stripped","ClinicalBERT","stripped",0.995,20,2,0.599,0.18,0.277,0.161,282
"10_9","ClinicalBERT-stripped","ClinicalBERT","stripped",0.995,20,3,0.671,0.297,0.412,0.259,414
"10_9","ClinicalBERT-stripped","ClinicalBERT","stripped",0.995,20,4,0.585,0.343,0.432,0.276,549
"10_9","ClinicalBERT-stripped","ClinicalBERT","stripped",0.995,25,1,0.591,0.335,0.428,0.272,531
"10_9","ClinicalBERT-stripped","ClinicalBERT","stripped",0.995,25,2,0.597,0.18,0.277,0.161,283
"10_9","ClinicalBERT-stripped","ClinicalBERT","stripped",0.995,25,3,0.669,0.3,0.414,0.261,420
"10_9","ClinicalBERT-stripped","ClinicalBERT","stripped",0.995,25,4,0.584,0.344,0.433,0.276,551
"10_9","ClinicalBERT-stripped","ClinicalBERT","stripped",0.995,30,1,0.591,0.335,0.428,0.272,531
"10_9","ClinicalBERT-stripped","ClinicalBERT","stripped",0.995,30,2,0.591,0.18,0.276,0.16,286
"10_9","ClinicalBERT-stripped","ClinicalBERT","stripped",0.995,30,3,0.667,0.303,0.417,0.263,426
"10_9","ClinicalBERT-stripped","ClinicalBERT","stripped",0.995,30,4,0.581,0.344,0.432,0.275,554
"10_9","ClinicalBERT-stripped","ClinicalBERT","stripped",0.999,3,1,0.612,0.316,0.417,0.263,484
"10_9","ClinicalBERT-stripped","ClinicalBERT","stripped",0.999,3,2,0.642,0.159,0.255,0.146,232
"10_9","ClinicalBERT-stripped","ClinicalBERT","stripped",0.999,3,3,0.676,0.238,0.352,0.214,330
"10_9","ClinicalBERT-stripped","ClinicalBERT","stripped",0.999,3,4,0.612,0.316,0.417,0.263,484
"10_9","ClinicalBERT-stripped","ClinicalBERT","stripped",0.999,5,1,0.611,0.326,0.425,0.27,499
"10_9","ClinicalBERT-stripped","ClinicalBERT","stripped",0.999,5,2,0.642,0.159,0.255,0.146,232
"10_9","ClinicalBERT-stripped","ClinicalBERT","stripped",0.999,5,3,0.678,0.256,0.372,0.228,354
"10_9","ClinicalBERT-stripped","ClinicalBERT","stripped",0.999,5,4,0.611,0.326,0.425,0.27,499
"10_9","ClinicalBERT-stripped","ClinicalBERT","stripped",0.999,10,1,0.608,0.327,0.425,0.27,503
"10_9","ClinicalBERT-stripped","ClinicalBERT","stripped",0.999,10,2,0.641,0.16,0.256,0.147,234
"10_9","ClinicalBERT-stripped","ClinicalBERT","stripped",0.999,10,3,0.678,0.274,0.39,0.243,379
"10_9","ClinicalBERT-stripped","ClinicalBERT","stripped",0.999,10,4,0.608,0.328,0.426,0.27,505
"10_9","ClinicalBERT-stripped","ClinicalBERT","stripped",0.999,15,1,0.609,0.328,0.426,0.271,504
"10_9","ClinicalBERT-stripped","ClinicalBERT","stripped",0.999,15,2,0.643,0.161,0.258,0.148,235
"10_9","ClinicalBERT-stripped","ClinicalBERT","stripped",0.999,15,3,0.68,0.284,0.401,0.25,391
"10_9","ClinicalBERT-stripped","ClinicalBERT","stripped",0.999,15,4,0.609,0.33,0.428,0.272,507
"10_9","ClinicalBERT-stripped","ClinicalBERT","stripped",0.999,20,1,0.61,0.331,0.429,0.273,508
"10_9","ClinicalBERT-stripped","ClinicalBERT","stripped",0.999,20,2,0.64,0.161,0.257,0.148,236
"10_9","ClinicalBERT-stripped","ClinicalBERT","stripped",0.999,20,3,0.681,0.289,0.406,0.255,398
"10_9","ClinicalBERT-stripped","ClinicalBERT","stripped",0.999,20,4,0.609,0.333,0.431,0.274,512
"10_9","ClinicalBERT-stripped","ClinicalBERT","stripped",0.999,25,1,0.611,0.332,0.43,0.274,509
"10_9","ClinicalBERT-stripped","ClinicalBERT","stripped",0.999,25,2,0.64,0.161,0.257,0.148,236
"10_9","ClinicalBERT-stripped","ClinicalBERT","stripped",0.999,25,3,0.68,0.292,0.409,0.257,403
"10_9","ClinicalBERT-stripped","ClinicalBERT","stripped",0.999,25,4,0.61,0.334,0.432,0.275,513
"10_9","ClinicalBERT-stripped","ClinicalBERT","stripped",0.999,30,1,0.611,0.332,0.43,0.274,509
"10_9","ClinicalBERT-stripped","ClinicalBERT","stripped",0.999,30,2,0.64,0.161,0.257,0.148,236
"10_9","ClinicalBERT-stripped","ClinicalBERT","stripped",0.999,30,3,0.682,0.296,0.413,0.26,406
"10_9","ClinicalBERT-stripped","ClinicalBERT","stripped",0.999,30,4,0.61,0.334,0.432,0.275,513
"8_9","ClinicalBERT-stripped","ClinicalBERT","stripped",0.95,3,1,0.532,0.752,0.623,0.453,468
"8_9","ClinicalBERT-stripped","ClinicalBERT","stripped",0.95,3,2,0.496,0.722,0.588,0.416,482
"8_9","ClinicalBERT-stripped","ClinicalBERT","stripped",0.95,3,3,0.636,0.698,0.666,0.499,363
"8_9","ClinicalBERT-stripped","ClinicalBERT","stripped",0.95,3,4,0.477,0.782,0.593,0.421,543
"8_9","ClinicalBERT-stripped","ClinicalBERT","stripped",0.95,5,1,0.531,0.752,0.622,0.452,469
"8_9","ClinicalBERT-stripped","ClinicalBERT","stripped",0.95,5,2,0.457,0.725,0.561,0.39,525
"8_9","ClinicalBERT-stripped","ClinicalBERT","stripped",0.95,5,3,0.571,0.716,0.635,0.466,415
"8_9","ClinicalBERT-stripped","ClinicalBERT","stripped",0.95,5,4,0.443,0.785,0.566,0.395,587
"8_9","ClinicalBERT-stripped","ClinicalBERT","stripped",0.95,10,1,0.53,0.752,0.622,0.451,470
"8_9","ClinicalBERT-stripped","ClinicalBERT","stripped",0.95,10,2,0.406,0.728,0.521,0.353,593
"8_9","ClinicalBERT-stripped","ClinicalBERT","stripped",0.95,10,3,0.491,0.731,0.587,0.416,493
"8_9","ClinicalBERT-stripped","ClinicalBERT","stripped",0.95,10,4,0.398,0.789,0.529,0.36,655
"8_9","ClinicalBERT-stripped","ClinicalBERT","stripped",0.95,15,1,0.529,0.752,0.621,0.45,471
"8_9","ClinicalBERT-stripped","ClinicalBERT","stripped",0.95,15,2,0.381,0.728,0.5,0.333,633
"8_9","ClinicalBERT-stripped","ClinicalBERT","stripped",0.95,15,3,0.453,0.731,0.559,0.388,534
"8_9","ClinicalBERT-stripped","ClinicalBERT","stripped",0.95,15,4,0.376,0.789,0.509,0.341,695
"8_9","ClinicalBERT-stripped","ClinicalBERT","stripped",0.95,20,1,0.529,0.752,0.621,0.45,471
"8_9","ClinicalBERT-stripped","ClinicalBERT","stripped",0.95,20,2,0.363,0.728,0.484,0.32,663
"8_9","ClinicalBERT-stripped","ClinicalBERT","stripped",0.95,20,3,0.428,0.734,0.541,0.37,568
"8_9","ClinicalBERT-stripped","ClinicalBERT","stripped",0.95,20,4,0.36,0.789,0.494,0.328,725
"8_9","ClinicalBERT-stripped","ClinicalBERT","stripped",0.95,25,1,0.529,0.752,0.621,0.45,471
"8_9","ClinicalBERT-stripped","ClinicalBERT","stripped",0.95,25,2,0.346,0.728,0.469,0.307,696
"8_9","ClinicalBERT-stripped","ClinicalBERT","stripped",0.95,25,3,0.402,0.734,0.519,0.351,605
"8_9","ClinicalBERT-stripped","ClinicalBERT","stripped",0.95,25,4,0.344,0.789,0.479,0.315,758
"8_9","ClinicalBERT-stripped","ClinicalBERT","stripped",0.95,30,1,0.529,0.752,0.621,0.45,471
"8_9","ClinicalBERT-stripped","ClinicalBERT","stripped",0.95,30,2,0.334,0.728,0.458,0.297,721
"8_9","ClinicalBERT-stripped","ClinicalBERT","stripped",0.95,30,3,0.384,0.734,0.504,0.338,632
"8_9","ClinicalBERT-stripped","ClinicalBERT","stripped",0.95,30,4,0.333,0.789,0.468,0.306,783
"8_9","ClinicalBERT-stripped","ClinicalBERT","stripped",0.99,3,1,0.578,0.746,0.651,0.483,427
"8_9","ClinicalBERT-stripped","ClinicalBERT","stripped",0.99,3,2,0.606,0.586,0.596,0.425,320
"8_9","ClinicalBERT-stripped","ClinicalBERT","stripped",0.99,3,3,0.755,0.671,0.711,0.551,294
"8_9","ClinicalBERT-stripped","ClinicalBERT","stripped",0.99,3,4,0.573,0.749,0.649,0.481,433
"8_9","ClinicalBERT-stripped","ClinicalBERT","stripped",0.99,5,1,0.577,0.746,0.651,0.482,428
"8_9","ClinicalBERT-stripped","ClinicalBERT","stripped",0.99,5,2,0.599,0.586,0.592,0.421,324
"8_9","ClinicalBERT-stripped","ClinicalBERT","stripped",0.99,5,3,0.742,0.686,0.713,0.554,306
"8_9","ClinicalBERT-stripped","ClinicalBERT","stripped",0.99,5,4,0.566,0.749,0.645,0.476,438
"8_9","ClinicalBERT-stripped","ClinicalBERT","stripped",0.99,10,1,0.576,0.746,0.65,0.481,429
"8_9","ClinicalBERT-stripped","ClinicalBERT","stripped",0.99,10,2,0.597,0.586,0.591,0.42,325
"8_9","ClinicalBERT-stripped","ClinicalBERT","stripped",0.99,10,3,0.729,0.698,0.713,0.554,317
"8_9","ClinicalBERT-stripped","ClinicalBERT","stripped",0.99,10,4,0.564,0.749,0.643,0.474,440
"8_9","ClinicalBERT-stripped","ClinicalBERT","stripped",0.99,15,1,0.574,0.746,0.649,0.481,430
"8_9","ClinicalBERT-stripped","ClinicalBERT","stripped",0.99,15,2,0.597,0.586,0.591,0.42,325
"8_9","ClinicalBERT-stripped","ClinicalBERT","stripped",0.99,15,3,0.724,0.698,0.711,0.551,319
"8_9","ClinicalBERT-stripped","ClinicalBERT","stripped",0.99,15,4,0.562,0.749,0.642,0.473,441
"8_9","ClinicalBERT-stripped","ClinicalBERT","stripped",0.99,20,1,0.574,0.746,0.649,0.481,430
"8_9","ClinicalBERT-stripped","ClinicalBERT","stripped",0.99,20,2,0.595,0.586,0.59,0.419,326
"8_9","ClinicalBERT-stripped","ClinicalBERT","stripped",0.99,20,3,0.717,0.698,0.707,0.547,322
"8_9","ClinicalBERT-stripped","ClinicalBERT","stripped",0.99,20,4,0.561,0.749,0.642,0.472,442
"8_9","ClinicalBERT-stripped","ClinicalBERT","stripped",0.99,25,1,0.574,0.746,0.649,0.481,430
"8_9","ClinicalBERT-stripped","ClinicalBERT","stripped",0.99,25,2,0.591,0.586,0.588,0.417,328
"8_9","ClinicalBERT-stripped","ClinicalBERT","stripped",0.99,25,3,0.704,0.698,0.701,0.54,328
"8_9","ClinicalBERT-stripped","ClinicalBERT","stripped",0.99,25,4,0.559,0.749,0.64,0.471,444
"8_9","ClinicalBERT-stripped","ClinicalBERT","stripped",0.99,30,1,0.574,0.746,0.649,0.481,430
"8_9","ClinicalBERT-stripped","ClinicalBERT","stripped",0.99,30,2,0.586,0.586,0.586,0.415,331
"8_9","ClinicalBERT-stripped","ClinicalBERT","stripped",0.99,30,3,0.694,0.698,0.696,0.533,333
"8_9","ClinicalBERT-stripped","ClinicalBERT","stripped",0.99,30,4,0.555,0.749,0.638,0.468,447
"8_9","ClinicalBERT-stripped","ClinicalBERT","stripped",0.995,3,1,0.589,0.746,0.658,0.491,419
"8_9","ClinicalBERT-stripped","ClinicalBERT","stripped",0.995,3,2,0.626,0.577,0.601,0.429,305
"8_9","ClinicalBERT-stripped","ClinicalBERT","stripped",0.995,3,3,0.765,0.668,0.713,0.554,289
"8_9","ClinicalBERT-stripped","ClinicalBERT","stripped",0.995,3,4,0.588,0.746,0.658,0.49,420
"8_9","ClinicalBERT-stripped","ClinicalBERT","stripped",0.995,5,1,0.588,0.746,0.658,0.49,420
"8_9","ClinicalBERT-stripped","ClinicalBERT","stripped",0.995,5,2,0.62,0.577,0.598,0.426,308
"8_9","ClinicalBERT-stripped","ClinicalBERT","stripped",0.995,5,3,0.753,0.683,0.716,0.558,300
"8_9","ClinicalBERT-stripped","ClinicalBERT","stripped",0.995,5,4,0.583,0.746,0.655,0.486,424
"8_9","ClinicalBERT-stripped","ClinicalBERT","stripped",0.995,10,1,0.587,0.746,0.657,0.489,421
"8_9","ClinicalBERT-stripped","ClinicalBERT","stripped",0.995,10,2,0.62,0.577,0.598,0.426,308
"8_9","ClinicalBERT-stripped","ClinicalBERT","stripped",0.995,10,3,0.742,0.695,0.718,0.56,310
"8_9","ClinicalBERT-stripped","ClinicalBERT","stripped",0.995,10,4,0.581,0.746,0.653,0.485,425
"8_9","ClinicalBERT-stripped","ClinicalBERT","stripped",0.995,15,1,0.585,0.746,0.656,0.488,422
"8_9","ClinicalBERT-stripped","ClinicalBERT","stripped",0.995,15,2,0.62,0.577,0.598,0.426,308
"8_9","ClinicalBERT-stripped","ClinicalBERT","stripped",0.995,15,3,0.737,0.695,0.715,0.557,312
"8_9","ClinicalBERT-stripped","ClinicalBERT","stripped",0.995,15,4,0.58,0.746,0.653,0.484,426
"8_9","ClinicalBERT-stripped","ClinicalBERT","stripped",0.995,20,1,0.585,0.746,0.656,0.488,422
"8_9","ClinicalBERT-stripped","ClinicalBERT","stripped",0.995,20,2,0.618,0.577,0.597,0.425,309
"8_9","ClinicalBERT-stripped","ClinicalBERT","stripped",0.995,20,3,0.73,0.695,0.712,0.553,315
"8_9","ClinicalBERT-stripped","ClinicalBERT","stripped",0.995,20,4,0.578,0.746,0.651,0.483,427
"8_9","ClinicalBERT-stripped","ClinicalBERT","stripped",0.995,25,1,0.585,0.746,0.656,0.488,422
"8_9","ClinicalBERT-stripped","ClinicalBERT","stripped",0.995,25,2,0.618,0.577,0.597,0.425,309
"8_9","ClinicalBERT-stripped","ClinicalBERT","stripped",0.995,25,3,0.721,0.695,0.708,0.548,319
"8_9","ClinicalBERT-stripped","ClinicalBERT","stripped",0.995,25,4,0.578,0.746,0.651,0.483,427
"8_9","ClinicalBERT-stripped","ClinicalBERT","stripped",0.995,30,1,0.585,0.746,0.656,0.488,422
"8_9","ClinicalBERT-stripped","ClinicalBERT","stripped",0.995,30,2,0.618,0.577,0.597,0.425,309
"8_9","ClinicalBERT-stripped","ClinicalBERT","stripped",0.995,30,3,0.719,0.695,0.707,0.546,320
"8_9","ClinicalBERT-stripped","ClinicalBERT","stripped",0.995,30,4,0.578,0.746,0.651,0.483,427
"8_9","ClinicalBERT-stripped","ClinicalBERT","stripped",0.999,3,1,0.599,0.743,0.663,0.496,411
"8_9","ClinicalBERT-stripped","ClinicalBERT","stripped",0.999,3,2,0.638,0.559,0.596,0.424,290
"8_9","ClinicalBERT-stripped","ClinicalBERT","stripped",0.999,3,3,0.767,0.668,0.714,0.555,288
"8_9","ClinicalBERT-stripped","ClinicalBERT","stripped",0.999,3,4,0.599,0.743,0.663,0.496,411
"8_9","ClinicalBERT-stripped","ClinicalBERT","stripped",0.999,5,1,0.597,0.743,0.662,0.495,412
"8_9","ClinicalBERT-stripped","ClinicalBERT","stripped",0.999,5,2,0.638,0.559,0.596,0.424,290
"8_9","ClinicalBERT-stripped","ClinicalBERT","stripped",0.999,5,3,0.764,0.683,0.721,0.564,296
"8_9","ClinicalBERT-stripped","ClinicalBERT","stripped",0.999,5,4,0.597,0.743,0.662,0.495,412
"8_9","ClinicalBERT-stripped","ClinicalBERT","stripped",0.999,10,1,0.594,0.743,0.66,0.493,414
"8_9","ClinicalBERT-stripped","ClinicalBERT","stripped",0.999,10,2,0.638,0.559,0.596,0.424,290
"8_9","ClinicalBERT-stripped","ClinicalBERT","stripped",0.999,10,3,0.752,0.695,0.722,0.565,306
"8_9","ClinicalBERT-stripped","ClinicalBERT","stripped",0.999,10,4,0.594,0.743,0.66,0.493,414
"8_9","ClinicalBERT-stripped","ClinicalBERT","stripped",0.999,15,1,0.593,0.743,0.66,0.492,415
"8_9","ClinicalBERT-stripped","ClinicalBERT","stripped",0.999,15,2,0.638,0.559,0.596,0.424,290
"8_9","ClinicalBERT-stripped","ClinicalBERT","stripped",0.999,15,3,0.747,0.695,0.72,0.562,308
"8_9","ClinicalBERT-stripped","ClinicalBERT","stripped",0.999,15,4,0.593,0.743,0.66,0.492,415
"8_9","ClinicalBERT-stripped","ClinicalBERT","stripped",0.999,20,1,0.593,0.743,0.66,0.492,415
"8_9","ClinicalBERT-stripped","ClinicalBERT","stripped",0.999,20,2,0.638,0.559,0.596,0.424,290
"8_9","ClinicalBERT-stripped","ClinicalBERT","stripped",0.999,20,3,0.742,0.695,0.718,0.56,310
"8_9","ClinicalBERT-stripped","ClinicalBERT","stripped",0.999,20,4,0.593,0.743,0.66,0.492,415
"8_9","ClinicalBERT-stripped","ClinicalBERT","stripped",0.999,25,1,0.593,0.743,0.66,0.492,415
"8_9","ClinicalBERT-stripped","ClinicalBERT","stripped",0.999,25,2,0.638,0.559,0.596,0.424,290
"8_9","ClinicalBERT-stripped","ClinicalBERT","stripped",0.999,25,3,0.732,0.695,0.713,0.554,314
"8_9","ClinicalBERT-stripped","ClinicalBERT","stripped",0.999,25,4,0.593,0.743,0.66,0.492,415
"8_9","ClinicalBERT-stripped","ClinicalBERT","stripped",0.999,30,1,0.593,0.743,0.66,0.492,415
"8_9","ClinicalBERT-stripped","ClinicalBERT","stripped",0.999,30,2,0.638,0.559,0.596,0.424,290
"8_9","ClinicalBERT-stripped","ClinicalBERT","stripped",0.999,30,3,0.73,0.695,0.712,0.553,315
"8_9","ClinicalBERT-stripped","ClinicalBERT","stripped",0.999,30,4,0.593,0.743,0.66,0.492,415
"10_9","mpnet-base","mpnet","base",0.95,3,1,0.689,0.395,0.502,0.335,537
"10_9","mpnet-base","mpnet","base",0.95,3,2,0.809,0.317,0.456,0.295,367
"10_9","mpnet-base","mpnet","base",0.95,3,3,0.68,0.256,0.372,0.229,353
"10_9","mpnet-base","mpnet","base",0.95,3,4,0.685,0.397,0.503,0.336,543
"10_9","mpnet-base","mpnet","base",0.95,5,1,0.686,0.403,0.508,0.341,551
"10_9","mpnet-base","mpnet","base",0.95,5,2,0.797,0.322,0.459,0.298,379
"10_9","mpnet-base","mpnet","base",0.95,5,3,0.678,0.287,0.403,0.253,397
"10_9","mpnet-base","mpnet","base",0.95,5,4,0.677,0.411,0.511,0.343,569
"10_9","mpnet-base","mpnet","base",0.95,10,1,0.683,0.406,0.509,0.341,556
"10_9","mpnet-base","mpnet","base",0.95,10,2,0.791,0.335,0.471,0.308,397
"10_9","mpnet-base","mpnet","base",0.95,10,3,0.686,0.324,0.44,0.283,443
"10_9","mpnet-base","mpnet","base",0.95,10,4,0.674,0.426,0.522,0.353,592
"10_9","mpnet-base","mpnet","base",0.95,15,1,0.683,0.406,0.509,0.341,556
"10_9","mpnet-base","mpnet","base",0.95,15,2,0.788,0.337,0.472,0.309,401
"10_9","mpnet-base","mpnet","base",0.95,15,3,0.688,0.338,0.453,0.293,461
"10_9","mpnet-base","mpnet","base",0.95,15,4,0.673,0.428,0.523,0.354,596
"10_9","mpnet-base","mpnet","base",0.95,20,1,0.683,0.408,0.511,0.343,559
"10_9","mpnet-base","mpnet","base",0.95,20,2,0.785,0.339,0.474,0.311,405
"10_9","mpnet-base","mpnet","base",0.95,20,3,0.687,0.349,0.463,0.301,476
"10_9","mpnet-base","mpnet","base",0.95,20,4,0.672,0.432,0.526,0.357,603
"10_9","mpnet-base","mpnet","base",0.95,25,1,0.684,0.409,0.512,0.344,560
"10_9","mpnet-base","mpnet","base",0.95,25,2,0.776,0.34,0.473,0.31,411
"10_9","mpnet-base","mpnet","base",0.95,25,3,0.682,0.355,0.467,0.305,488
"10_9","mpnet-base","mpnet","base",0.95,25,4,0.667,0.434,0.526,0.357,610
"10_9","mpnet-base","mpnet","base",0.95,30,1,0.684,0.409,0.512,0.344,560
"10_9","mpnet-base","mpnet","base",0.95,30,2,0.772,0.343,0.475,0.311,416
"10_9","mpnet-base","mpnet","base",0.95,30,3,0.679,0.361,0.471,0.308,498
"10_9","mpnet-base","mpnet","base",0.95,30,4,0.665,0.436,0.527,0.358,615
"10_9","mpnet-base","mpnet","base",0.99,3,1,0.693,0.395,0.503,0.336,534
"10_9","mpnet-base","mpnet","base",0.99,3,2,0.818,0.297,0.436,0.278,340
"10_9","mpnet-base","mpnet","base",0.99,3,3,0.684,0.254,0.37,0.227,348
"10_9","mpnet-base","mpnet","base",0.99,3,4,0.69,0.395,0.502,0.335,536
"10_9","mpnet-base","mpnet","base",0.99,5,1,0.69,0.403,0.509,0.341,548
"10_9","mpnet-base","mpnet","base",0.99,5,2,0.818,0.298,0.437,0.279,341
"10_9","mpnet-base","mpnet","base",0.99,5,3,0.692,0.281,0.4,0.25,380
"10_9","mpnet-base","mpnet","base",0.99,5,4,0.688,0.404,0.509,0.342,551
"10_9","mpnet-base","mpnet","base",0.99,10,1,0.687,0.406,0.51,0.342,553
"10_9","mpnet-base","mpnet","base",0.99,10,2,0.814,0.299,0.437,0.28,344
"10_9","mpnet-base","mpnet","base",0.99,10,3,0.698,0.306,0.425,0.27,411
"10_9","mpnet-base","mpnet","base",0.99,10,4,0.683,0.408,0.511,0.343,559
"10_9","mpnet-base","mpnet","base",0.99,15,1,0.687,0.406,0.51,0.342,553
"10_9","mpnet-base","mpnet","base",0.99,15,2,0.814,0.3,0.438,0.281,345
"10_9","mpnet-base","mpnet","base",0.99,15,3,0.702,0.319,0.439,0.281,426
"10_9","mpnet-base","mpnet","base",0.99,15,4,0.684,0.409,0.512,0.344,560
"10_9","mpnet-base","mpnet","base",0.99,20,1,0.687,0.408,0.512,0.344,556
"10_9","mpnet-base","mpnet","base",0.99,20,2,0.815,0.301,0.44,0.282,346
"10_9","mpnet-base","mpnet","base",0.99,20,3,0.703,0.329,0.448,0.289,438
"10_9","mpnet-base","mpnet","base",0.99,20,4,0.684,0.412,0.514,0.346,564
"10_9","mpnet-base","mpnet","base",0.99,25,1,0.688,0.409,0.513,0.345,557
"10_9","mpnet-base","mpnet","base",0.99,25,2,0.816,0.302,0.441,0.283,347
"10_9","mpnet-base","mpnet","base",0.99,25,3,0.706,0.335,0.454,0.294,445
"10_9","mpnet-base","mpnet","base",0.99,25,4,0.686,0.414,0.516,0.348,566
"10_9","mpnet-base","mpnet","base",0.99,30,1,0.688,0.409,0.513,0.345,557
"10_9","mpnet-base","mpnet","base",0.99,30,2,0.816,0.302,0.441,0.283,347
"10_9","mpnet-base","mpnet","base",0.99,30,3,0.704,0.338,0.457,0.296,450
"10_9","mpnet-base","mpnet","base",0.99,30,4,0.686,0.414,0.516,0.348,566
"10_9","mpnet-base","mpnet","base",0.995,3,1,0.693,0.395,0.503,0.336,534
"10_9","mpnet-base","mpnet","base",0.995,3,2,0.822,0.296,0.435,0.278,337
"10_9","mpnet-base","mpnet","base",0.995,3,3,0.686,0.254,0.371,0.228,347
"10_9","mpnet-base","mpnet","base",0.995,3,4,0.692,0.395,0.503,0.336,535
"10_9","mpnet-base","mpnet","base",0.995,5,1,0.69,0.403,0.509,0.341,548
"10_9","mpnet-base","mpnet","base",0.995,5,2,0.822,0.297,0.436,0.279,338
"10_9","mpnet-base","mpnet","base",0.995,5,3,0.694,0.281,0.4,0.25,379
"10_9","mpnet-base","mpnet","base",0.995,5,4,0.689,0.404,0.509,0.342,550
"10_9","mpnet-base","mpnet","base",0.995,10,1,0.687,0.406,0.51,0.342,553
"10_9","mpnet-base","mpnet","base",0.995,10,2,0.818,0.297,0.436,0.278,340
"10_9","mpnet-base","mpnet","base",0.995,10,3,0.699,0.305,0.425,0.27,409
"10_9","mpnet-base","mpnet","base",0.995,10,4,0.684,0.407,0.51,0.342,557
"10_9","mpnet-base","mpnet","base",0.995,15,1,0.687,0.406,0.51,0.342,553
"10_9","mpnet-base","mpnet","base",0.995,15,2,0.818,0.297,0.436,0.278,340
"10_9","mpnet-base","mpnet","base",0.995,15,3,0.702,0.317,0.437,0.279,423
"10_9","mpnet-base","mpnet","base",0.995,15,4,0.684,0.407,0.51,0.342,557
"10_9","mpnet-base","mpnet","base",0.995,20,1,0.687,0.408,0.512,0.344,556
"10_9","mpnet-base","mpnet","base",0.995,20,2,0.818,0.297,0.436,0.278,340
"10_9","mpnet-base","mpnet","base",0.995,20,3,0.703,0.326,0.445,0.286,434
"10_9","mpnet-base","mpnet","base",0.995,20,4,0.684,0.409,0.512,0.344,560
"10_9","mpnet-base","mpnet","base",0.995,25,1,0.688,0.409,0.513,0.345,557
"10_9","mpnet-base","mpnet","base",0.995,25,2,0.818,0.297,0.436,0.278,340
"10_9","mpnet-base","mpnet","base",0.995,25,3,0.705,0.331,0.45,0.291,440
"10_9","mpnet-base","mpnet","base",0.995,25,4,0.684,0.41,0.513,0.345,561
"10_9","mpnet-base","mpnet","base",0.995,30,1,0.688,0.409,0.513,0.345,557
"10_9","mpnet-base","mpnet","base",0.995,30,2,0.818,0.297,0.436,0.278,340
"10_9","mpnet-base","mpnet","base",0.995,30,3,0.703,0.334,0.453,0.293,445
"10_9","mpnet-base","mpnet","base",0.995,30,4,0.684,0.41,0.513,0.345,561
"10_9","mpnet-base","mpnet","base",0.999,3,1,0.692,0.394,0.502,0.335,533
"10_9","mpnet-base","mpnet","base",0.999,3,2,0.823,0.293,0.432,0.276,334
"10_9","mpnet-base","mpnet","base",0.999,3,3,0.688,0.254,0.371,0.228,346
"10_9","mpnet-base","mpnet","base",0.999,3,4,0.692,0.394,0.502,0.335,533
"10_9","mpnet-base","mpnet","base",0.999,5,1,0.689,0.402,0.508,0.341,547
"10_9","mpnet-base","mpnet","base",0.999,5,2,0.823,0.293,0.432,0.276,334
"10_9","mpnet-base","mpnet","base",0.999,5,3,0.695,0.28,0.399,0.249,377
"10_9","mpnet-base","mpnet","base",0.999,5,4,0.689,0.402,0.508,0.341,547
"10_9","mpnet-base","mpnet","base",0.999,10,1,0.687,0.404,0.509,0.341,552
"10_9","mpnet-base","mpnet","base",0.999,10,2,0.823,0.293,0.432,0.276,334
"10_9","mpnet-base","mpnet","base",0.999,10,3,0.704,0.304,0.425,0.27,405
"10_9","mpnet-base","mpnet","base",0.999,10,4,0.687,0.404,0.509,0.341,552
"10_9","mpnet-base","mpnet","base",0.999,15,1,0.687,0.404,0.509,0.341,552
"10_9","mpnet-base","mpnet","base",0.999,15,2,0.823,0.293,0.432,0.276,334
"10_9","mpnet-base","mpnet","base",0.999,15,3,0.706,0.316,0.437,0.279,419
"10_9","mpnet-base","mpnet","base",0.999,15,4,0.687,0.404,0.509,0.341,552
"10_9","mpnet-base","mpnet","base",0.999,20,1,0.686,0.407,0.511,0.343,555
"10_9","mpnet-base","mpnet","base",0.999,20,2,0.823,0.293,0.432,0.276,334
"10_9","mpnet-base","mpnet","base",0.999,20,3,0.707,0.324,0.444,0.286,430
"10_9","mpnet-base","mpnet","base",0.999,20,4,0.686,0.407,0.511,0.343,555
"10_9","mpnet-base","mpnet","base",0.999,25,1,0.687,0.408,0.512,0.344,556
"10_9","mpnet-base","mpnet","base",0.999,25,2,0.823,0.293,0.432,0.276,334
"10_9","mpnet-base","mpnet","base",0.999,25,3,0.709,0.33,0.45,0.29,436
"10_9","mpnet-base","mpnet","base",0.999,25,4,0.687,0.408,0.512,0.344,556
"10_9","mpnet-base","mpnet","base",0.999,30,1,0.687,0.408,0.512,0.344,556
"10_9","mpnet-base","mpnet","base",0.999,30,2,0.823,0.293,0.432,0.276,334
"10_9","mpnet-base","mpnet","base",0.999,30,3,0.707,0.333,0.453,0.293,441
"10_9","mpnet-base","mpnet","base",0.999,30,4,0.687,0.408,0.512,0.344,556
"8_9","mpnet-base","mpnet","base",0.95,3,1,0.616,0.804,0.698,0.535,432
"8_9","mpnet-base","mpnet","base",0.95,3,2,0.69,0.74,0.714,0.556,355
"8_9","mpnet-base","mpnet","base",0.95,3,3,0.776,0.701,0.737,0.583,299
"8_9","mpnet-base","mpnet","base",0.95,3,4,0.616,0.81,0.7,0.538,435
"8_9","mpnet-base","mpnet","base",0.95,5,1,0.614,0.804,0.696,0.534,433
"8_9","mpnet-base","mpnet","base",0.95,5,2,0.686,0.74,0.712,0.553,357
"8_9","mpnet-base","mpnet","base",0.95,5,3,0.767,0.716,0.741,0.588,309
"8_9","mpnet-base","mpnet","base",0.95,5,4,0.612,0.81,0.697,0.535,438
"8_9","mpnet-base","mpnet","base",0.95,10,1,0.61,0.804,0.694,0.531,436
"8_9","mpnet-base","mpnet","base",0.95,10,2,0.677,0.74,0.707,0.547,362
"8_9","mpnet-base","mpnet","base",0.95,10,3,0.746,0.728,0.737,0.584,323
"8_9","mpnet-base","mpnet","base",0.95,10,4,0.601,0.81,0.69,0.527,446
"8_9","mpnet-base","mpnet","base",0.95,15,1,0.609,0.804,0.693,0.53,437
"8_9","mpnet-base","mpnet","base",0.95,15,2,0.676,0.749,0.711,0.551,367
"8_9","mpnet-base","mpnet","base",0.95,15,3,0.737,0.737,0.737,0.584,331
"8_9","mpnet-base","mpnet","base",0.95,15,4,0.6,0.819,0.693,0.529,452
"8_9","mpnet-base","mpnet","base",0.95,20,1,0.609,0.804,0.693,0.53,437
"8_9","mpnet-base","mpnet","base",0.95,20,2,0.67,0.749,0.707,0.547,370
"8_9","mpnet-base","mpnet","base",0.95,20,3,0.731,0.74,0.735,0.582,335
"8_9","mpnet-base","mpnet","base",0.95,20,4,0.596,0.819,0.69,0.526,455
"8_9","mpnet-base","mpnet","base",0.95,25,1,0.609,0.804,0.693,0.53,437
"8_9","mpnet-base","mpnet","base",0.95,25,2,0.665,0.749,0.705,0.544,373
"8_9","mpnet-base","mpnet","base",0.95,25,3,0.721,0.74,0.73,0.575,340
"8_9","mpnet-base","mpnet","base",0.95,25,4,0.592,0.819,0.687,0.523,458
"8_9","mpnet-base","mpnet","base",0.95,30,1,0.609,0.804,0.693,0.53,437
"8_9","mpnet-base","mpnet","base",0.95,30,2,0.661,0.749,0.702,0.541,375
"8_9","mpnet-base","mpnet","base",0.95,30,3,0.716,0.74,0.728,0.572,342
"8_9","mpnet-base","mpnet","base",0.95,30,4,0.589,0.819,0.685,0.521,460
"8_9","mpnet-base","mpnet","base",0.99,3,1,0.622,0.801,0.7,0.539,426
"8_9","mpnet-base","mpnet","base",0.99,3,2,0.698,0.713,0.705,0.545,338
"8_9","mpnet-base","mpnet","base",0.99,3,3,0.776,0.692,0.732,0.577,295
"8_9","mpnet-base","mpnet","base",0.99,3,4,0.622,0.801,0.7,0.539,426
"8_9","mpnet-base","mpnet","base",0.99,5,1,0.621,0.801,0.7,0.538,427
"8_9","mpnet-base","mpnet","base",0.99,5,2,0.696,0.713,0.704,0.544,339
"8_9","mpnet-base","mpnet","base",0.99,5,3,0.77,0.707,0.737,0.584,304
"8_9","mpnet-base","mpnet","base",0.99,5,4,0.619,0.801,0.698,0.536,428
"8_9","mpnet-base","mpnet","base",0.99,10,1,0.616,0.801,0.696,0.534,430
"8_9","mpnet-base","mpnet","base",0.99,10,2,0.692,0.713,0.702,0.541,341
"8_9","mpnet-base","mpnet","base",0.99,10,3,0.756,0.719,0.737,0.583,315
"8_9","mpnet-base","mpnet","base",0.99,10,4,0.612,0.801,0.694,0.531,433
"8_9","mpnet-base","mpnet","base",0.99,15,1,0.615,0.801,0.696,0.533,431
"8_9","mpnet-base","mpnet","base",0.99,15,2,0.692,0.713,0.702,0.541,341
"8_9","mpnet-base","mpnet","base",0.99,15,3,0.748,0.719,0.733,0.579,318
"8_9","mpnet-base","mpnet","base",0.99,15,4,0.611,0.801,0.693,0.53,434
"8_9","mpnet-base","mpnet","base",0.99,20,1,0.615,0.801,0.696,0.533,431
"8_9","mpnet-base","mpnet","base",0.99,20,2,0.69,0.713,0.701,0.54,342
"8_9","mpnet-base","mpnet","base",0.99,20,3,0.747,0.722,0.734,0.58,320
"8_9","mpnet-base","mpnet","base",0.99,20,4,0.609,0.801,0.692,0.529,435
"8_9","mpnet-base","mpnet","base",0.99,25,1,0.615,0.801,0.696,0.533,431
"8_9","mpnet-base","mpnet","base",0.99,25,2,0.69,0.713,0.701,0.54,342
"8_9","mpnet-base","mpnet","base",0.99,25,3,0.742,0.722,0.732,0.577,322
"8_9","mpnet-base","mpnet","base",0.99,25,4,0.609,0.801,0.692,0.529,435
"8_9","mpnet-base","mpnet","base",0.99,30,1,0.615,0.801,0.696,0.533,431
"8_9","mpnet-base","mpnet","base",0.99,30,2,0.69,0.713,0.701,0.54,342
"8_9","mpnet-base","mpnet","base",0.99,30,3,0.742,0.722,0.732,0.577,322
"8_9","mpnet-base","mpnet","base",0.99,30,4,0.609,0.801,0.692,0.529,435
"8_9","mpnet-base","mpnet","base",0.995,3,1,0.622,0.801,0.7,0.539,426
"8_9","mpnet-base","mpnet","base",0.995,3,2,0.698,0.713,0.705,0.545,338
"8_9","mpnet-base","mpnet","base",0.995,3,3,0.776,0.692,0.732,0.577,295
"8_9","mpnet-base","mpnet","base",0.995,3,4,0.622,0.801,0.7,0.539,426
"8_9","mpnet-base","mpnet","base",0.995,5,1,0.621,0.801,0.7,0.538,427
"8_9","mpnet-base","mpnet","base",0.995,5,2,0.696,0.713,0.704,0.544,339
"8_9","mpnet-base","mpnet","base",0.995,5,3,0.77,0.707,0.737,0.584,304
"8_9","mpnet-base","mpnet","base",0.995,5,4,0.619,0.801,0.698,0.536,428
"8_9","mpnet-base","mpnet","base",0.995,10,1,0.616,0.801,0.696,0.534,430
"8_9","mpnet-base","mpnet","base",0.995,10,2,0.694,0.713,0.703,0.543,340
"8_9","mpnet-base","mpnet","base",0.995,10,3,0.758,0.719,0.738,0.585,314
"8_9","mpnet-base","mpnet","base",0.995,10,4,0.613,0.801,0.695,0.532,432
"8_9","mpnet-base","mpnet","base",0.995,15,1,0.615,0.801,0.696,0.533,431
"8_9","mpnet-base","mpnet","base",0.995,15,2,0.694,0.713,0.703,0.543,340
"8_9","mpnet-base","mpnet","base",0.995,15,3,0.751,0.719,0.735,0.58,317
"8_9","mpnet-base","mpnet","base",0.995,15,4,0.612,0.801,0.694,0.531,433
"8_9","mpnet-base","mpnet","base",0.995,20,1,0.615,0.801,0.696,0.533,431
"8_9","mpnet-base","mpnet","base",0.995,20,2,0.692,0.713,0.702,0.541,341
"8_9","mpnet-base","mpnet","base",0.995,20,3,0.749,0.722,0.735,0.582,319
"8_9","mpnet-base","mpnet","base",0.995,20,4,0.611,0.801,0.693,0.53,434
"8_9","mpnet-base","mpnet","base",0.995,25,1,0.615,0.801,0.696,0.533,431
"8_9","mpnet-base","mpnet","base",0.995,25,2,0.692,0.713,0.702,0.541,341
"8_9","mpnet-base","mpnet","base",0.995,25,3,0.745,0.722,0.733,0.579,321
"8_9","mpnet-base","mpnet","base",0.995,25,4,0.611,0.801,0.693,0.53,434
"8_9","mpnet-base","mpnet","base",0.995,30,1,0.615,0.801,0.696,0.533,431
"8_9","mpnet-base","mpnet","base",0.995,30,2,0.692,0.713,0.702,0.541,341
"8_9","mpnet-base","mpnet","base",0.995,30,3,0.745,0.722,0.733,0.579,321
"8_9","mpnet-base","mpnet","base",0.995,30,4,0.611,0.801,0.693,0.53,434
"8_9","mpnet-base","mpnet","base",0.999,3,1,0.622,0.801,0.7,0.539,426
"8_9","mpnet-base","mpnet","base",0.999,3,2,0.697,0.71,0.703,0.543,337
"8_9","mpnet-base","mpnet","base",0.999,3,3,0.776,0.692,0.732,0.577,295
"8_9","mpnet-base","mpnet","base",0.999,3,4,0.622,0.801,0.7,0.539,426
"8_9","mpnet-base","mpnet","base",0.999,5,1,0.621,0.801,0.7,0.538,427
"8_9","mpnet-base","mpnet","base",0.999,5,2,0.697,0.71,0.703,0.543,337
"8_9","mpnet-base","mpnet","base",0.999,5,3,0.772,0.707,0.738,0.585,303
"8_9","mpnet-base","mpnet","base",0.999,5,4,0.621,0.801,0.7,0.538,427
"8_9","mpnet-base","mpnet","base",0.999,10,1,0.616,0.801,0.696,0.534,430
"8_9","mpnet-base","mpnet","base",0.999,10,2,0.697,0.71,0.703,0.543,337
"8_9","mpnet-base","mpnet","base",0.999,10,3,0.763,0.719,0.74,0.588,312
"8_9","mpnet-base","mpnet","base",0.999,10,4,0.616,0.801,0.696,0.534,430
"8_9","mpnet-base","mpnet","base",0.999,15,1,0.615,0.801,0.696,0.533,431
"8_9","mpnet-base","mpnet","base",0.999,15,2,0.697,0.71,0.703,0.543,337
"8_9","mpnet-base","mpnet","base",0.999,15,3,0.756,0.719,0.737,0.583,315
"8_9","mpnet-base","mpnet","base",0.999,15,4,0.615,0.801,0.696,0.533,431
"8_9","mpnet-base","mpnet","base",0.999,20,1,0.615,0.801,0.696,0.533,431
"8_9","mpnet-base","mpnet","base",0.999,20,2,0.697,0.71,0.703,0.543,337
"8_9","mpnet-base","mpnet","base",0.999,20,3,0.756,0.722,0.739,0.586,316
"8_9","mpnet-base","mpnet","base",0.999,20,4,0.615,0.801,0.696,0.533,431
"8_9","mpnet-base","mpnet","base",0.999,25,1,0.615,0.801,0.696,0.533,431
"8_9","mpnet-base","mpnet","base",0.999,25,2,0.697,0.71,0.703,0.543,337
"8_9","mpnet-base","mpnet","base",0.999,25,3,0.752,0.722,0.737,0.583,318
"8_9","mpnet-base","mpnet","base",0.999,25,4,0.615,0.801,0.696,0.533,431
"8_9","mpnet-base","mpnet","base",0.999,30,1,0.615,0.801,0.696,0.533,431
"8_9","mpnet-base","mpnet","base",0.999,30,2,0.697,0.71,0.703,0.543,337
"8_9","mpnet-base","mpnet","base",0.999,30,3,0.752,0.722,0.737,0.583,318
"8_9","mpnet-base","mpnet","base",0.999,30,4,0.615,0.801,0.696,0.533,431
"10_9","mpnet-base-nocode","mpnet","base",0.95,3,1,0.728,0.407,0.522,0.353,523
"10_9","mpnet-base-nocode","mpnet","base",0.95,3,2,0.883,0.338,0.489,0.324,359
"10_9","mpnet-base-nocode","mpnet","base",0.95,3,3,0.686,0.256,0.373,0.229,350
"10_9","mpnet-base-nocode","mpnet","base",0.95,3,4,0.729,0.41,0.525,0.356,527
"10_9","mpnet-base-nocode","mpnet","base",0.95,5,1,0.724,0.415,0.528,0.359,537
"10_9","mpnet-base-nocode","mpnet","base",0.95,5,2,0.877,0.343,0.493,0.327,366
"10_9","mpnet-base-nocode","mpnet","base",0.95,5,3,0.69,0.285,0.403,0.253,387
"10_9","mpnet-base-nocode","mpnet","base",0.95,5,4,0.722,0.422,0.533,0.363,547
"10_9","mpnet-base-nocode","mpnet","base",0.95,10,1,0.721,0.416,0.528,0.358,541
"10_9","mpnet-base-nocode","mpnet","base",0.95,10,2,0.872,0.348,0.497,0.331,374
"10_9","mpnet-base-nocode","mpnet","base",0.95,10,3,0.703,0.323,0.443,0.285,431
"10_9","mpnet-base-nocode","mpnet","base",0.95,10,4,0.717,0.428,0.536,0.366,559
"10_9","mpnet-base-nocode","mpnet","base",0.95,15,1,0.721,0.416,0.528,0.358,541
"10_9","mpnet-base-nocode","mpnet","base",0.95,15,2,0.87,0.349,0.498,0.332,376
"10_9","mpnet-base-nocode","mpnet","base",0.95,15,3,0.708,0.339,0.458,0.298,449
"10_9","mpnet-base-nocode","mpnet","base",0.95,15,4,0.717,0.429,0.537,0.367,561
"10_9","mpnet-base-nocode","mpnet","base",0.95,20,1,0.721,0.419,0.53,0.361,545
"10_9","mpnet-base-nocode","mpnet","base",0.95,20,2,0.863,0.35,0.498,0.332,380
"10_9","mpnet-base-nocode","mpnet","base",0.95,20,3,0.707,0.35,0.468,0.306,464
"10_9","mpnet-base-nocode","mpnet","base",0.95,20,4,0.714,0.433,0.539,0.369,569
"10_9","mpnet-base-nocode","mpnet","base",0.95,25,1,0.722,0.42,0.531,0.362,546
"10_9","mpnet-base-nocode","mpnet","base",0.95,25,2,0.857,0.351,0.498,0.332,384
"10_9","mpnet-base-nocode","mpnet","base",0.95,25,3,0.704,0.355,0.472,0.309,473
"10_9","mpnet-base-nocode","mpnet","base",0.95,25,4,0.711,0.435,0.54,0.37,574
"10_9","mpnet-base-nocode","mpnet","base",0.95,30,1,0.722,0.42,0.531,0.362,546
"10_9","mpnet-base-nocode","mpnet","base",0.95,30,2,0.855,0.351,0.498,0.331,385
"10_9","mpnet-base-nocode","mpnet","base",0.95,30,3,0.704,0.36,0.476,0.312,479
"10_9","mpnet-base-nocode","mpnet","base",0.95,30,4,0.71,0.435,0.539,0.37,575
"10_9","mpnet-base-nocode","mpnet","base",0.99,3,1,0.731,0.407,0.523,0.354,521
"10_9","mpnet-base-nocode","mpnet","base",0.99,3,2,0.893,0.329,0.481,0.316,345
"10_9","mpnet-base-nocode","mpnet","base",0.99,3,3,0.685,0.253,0.37,0.227,346
"10_9","mpnet-base-nocode","mpnet","base",0.99,3,4,0.731,0.407,0.523,0.354,521
"10_9","mpnet-base-nocode","mpnet","base",0.99,5,1,0.727,0.415,0.528,0.359,535
"10_9","mpnet-base-nocode","mpnet","base",0.99,5,2,0.893,0.33,0.482,0.317,346
"10_9","mpnet-base-nocode","mpnet","base",0.99,5,3,0.693,0.28,0.399,0.249,378
"10_9","mpnet-base-nocode","mpnet","base",0.99,5,4,0.728,0.416,0.529,0.36,536
"10_9","mpnet-base-nocode","mpnet","base",0.99,10,1,0.724,0.416,0.528,0.359,539
"10_9","mpnet-base-nocode","mpnet","base",0.99,10,2,0.89,0.33,0.481,0.317,347
"10_9","mpnet-base-nocode","mpnet","base",0.99,10,3,0.706,0.313,0.434,0.277,415
"10_9","mpnet-base-nocode","mpnet","base",0.99,10,4,0.723,0.417,0.529,0.36,541
"10_9","mpnet-base-nocode","mpnet","base",0.99,15,1,0.724,0.416,0.528,0.359,539
"10_9","mpnet-base-nocode","mpnet","base",0.99,15,2,0.891,0.331,0.483,0.318,348
"10_9","mpnet-base-nocode","mpnet","base",0.99,15,3,0.713,0.329,0.45,0.29,432
"10_9","mpnet-base-nocode","mpnet","base",0.99,15,4,0.723,0.418,0.53,0.361,542
"10_9","mpnet-base-nocode","mpnet","base",0.99,20,1,0.724,0.419,0.531,0.362,543
"10_9","mpnet-base-nocode","mpnet","base",0.99,20,2,0.891,0.332,0.484,0.319,349
"10_9","mpnet-base-nocode","mpnet","base",0.99,20,3,0.716,0.339,0.46,0.299,444
"10_9","mpnet-base-nocode","mpnet","base",0.99,20,4,0.724,0.423,0.534,0.364,547
"10_9","mpnet-base-nocode","mpnet","base",0.99,25,1,0.724,0.42,0.532,0.362,544
"10_9","mpnet-base-nocode","mpnet","base",0.99,25,2,0.889,0.332,0.483,0.319,350
"10_9","mpnet-base-nocode","mpnet","base",0.99,25,3,0.716,0.344,0.465,0.302,450
"10_9","mpnet-base-nocode","mpnet","base",0.99,25,4,0.723,0.424,0.535,0.365,549
"10_9","mpnet-base-nocode","mpnet","base",0.99,30,1,0.724,0.42,0.532,0.362,544
"10_9","mpnet-base-nocode","mpnet","base",0.99,30,2,0.889,0.332,0.483,0.319,350
"10_9","mpnet-base-nocode","mpnet","base",0.99,30,3,0.716,0.348,0.468,0.306,455
"10_9","mpnet-base-nocode","mpnet","base",0.99,30,4,0.723,0.424,0.535,0.365,549
"10_9","mpnet-base-nocode","mpnet","base",0.995,3,1,0.733,0.407,0.523,0.354,520
"10_9","mpnet-base-nocode","mpnet","base",0.995,3,2,0.897,0.327,0.479,0.315,341
"10_9","mpnet-base-nocode","mpnet","base",0.995,3,3,0.685,0.253,0.37,0.227,346
"10_9","mpnet-base-nocode","mpnet","base",0.995,3,4,0.733,0.407,0.523,0.354,520
"10_9","mpnet-base-nocode","mpnet","base",0.995,5,1,0.728,0.415,0.529,0.36,534
"10_9","mpnet-base-nocode","mpnet","base",0.995,5,2,0.897,0.327,0.479,0.315,341
"10_9","mpnet-base-nocode","mpnet","base",0.995,5,3,0.692,0.279,0.398,0.248,377
"10_9","mpnet-base-nocode","mpnet","base",0.995,5,4,0.728,0.415,0.529,0.36,534
"10_9","mpnet-base-nocode","mpnet","base",0.995,10,1,0.725,0.416,0.529,0.359,538
"10_9","mpnet-base-nocode","mpnet","base",0.995,10,2,0.895,0.327,0.479,0.314,342
"10_9","mpnet-base-nocode","mpnet","base",0.995,10,3,0.705,0.312,0.433,0.276,414
"10_9","mpnet-base-nocode","mpnet","base",0.995,10,4,0.724,0.416,0.528,0.359,539
"10_9","mpnet-base-nocode","mpnet","base",0.995,15,1,0.725,0.416,0.529,0.359,538
"10_9","mpnet-base-nocode","mpnet","base",0.995,15,2,0.895,0.327,0.479,0.314,342
"10_9","mpnet-base-nocode","mpnet","base",0.995,15,3,0.712,0.327,0.448,0.288,430
"10_9","mpnet-base-nocode","mpnet","base",0.995,15,4,0.724,0.416,0.528,0.359,539
"10_9","mpnet-base-nocode","mpnet","base",0.995,20,1,0.725,0.419,0.531,0.362,542
"10_9","mpnet-base-nocode","mpnet","base",0.995,20,2,0.895,0.327,0.479,0.314,342
"10_9","mpnet-base-nocode","mpnet","base",0.995,20,3,0.714,0.336,0.457,0.296,441
"10_9","mpnet-base-nocode","mpnet","base",0.995,20,4,0.724,0.419,0.531,0.362,543
"10_9","mpnet-base-nocode","mpnet","base",0.995,25,1,0.726,0.42,0.532,0.363,543
"10_9","mpnet-base-nocode","mpnet","base",0.995,25,2,0.892,0.327,0.479,0.314,343
"10_9","mpnet-base-nocode","mpnet","base",0.995,25,3,0.714,0.34,0.461,0.3,447
"10_9","mpnet-base-nocode","mpnet","base",0.995,25,4,0.723,0.42,0.531,0.362,545
"10_9","mpnet-base-nocode","mpnet","base",0.995,30,1,0.726,0.42,0.532,0.363,543
"10_9","mpnet-base-nocode","mpnet","base",0.995,30,2,0.892,0.327,0.479,0.314,343
"10_9","mpnet-base-nocode","mpnet","base",0.995,30,3,0.715,0.345,0.465,0.303,452
"10_9","mpnet-base-nocode","mpnet","base",0.995,30,4,0.723,0.42,0.531,0.362,545
"10_9","mpnet-base-nocode","mpnet","base",0.999,3,1,0.732,0.404,0.521,0.352,518
"10_9","mpnet-base-nocode","mpnet","base",0.999,3,2,0.899,0.324,0.476,0.313,338
"10_9","mpnet-base-nocode","mpnet","base",0.999,3,3,0.685,0.253,0.37,0.227,346
"10_9","mpnet-base-nocode","mpnet","base",0.999,3,4,0.732,0.404,0.521,0.352,518
"10_9","mpnet-base-nocode","mpnet","base",0.999,5,1,0.728,0.414,0.528,0.359,533
"10_9","mpnet-base-nocode","mpnet","base",0.999,5,2,0.899,0.324,0.476,0.313,338
"10_9","mpnet-base-nocode","mpnet","base",0.999,5,3,0.692,0.279,0.398,0.248,377
"10_9","mpnet-base-nocode","mpnet","base",0.999,5,4,0.728,0.414,0.528,0.359,533
"10_9","mpnet-base-nocode","mpnet","base",0.999,10,1,0.724,0.415,0.528,0.359,537
"10_9","mpnet-base-nocode","mpnet","base",0.999,10,2,0.899,0.324,0.476,0.313,338
"10_9","mpnet-base-nocode","mpnet","base",0.999,10,3,0.707,0.312,0.433,0.276,413
"10_9","mpnet-base-nocode","mpnet","base",0.999,10,4,0.724,0.415,0.528,0.359,537
"10_9","mpnet-base-nocode","mpnet","base",0.999,15,1,0.724,0.415,0.528,0.359,537
"10_9","mpnet-base-nocode","mpnet","base",0.999,15,2,0.899,0.324,0.476,0.313,338
"10_9","mpnet-base-nocode","mpnet","base",0.999,15,3,0.713,0.327,0.448,0.289,429
"10_9","mpnet-base-nocode","mpnet","base",0.999,15,4,0.724,0.415,0.528,0.359,537
"10_9","mpnet-base-nocode","mpnet","base",0.999,20,1,0.725,0.418,0.53,0.361,541
"10_9","mpnet-base-nocode","mpnet","base",0.999,20,2,0.899,0.324,0.476,0.313,338
"10_9","mpnet-base-nocode","mpnet","base",0.999,20,3,0.716,0.336,0.457,0.297,440
"10_9","mpnet-base-nocode","mpnet","base",0.999,20,4,0.725,0.418,0.53,0.361,541
"10_9","mpnet-base-nocode","mpnet","base",0.999,25,1,0.725,0.419,0.531,0.362,542
"10_9","mpnet-base-nocode","mpnet","base",0.999,25,2,0.899,0.324,0.476,0.313,338
"10_9","mpnet-base-nocode","mpnet","base",0.999,25,3,0.717,0.34,0.461,0.3,445
"10_9","mpnet-base-nocode","mpnet","base",0.999,25,4,0.725,0.419,0.531,0.362,542
"10_9","mpnet-base-nocode","mpnet","base",0.999,30,1,0.725,0.419,0.531,0.362,542
"10_9","mpnet-base-nocode","mpnet","base",0.999,30,2,0.899,0.324,0.476,0.313,338
"10_9","mpnet-base-nocode","mpnet","base",0.999,30,3,0.718,0.345,0.466,0.304,450
"10_9","mpnet-base-nocode","mpnet","base",0.999,30,4,0.725,0.419,0.531,0.362,542
"8_9","mpnet-base-nocode","mpnet","base",0.95,3,1,0.615,0.801,0.696,0.533,431
"8_9","mpnet-base-nocode","mpnet","base",0.95,3,2,0.688,0.725,0.706,0.545,349
"8_9","mpnet-base-nocode","mpnet","base",0.95,3,3,0.771,0.701,0.734,0.58,301
"8_9","mpnet-base-nocode","mpnet","base",0.95,3,4,0.614,0.807,0.697,0.535,435
"8_9","mpnet-base-nocode","mpnet","base",0.95,5,1,0.613,0.801,0.695,0.532,432
"8_9","mpnet-base-nocode","mpnet","base",0.95,5,2,0.683,0.728,0.705,0.544,353
"8_9","mpnet-base-nocode","mpnet","base",0.95,5,3,0.765,0.716,0.74,0.587,310
"8_9","mpnet-base-nocode","mpnet","base",0.95,5,4,0.609,0.81,0.695,0.533,440
"8_9","mpnet-base-nocode","mpnet","base",0.95,10,1,0.609,0.801,0.692,0.529,435
"8_9","mpnet-base-nocode","mpnet","base",0.95,10,2,0.681,0.728,0.704,0.543,354
"8_9","mpnet-base-nocode","mpnet","base",0.95,10,3,0.751,0.728,0.739,0.586,321
"8_9","mpnet-base-nocode","mpnet","base",0.95,10,4,0.604,0.81,0.692,0.529,444
"8_9","mpnet-base-nocode","mpnet","base",0.95,15,1,0.608,0.801,0.691,0.528,436
"8_9","mpnet-base-nocode","mpnet","base",0.95,15,2,0.68,0.731,0.705,0.544,356
"8_9","mpnet-base-nocode","mpnet","base",0.95,15,3,0.741,0.734,0.737,0.584,328
"8_9","mpnet-base-nocode","mpnet","base",0.95,15,4,0.602,0.813,0.692,0.528,447
"8_9","mpnet-base-nocode","mpnet","base",0.95,20,1,0.608,0.801,0.691,0.528,436
"8_9","mpnet-base-nocode","mpnet","base",0.95,20,2,0.678,0.731,0.704,0.543,357
"8_9","mpnet-base-nocode","mpnet","base",0.95,20,3,0.735,0.737,0.736,0.582,332
"8_9","mpnet-base-nocode","mpnet","base",0.95,20,4,0.6,0.813,0.69,0.527,448
"8_9","mpnet-base-nocode","mpnet","base",0.95,25,1,0.608,0.801,0.691,0.528,436
"8_9","mpnet-base-nocode","mpnet","base",0.95,25,2,0.678,0.731,0.704,0.543,357
"8_9","mpnet-base-nocode","mpnet","base",0.95,25,3,0.728,0.737,0.732,0.578,335
"8_9","mpnet-base-nocode","mpnet","base",0.95,25,4,0.6,0.813,0.69,0.527,448
"8_9","mpnet-base-nocode","mpnet","base",0.95,30,1,0.608,0.801,0.691,0.528,436
"8_9","mpnet-base-nocode","mpnet","base",0.95,30,2,0.678,0.731,0.704,0.543,357
"8_9","mpnet-base-nocode","mpnet","base",0.95,30,3,0.724,0.737,0.73,0.575,337
"8_9","mpnet-base-nocode","mpnet","base",0.95,30,4,0.6,0.813,0.69,0.527,448
"8_9","mpnet-base-nocode","mpnet","base",0.99,3,1,0.622,0.801,0.7,0.539,426
"8_9","mpnet-base-nocode","mpnet","base",0.99,3,2,0.694,0.692,0.693,0.53,330
"8_9","mpnet-base-nocode","mpnet","base",0.99,3,3,0.777,0.695,0.734,0.579,296
"8_9","mpnet-base-nocode","mpnet","base",0.99,3,4,0.622,0.801,0.7,0.539,426
"8_9","mpnet-base-nocode","mpnet","base",0.99,5,1,0.621,0.801,0.7,0.538,427
"8_9","mpnet-base-nocode","mpnet","base",0.99,5,2,0.692,0.692,0.692,0.529,331
"8_9","mpnet-base-nocode","mpnet","base",0.99,5,3,0.775,0.707,0.739,0.586,302
"8_9","mpnet-base-nocode","mpnet","base",0.99,5,4,0.619,0.801,0.698,0.536,428
"8_9","mpnet-base-nocode","mpnet","base",0.99,10,1,0.616,0.801,0.696,0.534,430
"8_9","mpnet-base-nocode","mpnet","base",0.99,10,2,0.692,0.692,0.692,0.529,331
"8_9","mpnet-base-nocode","mpnet","base",0.99,10,3,0.763,0.719,0.74,0.588,312
"8_9","mpnet-base-nocode","mpnet","base",0.99,10,4,0.615,0.801,0.696,0.533,431
"8_9","mpnet-base-nocode","mpnet","base",0.99,15,1,0.615,0.801,0.696,0.533,431
"8_9","mpnet-base-nocode","mpnet","base",0.99,15,2,0.693,0.695,0.694,0.531,332
"8_9","mpnet-base-nocode","mpnet","base",0.99,15,3,0.755,0.725,0.74,0.587,318
"8_9","mpnet-base-nocode","mpnet","base",0.99,15,4,0.614,0.804,0.696,0.534,433
"8_9","mpnet-base-nocode","mpnet","base",0.99,20,1,0.615,0.801,0.696,0.533,431
"8_9","mpnet-base-nocode","mpnet","base",0.99,20,2,0.693,0.695,0.694,0.531,332
"8_9","mpnet-base-nocode","mpnet","base",0.99,20,3,0.751,0.728,0.739,0.586,321
"8_9","mpnet-base-nocode","mpnet","base",0.99,20,4,0.614,0.804,0.696,0.534,433
"8_9","mpnet-base-nocode","mpnet","base",0.99,25,1,0.615,0.801,0.696,0.533,431
"8_9","mpnet-base-nocode","mpnet","base",0.99,25,2,0.693,0.695,0.694,0.531,332
"8_9","mpnet-base-nocode","mpnet","base",0.99,25,3,0.744,0.728,0.736,0.582,324
"8_9","mpnet-base-nocode","mpnet","base",0.99,25,4,0.614,0.804,0.696,0.534,433
"8_9","mpnet-base-nocode","mpnet","base",0.99,30,1,0.615,0.801,0.696,0.533,431
"8_9","mpnet-base-nocode","mpnet","base",0.99,30,2,0.693,0.695,0.694,0.531,332
"8_9","mpnet-base-nocode","mpnet","base",0.99,30,3,0.739,0.728,0.733,0.579,326
"8_9","mpnet-base-nocode","mpnet","base",0.99,30,4,0.614,0.804,0.696,0.534,433
"8_9","mpnet-base-nocode","mpnet","base",0.995,3,1,0.624,0.801,0.702,0.54,425
"8_9","mpnet-base-nocode","mpnet","base",0.995,3,2,0.695,0.689,0.692,0.529,328
"8_9","mpnet-base-nocode","mpnet","base",0.995,3,3,0.777,0.695,0.734,0.579,296
"8_9","mpnet-base-nocode","mpnet","base",0.995,3,4,0.624,0.801,0.702,0.54,425
"8_9","mpnet-base-nocode","mpnet","base",0.995,5,1,0.622,0.801,0.7,0.539,426
"8_9","mpnet-base-nocode","mpnet","base",0.995,5,2,0.693,0.689,0.691,0.528,329
"8_9","mpnet-base-nocode","mpnet","base",0.995,5,3,0.775,0.707,0.739,0.586,302
"8_9","mpnet-base-nocode","mpnet","base",0.995,5,4,0.621,0.801,0.7,0.538,427
"8_9","mpnet-base-nocode","mpnet","base",0.995,10,1,0.618,0.801,0.698,0.535,429
"8_9","mpnet-base-nocode","mpnet","base",0.995,10,2,0.693,0.689,0.691,0.528,329
"8_9","mpnet-base-nocode","mpnet","base",0.995,10,3,0.763,0.719,0.74,0.588,312
"8_9","mpnet-base-nocode","mpnet","base",0.995,10,4,0.616,0.801,0.696,0.534,430
"8_9","mpnet-base-nocode","mpnet","base",0.995,15,1,0.616,0.801,0.696,0.534,430
"8_9","mpnet-base-nocode","mpnet","base",0.995,15,2,0.693,0.689,0.691,0.528,329
"8_9","mpnet-base-nocode","mpnet","base",0.995,15,3,0.754,0.722,0.738,0.584,317
"8_9","mpnet-base-nocode","mpnet","base",0.995,15,4,0.615,0.801,0.696,0.533,431
"8_9","mpnet-base-nocode","mpnet","base",0.995,20,1,0.616,0.801,0.696,0.534,430
"8_9","mpnet-base-nocode","mpnet","base",0.995,20,2,0.693,0.689,0.691,0.528,329
"8_9","mpnet-base-nocode","mpnet","base",0.995,20,3,0.75,0.725,0.737,0.584,320
"8_9","mpnet-base-nocode","mpnet","base",0.995,20,4,0.615,0.801,0.696,0.533,431
"8_9","mpnet-base-nocode","mpnet","base",0.995,25,1,0.616,0.801,0.696,0.534,430
"8_9","mpnet-base-nocode","mpnet","base",0.995,25,2,0.693,0.689,0.691,0.528,329
"8_9","mpnet-base-nocode","mpnet","base",0.995,25,3,0.743,0.725,0.734,0.58,323
"8_9","mpnet-base-nocode","mpnet","base",0.995,25,4,0.615,0.801,0.696,0.533,431
"8_9","mpnet-base-nocode","mpnet","base",0.995,30,1,0.616,0.801,0.696,0.534,430
"8_9","mpnet-base-nocode","mpnet","base",0.995,30,2,0.693,0.689,0.691,0.528,329
"8_9","mpnet-base-nocode","mpnet","base",0.995,30,3,0.738,0.725,0.731,0.577,325
"8_9","mpnet-base-nocode","mpnet","base",0.995,30,4,0.615,0.801,0.696,0.533,431
"8_9","mpnet-base-nocode","mpnet","base",0.999,3,1,0.625,0.801,0.702,0.541,424
"8_9","mpnet-base-nocode","mpnet","base",0.999,3,2,0.694,0.68,0.687,0.523,324
"8_9","mpnet-base-nocode","mpnet","base",0.999,3,3,0.777,0.695,0.734,0.579,296
"8_9","mpnet-base-nocode","mpnet","base",0.999,3,4,0.625,0.801,0.702,0.541,424
"8_9","mpnet-base-nocode","mpnet","base",0.999,5,1,0.624,0.801,0.702,0.54,425
"8_9","mpnet-base-nocode","mpnet","base",0.999,5,2,0.694,0.68,0.687,0.523,324
"8_9","mpnet-base-nocode","mpnet","base",0.999,5,3,0.777,0.707,0.74,0.588,301
"8_9","mpnet-base-nocode","mpnet","base",0.999,5,4,0.624,0.801,0.702,0.54,425
"8_9","mpnet-base-nocode","mpnet","base",0.999,10,1,0.619,0.801,0.698,0.536,428
"8_9","mpnet-base-nocode","mpnet","base",0.999,10,2,0.694,0.68,0.687,0.523,324
"8_9","mpnet-base-nocode","mpnet","base",0.999,10,3,0.765,0.719,0.741,0.589,311
"8_9","mpnet-base-nocode","mpnet","base",0.999,10,4,0.619,0.801,0.698,0.536,428
"8_9","mpnet-base-nocode","mpnet","base",0.999,15,1,0.618,0.801,0.698,0.535,429
"8_9","mpnet-base-nocode","mpnet","base",0.999,15,2,0.694,0.68,0.687,0.523,324
"8_9","mpnet-base-nocode","mpnet","base",0.999,15,3,0.756,0.722,0.739,0.586,316
"8_9","mpnet-base-nocode","mpnet","base",0.999,15,4,0.618,0.801,0.698,0.535,429
"8_9","mpnet-base-nocode","mpnet","base",0.999,20,1,0.618,0.801,0.698,0.535,429
"8_9","mpnet-base-nocode","mpnet","base",0.999,20,2,0.694,0.68,0.687,0.523,324
"8_9","mpnet-base-nocode","mpnet","base",0.999,20,3,0.752,0.725,0.738,0.585,319
"8_9","mpnet-base-nocode","mpnet","base",0.999,20,4,0.618,0.801,0.698,0.535,429
"8_9","mpnet-base-nocode","mpnet","base",0.999,25,1,0.618,0.801,0.698,0.535,429
"8_9","mpnet-base-nocode","mpnet","base",0.999,25,2,0.694,0.68,0.687,0.523,324
"8_9","mpnet-base-nocode","mpnet","base",0.999,25,3,0.745,0.725,0.735,0.581,322
"8_9","mpnet-base-nocode","mpnet","base",0.999,25,4,0.618,0.801,0.698,0.535,429
"8_9","mpnet-base-nocode","mpnet","base",0.999,30,1,0.618,0.801,0.698,0.535,429
"8_9","mpnet-base-nocode","mpnet","base",0.999,30,2,0.694,0.68,0.687,0.523,324
"8_9","mpnet-base-nocode","mpnet","base",0.999,30,3,0.741,0.725,0.733,0.578,324
"8_9","mpnet-base-nocode","mpnet","base",0.999,30,4,0.618,0.801,0.698,0.535,429
"10_9","mpnet-stripped","mpnet","stripped",0.95,3,1,0.688,0.394,0.501,0.334,536
"10_9","mpnet-stripped","mpnet","stripped",0.95,3,2,0.815,0.316,0.455,0.295,363
"10_9","mpnet-stripped","mpnet","stripped",0.95,3,3,0.682,0.254,0.37,0.227,349
"10_9","mpnet-stripped","mpnet","stripped",0.95,3,4,0.687,0.394,0.501,0.334,537
"10_9","mpnet-stripped","mpnet","stripped",0.95,5,1,0.685,0.401,0.506,0.339,549
"10_9","mpnet-stripped","mpnet","stripped",0.95,5,2,0.81,0.318,0.457,0.296,368
"10_9","mpnet-stripped","mpnet","stripped",0.95,5,3,0.681,0.283,0.4,0.25,389
"10_9","mpnet-stripped","mpnet","stripped",0.95,5,4,0.681,0.403,0.506,0.339,555
"10_9","mpnet-stripped","mpnet","stripped",0.95,10,1,0.682,0.402,0.506,0.339,553
"10_9","mpnet-stripped","mpnet","stripped",0.95,10,2,0.796,0.326,0.463,0.3,383
"10_9","mpnet-stripped","mpnet","stripped",0.95,10,3,0.681,0.315,0.431,0.274,433
"10_9","mpnet-stripped","mpnet","stripped",0.95,10,4,0.672,0.412,0.511,0.343,574
"10_9","mpnet-stripped","mpnet","stripped",0.95,15,1,0.682,0.402,0.506,0.339,553
"10_9","mpnet-stripped","mpnet","stripped",0.95,15,2,0.788,0.33,0.465,0.303,392
"10_9","mpnet-stripped","mpnet","stripped",0.95,15,3,0.684,0.331,0.446,0.287,453
"10_9","mpnet-stripped","mpnet","stripped",0.95,15,4,0.669,0.416,0.513,0.345,583
"10_9","mpnet-stripped","mpnet","stripped",0.95,20,1,0.682,0.404,0.507,0.34,556
"10_9","mpnet-stripped","mpnet","stripped",0.95,20,2,0.785,0.332,0.467,0.304,396
"10_9","mpnet-stripped","mpnet","stripped",0.95,20,3,0.685,0.34,0.454,0.294,466
"10_9","mpnet-stripped","mpnet","stripped",0.95,20,4,0.668,0.42,0.516,0.348,590
"10_9","mpnet-stripped","mpnet","stripped",0.95,25,1,0.682,0.406,0.509,0.341,557
"10_9","mpnet-stripped","mpnet","stripped",0.95,25,2,0.778,0.333,0.466,0.304,401
"10_9","mpnet-stripped","mpnet","stripped",0.95,25,3,0.681,0.346,0.459,0.298,476
"10_9","mpnet-stripped","mpnet","stripped",0.95,25,4,0.664,0.423,0.517,0.348,596
"10_9","mpnet-stripped","mpnet","stripped",0.95,30,1,0.682,0.406,0.509,0.341,557
"10_9","mpnet-stripped","mpnet","stripped",0.95,30,2,0.775,0.334,0.467,0.304,404
"10_9","mpnet-stripped","mpnet","stripped",0.95,30,3,0.678,0.35,0.462,0.3,484
"10_9","mpnet-stripped","mpnet","stripped",0.95,30,4,0.663,0.424,0.517,0.349,599
"10_9","mpnet-stripped","mpnet","stripped",0.99,3,1,0.692,0.392,0.5,0.334,530
"10_9","mpnet-stripped","mpnet","stripped",0.99,3,2,0.82,0.296,0.435,0.278,338
"10_9","mpnet-stripped","mpnet","stripped",0.99,3,3,0.684,0.254,0.37,0.227,348
"10_9","mpnet-stripped","mpnet","stripped",0.99,3,4,0.692,0.392,0.5,0.334,530
"10_9","mpnet-stripped","mpnet","stripped",0.99,5,1,0.689,0.399,0.505,0.338,543
"10_9","mpnet-stripped","mpnet","stripped",0.99,5,2,0.82,0.296,0.435,0.278,338
"10_9","mpnet-stripped","mpnet","stripped",0.99,5,3,0.688,0.281,0.399,0.249,382
"10_9","mpnet-stripped","mpnet","stripped",0.99,5,4,0.689,0.399,0.505,0.338,543
"10_9","mpnet-stripped","mpnet","stripped",0.99,10,1,0.686,0.4,0.505,0.338,547
"10_9","mpnet-stripped","mpnet","stripped",0.99,10,2,0.82,0.296,0.435,0.278,338
"10_9","mpnet-stripped","mpnet","stripped",0.99,10,3,0.695,0.304,0.423,0.268,410
"10_9","mpnet-stripped","mpnet","stripped",0.99,10,4,0.686,0.4,0.505,0.338,547
"10_9","mpnet-stripped","mpnet","stripped",0.99,15,1,0.686,0.4,0.505,0.338,547
"10_9","mpnet-stripped","mpnet","stripped",0.99,15,2,0.818,0.297,0.436,0.278,340
"10_9","mpnet-stripped","mpnet","stripped",0.99,15,3,0.702,0.317,0.437,0.279,423
"10_9","mpnet-stripped","mpnet","stripped",0.99,15,4,0.685,0.401,0.506,0.339,549
"10_9","mpnet-stripped","mpnet","stripped",0.99,20,1,0.685,0.402,0.507,0.34,550
"10_9","mpnet-stripped","mpnet","stripped",0.99,20,2,0.818,0.298,0.437,0.279,341
"10_9","mpnet-stripped","mpnet","stripped",0.99,20,3,0.704,0.326,0.446,0.286,433
"10_9","mpnet-stripped","mpnet","stripped",0.99,20,4,0.685,0.404,0.508,0.341,553
"10_9","mpnet-stripped","mpnet","stripped",0.99,25,1,0.686,0.403,0.508,0.341,551
"10_9","mpnet-stripped","mpnet","stripped",0.99,25,2,0.818,0.298,0.437,0.279,341
"10_9","mpnet-stripped","mpnet","stripped",0.99,25,3,0.705,0.33,0.45,0.29,438
"10_9","mpnet-stripped","mpnet","stripped",0.99,25,4,0.686,0.406,0.51,0.342,554
"10_9","mpnet-stripped","mpnet","stripped",0.99,30,1,0.686,0.403,0.508,0.341,551
"10_9","mpnet-stripped","mpnet","stripped",0.99,30,2,0.819,0.299,0.438,0.28,342
"10_9","mpnet-stripped","mpnet","stripped",0.99,30,3,0.705,0.334,0.453,0.293,444
"10_9","mpnet-stripped","mpnet","stripped",0.99,30,4,0.686,0.407,0.511,0.343,555
"10_9","mpnet-stripped","mpnet","stripped",0.995,3,1,0.692,0.392,0.5,0.334,530
"10_9","mpnet-stripped","mpnet","stripped",0.995,3,2,0.818,0.293,0.431,0.276,336
"10_9","mpnet-stripped","mpnet","stripped",0.995,3,3,0.684,0.254,0.37,0.227,348
"10_9","mpnet-stripped","mpnet","stripped",0.995,3,4,0.692,0.392,0.5,0.334,530
"10_9","mpnet-stripped","mpnet","stripped",0.995,5,1,0.689,0.399,0.505,0.338,543
"10_9","mpnet-stripped","mpnet","stripped",0.995,5,2,0.818,0.293,0.431,0.276,336
"10_9","mpnet-stripped","mpnet","stripped",0.995,5,3,0.688,0.281,0.399,0.249,382
"10_9","mpnet-stripped","mpnet","stripped",0.995,5,4,0.689,0.399,0.505,0.338,543
"10_9","mpnet-stripped","mpnet","stripped",0.995,10,1,0.686,0.4,0.505,0.338,547
"10_9","mpnet-stripped","mpnet","stripped",0.995,10,2,0.818,0.293,0.431,0.276,336
"10_9","mpnet-stripped","mpnet","stripped",0.995,10,3,0.695,0.304,0.423,0.268,410
"10_9","mpnet-stripped","mpnet","stripped",0.995,10,4,0.686,0.4,0.505,0.338,547
"10_9","mpnet-stripped","mpnet","stripped",0.995,15,1,0.686,0.4,0.505,0.338,547
"10_9","mpnet-stripped","mpnet","stripped",0.995,15,2,0.819,0.295,0.434,0.277,337
"10_9","mpnet-stripped","mpnet","stripped",0.995,15,3,0.704,0.317,0.437,0.28,422
"10_9","mpnet-stripped","mpnet","stripped",0.995,15,4,0.686,0.401,0.506,0.339,548
"10_9","mpnet-stripped","mpnet","stripped",0.995,20,1,0.685,0.402,0.507,0.34,550
"10_9","mpnet-stripped","mpnet","stripped",0.995,20,2,0.819,0.295,0.434,0.277,337
"10_9","mpnet-stripped","mpnet","stripped",0.995,20,3,0.705,0.324,0.444,0.286,431
"10_9","mpnet-stripped","mpnet","stripped",0.995,20,4,0.686,0.403,0.508,0.341,551
"10_9","mpnet-stripped","mpnet","stripped",0.995,25,1,0.686,0.403,0.508,0.341,551
"10_9","mpnet-stripped","mpnet","stripped",0.995,25,2,0.819,0.295,0.434,0.277,337
"10_9","mpnet-stripped","mpnet","stripped",0.995,25,3,0.706,0.329,0.449,0.289,436
"10_9","mpnet-stripped","mpnet","stripped",0.995,25,4,0.687,0.404,0.509,0.341,552
"10_9","mpnet-stripped","mpnet","stripped",0.995,30,1,0.686,0.403,0.508,0.341,551
"10_9","mpnet-stripped","mpnet","stripped",0.995,30,2,0.819,0.295,0.434,0.277,337
"10_9","mpnet-stripped","mpnet","stripped",0.995,30,3,0.705,0.332,0.451,0.291,441
"10_9","mpnet-stripped","mpnet","stripped",0.995,30,4,0.687,0.404,0.509,0.341,552
"10_9","mpnet-stripped","mpnet","stripped",0.999,3,1,0.694,0.392,0.501,0.334,529
"10_9","mpnet-stripped","mpnet","stripped",0.999,3,2,0.82,0.291,0.43,0.274,333
"10_9","mpnet-stripped","mpnet","stripped",0.999,3,3,0.684,0.254,0.37,0.227,348
"10_9","mpnet-stripped","mpnet","stripped",0.999,3,4,0.694,0.392,0.501,0.334,529
"10_9","mpnet-stripped","mpnet","stripped",0.999,5,1,0.69,0.399,0.506,0.338,542
"10_9","mpnet-stripped","mpnet","stripped",0.999,5,2,0.82,0.291,0.43,0.274,333
"10_9","mpnet-stripped","mpnet","stripped",0.999,5,3,0.688,0.281,0.399,0.249,382
"10_9","mpnet-stripped","mpnet","stripped",0.999,5,4,0.69,0.399,0.506,0.338,542
"10_9","mpnet-stripped","mpnet","stripped",0.999,10,1,0.687,0.4,0.506,0.338,546
"10_9","mpnet-stripped","mpnet","stripped",0.999,10,2,0.82,0.291,0.43,0.274,333
"10_9","mpnet-stripped","mpnet","stripped",0.999,10,3,0.695,0.304,0.423,0.268,410
"10_9","mpnet-stripped","mpnet","stripped",0.999,10,4,0.687,0.4,0.506,0.338,546
"10_9","mpnet-stripped","mpnet","stripped",0.999,15,1,0.687,0.4,0.506,0.338,546
"10_9","mpnet-stripped","mpnet","stripped",0.999,15,2,0.82,0.291,0.43,0.274,333
"10_9","mpnet-stripped","mpnet","stripped",0.999,15,3,0.703,0.316,0.436,0.279,421
"10_9","mpnet-stripped","mpnet","stripped",0.999,15,4,0.687,0.4,0.506,0.338,546
"10_9","mpnet-stripped","mpnet","stripped",0.999,20,1,0.687,0.402,0.507,0.34,549
"10_9","mpnet-stripped","mpnet","stripped",0.999,20,2,0.82,0.291,0.43,0.274,333
"10_9","mpnet-stripped","mpnet","stripped",0.999,20,3,0.705,0.323,0.443,0.285,430
"10_9","mpnet-stripped","mpnet","stripped",0.999,20,4,0.687,0.402,0.507,0.34,549
"10_9","mpnet-stripped","mpnet","stripped",0.999,25,1,0.687,0.403,0.508,0.341,550
"10_9","mpnet-stripped","mpnet","stripped",0.999,25,2,0.82,0.291,0.43,0.274,333
"10_9","mpnet-stripped","mpnet","stripped",0.999,25,3,0.706,0.328,0.448,0.288,435
"10_9","mpnet-stripped","mpnet","stripped",0.999,25,4,0.687,0.403,0.508,0.341,550
"10_9","mpnet-stripped","mpnet","stripped",0.999,30,1,0.687,0.403,0.508,0.341,550
"10_9","mpnet-stripped","mpnet","stripped",0.999,30,2,0.82,0.291,0.43,0.274,333
"10_9","mpnet-stripped","mpnet","stripped",0.999,30,3,0.705,0.331,0.45,0.291,440
"10_9","mpnet-stripped","mpnet","stripped",0.999,30,4,0.687,0.403,0.508,0.341,550
"8_9","mpnet-stripped","mpnet","stripped",0.95,3,1,0.612,0.807,0.696,0.534,436
"8_9","mpnet-stripped","mpnet","stripped",0.95,3,2,0.684,0.74,0.711,0.552,358
"8_9","mpnet-stripped","mpnet","stripped",0.95,3,3,0.771,0.701,0.734,0.58,301
"8_9","mpnet-stripped","mpnet","stripped",0.95,3,4,0.611,0.813,0.698,0.536,440
"8_9","mpnet-stripped","mpnet","stripped",0.95,5,1,0.611,0.807,0.695,0.533,437
"8_9","mpnet-stripped","mpnet","stripped",0.95,5,2,0.684,0.74,0.711,0.552,358
"8_9","mpnet-stripped","mpnet","stripped",0.95,5,3,0.765,0.716,0.74,0.587,310
"8_9","mpnet-stripped","mpnet","stripped",0.95,5,4,0.61,0.813,0.697,0.535,441
"8_9","mpnet-stripped","mpnet","stripped",0.95,10,1,0.607,0.807,0.693,0.53,440
"8_9","mpnet-stripped","mpnet","stripped",0.95,10,2,0.677,0.74,0.707,0.547,362
"8_9","mpnet-stripped","mpnet","stripped",0.95,10,3,0.744,0.728,0.736,0.582,324
"8_9","mpnet-stripped","mpnet","stripped",0.95,10,4,0.6,0.813,0.69,0.527,448
"8_9","mpnet-stripped","mpnet","stripped",0.95,15,1,0.605,0.807,0.692,0.529,441
"8_9","mpnet-stripped","mpnet","stripped",0.95,15,2,0.675,0.746,0.709,0.549,366
"8_9","mpnet-stripped","mpnet","stripped",0.95,15,3,0.735,0.737,0.736,0.582,332
"8_9","mpnet-stripped","mpnet","stripped",0.95,15,4,0.598,0.819,0.691,0.528,453
"8_9","mpnet-stripped","mpnet","stripped",0.95,20,1,0.605,0.807,0.692,0.529,441
"8_9","mpnet-stripped","mpnet","stripped",0.95,20,2,0.669,0.746,0.705,0.545,369
"8_9","mpnet-stripped","mpnet","stripped",0.95,20,3,0.729,0.74,0.734,0.581,336
"8_9","mpnet-stripped","mpnet","stripped",0.95,20,4,0.594,0.819,0.689,0.525,456
"8_9","mpnet-stripped","mpnet","stripped",0.95,25,1,0.605,0.807,0.692,0.529,441
"8_9","mpnet-stripped","mpnet","stripped",0.95,25,2,0.668,0.746,0.705,0.544,370
"8_9","mpnet-stripped","mpnet","stripped",0.95,25,3,0.721,0.74,0.73,0.575,340
"8_9","mpnet-stripped","mpnet","stripped",0.95,25,4,0.593,0.819,0.688,0.524,457
"8_9","mpnet-stripped","mpnet","stripped",0.95,30,1,0.605,0.807,0.692,0.529,441
"8_9","mpnet-stripped","mpnet","stripped",0.95,30,2,0.668,0.746,0.705,0.544,370
"8_9","mpnet-stripped","mpnet","stripped",0.95,30,3,0.718,0.74,0.729,0.574,341
"8_9","mpnet-stripped","mpnet","stripped",0.95,30,4,0.593,0.819,0.688,0.524,457
"8_9","mpnet-stripped","mpnet","stripped",0.99,3,1,0.617,0.807,0.699,0.537,433
"8_9","mpnet-stripped","mpnet","stripped",0.99,3,2,0.69,0.725,0.707,0.547,348
"8_9","mpnet-stripped","mpnet","stripped",0.99,3,3,0.775,0.698,0.734,0.58,298
"8_9","mpnet-stripped","mpnet","stripped",0.99,3,4,0.618,0.81,0.701,0.539,434
"8_9","mpnet-stripped","mpnet","stripped",0.99,5,1,0.615,0.807,0.698,0.536,434
"8_9","mpnet-stripped","mpnet","stripped",0.99,5,2,0.69,0.725,0.707,0.547,348
"8_9","mpnet-stripped","mpnet","stripped",0.99,5,3,0.769,0.713,0.74,0.587,307
"8_9","mpnet-stripped","mpnet","stripped",0.99,5,4,0.616,0.81,0.7,0.538,435
"8_9","mpnet-stripped","mpnet","stripped",0.99,10,1,0.611,0.807,0.695,0.533,437
"8_9","mpnet-stripped","mpnet","stripped",0.99,10,2,0.686,0.725,0.705,0.544,350
"8_9","mpnet-stripped","mpnet","stripped",0.99,10,3,0.752,0.725,0.738,0.585,319
"8_9","mpnet-stripped","mpnet","stripped",0.99,10,4,0.609,0.81,0.695,0.533,440
"8_9","mpnet-stripped","mpnet","stripped",0.99,15,1,0.61,0.807,0.695,0.532,438
"8_9","mpnet-stripped","mpnet","stripped",0.99,15,2,0.684,0.725,0.704,0.543,351
"8_9","mpnet-stripped","mpnet","stripped",0.99,15,3,0.744,0.728,0.736,0.582,324
"8_9","mpnet-stripped","mpnet","stripped",0.99,15,4,0.606,0.81,0.693,0.531,442
"8_9","mpnet-stripped","mpnet","stripped",0.99,20,1,0.61,0.807,0.695,0.532,438
"8_9","mpnet-stripped","mpnet","stripped",0.99,20,2,0.684,0.725,0.704,0.543,351
"8_9","mpnet-stripped","mpnet","stripped",0.99,20,3,0.745,0.731,0.738,0.585,325
"8_9","mpnet-stripped","mpnet","stripped",0.99,20,4,0.606,0.81,0.693,0.531,442
"8_9","mpnet-stripped","mpnet","stripped",0.99,25,1,0.61,0.807,0.695,0.532,438
"8_9","mpnet-stripped","mpnet","stripped",0.99,25,2,0.684,0.725,0.704,0.543,351
"8_9","mpnet-stripped","mpnet","stripped",0.99,25,3,0.738,0.731,0.734,0.58,328
"8_9","mpnet-stripped","mpnet","stripped",0.99,25,4,0.606,0.81,0.693,0.531,442
"8_9","mpnet-stripped","mpnet","stripped",0.99,30,1,0.61,0.807,0.695,0.532,438
"8_9","mpnet-stripped","mpnet","stripped",0.99,30,2,0.684,0.725,0.704,0.543,351
"8_9","mpnet-stripped","mpnet","stripped",0.99,30,3,0.736,0.731,0.733,0.579,329
"8_9","mpnet-stripped","mpnet","stripped",0.99,30,4,0.606,0.81,0.693,0.531,442
"8_9","mpnet-stripped","mpnet","stripped",0.995,3,1,0.618,0.807,0.7,0.538,432
"8_9","mpnet-stripped","mpnet","stripped",0.995,3,2,0.689,0.716,0.702,0.541,344
"8_9","mpnet-stripped","mpnet","stripped",0.995,3,3,0.774,0.695,0.732,0.578,297
"8_9","mpnet-stripped","mpnet","stripped",0.995,3,4,0.618,0.807,0.7,0.538,432
"8_9","mpnet-stripped","mpnet","stripped",0.995,5,1,0.617,0.807,0.699,0.537,433
"8_9","mpnet-stripped","mpnet","stripped",0.995,5,2,0.689,0.716,0.702,0.541,344
"8_9","mpnet-stripped","mpnet","stripped",0.995,5,3,0.768,0.71,0.738,0.585,306
"8_9","mpnet-stripped","mpnet","stripped",0.995,5,4,0.617,0.807,0.699,0.537,433
"8_9","mpnet-stripped","mpnet","stripped",0.995,10,1,0.612,0.807,0.696,0.534,436
"8_9","mpnet-stripped","mpnet","stripped",0.995,10,2,0.685,0.716,0.7,0.539,346
"8_9","mpnet-stripped","mpnet","stripped",0.995,10,3,0.752,0.722,0.737,0.583,318
"8_9","mpnet-stripped","mpnet","stripped",0.995,10,4,0.61,0.807,0.695,0.532,438
"8_9","mpnet-stripped","mpnet","stripped",0.995,15,1,0.611,0.807,0.695,0.533,437
"8_9","mpnet-stripped","mpnet","stripped",0.995,15,2,0.685,0.716,0.7,0.539,346
"8_9","mpnet-stripped","mpnet","stripped",0.995,15,3,0.745,0.725,0.735,0.581,322
"8_9","mpnet-stripped","mpnet","stripped",0.995,15,4,0.608,0.807,0.694,0.531,439
"8_9","mpnet-stripped","mpnet","stripped",0.995,20,1,0.611,0.807,0.695,0.533,437
"8_9","mpnet-stripped","mpnet","stripped",0.995,20,2,0.685,0.716,0.7,0.539,346
"8_9","mpnet-stripped","mpnet","stripped",0.995,20,3,0.746,0.728,0.737,0.584,323
"8_9","mpnet-stripped","mpnet","stripped",0.995,20,4,0.608,0.807,0.694,0.531,439
"8_9","mpnet-stripped","mpnet","stripped",0.995,25,1,0.611,0.807,0.695,0.533,437
"8_9","mpnet-stripped","mpnet","stripped",0.995,25,2,0.685,0.716,0.7,0.539,346
"8_9","mpnet-stripped","mpnet","stripped",0.995,25,3,0.739,0.728,0.733,0.579,326
"8_9","mpnet-stripped","mpnet","stripped",0.995,25,4,0.608,0.807,0.694,0.531,439
"8_9","mpnet-stripped","mpnet","stripped",0.995,30,1,0.611,0.807,0.695,0.533,437
"8_9","mpnet-stripped","mpnet","stripped",0.995,30,2,0.685,0.716,0.7,0.539,346
"8_9","mpnet-stripped","mpnet","stripped",0.995,30,3,0.737,0.728,0.732,0.578,327
"8_9","mpnet-stripped","mpnet","stripped",0.995,30,4,0.608,0.807,0.694,0.531,439
"8_9","mpnet-stripped","mpnet","stripped",0.999,3,1,0.618,0.807,0.7,0.538,432
"8_9","mpnet-stripped","mpnet","stripped",0.999,3,2,0.687,0.71,0.698,0.537,342
"8_9","mpnet-stripped","mpnet","stripped",0.999,3,3,0.774,0.695,0.732,0.578,297
"8_9","mpnet-stripped","mpnet","stripped",0.999,3,4,0.618,0.807,0.7,0.538,432
"8_9","mpnet-stripped","mpnet","stripped",0.999,5,1,0.617,0.807,0.699,0.537,433
"8_9","mpnet-stripped","mpnet","stripped",0.999,5,2,0.687,0.71,0.698,0.537,342
"8_9","mpnet-stripped","mpnet","stripped",0.999,5,3,0.768,0.71,0.738,0.585,306
"8_9","mpnet-stripped","mpnet","stripped",0.999,5,4,0.617,0.807,0.699,0.537,433
"8_9","mpnet-stripped","mpnet","stripped",0.999,10,1,0.612,0.807,0.696,0.534,436
"8_9","mpnet-stripped","mpnet","stripped",0.999,10,2,0.687,0.71,0.698,0.537,342
"8_9","mpnet-stripped","mpnet","stripped",0.999,10,3,0.756,0.722,0.739,0.586,316
"8_9","mpnet-stripped","mpnet","stripped",0.999,10,4,0.612,0.807,0.696,0.534,436
"8_9","mpnet-stripped","mpnet","stripped",0.999,15,1,0.611,0.807,0.695,0.533,437
"8_9","mpnet-stripped","mpnet","stripped",0.999,15,2,0.687,0.71,0.698,0.537,342
"8_9","mpnet-stripped","mpnet","stripped",0.999,15,3,0.75,0.725,0.737,0.584,320
"8_9","mpnet-stripped","mpnet","stripped",0.999,15,4,0.611,0.807,0.695,0.533,437
"8_9","mpnet-stripped","mpnet","stripped",0.999,20,1,0.611,0.807,0.695,0.533,437
"8_9","mpnet-stripped","mpnet","stripped",0.999,20,2,0.687,0.71,0.698,0.537,342
"8_9","mpnet-stripped","mpnet","stripped",0.999,20,3,0.751,0.728,0.739,0.586,321
"8_9","mpnet-stripped","mpnet","stripped",0.999,20,4,0.611,0.807,0.695,0.533,437
"8_9","mpnet-stripped","mpnet","stripped",0.999,25,1,0.611,0.807,0.695,0.533,437
"8_9","mpnet-stripped","mpnet","stripped",0.999,25,2,0.687,0.71,0.698,0.537,342
"8_9","mpnet-stripped","mpnet","stripped",0.999,25,3,0.744,0.728,0.736,0.582,324
"8_9","mpnet-stripped","mpnet","stripped",0.999,25,4,0.611,0.807,0.695,0.533,437
"8_9","mpnet-stripped","mpnet","stripped",0.999,30,1,0.611,0.807,0.695,0.533,437
"8_9","mpnet-stripped","mpnet","stripped",0.999,30,2,0.687,0.71,0.698,0.537,342
"8_9","mpnet-stripped","mpnet","stripped",0.999,30,3,0.742,0.728,0.735,0.581,325
"8_9","mpnet-stripped","mpnet","stripped",0.999,30,4,0.611,0.807,0.695,0.533,437
"10_9","SapBERT-base-regen","SapBERT","base",0.95,3,1,0.69,0.39,0.498,0.332,529
"10_9","SapBERT-base-regen","SapBERT","base",0.95,3,2,0.814,0.318,0.457,0.297,366
"10_9","SapBERT-base-regen","SapBERT","base",0.95,3,3,0.685,0.255,0.372,0.228,349
"10_9","SapBERT-base-regen","SapBERT","base",0.95,3,4,0.693,0.395,0.503,0.336,534
"10_9","SapBERT-base-regen","SapBERT","base",0.95,5,1,0.687,0.398,0.504,0.337,543
"10_9","SapBERT-base-regen","SapBERT","base",0.95,5,2,0.802,0.323,0.461,0.299,378
"10_9","SapBERT-base-regen","SapBERT","base",0.95,5,3,0.678,0.285,0.401,0.251,394
"10_9","SapBERT-base-regen","SapBERT","base",0.95,5,4,0.685,0.408,0.511,0.343,558
"10_9","SapBERT-base-regen","SapBERT","base",0.95,10,1,0.683,0.398,0.503,0.336,546
"10_9","SapBERT-base-regen","SapBERT","base",0.95,10,2,0.801,0.334,0.471,0.308,391
"10_9","SapBERT-base-regen","SapBERT","base",0.95,10,3,0.691,0.322,0.439,0.282,437
"10_9","SapBERT-base-regen","SapBERT","base",0.95,10,4,0.683,0.418,0.519,0.35,574
"10_9","SapBERT-base-regen","SapBERT","base",0.95,15,1,0.683,0.398,0.503,0.336,546
"10_9","SapBERT-base-regen","SapBERT","base",0.95,15,2,0.787,0.335,0.47,0.307,399
"10_9","SapBERT-base-regen","SapBERT","base",0.95,15,3,0.688,0.338,0.453,0.293,461
"10_9","SapBERT-base-regen","SapBERT","base",0.95,15,4,0.675,0.419,0.517,0.349,582
"10_9","SapBERT-base-regen","SapBERT","base",0.95,20,1,0.684,0.401,0.506,0.338,550
"10_9","SapBERT-base-regen","SapBERT","base",0.95,20,2,0.783,0.339,0.473,0.31,406
"10_9","SapBERT-base-regen","SapBERT","base",0.95,20,3,0.687,0.349,0.463,0.301,476
"10_9","SapBERT-base-regen","SapBERT","base",0.95,20,4,0.675,0.427,0.523,0.354,593
"10_9","SapBERT-base-regen","SapBERT","base",0.95,25,1,0.684,0.402,0.506,0.339,551
"10_9","SapBERT-base-regen","SapBERT","base",0.95,25,2,0.783,0.339,0.473,0.31,406
"10_9","SapBERT-base-regen","SapBERT","base",0.95,25,3,0.688,0.355,0.468,0.306,484
"10_9","SapBERT-base-regen","SapBERT","base",0.95,25,4,0.675,0.428,0.524,0.355,594
"10_9","SapBERT-base-regen","SapBERT","base",0.95,30,1,0.684,0.402,0.506,0.339,551
"10_9","SapBERT-base-regen","SapBERT","base",0.95,30,2,0.782,0.34,0.474,0.311,408
"10_9","SapBERT-base-regen","SapBERT","base",0.95,30,3,0.686,0.361,0.473,0.31,493
"10_9","SapBERT-base-regen","SapBERT","base",0.95,30,4,0.674,0.429,0.524,0.355,596
"10_9","SapBERT-base-regen","SapBERT","base",0.99,3,1,0.692,0.383,0.493,0.327,519
"10_9","SapBERT-base-regen","SapBERT","base",0.99,3,2,0.825,0.297,0.437,0.279,337
"10_9","SapBERT-base-regen","SapBERT","base",0.99,3,3,0.68,0.25,0.366,0.223,344
"10_9","SapBERT-base-regen","SapBERT","base",0.99,3,4,0.692,0.383,0.493,0.327,519
"10_9","SapBERT-base-regen","SapBERT","base",0.99,5,1,0.689,0.393,0.501,0.334,534
"10_9","SapBERT-base-regen","SapBERT","base",0.99,5,2,0.825,0.297,0.437,0.279,337
"10_9","SapBERT-base-regen","SapBERT","base",0.99,5,3,0.681,0.275,0.392,0.244,379
"10_9","SapBERT-base-regen","SapBERT","base",0.99,5,4,0.689,0.393,0.501,0.334,534
"10_9","SapBERT-base-regen","SapBERT","base",0.99,10,1,0.685,0.393,0.499,0.333,537
"10_9","SapBERT-base-regen","SapBERT","base",0.99,10,2,0.826,0.299,0.439,0.281,339
"10_9","SapBERT-base-regen","SapBERT","base",0.99,10,3,0.692,0.302,0.42,0.266,409
"10_9","SapBERT-base-regen","SapBERT","base",0.99,10,4,0.686,0.395,0.501,0.335,539
"10_9","SapBERT-base-regen","SapBERT","base",0.99,15,1,0.685,0.393,0.499,0.333,537
"10_9","SapBERT-base-regen","SapBERT","base",0.99,15,2,0.826,0.299,0.439,0.281,339
"10_9","SapBERT-base-regen","SapBERT","base",0.99,15,3,0.698,0.316,0.435,0.278,424
"10_9","SapBERT-base-regen","SapBERT","base",0.99,15,4,0.686,0.395,0.501,0.335,539
"10_9","SapBERT-base-regen","SapBERT","base",0.99,20,1,0.686,0.396,0.502,0.335,541
"10_9","SapBERT-base-regen","SapBERT","base",0.99,20,2,0.824,0.3,0.44,0.282,341
"10_9","SapBERT-base-regen","SapBERT","base",0.99,20,3,0.698,0.323,0.442,0.284,434
"10_9","SapBERT-base-regen","SapBERT","base",0.99,20,4,0.686,0.399,0.505,0.338,545
"10_9","SapBERT-base-regen","SapBERT","base",0.99,25,1,0.686,0.397,0.503,0.336,542
"10_9","SapBERT-base-regen","SapBERT","base",0.99,25,2,0.824,0.3,0.44,0.282,341
"10_9","SapBERT-base-regen","SapBERT","base",0.99,25,3,0.7,0.329,0.448,0.288,440
"10_9","SapBERT-base-regen","SapBERT","base",0.99,25,4,0.687,0.4,0.506,0.338,546
"10_9","SapBERT-base-regen","SapBERT","base",0.99,30,1,0.686,0.397,0.503,0.336,542
"10_9","SapBERT-base-regen","SapBERT","base",0.99,30,2,0.822,0.3,0.44,0.282,342
"10_9","SapBERT-base-regen","SapBERT","base",0.99,30,3,0.696,0.333,0.45,0.291,448
"10_9","SapBERT-base-regen","SapBERT","base",0.99,30,4,0.686,0.4,0.505,0.338,547
"10_9","SapBERT-base-regen","SapBERT","base",0.995,3,1,0.692,0.381,0.491,0.326,516
"10_9","SapBERT-base-regen","SapBERT","base",0.995,3,2,0.826,0.293,0.433,0.276,333
"10_9","SapBERT-base-regen","SapBERT","base",0.995,3,3,0.68,0.25,0.366,0.223,344
"10_9","SapBERT-base-regen","SapBERT","base",0.995,3,4,0.692,0.381,0.491,0.326,516
"10_9","SapBERT-base-regen","SapBERT","base",0.995,5,1,0.689,0.391,0.499,0.332,531
"10_9","SapBERT-base-regen","SapBERT","base",0.995,5,2,0.826,0.293,0.433,0.276,333
"10_9","SapBERT-base-regen","SapBERT","base",0.995,5,3,0.683,0.275,0.392,0.244,378
"10_9","SapBERT-base-regen","SapBERT","base",0.995,5,4,0.689,0.391,0.499,0.332,531
"10_9","SapBERT-base-regen","SapBERT","base",0.995,10,1,0.685,0.391,0.498,0.331,534
"10_9","SapBERT-base-regen","SapBERT","base",0.995,10,2,0.827,0.296,0.436,0.278,335
"10_9","SapBERT-base-regen","SapBERT","base",0.995,10,3,0.693,0.301,0.42,0.266,407
"10_9","SapBERT-base-regen","SapBERT","base",0.995,10,4,0.687,0.393,0.5,0.333,536
"10_9","SapBERT-base-regen","SapBERT","base",0.995,15,1,0.685,0.391,0.498,0.331,534
"10_9","SapBERT-base-regen","SapBERT","base",0.995,15,2,0.827,0.296,0.436,0.278,335
"10_9","SapBERT-base-regen","SapBERT","base",0.995,15,3,0.699,0.315,0.434,0.277,422
"10_9","SapBERT-base-regen","SapBERT","base",0.995,15,4,0.687,0.393,0.5,0.333,536
"10_9","SapBERT-base-regen","SapBERT","base",0.995,20,1,0.686,0.394,0.501,0.334,538
"10_9","SapBERT-base-regen","SapBERT","base",0.995,20,2,0.824,0.296,0.436,0.278,336
"10_9","SapBERT-base-regen","SapBERT","base",0.995,20,3,0.698,0.321,0.44,0.282,431
"10_9","SapBERT-base-regen","SapBERT","base",0.995,20,4,0.686,0.396,0.502,0.335,541
"10_9","SapBERT-base-regen","SapBERT","base",0.995,25,1,0.686,0.395,0.501,0.335,539
"10_9","SapBERT-base-regen","SapBERT","base",0.995,25,2,0.824,0.296,0.436,0.278,336
"10_9","SapBERT-base-regen","SapBERT","base",0.995,25,3,0.7,0.327,0.446,0.287,437
"10_9","SapBERT-base-regen","SapBERT","base",0.995,25,4,0.686,0.397,0.503,0.336,542
"10_9","SapBERT-base-regen","SapBERT","base",0.995,30,1,0.686,0.395,0.501,0.335,539
"10_9","SapBERT-base-regen","SapBERT","base",0.995,30,2,0.824,0.296,0.436,0.278,336
"10_9","SapBERT-base-regen","SapBERT","base",0.995,30,3,0.698,0.331,0.449,0.289,444
"10_9","SapBERT-base-regen","SapBERT","base",0.995,30,4,0.686,0.397,0.503,0.336,542
"10_9","SapBERT-base-regen","SapBERT","base",0.999,3,1,0.691,0.38,0.49,0.325,515
"10_9","SapBERT-base-regen","SapBERT","base",0.999,3,2,0.824,0.29,0.429,0.273,330
"10_9","SapBERT-base-regen","SapBERT","base",0.999,3,3,0.679,0.249,0.364,0.223,343
"10_9","SapBERT-base-regen","SapBERT","base",0.999,3,4,0.691,0.38,0.49,0.325,515
"10_9","SapBERT-base-regen","SapBERT","base",0.999,5,1,0.689,0.39,0.498,0.331,530
"10_9","SapBERT-base-regen","SapBERT","base",0.999,5,2,0.824,0.29,0.429,0.273,330
"10_9","SapBERT-base-regen","SapBERT","base",0.999,5,3,0.682,0.274,0.391,0.243,377
"10_9","SapBERT-base-regen","SapBERT","base",0.999,5,4,0.689,0.39,0.498,0.331,530
"10_9","SapBERT-base-regen","SapBERT","base",0.999,10,1,0.685,0.39,0.497,0.33,533
"10_9","SapBERT-base-regen","SapBERT","base",0.999,10,2,0.825,0.291,0.43,0.274,331
"10_9","SapBERT-base-regen","SapBERT","base",0.999,10,3,0.691,0.299,0.417,0.264,405
"10_9","SapBERT-base-regen","SapBERT","base",0.999,10,4,0.685,0.391,0.498,0.331,534
"10_9","SapBERT-base-regen","SapBERT","base",0.999,15,1,0.685,0.39,0.497,0.33,533
"10_9","SapBERT-base-regen","SapBERT","base",0.999,15,2,0.825,0.291,0.43,0.274,331
"10_9","SapBERT-base-regen","SapBERT","base",0.999,15,3,0.698,0.313,0.432,0.275,420
"10_9","SapBERT-base-regen","SapBERT","base",0.999,15,4,0.685,0.391,0.498,0.331,534
"10_9","SapBERT-base-regen","SapBERT","base",0.999,20,1,0.685,0.393,0.499,0.333,537
"10_9","SapBERT-base-regen","SapBERT","base",0.999,20,2,0.825,0.291,0.43,0.274,331
"10_9","SapBERT-base-regen","SapBERT","base",0.999,20,3,0.699,0.319,0.438,0.28,428
"10_9","SapBERT-base-regen","SapBERT","base",0.999,20,4,0.686,0.394,0.501,0.334,538
"10_9","SapBERT-base-regen","SapBERT","base",0.999,25,1,0.686,0.394,0.501,0.334,538
"10_9","SapBERT-base-regen","SapBERT","base",0.999,25,2,0.825,0.291,0.43,0.274,331
"10_9","SapBERT-base-regen","SapBERT","base",0.999,25,3,0.7,0.324,0.443,0.285,434
"10_9","SapBERT-base-regen","SapBERT","base",0.999,25,4,0.686,0.395,0.501,0.335,539
"10_9","SapBERT-base-regen","SapBERT","base",0.999,30,1,0.686,0.394,0.501,0.334,538
"10_9","SapBERT-base-regen","SapBERT","base",0.999,30,2,0.825,0.291,0.43,0.274,331
"10_9","SapBERT-base-regen","SapBERT","base",0.999,30,3,0.698,0.329,0.447,0.288,441
"10_9","SapBERT-base-regen","SapBERT","base",0.999,30,4,0.686,0.395,0.501,0.335,539
"8_9","SapBERT-base-regen","SapBERT","base",0.95,3,1,0.643,0.837,0.727,0.571,431
"8_9","SapBERT-base-regen","SapBERT","base",0.95,3,2,0.728,0.792,0.759,0.611,360
"8_9","SapBERT-base-regen","SapBERT","base",0.95,3,3,0.781,0.701,0.739,0.586,297
"8_9","SapBERT-base-regen","SapBERT","base",0.95,3,4,0.641,0.84,0.727,0.571,434
"8_9","SapBERT-base-regen","SapBERT","base",0.95,5,1,0.641,0.837,0.726,0.57,432
"8_9","SapBERT-base-regen","SapBERT","base",0.95,5,2,0.725,0.795,0.758,0.61,363
"8_9","SapBERT-base-regen","SapBERT","base",0.95,5,3,0.77,0.719,0.744,0.592,309
"8_9","SapBERT-base-regen","SapBERT","base",0.95,5,4,0.637,0.843,0.726,0.569,438
"8_9","SapBERT-base-regen","SapBERT","base",0.95,10,1,0.637,0.837,0.723,0.566,435
"8_9","SapBERT-base-regen","SapBERT","base",0.95,10,2,0.725,0.795,0.758,0.61,363
"8_9","SapBERT-base-regen","SapBERT","base",0.95,10,3,0.761,0.731,0.746,0.595,318
"8_9","SapBERT-base-regen","SapBERT","base",0.95,10,4,0.633,0.843,0.723,0.566,441
"8_9","SapBERT-base-regen","SapBERT","base",0.95,15,1,0.635,0.837,0.722,0.565,436
"8_9","SapBERT-base-regen","SapBERT","base",0.95,15,2,0.723,0.798,0.759,0.611,365
"8_9","SapBERT-base-regen","SapBERT","base",0.95,15,3,0.756,0.74,0.748,0.598,324
"8_9","SapBERT-base-regen","SapBERT","base",0.95,15,4,0.631,0.846,0.723,0.566,444
"8_9","SapBERT-base-regen","SapBERT","base",0.95,20,1,0.635,0.837,0.722,0.565,436
"8_9","SapBERT-base-regen","SapBERT","base",0.95,20,2,0.721,0.798,0.758,0.61,366
"8_9","SapBERT-base-regen","SapBERT","base",0.95,20,3,0.75,0.743,0.746,0.596,328
"8_9","SapBERT-base-regen","SapBERT","base",0.95,20,4,0.629,0.846,0.722,0.565,445
"8_9","SapBERT-base-regen","SapBERT","base",0.95,25,1,0.635,0.837,0.722,0.565,436
"8_9","SapBERT-base-regen","SapBERT","base",0.95,25,2,0.714,0.798,0.754,0.604,370
"8_9","SapBERT-base-regen","SapBERT","base",0.95,25,3,0.734,0.743,0.738,0.586,335
"8_9","SapBERT-base-regen","SapBERT","base",0.95,25,4,0.624,0.846,0.718,0.56,449
"8_9","SapBERT-base-regen","SapBERT","base",0.95,30,1,0.635,0.837,0.722,0.565,436
"8_9","SapBERT-base-regen","SapBERT","base",0.95,30,2,0.714,0.798,0.754,0.604,370
"8_9","SapBERT-base-regen","SapBERT","base",0.95,30,3,0.734,0.743,0.738,0.586,335
"8_9","SapBERT-base-regen","SapBERT","base",0.95,30,4,0.624,0.846,0.718,0.56,449
"8_9","SapBERT-base-regen","SapBERT","base",0.99,3,1,0.645,0.834,0.727,0.571,428
"8_9","SapBERT-base-regen","SapBERT","base",0.99,3,2,0.739,0.785,0.761,0.615,352
"8_9","SapBERT-base-regen","SapBERT","base",0.99,3,3,0.786,0.701,0.741,0.589,295
"8_9","SapBERT-base-regen","SapBERT","base",0.99,3,4,0.646,0.837,0.729,0.573,429
"8_9","SapBERT-base-regen","SapBERT","base",0.99,5,1,0.643,0.834,0.726,0.57,429
"8_9","SapBERT-base-regen","SapBERT","base",0.99,5,2,0.737,0.785,0.76,0.613,353
"8_9","SapBERT-base-regen","SapBERT","base",0.99,5,3,0.777,0.716,0.745,0.594,305
"8_9","SapBERT-base-regen","SapBERT","base",0.99,5,4,0.643,0.837,0.727,0.571,431
"8_9","SapBERT-base-regen","SapBERT","base",0.99,10,1,0.639,0.834,0.724,0.567,432
"8_9","SapBERT-base-regen","SapBERT","base",0.99,10,2,0.737,0.785,0.76,0.613,353
"8_9","SapBERT-base-regen","SapBERT","base",0.99,10,3,0.768,0.728,0.747,0.597,314
"8_9","SapBERT-base-regen","SapBERT","base",0.99,10,4,0.638,0.837,0.724,0.568,434
"8_9","SapBERT-base-regen","SapBERT","base",0.99,15,1,0.637,0.834,0.722,0.566,433
"8_9","SapBERT-base-regen","SapBERT","base",0.99,15,2,0.737,0.785,0.76,0.613,353
"8_9","SapBERT-base-regen","SapBERT","base",0.99,15,3,0.764,0.734,0.749,0.599,318
"8_9","SapBERT-base-regen","SapBERT","base",0.99,15,4,0.637,0.837,0.723,0.566,435
"8_9","SapBERT-base-regen","SapBERT","base",0.99,20,1,0.637,0.834,0.722,0.566,433
"8_9","SapBERT-base-regen","SapBERT","base",0.99,20,2,0.737,0.785,0.76,0.613,353
"8_9","SapBERT-base-regen","SapBERT","base",0.99,20,3,0.76,0.737,0.748,0.598,321
"8_9","SapBERT-base-regen","SapBERT","base",0.99,20,4,0.637,0.837,0.723,0.566,435
"8_9","SapBERT-base-regen","SapBERT","base",0.99,25,1,0.637,0.834,0.722,0.566,433
"8_9","SapBERT-base-regen","SapBERT","base",0.99,25,2,0.734,0.785,0.759,0.612,354
"8_9","SapBERT-base-regen","SapBERT","base",0.99,25,3,0.751,0.737,0.744,0.592,325
"8_9","SapBERT-base-regen","SapBERT","base",0.99,25,4,0.635,0.837,0.722,0.565,436
"8_9","SapBERT-base-regen","SapBERT","base",0.99,30,1,0.637,0.834,0.722,0.566,433
"8_9","SapBERT-base-regen","SapBERT","base",0.99,30,2,0.734,0.785,0.759,0.612,354
"8_9","SapBERT-base-regen","SapBERT","base",0.99,30,3,0.751,0.737,0.744,0.592,325
"8_9","SapBERT-base-regen","SapBERT","base",0.99,30,4,0.635,0.837,0.722,0.565,436
"8_9","SapBERT-base-regen","SapBERT","base",0.995,3,1,0.646,0.834,0.728,0.573,427
"8_9","SapBERT-base-regen","SapBERT","base",0.995,3,2,0.738,0.773,0.755,0.607,347
"8_9","SapBERT-base-regen","SapBERT","base",0.995,3,3,0.786,0.698,0.739,0.586,294
"8_9","SapBERT-base-regen","SapBERT","base",0.995,3,4,0.646,0.834,0.728,0.573,427
"8_9","SapBERT-base-regen","SapBERT","base",0.995,5,1,0.645,0.834,0.727,0.571,428
"8_9","SapBERT-base-regen","SapBERT","base",0.995,5,2,0.738,0.773,0.755,0.607,347
"8_9","SapBERT-base-regen","SapBERT","base",0.995,5,3,0.779,0.713,0.745,0.593,303
"8_9","SapBERT-base-regen","SapBERT","base",0.995,5,4,0.645,0.834,0.727,0.571,428
"8_9","SapBERT-base-regen","SapBERT","base",0.995,10,1,0.64,0.834,0.724,0.568,431
"8_9","SapBERT-base-regen","SapBERT","base",0.995,10,2,0.738,0.773,0.755,0.607,347
"8_9","SapBERT-base-regen","SapBERT","base",0.995,10,3,0.769,0.725,0.746,0.596,312
"8_9","SapBERT-base-regen","SapBERT","base",0.995,10,4,0.64,0.834,0.724,0.568,431
"8_9","SapBERT-base-regen","SapBERT","base",0.995,15,1,0.639,0.834,0.724,0.567,432
"8_9","SapBERT-base-regen","SapBERT","base",0.995,15,2,0.738,0.773,0.755,0.607,347
"8_9","SapBERT-base-regen","SapBERT","base",0.995,15,3,0.766,0.731,0.748,0.598,316
"8_9","SapBERT-base-regen","SapBERT","base",0.995,15,4,0.639,0.834,0.724,0.567,432
"8_9","SapBERT-base-regen","SapBERT","base",0.995,20,1,0.639,0.834,0.724,0.567,432
"8_9","SapBERT-base-regen","SapBERT","base",0.995,20,2,0.738,0.773,0.755,0.607,347
"8_9","SapBERT-base-regen","SapBERT","base",0.995,20,3,0.762,0.734,0.748,0.597,319
"8_9","SapBERT-base-regen","SapBERT","base",0.995,20,4,0.639,0.834,0.724,0.567,432
"8_9","SapBERT-base-regen","SapBERT","base",0.995,25,1,0.639,0.834,0.724,0.567,432
"8_9","SapBERT-base-regen","SapBERT","base",0.995,25,2,0.738,0.773,0.755,0.607,347
"8_9","SapBERT-base-regen","SapBERT","base",0.995,25,3,0.755,0.734,0.744,0.593,322
"8_9","SapBERT-base-regen","SapBERT","base",0.995,25,4,0.639,0.834,0.724,0.567,432
"8_9","SapBERT-base-regen","SapBERT","base",0.995,30,1,0.639,0.834,0.724,0.567,432
"8_9","SapBERT-base-regen","SapBERT","base",0.995,30,2,0.738,0.773,0.755,0.607,347
"8_9","SapBERT-base-regen","SapBERT","base",0.995,30,3,0.755,0.734,0.744,0.593,322
"8_9","SapBERT-base-regen","SapBERT","base",0.995,30,4,0.639,0.834,0.724,0.567,432
"8_9","SapBERT-base-regen","SapBERT","base",0.999,3,1,0.648,0.834,0.729,0.574,426
"8_9","SapBERT-base-regen","SapBERT","base",0.999,3,2,0.739,0.77,0.754,0.606,345
"8_9","SapBERT-base-regen","SapBERT","base",0.999,3,3,0.786,0.698,0.739,0.586,294
"8_9","SapBERT-base-regen","SapBERT","base",0.999,3,4,0.648,0.834,0.729,0.574,426
"8_9","SapBERT-base-regen","SapBERT","base",0.999,5,1,0.646,0.834,0.728,0.573,427
"8_9","SapBERT-base-regen","SapBERT","base",0.999,5,2,0.739,0.77,0.754,0.606,345
"8_9","SapBERT-base-regen","SapBERT","base",0.999,5,3,0.779,0.713,0.745,0.593,303
"8_9","SapBERT-base-regen","SapBERT","base",0.999,5,4,0.646,0.834,0.728,0.573,427
"8_9","SapBERT-base-regen","SapBERT","base",0.999,10,1,0.642,0.834,0.726,0.569,430
"8_9","SapBERT-base-regen","SapBERT","base",0.999,10,2,0.739,0.77,0.754,0.606,345
"8_9","SapBERT-base-regen","SapBERT","base",0.999,10,3,0.769,0.725,0.746,0.596,312
"8_9","SapBERT-base-regen","SapBERT","base",0.999,10,4,0.642,0.834,0.726,0.569,430
"8_9","SapBERT-base-regen","SapBERT","base",0.999,15,1,0.64,0.834,0.724,0.568,431
"8_9","SapBERT-base-regen","SapBERT","base",0.999,15,2,0.739,0.77,0.754,0.606,345
"8_9","SapBERT-base-regen","SapBERT","base",0.999,15,3,0.766,0.731,0.748,0.598,316
"8_9","SapBERT-base-regen","SapBERT","base",0.999,15,4,0.64,0.834,0.724,0.568,431
"8_9","SapBERT-base-regen","SapBERT","base",0.999,20,1,0.64,0.834,0.724,0.568,431
"8_9","SapBERT-base-regen","SapBERT","base",0.999,20,2,0.739,0.77,0.754,0.606,345
"8_9","SapBERT-base-regen","SapBERT","base",0.999,20,3,0.762,0.734,0.748,0.597,319
"8_9","SapBERT-base-regen","SapBERT","base",0.999,20,4,0.64,0.834,0.724,0.568,431
"8_9","SapBERT-base-regen","SapBERT","base",0.999,25,1,0.64,0.834,0.724,0.568,431
"8_9","SapBERT-base-regen","SapBERT","base",0.999,25,2,0.739,0.77,0.754,0.606,345
"8_9","SapBERT-base-regen","SapBERT","base",0.999,25,3,0.755,0.734,0.744,0.593,322
"8_9","SapBERT-base-regen","SapBERT","base",0.999,25,4,0.64,0.834,0.724,0.568,431
"8_9","SapBERT-base-regen","SapBERT","base",0.999,30,1,0.64,0.834,0.724,0.568,431
"8_9","SapBERT-base-regen","SapBERT","base",0.999,30,2,0.739,0.77,0.754,0.606,345
"8_9","SapBERT-base-regen","SapBERT","base",0.999,30,3,0.755,0.734,0.744,0.593,322
"8_9","SapBERT-base-regen","SapBERT","base",0.999,30,4,0.64,0.834,0.724,0.568,431
"10_9","SapBERT-base-nocode","SapBERT","base",0.95,3,1,0.743,0.413,0.531,0.361,521
"10_9","SapBERT-base-nocode","SapBERT","base",0.95,3,2,0.915,0.344,0.5,0.333,352
"10_9","SapBERT-base-nocode","SapBERT","base",0.95,3,3,0.687,0.253,0.37,0.227,345
"10_9","SapBERT-base-nocode","SapBERT","base",0.95,3,4,0.744,0.415,0.533,0.363,523
"10_9","SapBERT-base-nocode","SapBERT","base",0.95,5,1,0.74,0.422,0.537,0.367,534
"10_9","SapBERT-base-nocode","SapBERT","base",0.95,5,2,0.916,0.348,0.504,0.337,356
"10_9","SapBERT-base-nocode","SapBERT","base",0.95,5,3,0.697,0.283,0.403,0.252,380
"10_9","SapBERT-base-nocode","SapBERT","base",0.95,5,4,0.742,0.427,0.542,0.372,539
"10_9","SapBERT-base-nocode","SapBERT","base",0.95,10,1,0.736,0.422,0.536,0.366,537
"10_9","SapBERT-base-nocode","SapBERT","base",0.95,10,2,0.907,0.355,0.51,0.343,367
"10_9","SapBERT-base-nocode","SapBERT","base",0.95,10,3,0.705,0.319,0.439,0.282,424
"10_9","SapBERT-base-nocode","SapBERT","base",0.95,10,4,0.736,0.434,0.546,0.376,553
"10_9","SapBERT-base-nocode","SapBERT","base",0.95,15,1,0.736,0.423,0.537,0.367,538
"10_9","SapBERT-base-nocode","SapBERT","base",0.95,15,2,0.9,0.356,0.51,0.343,371
"10_9","SapBERT-base-nocode","SapBERT","base",0.95,15,3,0.711,0.336,0.456,0.296,443
"10_9","SapBERT-base-nocode","SapBERT","base",0.95,15,4,0.733,0.436,0.547,0.377,558
"10_9","SapBERT-base-nocode","SapBERT","base",0.95,20,1,0.736,0.426,0.54,0.369,542
"10_9","SapBERT-base-nocode","SapBERT","base",0.95,20,2,0.901,0.359,0.513,0.345,373
"10_9","SapBERT-base-nocode","SapBERT","base",0.95,20,3,0.715,0.348,0.468,0.306,456
"10_9","SapBERT-base-nocode","SapBERT","base",0.95,20,4,0.734,0.441,0.551,0.38,563
"10_9","SapBERT-base-nocode","SapBERT","base",0.95,25,1,0.737,0.427,0.541,0.37,543
"10_9","SapBERT-base-nocode","SapBERT","base",0.95,25,2,0.898,0.359,0.513,0.345,374
"10_9","SapBERT-base-nocode","SapBERT","base",0.95,25,3,0.715,0.353,0.473,0.31,463
"10_9","SapBERT-base-nocode","SapBERT","base",0.95,25,4,0.733,0.442,0.551,0.381,565
"10_9","SapBERT-base-nocode","SapBERT","base",0.95,30,1,0.737,0.427,0.541,0.37,543
"10_9","SapBERT-base-nocode","SapBERT","base",0.95,30,2,0.896,0.36,0.514,0.345,376
"10_9","SapBERT-base-nocode","SapBERT","base",0.95,30,3,0.718,0.361,0.48,0.316,471
"10_9","SapBERT-base-nocode","SapBERT","base",0.95,30,4,0.732,0.443,0.552,0.381,567
"10_9","SapBERT-base-nocode","SapBERT","base",0.99,3,1,0.742,0.411,0.529,0.359,519
"10_9","SapBERT-base-nocode","SapBERT","base",0.99,3,2,0.912,0.33,0.485,0.32,339
"10_9","SapBERT-base-nocode","SapBERT","base",0.99,3,3,0.685,0.251,0.367,0.225,343
"10_9","SapBERT-base-nocode","SapBERT","base",0.99,3,4,0.742,0.411,0.529,0.359,519
"10_9","SapBERT-base-nocode","SapBERT","base",0.99,5,1,0.739,0.419,0.535,0.365,532
"10_9","SapBERT-base-nocode","SapBERT","base",0.99,5,2,0.912,0.331,0.486,0.321,340
"10_9","SapBERT-base-nocode","SapBERT","base",0.99,5,3,0.693,0.276,0.395,0.246,374
"10_9","SapBERT-base-nocode","SapBERT","base",0.99,5,4,0.739,0.42,0.536,0.366,533
"10_9","SapBERT-base-nocode","SapBERT","base",0.99,10,1,0.735,0.419,0.534,0.364,535
"10_9","SapBERT-base-nocode","SapBERT","base",0.99,10,2,0.912,0.331,0.486,0.321,340
"10_9","SapBERT-base-nocode","SapBERT","base",0.99,10,3,0.703,0.305,0.425,0.27,407
"10_9","SapBERT-base-nocode","SapBERT","base",0.99,10,4,0.735,0.42,0.535,0.365,536
"10_9","SapBERT-base-nocode","SapBERT","base",0.99,15,1,0.735,0.42,0.535,0.365,536
"10_9","SapBERT-base-nocode","SapBERT","base",0.99,15,2,0.912,0.331,0.486,0.321,340
"10_9","SapBERT-base-nocode","SapBERT","base",0.99,15,3,0.713,0.321,0.443,0.284,422
"10_9","SapBERT-base-nocode","SapBERT","base",0.99,15,4,0.736,0.422,0.536,0.366,537
"10_9","SapBERT-base-nocode","SapBERT","base",0.99,20,1,0.735,0.424,0.538,0.368,540
"10_9","SapBERT-base-nocode","SapBERT","base",0.99,20,2,0.912,0.331,0.486,0.321,340
"10_9","SapBERT-base-nocode","SapBERT","base",0.99,20,3,0.717,0.332,0.454,0.293,434
"10_9","SapBERT-base-nocode","SapBERT","base",0.99,20,4,0.736,0.425,0.539,0.369,541
"10_9","SapBERT-base-nocode","SapBERT","base",0.99,25,1,0.736,0.425,0.539,0.369,541
"10_9","SapBERT-base-nocode","SapBERT","base",0.99,25,2,0.912,0.331,0.486,0.321,340
"10_9","SapBERT-base-nocode","SapBERT","base",0.99,25,3,0.718,0.337,0.459,0.298,440
"10_9","SapBERT-base-nocode","SapBERT","base",0.99,25,4,0.736,0.426,0.54,0.369,542
"10_9","SapBERT-base-nocode","SapBERT","base",0.99,30,1,0.736,0.425,0.539,0.369,541
"10_9","SapBERT-base-nocode","SapBERT","base",0.99,30,2,0.909,0.331,0.485,0.32,341
"10_9","SapBERT-base-nocode","SapBERT","base",0.99,30,3,0.72,0.344,0.466,0.303,447
"10_9","SapBERT-base-nocode","SapBERT","base",0.99,30,4,0.735,0.426,0.539,0.369,543
"10_9","SapBERT-base-nocode","SapBERT","base",0.995,3,1,0.741,0.41,0.528,0.359,518
"10_9","SapBERT-base-nocode","SapBERT","base",0.995,3,2,0.911,0.328,0.482,0.317,337
"10_9","SapBERT-base-nocode","SapBERT","base",0.995,3,3,0.685,0.251,0.367,0.225,343
"10_9","SapBERT-base-nocode","SapBERT","base",0.995,3,4,0.741,0.41,0.528,0.359,518
"10_9","SapBERT-base-nocode","SapBERT","base",0.995,5,1,0.738,0.418,0.534,0.364,531
"10_9","SapBERT-base-nocode","SapBERT","base",0.995,5,2,0.911,0.329,0.483,0.319,338
"10_9","SapBERT-base-nocode","SapBERT","base",0.995,5,3,0.693,0.276,0.395,0.246,374
"10_9","SapBERT-base-nocode","SapBERT","base",0.995,5,4,0.739,0.419,0.535,0.365,532
"10_9","SapBERT-base-nocode","SapBERT","base",0.995,10,1,0.734,0.418,0.533,0.363,534
"10_9","SapBERT-base-nocode","SapBERT","base",0.995,10,2,0.911,0.329,0.483,0.319,338
"10_9","SapBERT-base-nocode","SapBERT","base",0.995,10,3,0.703,0.305,0.425,0.27,407
"10_9","SapBERT-base-nocode","SapBERT","base",0.995,10,4,0.735,0.419,0.534,0.364,535
"10_9","SapBERT-base-nocode","SapBERT","base",0.995,15,1,0.735,0.419,0.534,0.364,535
"10_9","SapBERT-base-nocode","SapBERT","base",0.995,15,2,0.911,0.329,0.483,0.319,338
"10_9","SapBERT-base-nocode","SapBERT","base",0.995,15,3,0.713,0.321,0.443,0.284,422
"10_9","SapBERT-base-nocode","SapBERT","base",0.995,15,4,0.735,0.42,0.535,0.365,536
"10_9","SapBERT-base-nocode","SapBERT","base",0.995,20,1,0.735,0.423,0.537,0.367,539
"10_9","SapBERT-base-nocode","SapBERT","base",0.995,20,2,0.911,0.329,0.483,0.319,338
"10_9","SapBERT-base-nocode","SapBERT","base",0.995,20,3,0.717,0.332,0.454,0.293,434
"10_9","SapBERT-base-nocode","SapBERT","base",0.995,20,4,0.735,0.424,0.538,0.368,540
"10_9","SapBERT-base-nocode","SapBERT","base",0.995,25,1,0.735,0.424,0.538,0.368,540
"10_9","SapBERT-base-nocode","SapBERT","base",0.995,25,2,0.911,0.329,0.483,0.319,338
"10_9","SapBERT-base-nocode","SapBERT","base",0.995,25,3,0.718,0.337,0.459,0.298,440
"10_9","SapBERT-base-nocode","SapBERT","base",0.995,25,4,0.736,0.425,0.539,0.369,541
"10_9","SapBERT-base-nocode","SapBERT","base",0.995,30,1,0.735,0.424,0.538,0.368,540
"10_9","SapBERT-base-nocode","SapBERT","base",0.995,30,2,0.911,0.329,0.483,0.319,338
"10_9","SapBERT-base-nocode","SapBERT","base",0.995,30,3,0.722,0.344,0.466,0.303,446
"10_9","SapBERT-base-nocode","SapBERT","base",0.995,30,4,0.736,0.425,0.539,0.369,541
"10_9","SapBERT-base-nocode","SapBERT","base",0.999,3,1,0.741,0.409,0.527,0.358,517
"10_9","SapBERT-base-nocode","SapBERT","base",0.999,3,2,0.911,0.327,0.481,0.316,336
"10_9","SapBERT-base-nocode","SapBERT","base",0.999,3,3,0.685,0.251,0.367,0.225,343
"10_9","SapBERT-base-nocode","SapBERT","base",0.999,3,4,0.741,0.409,0.527,0.358,517
"10_9","SapBERT-base-nocode","SapBERT","base",0.999,5,1,0.738,0.417,0.533,0.363,530
"10_9","SapBERT-base-nocode","SapBERT","base",0.999,5,2,0.911,0.327,0.481,0.316,336
"10_9","SapBERT-base-nocode","SapBERT","base",0.999,5,3,0.692,0.275,0.394,0.245,373
"10_9","SapBERT-base-nocode","SapBERT","base",0.999,5,4,0.738,0.417,0.533,0.363,530
"10_9","SapBERT-base-nocode","SapBERT","base",0.999,10,1,0.734,0.417,0.532,0.362,533
"10_9","SapBERT-base-nocode","SapBERT","base",0.999,10,2,0.911,0.327,0.481,0.316,336
"10_9","SapBERT-base-nocode","SapBERT","base",0.999,10,3,0.701,0.303,0.423,0.268,405
"10_9","SapBERT-base-nocode","SapBERT","base",0.999,10,4,0.734,0.417,0.532,0.362,533
"10_9","SapBERT-base-nocode","SapBERT","base",0.999,15,1,0.734,0.418,0.533,0.363,534
"10_9","SapBERT-base-nocode","SapBERT","base",0.999,15,2,0.911,0.327,0.481,0.316,336
"10_9","SapBERT-base-nocode","SapBERT","base",0.999,15,3,0.712,0.319,0.441,0.283,420
"10_9","SapBERT-base-nocode","SapBERT","base",0.999,15,4,0.734,0.418,0.533,0.363,534
"10_9","SapBERT-base-nocode","SapBERT","base",0.999,20,1,0.734,0.422,0.536,0.366,538
"10_9","SapBERT-base-nocode","SapBERT","base",0.999,20,2,0.911,0.327,0.481,0.316,336
"10_9","SapBERT-base-nocode","SapBERT","base",0.999,20,3,0.715,0.33,0.452,0.292,432
"10_9","SapBERT-base-nocode","SapBERT","base",0.999,20,4,0.734,0.422,0.536,0.366,538
"10_9","SapBERT-base-nocode","SapBERT","base",0.999,25,1,0.735,0.423,0.537,0.367,539
"10_9","SapBERT-base-nocode","SapBERT","base",0.999,25,2,0.911,0.327,0.481,0.316,336
"10_9","SapBERT-base-nocode","SapBERT","base",0.999,25,3,0.717,0.335,0.457,0.296,438
"10_9","SapBERT-base-nocode","SapBERT","base",0.999,25,4,0.735,0.423,0.537,0.367,539
"10_9","SapBERT-base-nocode","SapBERT","base",0.999,30,1,0.735,0.423,0.537,0.367,539
"10_9","SapBERT-base-nocode","SapBERT","base",0.999,30,2,0.911,0.327,0.481,0.316,336
"10_9","SapBERT-base-nocode","SapBERT","base",0.999,30,3,0.721,0.342,0.464,0.302,444
"10_9","SapBERT-base-nocode","SapBERT","base",0.999,30,4,0.735,0.423,0.537,0.367,539
"8_9","SapBERT-base-nocode","SapBERT","base",0.95,3,1,0.647,0.816,0.722,0.565,417
"8_9","SapBERT-base-nocode","SapBERT","base",0.95,3,2,0.74,0.764,0.752,0.602,342
"8_9","SapBERT-base-nocode","SapBERT","base",0.95,3,3,0.781,0.701,0.739,0.586,297
"8_9","SapBERT-base-nocode","SapBERT","base",0.95,3,4,0.645,0.819,0.722,0.565,420
"8_9","SapBERT-base-nocode","SapBERT","base",0.95,5,1,0.646,0.816,0.721,0.564,418
"8_9","SapBERT-base-nocode","SapBERT","base",0.95,5,2,0.735,0.764,0.749,0.6,344
"8_9","SapBERT-base-nocode","SapBERT","base",0.95,5,3,0.772,0.716,0.743,0.591,307
"8_9","SapBERT-base-nocode","SapBERT","base",0.95,5,4,0.641,0.819,0.719,0.561,423
"8_9","SapBERT-base-nocode","SapBERT","base",0.95,10,1,0.641,0.816,0.718,0.56,421
"8_9","SapBERT-base-nocode","SapBERT","base",0.95,10,2,0.731,0.764,0.747,0.597,346
"8_9","SapBERT-base-nocode","SapBERT","base",0.95,10,3,0.76,0.728,0.744,0.592,317
"8_9","SapBERT-base-nocode","SapBERT","base",0.95,10,4,0.633,0.819,0.714,0.555,428
"8_9","SapBERT-base-nocode","SapBERT","base",0.95,15,1,0.64,0.816,0.717,0.559,422
"8_9","SapBERT-base-nocode","SapBERT","base",0.95,15,2,0.731,0.764,0.747,0.597,346
"8_9","SapBERT-base-nocode","SapBERT","base",0.95,15,3,0.753,0.737,0.745,0.594,324
"8_9","SapBERT-base-nocode","SapBERT","base",0.95,15,4,0.632,0.819,0.713,0.554,429
"8_9","SapBERT-base-nocode","SapBERT","base",0.95,20,1,0.64,0.816,0.717,0.559,422
"8_9","SapBERT-base-nocode","SapBERT","base",0.95,20,2,0.729,0.764,0.746,0.595,347
"8_9","SapBERT-base-nocode","SapBERT","base",0.95,20,3,0.752,0.74,0.746,0.595,326
"8_9","SapBERT-base-nocode","SapBERT","base",0.95,20,4,0.63,0.819,0.712,0.553,430
"8_9","SapBERT-base-nocode","SapBERT","base",0.95,25,1,0.64,0.816,0.717,0.559,422
"8_9","SapBERT-base-nocode","SapBERT","base",0.95,25,2,0.727,0.764,0.745,0.594,348
"8_9","SapBERT-base-nocode","SapBERT","base",0.95,25,3,0.742,0.74,0.741,0.589,330
"8_9","SapBERT-base-nocode","SapBERT","base",0.95,25,4,0.629,0.819,0.712,0.552,431
"8_9","SapBERT-base-nocode","SapBERT","base",0.95,30,1,0.64,0.816,0.717,0.559,422
"8_9","SapBERT-base-nocode","SapBERT","base",0.95,30,2,0.725,0.764,0.744,0.593,349
"8_9","SapBERT-base-nocode","SapBERT","base",0.95,30,3,0.74,0.74,0.74,0.588,331
"8_9","SapBERT-base-nocode","SapBERT","base",0.95,30,4,0.627,0.819,0.71,0.551,432
"8_9","SapBERT-base-nocode","SapBERT","base",0.99,3,1,0.653,0.813,0.724,0.568,412
"8_9","SapBERT-base-nocode","SapBERT","base",0.99,3,2,0.748,0.743,0.745,0.594,329
"8_9","SapBERT-base-nocode","SapBERT","base",0.99,3,3,0.786,0.698,0.739,0.586,294
"8_9","SapBERT-base-nocode","SapBERT","base",0.99,3,4,0.653,0.813,0.724,0.568,412
"8_9","SapBERT-base-nocode","SapBERT","base",0.99,5,1,0.651,0.813,0.723,0.566,413
"8_9","SapBERT-base-nocode","SapBERT","base",0.99,5,2,0.745,0.743,0.744,0.593,330
"8_9","SapBERT-base-nocode","SapBERT","base",0.99,5,3,0.779,0.713,0.745,0.593,303
"8_9","SapBERT-base-nocode","SapBERT","base",0.99,5,4,0.65,0.813,0.722,0.565,414
"8_9","SapBERT-base-nocode","SapBERT","base",0.99,10,1,0.647,0.813,0.721,0.563,416
"8_9","SapBERT-base-nocode","SapBERT","base",0.99,10,2,0.745,0.743,0.744,0.593,330
"8_9","SapBERT-base-nocode","SapBERT","base",0.99,10,3,0.772,0.725,0.748,0.597,311
"8_9","SapBERT-base-nocode","SapBERT","base",0.99,10,4,0.645,0.813,0.719,0.562,417
"8_9","SapBERT-base-nocode","SapBERT","base",0.99,15,1,0.645,0.813,0.719,0.562,417
"8_9","SapBERT-base-nocode","SapBERT","base",0.99,15,2,0.745,0.743,0.744,0.593,330
"8_9","SapBERT-base-nocode","SapBERT","base",0.99,15,3,0.764,0.734,0.749,0.599,318
"8_9","SapBERT-base-nocode","SapBERT","base",0.99,15,4,0.644,0.813,0.719,0.56,418
"8_9","SapBERT-base-nocode","SapBERT","base",0.99,20,1,0.645,0.813,0.719,0.562,417
"8_9","SapBERT-base-nocode","SapBERT","base",0.99,20,2,0.745,0.743,0.744,0.593,330
"8_9","SapBERT-base-nocode","SapBERT","base",0.99,20,3,0.765,0.737,0.751,0.601,319
"8_9","SapBERT-base-nocode","SapBERT","base",0.99,20,4,0.644,0.813,0.719,0.56,418
"8_9","SapBERT-base-nocode","SapBERT","base",0.99,25,1,0.645,0.813,0.719,0.562,417
"8_9","SapBERT-base-nocode","SapBERT","base",0.99,25,2,0.745,0.743,0.744,0.593,330
"8_9","SapBERT-base-nocode","SapBERT","base",0.99,25,3,0.758,0.737,0.747,0.597,322
"8_9","SapBERT-base-nocode","SapBERT","base",0.99,25,4,0.644,0.813,0.719,0.56,418
"8_9","SapBERT-base-nocode","SapBERT","base",0.99,30,1,0.645,0.813,0.719,0.562,417
"8_9","SapBERT-base-nocode","SapBERT","base",0.99,30,2,0.745,0.743,0.744,0.593,330
"8_9","SapBERT-base-nocode","SapBERT","base",0.99,30,3,0.758,0.737,0.747,0.597,322
"8_9","SapBERT-base-nocode","SapBERT","base",0.99,30,4,0.644,0.813,0.719,0.56,418
"8_9","SapBERT-base-nocode","SapBERT","base",0.995,3,1,0.656,0.813,0.726,0.57,410
"8_9","SapBERT-base-nocode","SapBERT","base",0.995,3,2,0.755,0.743,0.749,0.599,326
"8_9","SapBERT-base-nocode","SapBERT","base",0.995,3,3,0.786,0.698,0.739,0.586,294
"8_9","SapBERT-base-nocode","SapBERT","base",0.995,3,4,0.656,0.813,0.726,0.57,410
"8_9","SapBERT-base-nocode","SapBERT","base",0.995,5,1,0.655,0.813,0.725,0.569,411
"8_9","SapBERT-base-nocode","SapBERT","base",0.995,5,2,0.755,0.743,0.749,0.599,326
"8_9","SapBERT-base-nocode","SapBERT","base",0.995,5,3,0.781,0.713,0.745,0.594,302
"8_9","SapBERT-base-nocode","SapBERT","base",0.995,5,4,0.655,0.813,0.725,0.569,411
"8_9","SapBERT-base-nocode","SapBERT","base",0.995,10,1,0.65,0.813,0.722,0.565,414
"8_9","SapBERT-base-nocode","SapBERT","base",0.995,10,2,0.755,0.743,0.749,0.599,326
"8_9","SapBERT-base-nocode","SapBERT","base",0.995,10,3,0.774,0.725,0.749,0.599,310
"8_9","SapBERT-base-nocode","SapBERT","base",0.995,10,4,0.65,0.813,0.722,0.565,414
"8_9","SapBERT-base-nocode","SapBERT","base",0.995,15,1,0.648,0.813,0.721,0.564,415
"8_9","SapBERT-base-nocode","SapBERT","base",0.995,15,2,0.755,0.743,0.749,0.599,326
"8_9","SapBERT-base-nocode","SapBERT","base",0.995,15,3,0.769,0.734,0.751,0.601,316
"8_9","SapBERT-base-nocode","SapBERT","base",0.995,15,4,0.648,0.813,0.721,0.564,415
"8_9","SapBERT-base-nocode","SapBERT","base",0.995,20,1,0.648,0.813,0.721,0.564,415
"8_9","SapBERT-base-nocode","SapBERT","base",0.995,20,2,0.755,0.743,0.749,0.599,326
"8_9","SapBERT-base-nocode","SapBERT","base",0.995,20,3,0.77,0.737,0.753,0.604,317
"8_9","SapBERT-base-nocode","SapBERT","base",0.995,20,4,0.648,0.813,0.721,0.564,415
"8_9","SapBERT-base-nocode","SapBERT","base",0.995,25,1,0.648,0.813,0.721,0.564,415
"8_9","SapBERT-base-nocode","SapBERT","base",0.995,25,2,0.755,0.743,0.749,0.599,326
"8_9","SapBERT-base-nocode","SapBERT","base",0.995,25,3,0.762,0.737,0.749,0.6,320
"8_9","SapBERT-base-nocode","SapBERT","base",0.995,25,4,0.648,0.813,0.721,0.564,415
"8_9","SapBERT-base-nocode","SapBERT","base",0.995,30,1,0.648,0.813,0.721,0.564,415
"8_9","SapBERT-base-nocode","SapBERT","base",0.995,30,2,0.755,0.743,0.749,0.599,326
"8_9","SapBERT-base-nocode","SapBERT","base",0.995,30,3,0.762,0.737,0.749,0.6,320
"8_9","SapBERT-base-nocode","SapBERT","base",0.995,30,4,0.648,0.813,0.721,0.564,415
"8_9","SapBERT-base-nocode","SapBERT","base",0.999,3,1,0.656,0.813,0.726,0.57,410
"8_9","SapBERT-base-nocode","SapBERT","base",0.999,3,2,0.754,0.74,0.747,0.596,325
"8_9","SapBERT-base-nocode","SapBERT","base",0.999,3,3,0.786,0.698,0.739,0.586,294
"8_9","SapBERT-base-nocode","SapBERT","base",0.999,3,4,0.656,0.813,0.726,0.57,410
"8_9","SapBERT-base-nocode","SapBERT","base",0.999,5,1,0.655,0.813,0.725,0.569,411
"8_9","SapBERT-base-nocode","SapBERT","base",0.999,5,2,0.754,0.74,0.747,0.596,325
"8_9","SapBERT-base-nocode","SapBERT","base",0.999,5,3,0.781,0.713,0.745,0.594,302
"8_9","SapBERT-base-nocode","SapBERT","base",0.999,5,4,0.655,0.813,0.725,0.569,411
"8_9","SapBERT-base-nocode","SapBERT","base",0.999,10,1,0.65,0.813,0.722,0.565,414
"8_9","SapBERT-base-nocode","SapBERT","base",0.999,10,2,0.754,0.74,0.747,0.596,325
"8_9","SapBERT-base-nocode","SapBERT","base",0.999,10,3,0.774,0.725,0.749,0.599,310
"8_9","SapBERT-base-nocode","SapBERT","base",0.999,10,4,0.65,0.813,0.722,0.565,414
"8_9","SapBERT-base-nocode","SapBERT","base",0.999,15,1,0.648,0.813,0.721,0.564,415
"8_9","SapBERT-base-nocode","SapBERT","base",0.999,15,2,0.754,0.74,0.747,0.596,325
"8_9","SapBERT-base-nocode","SapBERT","base",0.999,15,3,0.769,0.734,0.751,0.601,316
"8_9","SapBERT-base-nocode","SapBERT","base",0.999,15,4,0.648,0.813,0.721,0.564,415
"8_9","SapBERT-base-nocode","SapBERT","base",0.999,20,1,0.648,0.813,0.721,0.564,415
"8_9","SapBERT-base-nocode","SapBERT","base",0.999,20,2,0.754,0.74,0.747,0.596,325
"8_9","SapBERT-base-nocode","SapBERT","base",0.999,20,3,0.77,0.737,0.753,0.604,317
"8_9","SapBERT-base-nocode","SapBERT","base",0.999,20,4,0.648,0.813,0.721,0.564,415
"8_9","SapBERT-base-nocode","SapBERT","base",0.999,25,1,0.648,0.813,0.721,0.564,415
"8_9","SapBERT-base-nocode","SapBERT","base",0.999,25,2,0.754,0.74,0.747,0.596,325
"8_9","SapBERT-base-nocode","SapBERT","base",0.999,25,3,0.762,0.737,0.749,0.6,320
"8_9","SapBERT-base-nocode","SapBERT","base",0.999,25,4,0.648,0.813,0.721,0.564,415
"8_9","SapBERT-base-nocode","SapBERT","base",0.999,30,1,0.648,0.813,0.721,0.564,415
"8_9","SapBERT-base-nocode","SapBERT","base",0.999,30,2,0.754,0.74,0.747,0.596,325
"8_9","SapBERT-base-nocode","SapBERT","base",0.999,30,3,0.762,0.737,0.749,0.6,320
"8_9","SapBERT-base-nocode","SapBERT","base",0.999,30,4,0.648,0.813,0.721,0.564,415
"10_9","SapBERT-base","SapBERT","base",0.95,3,1,0.69,0.39,0.498,0.332,529
"10_9","SapBERT-base","SapBERT","base",0.95,3,2,0.814,0.318,0.457,0.297,366
"10_9","SapBERT-base","SapBERT","base",0.95,3,3,0.685,0.255,0.372,0.228,349
"10_9","SapBERT-base","SapBERT","base",0.95,3,4,0.693,0.395,0.503,0.336,534
"10_9","SapBERT-base","SapBERT","base",0.95,5,1,0.687,0.398,0.504,0.337,543
"10_9","SapBERT-base","SapBERT","base",0.95,5,2,0.802,0.323,0.461,0.299,378
"10_9","SapBERT-base","SapBERT","base",0.95,5,3,0.678,0.285,0.401,0.251,394
"10_9","SapBERT-base","SapBERT","base",0.95,5,4,0.685,0.408,0.511,0.343,558
"10_9","SapBERT-base","SapBERT","base",0.95,10,1,0.683,0.398,0.503,0.336,546
"10_9","SapBERT-base","SapBERT","base",0.95,10,2,0.801,0.334,0.471,0.308,391
"10_9","SapBERT-base","SapBERT","base",0.95,10,3,0.691,0.322,0.439,0.282,437
"10_9","SapBERT-base","SapBERT","base",0.95,10,4,0.683,0.418,0.519,0.35,574
"10_9","SapBERT-base","SapBERT","base",0.95,15,1,0.683,0.398,0.503,0.336,546
"10_9","SapBERT-base","SapBERT","base",0.95,15,2,0.787,0.335,0.47,0.307,399
"10_9","SapBERT-base","SapBERT","base",0.95,15,3,0.688,0.338,0.453,0.293,461
"10_9","SapBERT-base","SapBERT","base",0.95,15,4,0.675,0.419,0.517,0.349,582
"10_9","SapBERT-base","SapBERT","base",0.95,20,1,0.684,0.401,0.506,0.338,550
"10_9","SapBERT-base","SapBERT","base",0.95,20,2,0.783,0.339,0.473,0.31,406
"10_9","SapBERT-base","SapBERT","base",0.95,20,3,0.687,0.349,0.463,0.301,476
"10_9","SapBERT-base","SapBERT","base",0.95,20,4,0.675,0.427,0.523,0.354,593
"10_9","SapBERT-base","SapBERT","base",0.95,25,1,0.684,0.402,0.506,0.339,551
"10_9","SapBERT-base","SapBERT","base",0.95,25,2,0.783,0.339,0.473,0.31,406
"10_9","SapBERT-base","SapBERT","base",0.95,25,3,0.688,0.355,0.468,0.306,484
"10_9","SapBERT-base","SapBERT","base",0.95,25,4,0.675,0.428,0.524,0.355,594
"10_9","SapBERT-base","SapBERT","base",0.95,30,1,0.684,0.402,0.506,0.339,551
"10_9","SapBERT-base","SapBERT","base",0.95,30,2,0.782,0.34,0.474,0.311,408
"10_9","SapBERT-base","SapBERT","base",0.95,30,3,0.686,0.361,0.473,0.31,493
"10_9","SapBERT-base","SapBERT","base",0.95,30,4,0.674,0.429,0.524,0.355,596
"10_9","SapBERT-base","SapBERT","base",0.99,3,1,0.692,0.383,0.493,0.327,519
"10_9","SapBERT-base","SapBERT","base",0.99,3,2,0.825,0.297,0.437,0.279,337
"10_9","SapBERT-base","SapBERT","base",0.99,3,3,0.68,0.25,0.366,0.223,344
"10_9","SapBERT-base","SapBERT","base",0.99,3,4,0.692,0.383,0.493,0.327,519
"10_9","SapBERT-base","SapBERT","base",0.99,5,1,0.689,0.393,0.501,0.334,534
"10_9","SapBERT-base","SapBERT","base",0.99,5,2,0.825,0.297,0.437,0.279,337
"10_9","SapBERT-base","SapBERT","base",0.99,5,3,0.681,0.275,0.392,0.244,379
"10_9","SapBERT-base","SapBERT","base",0.99,5,4,0.689,0.393,0.501,0.334,534
"10_9","SapBERT-base","SapBERT","base",0.99,10,1,0.685,0.393,0.499,0.333,537
"10_9","SapBERT-base","SapBERT","base",0.99,10,2,0.826,0.299,0.439,0.281,339
"10_9","SapBERT-base","SapBERT","base",0.99,10,3,0.692,0.302,0.42,0.266,409
"10_9","SapBERT-base","SapBERT","base",0.99,10,4,0.686,0.395,0.501,0.335,539
"10_9","SapBERT-base","SapBERT","base",0.99,15,1,0.685,0.393,0.499,0.333,537
"10_9","SapBERT-base","SapBERT","base",0.99,15,2,0.826,0.299,0.439,0.281,339
"10_9","SapBERT-base","SapBERT","base",0.99,15,3,0.698,0.316,0.435,0.278,424
"10_9","SapBERT-base","SapBERT","base",0.99,15,4,0.686,0.395,0.501,0.335,539
"10_9","SapBERT-base","SapBERT","base",0.99,20,1,0.686,0.396,0.502,0.335,541
"10_9","SapBERT-base","SapBERT","base",0.99,20,2,0.824,0.3,0.44,0.282,341
"10_9","SapBERT-base","SapBERT","base",0.99,20,3,0.698,0.323,0.442,0.284,434
"10_9","SapBERT-base","SapBERT","base",0.99,20,4,0.686,0.399,0.505,0.338,545
"10_9","SapBERT-base","SapBERT","base",0.99,25,1,0.686,0.397,0.503,0.336,542
"10_9","SapBERT-base","SapBERT","base",0.99,25,2,0.824,0.3,0.44,0.282,341
"10_9","SapBERT-base","SapBERT","base",0.99,25,3,0.7,0.329,0.448,0.288,440
"10_9","SapBERT-base","SapBERT","base",0.99,25,4,0.687,0.4,0.506,0.338,546
"10_9","SapBERT-base","SapBERT","base",0.99,30,1,0.686,0.397,0.503,0.336,542
"10_9","SapBERT-base","SapBERT","base",0.99,30,2,0.822,0.3,0.44,0.282,342
"10_9","SapBERT-base","SapBERT","base",0.99,30,3,0.696,0.333,0.45,0.291,448
"10_9","SapBERT-base","SapBERT","base",0.99,30,4,0.686,0.4,0.505,0.338,547
"10_9","SapBERT-base","SapBERT","base",0.995,3,1,0.692,0.381,0.491,0.326,516
"10_9","SapBERT-base","SapBERT","base",0.995,3,2,0.826,0.293,0.433,0.276,333
"10_9","SapBERT-base","SapBERT","base",0.995,3,3,0.68,0.25,0.366,0.223,344
"10_9","SapBERT-base","SapBERT","base",0.995,3,4,0.692,0.381,0.491,0.326,516
"10_9","SapBERT-base","SapBERT","base",0.995,5,1,0.689,0.391,0.499,0.332,531
"10_9","SapBERT-base","SapBERT","base",0.995,5,2,0.826,0.293,0.433,0.276,333
"10_9","SapBERT-base","SapBERT","base",0.995,5,3,0.683,0.275,0.392,0.244,378
"10_9","SapBERT-base","SapBERT","base",0.995,5,4,0.689,0.391,0.499,0.332,531
"10_9","SapBERT-base","SapBERT","base",0.995,10,1,0.685,0.391,0.498,0.331,534
"10_9","SapBERT-base","SapBERT","base",0.995,10,2,0.827,0.296,0.436,0.278,335
"10_9","SapBERT-base","SapBERT","base",0.995,10,3,0.693,0.301,0.42,0.266,407
"10_9","SapBERT-base","SapBERT","base",0.995,10,4,0.687,0.393,0.5,0.333,536
"10_9","SapBERT-base","SapBERT","base",0.995,15,1,0.685,0.391,0.498,0.331,534
"10_9","SapBERT-base","SapBERT","base",0.995,15,2,0.827,0.296,0.436,0.278,335
"10_9","SapBERT-base","SapBERT","base",0.995,15,3,0.699,0.315,0.434,0.277,422
"10_9","SapBERT-base","SapBERT","base",0.995,15,4,0.687,0.393,0.5,0.333,536
"10_9","SapBERT-base","SapBERT","base",0.995,20,1,0.686,0.394,0.501,0.334,538
"10_9","SapBERT-base","SapBERT","base",0.995,20,2,0.824,0.296,0.436,0.278,336
"10_9","SapBERT-base","SapBERT","base",0.995,20,3,0.698,0.321,0.44,0.282,431
"10_9","SapBERT-base","SapBERT","base",0.995,20,4,0.686,0.396,0.502,0.335,541
"10_9","SapBERT-base","SapBERT","base",0.995,25,1,0.686,0.395,0.501,0.335,539
"10_9","SapBERT-base","SapBERT","base",0.995,25,2,0.824,0.296,0.436,0.278,336
"10_9","SapBERT-base","SapBERT","base",0.995,25,3,0.7,0.327,0.446,0.287,437
"10_9","SapBERT-base","SapBERT","base",0.995,25,4,0.686,0.397,0.503,0.336,542
"10_9","SapBERT-base","SapBERT","base",0.995,30,1,0.686,0.395,0.501,0.335,539
"10_9","SapBERT-base","SapBERT","base",0.995,30,2,0.824,0.296,0.436,0.278,336
"10_9","SapBERT-base","SapBERT","base",0.995,30,3,0.698,0.331,0.449,0.289,444
"10_9","SapBERT-base","SapBERT","base",0.995,30,4,0.686,0.397,0.503,0.336,542
"10_9","SapBERT-base","SapBERT","base",0.999,3,1,0.691,0.38,0.49,0.325,515
"10_9","SapBERT-base","SapBERT","base",0.999,3,2,0.824,0.29,0.429,0.273,330
"10_9","SapBERT-base","SapBERT","base",0.999,3,3,0.679,0.249,0.364,0.223,343
"10_9","SapBERT-base","SapBERT","base",0.999,3,4,0.691,0.38,0.49,0.325,515
"10_9","SapBERT-base","SapBERT","base",0.999,5,1,0.689,0.39,0.498,0.331,530
"10_9","SapBERT-base","SapBERT","base",0.999,5,2,0.824,0.29,0.429,0.273,330
"10_9","SapBERT-base","SapBERT","base",0.999,5,3,0.682,0.274,0.391,0.243,377
"10_9","SapBERT-base","SapBERT","base",0.999,5,4,0.689,0.39,0.498,0.331,530
"10_9","SapBERT-base","SapBERT","base",0.999,10,1,0.685,0.39,0.497,0.33,533
"10_9","SapBERT-base","SapBERT","base",0.999,10,2,0.825,0.291,0.43,0.274,331
"10_9","SapBERT-base","SapBERT","base",0.999,10,3,0.691,0.299,0.417,0.264,405
"10_9","SapBERT-base","SapBERT","base",0.999,10,4,0.685,0.391,0.498,0.331,534
"10_9","SapBERT-base","SapBERT","base",0.999,15,1,0.685,0.39,0.497,0.33,533
"10_9","SapBERT-base","SapBERT","base",0.999,15,2,0.825,0.291,0.43,0.274,331
"10_9","SapBERT-base","SapBERT","base",0.999,15,3,0.698,0.313,0.432,0.275,420
"10_9","SapBERT-base","SapBERT","base",0.999,15,4,0.685,0.391,0.498,0.331,534
"10_9","SapBERT-base","SapBERT","base",0.999,20,1,0.685,0.393,0.499,0.333,537
"10_9","SapBERT-base","SapBERT","base",0.999,20,2,0.825,0.291,0.43,0.274,331
"10_9","SapBERT-base","SapBERT","base",0.999,20,3,0.699,0.319,0.438,0.28,428
"10_9","SapBERT-base","SapBERT","base",0.999,20,4,0.686,0.394,0.501,0.334,538
"10_9","SapBERT-base","SapBERT","base",0.999,25,1,0.686,0.394,0.501,0.334,538
"10_9","SapBERT-base","SapBERT","base",0.999,25,2,0.825,0.291,0.43,0.274,331
"10_9","SapBERT-base","SapBERT","base",0.999,25,3,0.7,0.324,0.443,0.285,434
"10_9","SapBERT-base","SapBERT","base",0.999,25,4,0.686,0.395,0.501,0.335,539
"10_9","SapBERT-base","SapBERT","base",0.999,30,1,0.686,0.394,0.501,0.334,538
"10_9","SapBERT-base","SapBERT","base",0.999,30,2,0.825,0.291,0.43,0.274,331
"10_9","SapBERT-base","SapBERT","base",0.999,30,3,0.698,0.329,0.447,0.288,441
"10_9","SapBERT-base","SapBERT","base",0.999,30,4,0.686,0.395,0.501,0.335,539
"8_9","SapBERT-base","SapBERT","base",0.95,3,1,0.643,0.837,0.727,0.571,431
"8_9","SapBERT-base","SapBERT","base",0.95,3,2,0.728,0.792,0.759,0.611,360
"8_9","SapBERT-base","SapBERT","base",0.95,3,3,0.781,0.701,0.739,0.586,297
"8_9","SapBERT-base","SapBERT","base",0.95,3,4,0.641,0.84,0.727,0.571,434
"8_9","SapBERT-base","SapBERT","base",0.95,5,1,0.641,0.837,0.726,0.57,432
"8_9","SapBERT-base","SapBERT","base",0.95,5,2,0.725,0.795,0.758,0.61,363
"8_9","SapBERT-base","SapBERT","base",0.95,5,3,0.77,0.719,0.744,0.592,309
"8_9","SapBERT-base","SapBERT","base",0.95,5,4,0.637,0.843,0.726,0.569,438
"8_9","SapBERT-base","SapBERT","base",0.95,10,1,0.637,0.837,0.723,0.566,435
"8_9","SapBERT-base","SapBERT","base",0.95,10,2,0.725,0.795,0.758,0.61,363
"8_9","SapBERT-base","SapBERT","base",0.95,10,3,0.761,0.731,0.746,0.595,318
"8_9","SapBERT-base","SapBERT","base",0.95,10,4,0.633,0.843,0.723,0.566,441
"8_9","SapBERT-base","SapBERT","base",0.95,15,1,0.635,0.837,0.722,0.565,436
"8_9","SapBERT-base","SapBERT","base",0.95,15,2,0.723,0.798,0.759,0.611,365
"8_9","SapBERT-base","SapBERT","base",0.95,15,3,0.756,0.74,0.748,0.598,324
"8_9","SapBERT-base","SapBERT","base",0.95,15,4,0.631,0.846,0.723,0.566,444
"8_9","SapBERT-base","SapBERT","base",0.95,20,1,0.635,0.837,0.722,0.565,436
"8_9","SapBERT-base","SapBERT","base",0.95,20,2,0.721,0.798,0.758,0.61,366
"8_9","SapBERT-base","SapBERT","base",0.95,20,3,0.75,0.743,0.746,0.596,328
"8_9","SapBERT-base","SapBERT","base",0.95,20,4,0.629,0.846,0.722,0.565,445
"8_9","SapBERT-base","SapBERT","base",0.95,25,1,0.635,0.837,0.722,0.565,436
"8_9","SapBERT-base","SapBERT","base",0.95,25,2,0.714,0.798,0.754,0.604,370
"8_9","SapBERT-base","SapBERT","base",0.95,25,3,0.734,0.743,0.738,0.586,335
"8_9","SapBERT-base","SapBERT","base",0.95,25,4,0.624,0.846,0.718,0.56,449
"8_9","SapBERT-base","SapBERT","base",0.95,30,1,0.635,0.837,0.722,0.565,436
"8_9","SapBERT-base","SapBERT","base",0.95,30,2,0.714,0.798,0.754,0.604,370
"8_9","SapBERT-base","SapBERT","base",0.95,30,3,0.734,0.743,0.738,0.586,335
"8_9","SapBERT-base","SapBERT","base",0.95,30,4,0.624,0.846,0.718,0.56,449
"8_9","SapBERT-base","SapBERT","base",0.99,3,1,0.645,0.834,0.727,0.571,428
"8_9","SapBERT-base","SapBERT","base",0.99,3,2,0.739,0.785,0.761,0.615,352
"8_9","SapBERT-base","SapBERT","base",0.99,3,3,0.786,0.701,0.741,0.589,295
"8_9","SapBERT-base","SapBERT","base",0.99,3,4,0.646,0.837,0.729,0.573,429
"8_9","SapBERT-base","SapBERT","base",0.99,5,1,0.643,0.834,0.726,0.57,429
"8_9","SapBERT-base","SapBERT","base",0.99,5,2,0.737,0.785,0.76,0.613,353
"8_9","SapBERT-base","SapBERT","base",0.99,5,3,0.777,0.716,0.745,0.594,305
"8_9","SapBERT-base","SapBERT","base",0.99,5,4,0.643,0.837,0.727,0.571,431
"8_9","SapBERT-base","SapBERT","base",0.99,10,1,0.639,0.834,0.724,0.567,432
"8_9","SapBERT-base","SapBERT","base",0.99,10,2,0.737,0.785,0.76,0.613,353
"8_9","SapBERT-base","SapBERT","base",0.99,10,3,0.768,0.728,0.747,0.597,314
"8_9","SapBERT-base","SapBERT","base",0.99,10,4,0.638,0.837,0.724,0.568,434
"8_9","SapBERT-base","SapBERT","base",0.99,15,1,0.637,0.834,0.722,0.566,433
"8_9","SapBERT-base","SapBERT","base",0.99,15,2,0.737,0.785,0.76,0.613,353
"8_9","SapBERT-base","SapBERT","base",0.99,15,3,0.764,0.734,0.749,0.599,318
"8_9","SapBERT-base","SapBERT","base",0.99,15,4,0.637,0.837,0.723,0.566,435
"8_9","SapBERT-base","SapBERT","base",0.99,20,1,0.637,0.834,0.722,0.566,433
"8_9","SapBERT-base","SapBERT","base",0.99,20,2,0.737,0.785,0.76,0.613,353
"8_9","SapBERT-base","SapBERT","base",0.99,20,3,0.76,0.737,0.748,0.598,321
"8_9","SapBERT-base","SapBERT","base",0.99,20,4,0.637,0.837,0.723,0.566,435
"8_9","SapBERT-base","SapBERT","base",0.99,25,1,0.637,0.834,0.722,0.566,433
"8_9","SapBERT-base","SapBERT","base",0.99,25,2,0.734,0.785,0.759,0.612,354
"8_9","SapBERT-base","SapBERT","base",0.99,25,3,0.751,0.737,0.744,0.592,325
"8_9","SapBERT-base","SapBERT","base",0.99,25,4,0.635,0.837,0.722,0.565,436
"8_9","SapBERT-base","SapBERT","base",0.99,30,1,0.637,0.834,0.722,0.566,433
"8_9","SapBERT-base","SapBERT","base",0.99,30,2,0.734,0.785,0.759,0.612,354
"8_9","SapBERT-base","SapBERT","base",0.99,30,3,0.751,0.737,0.744,0.592,325
"8_9","SapBERT-base","SapBERT","base",0.99,30,4,0.635,0.837,0.722,0.565,436
"8_9","SapBERT-base","SapBERT","base",0.995,3,1,0.646,0.834,0.728,0.573,427
"8_9","SapBERT-base","SapBERT","base",0.995,3,2,0.738,0.773,0.755,0.607,347
"8_9","SapBERT-base","SapBERT","base",0.995,3,3,0.786,0.698,0.739,0.586,294
"8_9","SapBERT-base","SapBERT","base",0.995,3,4,0.646,0.834,0.728,0.573,427
"8_9","SapBERT-base","SapBERT","base",0.995,5,1,0.645,0.834,0.727,0.571,428
"8_9","SapBERT-base","SapBERT","base",0.995,5,2,0.738,0.773,0.755,0.607,347
"8_9","SapBERT-base","SapBERT","base",0.995,5,3,0.779,0.713,0.745,0.593,303
"8_9","SapBERT-base","SapBERT","base",0.995,5,4,0.645,0.834,0.727,0.571,428
"8_9","SapBERT-base","SapBERT","base",0.995,10,1,0.64,0.834,0.724,0.568,431
"8_9","SapBERT-base","SapBERT","base",0.995,10,2,0.738,0.773,0.755,0.607,347
"8_9","SapBERT-base","SapBERT","base",0.995,10,3,0.769,0.725,0.746,0.596,312
"8_9","SapBERT-base","SapBERT","base",0.995,10,4,0.64,0.834,0.724,0.568,431
"8_9","SapBERT-base","SapBERT","base",0.995,15,1,0.639,0.834,0.724,0.567,432
"8_9","SapBERT-base","SapBERT","base",0.995,15,2,0.738,0.773,0.755,0.607,347
"8_9","SapBERT-base","SapBERT","base",0.995,15,3,0.766,0.731,0.748,0.598,316
"8_9","SapBERT-base","SapBERT","base",0.995,15,4,0.639,0.834,0.724,0.567,432
"8_9","SapBERT-base","SapBERT","base",0.995,20,1,0.639,0.834,0.724,0.567,432
"8_9","SapBERT-base","SapBERT","base",0.995,20,2,0.738,0.773,0.755,0.607,347
"8_9","SapBERT-base","SapBERT","base",0.995,20,3,0.762,0.734,0.748,0.597,319
"8_9","SapBERT-base","SapBERT","base",0.995,20,4,0.639,0.834,0.724,0.567,432
"8_9","SapBERT-base","SapBERT","base",0.995,25,1,0.639,0.834,0.724,0.567,432
"8_9","SapBERT-base","SapBERT","base",0.995,25,2,0.738,0.773,0.755,0.607,347
"8_9","SapBERT-base","SapBERT","base",0.995,25,3,0.755,0.734,0.744,0.593,322
"8_9","SapBERT-base","SapBERT","base",0.995,25,4,0.639,0.834,0.724,0.567,432
"8_9","SapBERT-base","SapBERT","base",0.995,30,1,0.639,0.834,0.724,0.567,432
"8_9","SapBERT-base","SapBERT","base",0.995,30,2,0.738,0.773,0.755,0.607,347
"8_9","SapBERT-base","SapBERT","base",0.995,30,3,0.755,0.734,0.744,0.593,322
"8_9","SapBERT-base","SapBERT","base",0.995,30,4,0.639,0.834,0.724,0.567,432
"8_9","SapBERT-base","SapBERT","base",0.999,3,1,0.648,0.834,0.729,0.574,426
"8_9","SapBERT-base","SapBERT","base",0.999,3,2,0.739,0.77,0.754,0.606,345
"8_9","SapBERT-base","SapBERT","base",0.999,3,3,0.786,0.698,0.739,0.586,294
"8_9","SapBERT-base","SapBERT","base",0.999,3,4,0.648,0.834,0.729,0.574,426
"8_9","SapBERT-base","SapBERT","base",0.999,5,1,0.646,0.834,0.728,0.573,427
"8_9","SapBERT-base","SapBERT","base",0.999,5,2,0.739,0.77,0.754,0.606,345
"8_9","SapBERT-base","SapBERT","base",0.999,5,3,0.779,0.713,0.745,0.593,303
"8_9","SapBERT-base","SapBERT","base",0.999,5,4,0.646,0.834,0.728,0.573,427
"8_9","SapBERT-base","SapBERT","base",0.999,10,1,0.642,0.834,0.726,0.569,430
"8_9","SapBERT-base","SapBERT","base",0.999,10,2,0.739,0.77,0.754,0.606,345
"8_9","SapBERT-base","SapBERT","base",0.999,10,3,0.769,0.725,0.746,0.596,312
"8_9","SapBERT-base","SapBERT","base",0.999,10,4,0.642,0.834,0.726,0.569,430
"8_9","SapBERT-base","SapBERT","base",0.999,15,1,0.64,0.834,0.724,0.568,431
"8_9","SapBERT-base","SapBERT","base",0.999,15,2,0.739,0.77,0.754,0.606,345
"8_9","SapBERT-base","SapBERT","base",0.999,15,3,0.766,0.731,0.748,0.598,316
"8_9","SapBERT-base","SapBERT","base",0.999,15,4,0.64,0.834,0.724,0.568,431
"8_9","SapBERT-base","SapBERT","base",0.999,20,1,0.64,0.834,0.724,0.568,431
"8_9","SapBERT-base","SapBERT","base",0.999,20,2,0.739,0.77,0.754,0.606,345
"8_9","SapBERT-base","SapBERT","base",0.999,20,3,0.762,0.734,0.748,0.597,319
"8_9","SapBERT-base","SapBERT","base",0.999,20,4,0.64,0.834,0.724,0.568,431
"8_9","SapBERT-base","SapBERT","base",0.999,25,1,0.64,0.834,0.724,0.568,431
"8_9","SapBERT-base","SapBERT","base",0.999,25,2,0.739,0.77,0.754,0.606,345
"8_9","SapBERT-base","SapBERT","base",0.999,25,3,0.755,0.734,0.744,0.593,322
"8_9","SapBERT-base","SapBERT","base",0.999,25,4,0.64,0.834,0.724,0.568,431
"8_9","SapBERT-base","SapBERT","base",0.999,30,1,0.64,0.834,0.724,0.568,431
"8_9","SapBERT-base","SapBERT","base",0.999,30,2,0.739,0.77,0.754,0.606,345
"8_9","SapBERT-base","SapBERT","base",0.999,30,3,0.755,0.734,0.744,0.593,322
"8_9","SapBERT-base","SapBERT","base",0.999,30,4,0.64,0.834,0.724,0.568,431
"10_9","SapBERT-stripped","SapBERT","stripped",0.95,3,1,0.701,0.391,0.502,0.335,522
"10_9","SapBERT-stripped","SapBERT","stripped",0.95,3,2,0.835,0.324,0.467,0.305,364
"10_9","SapBERT-stripped","SapBERT","stripped",0.95,3,3,0.684,0.254,0.37,0.227,348
"10_9","SapBERT-stripped","SapBERT","stripped",0.95,3,4,0.704,0.4,0.51,0.342,533
"10_9","SapBERT-stripped","SapBERT","stripped",0.95,5,1,0.7,0.4,0.509,0.342,536
"10_9","SapBERT-stripped","SapBERT","stripped",0.95,5,2,0.824,0.329,0.47,0.307,374
"10_9","SapBERT-stripped","SapBERT","stripped",0.95,5,3,0.675,0.284,0.4,0.25,394
"10_9","SapBERT-stripped","SapBERT","stripped",0.95,5,4,0.695,0.412,0.517,0.349,555
"10_9","SapBERT-stripped","SapBERT","stripped",0.95,10,1,0.696,0.4,0.508,0.341,539
"10_9","SapBERT-stripped","SapBERT","stripped",0.95,10,2,0.818,0.336,0.476,0.313,385
"10_9","SapBERT-stripped","SapBERT","stripped",0.95,10,3,0.681,0.317,0.433,0.276,436
"10_9","SapBERT-stripped","SapBERT","stripped",0.95,10,4,0.691,0.419,0.522,0.353,569
"10_9","SapBERT-stripped","SapBERT","stripped",0.95,15,1,0.696,0.4,0.508,0.341,539
"10_9","SapBERT-stripped","SapBERT","stripped",0.95,15,2,0.809,0.338,0.477,0.313,392
"10_9","SapBERT-stripped","SapBERT","stripped",0.95,15,3,0.681,0.332,0.446,0.287,457
"10_9","SapBERT-stripped","SapBERT","stripped",0.95,15,4,0.686,0.422,0.523,0.353,576
"10_9","SapBERT-stripped","SapBERT","stripped",0.95,20,1,0.696,0.403,0.51,0.343,543
"10_9","SapBERT-stripped","SapBERT","stripped",0.95,20,2,0.81,0.342,0.481,0.316,395
"10_9","SapBERT-stripped","SapBERT","stripped",0.95,20,3,0.686,0.345,0.459,0.298,471
"10_9","SapBERT-stripped","SapBERT","stripped",0.95,20,4,0.688,0.428,0.528,0.358,583
"10_9","SapBERT-stripped","SapBERT","stripped",0.95,25,1,0.697,0.404,0.512,0.344,544
"10_9","SapBERT-stripped","SapBERT","stripped",0.95,25,2,0.805,0.343,0.481,0.316,399
"10_9","SapBERT-stripped","SapBERT","stripped",0.95,25,3,0.683,0.35,0.463,0.301,480
"10_9","SapBERT-stripped","SapBERT","stripped",0.95,25,4,0.685,0.43,0.528,0.359,588
"10_9","SapBERT-stripped","SapBERT","stripped",0.95,30,1,0.697,0.404,0.512,0.344,544
"10_9","SapBERT-stripped","SapBERT","stripped",0.95,30,2,0.801,0.344,0.481,0.317,402
"10_9","SapBERT-stripped","SapBERT","stripped",0.95,30,3,0.681,0.355,0.467,0.305,489
"10_9","SapBERT-stripped","SapBERT","stripped",0.95,30,4,0.684,0.431,0.529,0.359,591
"10_9","SapBERT-stripped","SapBERT","stripped",0.99,3,1,0.708,0.387,0.5,0.334,513
"10_9","SapBERT-stripped","SapBERT","stripped",0.99,3,2,0.851,0.304,0.448,0.289,335
"10_9","SapBERT-stripped","SapBERT","stripped",0.99,3,3,0.681,0.247,0.363,0.221,339
"10_9","SapBERT-stripped","SapBERT","stripped",0.99,3,4,0.709,0.39,0.503,0.336,515
"10_9","SapBERT-stripped","SapBERT","stripped",0.99,5,1,0.706,0.398,0.509,0.342,528
"10_9","SapBERT-stripped","SapBERT","stripped",0.99,5,2,0.849,0.305,0.449,0.289,337
"10_9","SapBERT-stripped","SapBERT","stripped",0.99,5,3,0.681,0.275,0.392,0.244,379
"10_9","SapBERT-stripped","SapBERT","stripped",0.99,5,4,0.707,0.401,0.512,0.344,532
"10_9","SapBERT-stripped","SapBERT","stripped",0.99,10,1,0.702,0.398,0.508,0.341,531
"10_9","SapBERT-stripped","SapBERT","stripped",0.99,10,2,0.849,0.306,0.45,0.29,338
"10_9","SapBERT-stripped","SapBERT","stripped",0.99,10,3,0.688,0.301,0.419,0.265,410
"10_9","SapBERT-stripped","SapBERT","stripped",0.99,10,4,0.703,0.402,0.512,0.344,536
"10_9","SapBERT-stripped","SapBERT","stripped",0.99,15,1,0.702,0.398,0.508,0.341,531
"10_9","SapBERT-stripped","SapBERT","stripped",0.99,15,2,0.849,0.306,0.45,0.29,338
"10_9","SapBERT-stripped","SapBERT","stripped",0.99,15,3,0.695,0.314,0.433,0.276,423
"10_9","SapBERT-stripped","SapBERT","stripped",0.99,15,4,0.703,0.402,0.512,0.344,536
"10_9","SapBERT-stripped","SapBERT","stripped",0.99,20,1,0.703,0.401,0.511,0.343,535
"10_9","SapBERT-stripped","SapBERT","stripped",0.99,20,2,0.849,0.306,0.45,0.29,338
"10_9","SapBERT-stripped","SapBERT","stripped",0.99,20,3,0.698,0.323,0.442,0.284,434
"10_9","SapBERT-stripped","SapBERT","stripped",0.99,20,4,0.704,0.406,0.515,0.346,540
"10_9","SapBERT-stripped","SapBERT","stripped",0.99,25,1,0.703,0.402,0.512,0.344,536
"10_9","SapBERT-stripped","SapBERT","stripped",0.99,25,2,0.85,0.307,0.451,0.291,339
"10_9","SapBERT-stripped","SapBERT","stripped",0.99,25,3,0.7,0.329,0.448,0.288,440
"10_9","SapBERT-stripped","SapBERT","stripped",0.99,25,4,0.705,0.408,0.517,0.348,542
"10_9","SapBERT-stripped","SapBERT","stripped",0.99,30,1,0.703,0.402,0.512,0.344,536
"10_9","SapBERT-stripped","SapBERT","stripped",0.99,30,2,0.85,0.307,0.451,0.291,339
"10_9","SapBERT-stripped","SapBERT","stripped",0.99,30,3,0.7,0.333,0.451,0.291,446
"10_9","SapBERT-stripped","SapBERT","stripped",0.99,30,4,0.705,0.408,0.517,0.348,542
"10_9","SapBERT-stripped","SapBERT","stripped",0.995,3,1,0.708,0.387,0.5,0.334,513
"10_9","SapBERT-stripped","SapBERT","stripped",0.995,3,2,0.85,0.302,0.446,0.287,333
"10_9","SapBERT-stripped","SapBERT","stripped",0.995,3,3,0.68,0.245,0.36,0.22,338
"10_9","SapBERT-stripped","SapBERT","stripped",0.995,3,4,0.708,0.388,0.501,0.335,514
"10_9","SapBERT-stripped","SapBERT","stripped",0.995,5,1,0.706,0.398,0.509,0.342,528
"10_9","SapBERT-stripped","SapBERT","stripped",0.995,5,2,0.85,0.302,0.446,0.287,333
"10_9","SapBERT-stripped","SapBERT","stripped",0.995,5,3,0.681,0.273,0.39,0.242,376
"10_9","SapBERT-stripped","SapBERT","stripped",0.995,5,4,0.707,0.399,0.51,0.342,529
"10_9","SapBERT-stripped","SapBERT","stripped",0.995,10,1,0.702,0.398,0.508,0.341,531
"10_9","SapBERT-stripped","SapBERT","stripped",0.995,10,2,0.85,0.303,0.447,0.288,334
"10_9","SapBERT-stripped","SapBERT","stripped",0.995,10,3,0.688,0.299,0.417,0.263,407
"10_9","SapBERT-stripped","SapBERT","stripped",0.995,10,4,0.704,0.4,0.51,0.342,533
"10_9","SapBERT-stripped","SapBERT","stripped",0.995,15,1,0.702,0.398,0.508,0.341,531
"10_9","SapBERT-stripped","SapBERT","stripped",0.995,15,2,0.85,0.303,0.447,0.288,334
"10_9","SapBERT-stripped","SapBERT","stripped",0.995,15,3,0.695,0.312,0.431,0.274,420
"10_9","SapBERT-stripped","SapBERT","stripped",0.995,15,4,0.704,0.4,0.51,0.342,533
"10_9","SapBERT-stripped","SapBERT","stripped",0.995,20,1,0.703,0.401,0.511,0.343,535
"10_9","SapBERT-stripped","SapBERT","stripped",0.995,20,2,0.85,0.303,0.447,0.288,334
"10_9","SapBERT-stripped","SapBERT","stripped",0.995,20,3,0.698,0.321,0.44,0.282,431
"10_9","SapBERT-stripped","SapBERT","stripped",0.995,20,4,0.704,0.403,0.513,0.345,537
"10_9","SapBERT-stripped","SapBERT","stripped",0.995,25,1,0.703,0.402,0.512,0.344,536
"10_9","SapBERT-stripped","SapBERT","stripped",0.995,25,2,0.851,0.304,0.448,0.289,335
"10_9","SapBERT-stripped","SapBERT","stripped",0.995,25,3,0.7,0.327,0.446,0.287,437
"10_9","SapBERT-stripped","SapBERT","stripped",0.995,25,4,0.705,0.406,0.515,0.347,539
"10_9","SapBERT-stripped","SapBERT","stripped",0.995,30,1,0.703,0.402,0.512,0.344,536
"10_9","SapBERT-stripped","SapBERT","stripped",0.995,30,2,0.851,0.304,0.448,0.289,335
"10_9","SapBERT-stripped","SapBERT","stripped",0.995,30,3,0.7,0.331,0.449,0.29,443
"10_9","SapBERT-stripped","SapBERT","stripped",0.995,30,4,0.705,0.406,0.515,0.347,539
"10_9","SapBERT-stripped","SapBERT","stripped",0.999,3,1,0.708,0.387,0.5,0.334,513
"10_9","SapBERT-stripped","SapBERT","stripped",0.999,3,2,0.848,0.299,0.442,0.284,330
"10_9","SapBERT-stripped","SapBERT","stripped",0.999,3,3,0.68,0.244,0.359,0.219,337
"10_9","SapBERT-stripped","SapBERT","stripped",0.999,3,4,0.708,0.387,0.5,0.334,513
"10_9","SapBERT-stripped","SapBERT","stripped",0.999,5,1,0.706,0.398,0.509,0.342,528
"10_9","SapBERT-stripped","SapBERT","stripped",0.999,5,2,0.848,0.299,0.442,0.284,330
"10_9","SapBERT-stripped","SapBERT","stripped",0.999,5,3,0.68,0.272,0.389,0.241,375
"10_9","SapBERT-stripped","SapBERT","stripped",0.999,5,4,0.706,0.398,0.509,0.342,528
"10_9","SapBERT-stripped","SapBERT","stripped",0.999,10,1,0.702,0.398,0.508,0.341,531
"10_9","SapBERT-stripped","SapBERT","stripped",0.999,10,2,0.849,0.3,0.443,0.285,331
"10_9","SapBERT-stripped","SapBERT","stripped",0.999,10,3,0.687,0.298,0.416,0.262,406
"10_9","SapBERT-stripped","SapBERT","stripped",0.999,10,4,0.703,0.399,0.509,0.342,532
"10_9","SapBERT-stripped","SapBERT","stripped",0.999,15,1,0.702,0.398,0.508,0.341,531
"10_9","SapBERT-stripped","SapBERT","stripped",0.999,15,2,0.849,0.3,0.443,0.285,331
"10_9","SapBERT-stripped","SapBERT","stripped",0.999,15,3,0.695,0.311,0.43,0.273,419
"10_9","SapBERT-stripped","SapBERT","stripped",0.999,15,4,0.703,0.399,0.509,0.342,532
"10_9","SapBERT-stripped","SapBERT","stripped",0.999,20,1,0.703,0.401,0.511,0.343,535
"10_9","SapBERT-stripped","SapBERT","stripped",0.999,20,2,0.849,0.3,0.443,0.285,331
"10_9","SapBERT-stripped","SapBERT","stripped",0.999,20,3,0.698,0.32,0.439,0.281,430
"10_9","SapBERT-stripped","SapBERT","stripped",0.999,20,4,0.703,0.402,0.512,0.344,536
"10_9","SapBERT-stripped","SapBERT","stripped",0.999,25,1,0.703,0.402,0.512,0.344,536
"10_9","SapBERT-stripped","SapBERT","stripped",0.999,25,2,0.849,0.3,0.443,0.285,331
"10_9","SapBERT-stripped","SapBERT","stripped",0.999,25,3,0.699,0.324,0.443,0.285,435
"10_9","SapBERT-stripped","SapBERT","stripped",0.999,25,4,0.704,0.403,0.513,0.345,537
"10_9","SapBERT-stripped","SapBERT","stripped",0.999,30,1,0.703,0.402,0.512,0.344,536
"10_9","SapBERT-stripped","SapBERT","stripped",0.999,30,2,0.849,0.3,0.443,0.285,331
"10_9","SapBERT-stripped","SapBERT","stripped",0.999,30,3,0.698,0.329,0.447,0.288,441
"10_9","SapBERT-stripped","SapBERT","stripped",0.999,30,4,0.704,0.403,0.513,0.345,537
"8_9","SapBERT-stripped","SapBERT","stripped",0.95,3,1,0.632,0.834,0.719,0.561,437
"8_9","SapBERT-stripped","SapBERT","stripped",0.95,3,2,0.711,0.789,0.748,0.597,367
"8_9","SapBERT-stripped","SapBERT","stripped",0.95,3,3,0.782,0.704,0.741,0.588,298
"8_9","SapBERT-stripped","SapBERT","stripped",0.95,3,4,0.631,0.846,0.723,0.566,444
"8_9","SapBERT-stripped","SapBERT","stripped",0.95,5,1,0.63,0.834,0.718,0.56,438
"8_9","SapBERT-stripped","SapBERT","stripped",0.95,5,2,0.707,0.789,0.746,0.595,369
"8_9","SapBERT-stripped","SapBERT","stripped",0.95,5,3,0.765,0.719,0.741,0.589,311
"8_9","SapBERT-stripped","SapBERT","stripped",0.95,5,4,0.626,0.846,0.72,0.562,447
"8_9","SapBERT-stripped","SapBERT","stripped",0.95,10,1,0.626,0.834,0.715,0.556,441
"8_9","SapBERT-stripped","SapBERT","stripped",0.95,10,2,0.707,0.789,0.746,0.595,369
"8_9","SapBERT-stripped","SapBERT","stripped",0.95,10,3,0.752,0.731,0.741,0.589,322
"8_9","SapBERT-stripped","SapBERT","stripped",0.95,10,4,0.622,0.846,0.717,0.559,450
"8_9","SapBERT-stripped","SapBERT","stripped",0.95,15,1,0.624,0.834,0.714,0.555,442
"8_9","SapBERT-stripped","SapBERT","stripped",0.95,15,2,0.706,0.792,0.747,0.595,371
"8_9","SapBERT-stripped","SapBERT","stripped",0.95,15,3,0.742,0.74,0.741,0.589,330
"8_9","SapBERT-stripped","SapBERT","stripped",0.95,15,4,0.62,0.849,0.717,0.559,453
"8_9","SapBERT-stripped","SapBERT","stripped",0.95,20,1,0.624,0.834,0.714,0.555,442
"8_9","SapBERT-stripped","SapBERT","stripped",0.95,20,2,0.704,0.792,0.745,0.594,372
"8_9","SapBERT-stripped","SapBERT","stripped",0.95,20,3,0.739,0.743,0.741,0.589,333
"8_9","SapBERT-stripped","SapBERT","stripped",0.95,20,4,0.619,0.849,0.716,0.558,454
"8_9","SapBERT-stripped","SapBERT","stripped",0.95,25,1,0.624,0.834,0.714,0.555,442
"8_9","SapBERT-stripped","SapBERT","stripped",0.95,25,2,0.701,0.792,0.744,0.591,374
"8_9","SapBERT-stripped","SapBERT","stripped",0.95,25,3,0.728,0.743,0.735,0.582,338
"8_9","SapBERT-stripped","SapBERT","stripped",0.95,25,4,0.616,0.849,0.714,0.555,456
"8_9","SapBERT-stripped","SapBERT","stripped",0.95,30,1,0.624,0.834,0.714,0.555,442
"8_9","SapBERT-stripped","SapBERT","stripped",0.95,30,2,0.701,0.792,0.744,0.591,374
"8_9","SapBERT-stripped","SapBERT","stripped",0.95,30,3,0.728,0.743,0.735,0.582,338
"8_9","SapBERT-stripped","SapBERT","stripped",0.95,30,4,0.616,0.849,0.714,0.555,456
"8_9","SapBERT-stripped","SapBERT","stripped",0.99,3,1,0.632,0.834,0.719,0.561,437
"8_9","SapBERT-stripped","SapBERT","stripped",0.99,3,2,0.712,0.761,0.736,0.582,354
"8_9","SapBERT-stripped","SapBERT","stripped",0.99,3,3,0.788,0.695,0.739,0.585,292
"8_9","SapBERT-stripped","SapBERT","stripped",0.99,3,4,0.632,0.837,0.72,0.563,438
"8_9","SapBERT-stripped","SapBERT","stripped",0.99,5,1,0.63,0.834,0.718,0.56,438
"8_9","SapBERT-stripped","SapBERT","stripped",0.99,5,2,0.71,0.761,0.735,0.581,355
"8_9","SapBERT-stripped","SapBERT","stripped",0.99,5,3,0.773,0.71,0.74,0.588,304
"8_9","SapBERT-stripped","SapBERT","stripped",0.99,5,4,0.63,0.837,0.719,0.561,440
"8_9","SapBERT-stripped","SapBERT","stripped",0.99,10,1,0.626,0.834,0.715,0.556,441
"8_9","SapBERT-stripped","SapBERT","stripped",0.99,10,2,0.71,0.761,0.735,0.581,355
"8_9","SapBERT-stripped","SapBERT","stripped",0.99,10,3,0.759,0.722,0.74,0.587,315
"8_9","SapBERT-stripped","SapBERT","stripped",0.99,10,4,0.625,0.837,0.716,0.557,443
"8_9","SapBERT-stripped","SapBERT","stripped",0.99,15,1,0.624,0.834,0.714,0.555,442
"8_9","SapBERT-stripped","SapBERT","stripped",0.99,15,2,0.71,0.761,0.735,0.581,355
"8_9","SapBERT-stripped","SapBERT","stripped",0.99,15,3,0.751,0.728,0.739,0.586,321
"8_9","SapBERT-stripped","SapBERT","stripped",0.99,15,4,0.624,0.837,0.715,0.556,444
"8_9","SapBERT-stripped","SapBERT","stripped",0.99,20,1,0.624,0.834,0.714,0.555,442
"8_9","SapBERT-stripped","SapBERT","stripped",0.99,20,2,0.71,0.761,0.735,0.581,355
"8_9","SapBERT-stripped","SapBERT","stripped",0.99,20,3,0.749,0.731,0.74,0.587,323
"8_9","SapBERT-stripped","SapBERT","stripped",0.99,20,4,0.624,0.837,0.715,0.556,444
"8_9","SapBERT-stripped","SapBERT","stripped",0.99,25,1,0.624,0.834,0.714,0.555,442
"8_9","SapBERT-stripped","SapBERT","stripped",0.99,25,2,0.71,0.761,0.735,0.581,355
"8_9","SapBERT-stripped","SapBERT","stripped",0.99,25,3,0.742,0.731,0.736,0.583,326
"8_9","SapBERT-stripped","SapBERT","stripped",0.99,25,4,0.624,0.837,0.715,0.556,444
"8_9","SapBERT-stripped","SapBERT","stripped",0.99,30,1,0.624,0.834,0.714,0.555,442
"8_9","SapBERT-stripped","SapBERT","stripped",0.99,30,2,0.71,0.761,0.735,0.581,355
"8_9","SapBERT-stripped","SapBERT","stripped",0.99,30,3,0.742,0.731,0.736,0.583,326
"8_9","SapBERT-stripped","SapBERT","stripped",0.99,30,4,0.624,0.837,0.715,0.556,444
"8_9","SapBERT-stripped","SapBERT","stripped",0.995,3,1,0.632,0.834,0.719,0.561,437
"8_9","SapBERT-stripped","SapBERT","stripped",0.995,3,2,0.711,0.758,0.734,0.58,353
"8_9","SapBERT-stripped","SapBERT","stripped",0.995,3,3,0.787,0.692,0.736,0.583,291
"8_9","SapBERT-stripped","SapBERT","stripped",0.995,3,4,0.632,0.834,0.719,0.561,437
"8_9","SapBERT-stripped","SapBERT","stripped",0.995,5,1,0.63,0.834,0.718,0.56,438
"8_9","SapBERT-stripped","SapBERT","stripped",0.995,5,2,0.711,0.758,0.734,0.58,353
"8_9","SapBERT-stripped","SapBERT","stripped",0.995,5,3,0.775,0.707,0.739,0.586,302
"8_9","SapBERT-stripped","SapBERT","stripped",0.995,5,4,0.63,0.834,0.718,0.56,438
"8_9","SapBERT-stripped","SapBERT","stripped",0.995,10,1,0.626,0.834,0.715,0.556,441
"8_9","SapBERT-stripped","SapBERT","stripped",0.995,10,2,0.711,0.758,0.734,0.58,353
"8_9","SapBERT-stripped","SapBERT","stripped",0.995,10,3,0.76,0.719,0.739,0.586,313
"8_9","SapBERT-stripped","SapBERT","stripped",0.995,10,4,0.626,0.834,0.715,0.556,441
"8_9","SapBERT-stripped","SapBERT","stripped",0.995,15,1,0.624,0.834,0.714,0.555,442
"8_9","SapBERT-stripped","SapBERT","stripped",0.995,15,2,0.711,0.758,0.734,0.58,353
"8_9","SapBERT-stripped","SapBERT","stripped",0.995,15,3,0.752,0.725,0.738,0.585,319
"8_9","SapBERT-stripped","SapBERT","stripped",0.995,15,4,0.624,0.834,0.714,0.555,442
"8_9","SapBERT-stripped","SapBERT","stripped",0.995,20,1,0.624,0.834,0.714,0.555,442
"8_9","SapBERT-stripped","SapBERT","stripped",0.995,20,2,0.711,0.758,0.734,0.58,353
"8_9","SapBERT-stripped","SapBERT","stripped",0.995,20,3,0.751,0.728,0.739,0.586,321
"8_9","SapBERT-stripped","SapBERT","stripped",0.995,20,4,0.624,0.834,0.714,0.555,442
"8_9","SapBERT-stripped","SapBERT","stripped",0.995,25,1,0.624,0.834,0.714,0.555,442
"8_9","SapBERT-stripped","SapBERT","stripped",0.995,25,2,0.711,0.758,0.734,0.58,353
"8_9","SapBERT-stripped","SapBERT","stripped",0.995,25,3,0.744,0.728,0.736,0.582,324
"8_9","SapBERT-stripped","SapBERT","stripped",0.995,25,4,0.624,0.834,0.714,0.555,442
"8_9","SapBERT-stripped","SapBERT","stripped",0.995,30,1,0.624,0.834,0.714,0.555,442
"8_9","SapBERT-stripped","SapBERT","stripped",0.995,30,2,0.711,0.758,0.734,0.58,353
"8_9","SapBERT-stripped","SapBERT","stripped",0.995,30,3,0.744,0.728,0.736,0.582,324
"8_9","SapBERT-stripped","SapBERT","stripped",0.995,30,4,0.624,0.834,0.714,0.555,442
"8_9","SapBERT-stripped","SapBERT","stripped",0.999,3,1,0.633,0.834,0.72,0.562,436
"8_9","SapBERT-stripped","SapBERT","stripped",0.999,3,2,0.711,0.752,0.731,0.576,350
"8_9","SapBERT-stripped","SapBERT","stripped",0.999,3,3,0.787,0.692,0.736,0.583,291
"8_9","SapBERT-stripped","SapBERT","stripped",0.999,3,4,0.633,0.834,0.72,0.562,436
"8_9","SapBERT-stripped","SapBERT","stripped",0.999,5,1,0.632,0.834,0.719,0.561,437
"8_9","SapBERT-stripped","SapBERT","stripped",0.999,5,2,0.711,0.752,0.731,0.576,350
"8_9","SapBERT-stripped","SapBERT","stripped",0.999,5,3,0.775,0.707,0.739,0.586,302
"8_9","SapBERT-stripped","SapBERT","stripped",0.999,5,4,0.632,0.834,0.719,0.561,437
"8_9","SapBERT-stripped","SapBERT","stripped",0.999,10,1,0.627,0.834,0.716,0.558,440
"8_9","SapBERT-stripped","SapBERT","stripped",0.999,10,2,0.711,0.752,0.731,0.576,350
"8_9","SapBERT-stripped","SapBERT","stripped",0.999,10,3,0.76,0.719,0.739,0.586,313
"8_9","SapBERT-stripped","SapBERT","stripped",0.999,10,4,0.627,0.834,0.716,0.558,440
"8_9","SapBERT-stripped","SapBERT","stripped",0.999,15,1,0.626,0.834,0.715,0.556,441
"8_9","SapBERT-stripped","SapBERT","stripped",0.999,15,2,0.711,0.752,0.731,0.576,350
"8_9","SapBERT-stripped","SapBERT","stripped",0.999,15,3,0.752,0.725,0.738,0.585,319
"8_9","SapBERT-stripped","SapBERT","stripped",0.999,15,4,0.626,0.834,0.715,0.556,441
"8_9","SapBERT-stripped","SapBERT","stripped",0.999,20,1,0.626,0.834,0.715,0.556,441
"8_9","SapBERT-stripped","SapBERT","stripped",0.999,20,2,0.711,0.752,0.731,0.576,350
"8_9","SapBERT-stripped","SapBERT","stripped",0.999,20,3,0.751,0.728,0.739,0.586,321
"8_9","SapBERT-stripped","SapBERT","stripped",0.999,20,4,0.626,0.834,0.715,0.556,441
"8_9","SapBERT-stripped","SapBERT","stripped",0.999,25,1,0.626,0.834,0.715,0.556,441
"8_9","SapBERT-stripped","SapBERT","stripped",0.999,25,2,0.711,0.752,0.731,0.576,350
"8_9","SapBERT-stripped","SapBERT","stripped",0.999,25,3,0.744,0.728,0.736,0.582,324
"8_9","SapBERT-stripped","SapBERT","stripped",0.999,25,4,0.626,0.834,0.715,0.556,441
"8_9","SapBERT-stripped","SapBERT","stripped",0.999,30,1,0.626,0.834,0.715,0.556,441
"8_9","SapBERT-stripped","SapBERT","stripped",0.999,30,2,0.711,0.752,0.731,0.576,350
"8_9","SapBERT-stripped","SapBERT","stripped",0.999,30,3,0.744,0.728,0.736,0.582,324
"8_9","SapBERT-stripped","SapBERT","stripped",0.999,30,4,0.626,0.834,0.715,0.556,441
