"model","mode","threshold","top_n","flag","scenario","precision","recall","f1","accuracy","codes_emitted","tp","fp","fn","sim_pairs_kept","icd9_with_any_sim"
"ClinicalBERT","absolute",0.5,3,1,"top cosine or top co-occurrence",0.585,0.354,0.441,0.283,568,332,236,605,721452,354
"ClinicalBERT","absolute",0.5,3,2,"top cosine or in both lists",0.486,0.396,0.436,0.279,763,371,392,566,721452,354
"ClinicalBERT","absolute",0.5,3,3,"top co-occurrence or in both lists",0.502,0.284,0.363,0.221,530,266,264,671,721452,354
"ClinicalBERT","absolute",0.5,3,4,"any of the three",0.486,0.396,0.436,0.279,763,371,392,566,721452,354
"ClinicalBERT","absolute",0.5,5,1,"top cosine or top co-occurrence",0.586,0.364,0.449,0.289,582,341,241,596,721452,354
"ClinicalBERT","absolute",0.5,5,2,"top cosine or in both lists",0.399,0.434,0.416,0.263,1019,407,612,530,721452,354
"ClinicalBERT","absolute",0.5,5,3,"top co-occurrence or in both lists",0.393,0.335,0.362,0.221,799,314,485,623,721452,354
"ClinicalBERT","absolute",0.5,5,4,"any of the three",0.399,0.434,0.416,0.263,1019,407,612,530,721452,354
"ClinicalBERT","absolute",0.5,10,1,"top cosine or top co-occurrence",0.584,0.365,0.449,0.29,586,342,244,595,721452,354
"ClinicalBERT","absolute",0.5,10,2,"top cosine or in both lists",0.307,0.489,0.377,0.232,1492,458,1034,479,721452,354
"ClinicalBERT","absolute",0.5,10,3,"top co-occurrence or in both lists",0.297,0.411,0.345,0.208,1296,385,911,552,721452,354
"ClinicalBERT","absolute",0.5,10,4,"any of the three",0.307,0.489,0.377,0.232,1492,458,1034,479,721452,354
"ClinicalBERT","absolute",0.5,15,1,"top cosine or top co-occurrence",0.584,0.365,0.449,0.29,586,342,244,595,721452,354
"ClinicalBERT","absolute",0.5,15,2,"top cosine or in both lists",0.265,0.524,0.352,0.213,1856,491,1365,446,721452,354
"ClinicalBERT","absolute",0.5,15,3,"top co-occurrence or in both lists",0.256,0.458,0.328,0.197,1675,429,1246,508,721452,354
"ClinicalBERT","absolute",0.5,15,4,"any of the three",0.265,0.524,0.352,0.213,1856,491,1365,446,721452,354
"ClinicalBERT","absolute",0.5,20,1,"top cosine or top co-occurrence",0.584,0.367,0.451,0.291,589,344,245,593,721452,354
"ClinicalBERT","absolute",0.5,20,2,"top cosine or in both lists",0.239,0.545,0.332,0.2,2134,511,1623,426,721452,354
"ClinicalBERT","absolute",0.5,20,3,"top co-occurrence or in both lists",0.232,0.485,0.314,0.186,1960,454,1506,483,721452,354
"ClinicalBERT","absolute",0.5,20,4,"any of the three",0.239,0.545,0.332,0.2,2134,511,1623,426,721452,354
"ClinicalBERT","absolute",0.5,25,1,"top cosine or top co-occurrence",0.585,0.368,0.452,0.292,590,345,245,592,721452,354
"ClinicalBERT","absolute",0.5,25,2,"top cosine or in both lists",0.223,0.572,0.321,0.191,2403,536,1867,401,721452,354
"ClinicalBERT","absolute",0.5,25,3,"top co-occurrence or in both lists",0.215,0.513,0.303,0.179,2235,481,1754,456,721452,354
"ClinicalBERT","absolute",0.5,25,4,"any of the three",0.223,0.572,0.321,0.191,2403,536,1867,401,721452,354
"ClinicalBERT","absolute",0.5,30,1,"top cosine or top co-occurrence",0.585,0.368,0.452,0.292,590,345,245,592,721452,354
"ClinicalBERT","absolute",0.5,30,2,"top cosine or in both lists",0.207,0.589,0.306,0.181,2669,552,2117,385,721452,354
"ClinicalBERT","absolute",0.5,30,3,"top co-occurrence or in both lists",0.199,0.533,0.29,0.169,2506,499,2007,438,721452,354
"ClinicalBERT","absolute",0.5,30,4,"any of the three",0.207,0.589,0.306,0.181,2669,552,2117,385,721452,354
"ClinicalBERT","absolute",0.6,3,1,"top cosine or top co-occurrence",0.585,0.354,0.441,0.283,568,332,236,605,721253,354
"ClinicalBERT","absolute",0.6,3,2,"top cosine or in both lists",0.486,0.396,0.436,0.279,763,371,392,566,721253,354
"ClinicalBERT","absolute",0.6,3,3,"top co-occurrence or in both lists",0.502,0.284,0.363,0.221,530,266,264,671,721253,354
"ClinicalBERT","absolute",0.6,3,4,"any of the three",0.486,0.396,0.436,0.279,763,371,392,566,721253,354
"ClinicalBERT","absolute",0.6,5,1,"top cosine or top co-occurrence",0.586,0.364,0.449,0.289,582,341,241,596,721253,354
"ClinicalBERT","absolute",0.6,5,2,"top cosine or in both lists",0.399,0.434,0.416,0.263,1019,407,612,530,721253,354
"ClinicalBERT","absolute",0.6,5,3,"top co-occurrence or in both lists",0.393,0.335,0.362,0.221,799,314,485,623,721253,354
"ClinicalBERT","absolute",0.6,5,4,"any of the three",0.399,0.434,0.416,0.263,1019,407,612,530,721253,354
"ClinicalBERT","absolute",0.6,10,1,"top cosine or top co-occurrence",0.584,0.365,0.449,0.29,586,342,244,595,721253,354
"ClinicalBERT","absolute",0.6,10,2,"top cosine or in both lists",0.307,0.489,0.377,0.232,1492,458,1034,479,721253,354
"ClinicalBERT","absolute",0.6,10,3,"top co-occurrence or in both lists",0.297,0.411,0.345,0.208,1296,385,911,552,721253,354
"ClinicalBERT","absolute",0.6,10,4,"any of the three",0.307,0.489,0.377,0.232,1492,458,1034,479,721253,354
"ClinicalBERT","absolute",0.6,15,1,"top cosine or top co-occurrence",0.584,0.365,0.449,0.29,586,342,244,595,721253,354
"ClinicalBERT","absolute",0.6,15,2,"top cosine or in both lists",0.265,0.524,0.352,0.213,1856,491,1365,446,721253,354
"ClinicalBERT","absolute",0.6,15,3,"top co-occurrence or in both lists",0.256,0.458,0.328,0.197,1675,429,1246,508,721253,354
"ClinicalBERT","absolute",0.6,15,4,"any of the three",0.265,0.524,0.352,0.213,1856,491,1365,446,721253,354
"ClinicalBERT","absolute",0.6,20,1,"top cosine or top co-occurrence",0.584,0.367,0.451,0.291,589,344,245,593,721253,354
"ClinicalBERT","absolute",0.6,20,2,"top cosine or in both lists",0.239,0.545,0.332,0.2,2134,511,1623,426,721253,354
"ClinicalBERT","absolute",0.6,20,3,"top co-occurrence or in both lists",0.232,0.485,0.314,0.186,1960,454,1506,483,721253,354
"ClinicalBERT","absolute",0.6,20,4,"any of the three",0.239,0.545,0.332,0.2,2134,511,1623,426,721253,354
"ClinicalBERT","absolute",0.6,25,1,"top cosine or top co-occurrence",0.585,0.368,0.452,0.292,590,345,245,592,721253,354
"ClinicalBERT","absolute",0.6,25,2,"top cosine or in both lists",0.223,0.572,0.321,0.191,2403,536,1867,401,721253,354
"ClinicalBERT","absolute",0.6,25,3,"top co-occurrence or in both lists",0.215,0.513,0.303,0.179,2235,481,1754,456,721253,354
"ClinicalBERT","absolute",0.6,25,4,"any of the three",0.223,0.572,0.321,0.191,2403,536,1867,401,721253,354
"ClinicalBERT","absolute",0.6,30,1,"top cosine or top co-occurrence",0.585,0.368,0.452,0.292,590,345,245,592,721253,354
"ClinicalBERT","absolute",0.6,30,2,"top cosine or in both lists",0.207,0.589,0.306,0.181,2669,552,2117,385,721253,354
"ClinicalBERT","absolute",0.6,30,3,"top co-occurrence or in both lists",0.199,0.533,0.29,0.169,2506,499,2007,438,721253,354
"ClinicalBERT","absolute",0.6,30,4,"any of the three",0.207,0.589,0.306,0.181,2669,552,2117,385,721253,354
"ClinicalBERT","absolute",0.7,3,1,"top cosine or top co-occurrence",0.585,0.354,0.441,0.283,568,332,236,605,711292,354
"ClinicalBERT","absolute",0.7,3,2,"top cosine or in both lists",0.488,0.396,0.437,0.28,761,371,390,566,711292,354
"ClinicalBERT","absolute",0.7,3,3,"top co-occurrence or in both lists",0.503,0.284,0.363,0.222,529,266,263,671,711292,354
"ClinicalBERT","absolute",0.7,3,4,"any of the three",0.487,0.396,0.437,0.279,762,371,391,566,711292,354
"ClinicalBERT","absolute",0.7,5,1,"top cosine or top co-occurrence",0.586,0.364,0.449,0.289,582,341,241,596,711292,354
"ClinicalBERT","absolute",0.7,5,2,"top cosine or in both lists",0.401,0.434,0.417,0.263,1016,407,609,530,711292,354
"ClinicalBERT","absolute",0.7,5,3,"top co-occurrence or in both lists",0.394,0.335,0.362,0.221,797,314,483,623,711292,354
"ClinicalBERT","absolute",0.7,5,4,"any of the three",0.4,0.434,0.416,0.263,1017,407,610,530,711292,354
"ClinicalBERT","absolute",0.7,10,1,"top cosine or top co-occurrence",0.584,0.365,0.449,0.29,586,342,244,595,711292,354
"ClinicalBERT","absolute",0.7,10,2,"top cosine or in both lists",0.308,0.489,0.378,0.233,1485,458,1027,479,711292,354
"ClinicalBERT","absolute",0.7,10,3,"top co-occurrence or in both lists",0.298,0.411,0.345,0.209,1290,385,905,552,711292,354
"ClinicalBERT","absolute",0.7,10,4,"any of the three",0.308,0.489,0.378,0.233,1486,458,1028,479,711292,354
"ClinicalBERT","absolute",0.7,15,1,"top cosine or top co-occurrence",0.584,0.365,0.449,0.29,586,342,244,595,711292,354
"ClinicalBERT","absolute",0.7,15,2,"top cosine or in both lists",0.266,0.524,0.353,0.214,1846,491,1355,446,711292,354
"ClinicalBERT","absolute",0.7,15,3,"top co-occurrence or in both lists",0.258,0.458,0.33,0.197,1666,429,1237,508,711292,354
"ClinicalBERT","absolute",0.7,15,4,"any of the three",0.266,0.524,0.353,0.214,1847,491,1356,446,711292,354
"ClinicalBERT","absolute",0.7,20,1,"top cosine or top co-occurrence",0.584,0.367,0.451,0.291,589,344,245,593,711292,354
"ClinicalBERT","absolute",0.7,20,2,"top cosine or in both lists",0.241,0.545,0.334,0.201,2122,511,1611,426,711292,354
"ClinicalBERT","absolute",0.7,20,3,"top co-occurrence or in both lists",0.233,0.485,0.315,0.187,1949,454,1495,483,711292,354
"ClinicalBERT","absolute",0.7,20,4,"any of the three",0.241,0.545,0.334,0.2,2123,511,1612,426,711292,354
"ClinicalBERT","absolute",0.7,25,1,"top cosine or top co-occurrence",0.585,0.368,0.452,0.292,590,345,245,592,711292,354
"ClinicalBERT","absolute",0.7,25,2,"top cosine or in both lists",0.224,0.572,0.322,0.192,2390,536,1854,401,711292,354
"ClinicalBERT","absolute",0.7,25,3,"top co-occurrence or in both lists",0.216,0.513,0.304,0.18,2223,481,1742,456,711292,354
"ClinicalBERT","absolute",0.7,25,4,"any of the three",0.224,0.572,0.322,0.192,2391,536,1855,401,711292,354
"ClinicalBERT","absolute",0.7,30,1,"top cosine or top co-occurrence",0.585,0.368,0.452,0.292,590,345,245,592,711292,354
"ClinicalBERT","absolute",0.7,30,2,"top cosine or in both lists",0.208,0.589,0.307,0.182,2654,552,2102,385,711292,354
"ClinicalBERT","absolute",0.7,30,3,"top co-occurrence or in both lists",0.2,0.533,0.291,0.17,2492,499,1993,438,711292,354
"ClinicalBERT","absolute",0.7,30,4,"any of the three",0.208,0.589,0.307,0.182,2655,552,2103,385,711292,354
"ClinicalBERT","absolute",0.75,3,1,"top cosine or top co-occurrence",0.585,0.354,0.441,0.283,568,332,236,605,673685,354
"ClinicalBERT","absolute",0.75,3,2,"top cosine or in both lists",0.49,0.394,0.437,0.279,753,369,384,568,673685,354
"ClinicalBERT","absolute",0.75,3,3,"top co-occurrence or in both lists",0.507,0.283,0.363,0.222,523,265,258,672,673685,354
"ClinicalBERT","absolute",0.75,3,4,"any of the three",0.489,0.395,0.437,0.28,756,370,386,567,673685,354
"ClinicalBERT","absolute",0.75,5,1,"top cosine or top co-occurrence",0.586,0.364,0.449,0.289,582,341,241,596,673685,354
"ClinicalBERT","absolute",0.75,5,2,"top cosine or in both lists",0.403,0.432,0.417,0.263,1006,405,601,532,673685,354
"ClinicalBERT","absolute",0.75,5,3,"top co-occurrence or in both lists",0.397,0.334,0.363,0.222,789,313,476,624,673685,354
"ClinicalBERT","absolute",0.75,5,4,"any of the three",0.402,0.433,0.417,0.264,1009,406,603,531,673685,354
"ClinicalBERT","absolute",0.75,10,1,"top cosine or top co-occurrence",0.584,0.365,0.449,0.29,586,342,244,595,673685,354
"ClinicalBERT","absolute",0.75,10,2,"top cosine or in both lists",0.311,0.487,0.38,0.234,1467,456,1011,481,673685,354
"ClinicalBERT","absolute",0.75,10,3,"top co-occurrence or in both lists",0.301,0.41,0.347,0.21,1274,384,890,553,673685,354
"ClinicalBERT","absolute",0.75,10,4,"any of the three",0.311,0.488,0.38,0.234,1470,457,1013,480,673685,354
"ClinicalBERT","absolute",0.75,15,1,"top cosine or top co-occurrence",0.584,0.365,0.449,0.29,586,342,244,595,673685,354
"ClinicalBERT","absolute",0.75,15,2,"top cosine or in both lists",0.269,0.522,0.355,0.216,1818,489,1329,448,673685,354
"ClinicalBERT","absolute",0.75,15,3,"top co-occurrence or in both lists",0.261,0.457,0.332,0.199,1640,428,1212,509,673685,354
"ClinicalBERT","absolute",0.75,15,4,"any of the three",0.269,0.523,0.355,0.216,1821,490,1331,447,673685,354
"ClinicalBERT","absolute",0.75,20,1,"top cosine or top co-occurrence",0.584,0.367,0.451,0.291,589,344,245,593,673685,354
"ClinicalBERT","absolute",0.75,20,2,"top cosine or in both lists",0.244,0.543,0.337,0.202,2088,509,1579,428,673685,354
"ClinicalBERT","absolute",0.75,20,3,"top co-occurrence or in both lists",0.236,0.483,0.317,0.189,1917,453,1464,484,673685,354
"ClinicalBERT","absolute",0.75,20,4,"any of the three",0.244,0.544,0.337,0.203,2091,510,1581,427,673685,354
"ClinicalBERT","absolute",0.75,25,1,"top cosine or top co-occurrence",0.585,0.368,0.452,0.292,590,345,245,592,673685,354
"ClinicalBERT","absolute",0.75,25,2,"top cosine or in both lists",0.227,0.57,0.325,0.194,2348,534,1814,403,673685,354
"ClinicalBERT","absolute",0.75,25,3,"top co-occurrence or in both lists",0.22,0.512,0.308,0.182,2183,480,1703,457,673685,354
"ClinicalBERT","absolute",0.75,25,4,"any of the three",0.228,0.571,0.326,0.194,2351,535,1816,402,673685,354
"ClinicalBERT","absolute",0.75,30,1,"top cosine or top co-occurrence",0.585,0.368,0.452,0.292,590,345,245,592,673685,354
"ClinicalBERT","absolute",0.75,30,2,"top cosine or in both lists",0.211,0.587,0.31,0.184,2607,550,2057,387,673685,354
"ClinicalBERT","absolute",0.75,30,3,"top co-occurrence or in both lists",0.204,0.531,0.295,0.173,2447,498,1949,439,673685,354
"ClinicalBERT","absolute",0.75,30,4,"any of the three",0.211,0.588,0.311,0.184,2610,551,2059,386,673685,354
"ClinicalBERT","absolute",0.8,3,1,"top cosine or top co-occurrence",0.585,0.354,0.441,0.283,568,332,236,605,551755,354
"ClinicalBERT","absolute",0.8,3,2,"top cosine or in both lists",0.501,0.391,0.439,0.281,731,366,365,571,551755,354
"ClinicalBERT","absolute",0.8,3,3,"top co-occurrence or in both lists",0.519,0.283,0.366,0.224,511,265,246,672,551755,354
"ClinicalBERT","absolute",0.8,3,4,"any of the three",0.497,0.395,0.44,0.282,744,370,374,567,551755,354
"ClinicalBERT","absolute",0.8,5,1,"top cosine or top co-occurrence",0.586,0.364,0.449,0.289,582,341,241,596,551755,354
"ClinicalBERT","absolute",0.8,5,2,"top cosine or in both lists",0.411,0.424,0.417,0.263,967,397,570,540,551755,354
"ClinicalBERT","absolute",0.8,5,3,"top co-occurrence or in both lists",0.405,0.329,0.363,0.222,760,308,452,629,551755,354
"ClinicalBERT","absolute",0.8,5,4,"any of the three",0.409,0.428,0.418,0.265,980,401,579,536,551755,354
"ClinicalBERT","absolute",0.8,10,1,"top cosine or top co-occurrence",0.584,0.365,0.449,0.29,586,342,244,595,551755,354
"ClinicalBERT","absolute",0.8,10,2,"top cosine or in both lists",0.318,0.475,0.381,0.235,1398,445,953,492,551755,354
"ClinicalBERT","absolute",0.8,10,3,"top co-occurrence or in both lists",0.309,0.401,0.349,0.212,1216,376,840,561,551755,354
"ClinicalBERT","absolute",0.8,10,4,"any of the three",0.318,0.479,0.382,0.236,1412,449,963,488,551755,354
"ClinicalBERT","absolute",0.8,15,1,"top cosine or top co-occurrence",0.584,0.365,0.449,0.29,586,342,244,595,551755,354
"ClinicalBERT","absolute",0.8,15,2,"top cosine or in both lists",0.276,0.508,0.358,0.218,1722,476,1246,461,551755,354
"ClinicalBERT","absolute",0.8,15,3,"top co-occurrence or in both lists",0.269,0.446,0.336,0.202,1555,418,1137,519,551755,354
"ClinicalBERT","absolute",0.8,15,4,"any of the three",0.276,0.512,0.359,0.219,1736,480,1256,457,551755,354
"ClinicalBERT","absolute",0.8,20,1,"top cosine or top co-occurrence",0.584,0.367,0.451,0.291,589,344,245,593,551755,354
"ClinicalBERT","absolute",0.8,20,2,"top cosine or in both lists",0.251,0.528,0.34,0.205,1970,495,1475,442,551755,354
"ClinicalBERT","absolute",0.8,20,3,"top co-occurrence or in both lists",0.244,0.472,0.322,0.192,1810,442,1368,495,551755,354
"ClinicalBERT","absolute",0.8,20,4,"any of the three",0.252,0.533,0.342,0.206,1984,499,1485,438,551755,354
"ClinicalBERT","absolute",0.8,25,1,"top cosine or top co-occurrence",0.585,0.368,0.452,0.292,590,345,245,592,551755,354
"ClinicalBERT","absolute",0.8,25,2,"top cosine or in both lists",0.235,0.553,0.33,0.197,2208,518,1690,419,551755,354
"ClinicalBERT","absolute",0.8,25,3,"top co-occurrence or in both lists",0.227,0.498,0.312,0.185,2054,467,1587,470,551755,354
"ClinicalBERT","absolute",0.8,25,4,"any of the three",0.235,0.557,0.331,0.198,2222,522,1700,415,551755,354
"ClinicalBERT","absolute",0.8,30,1,"top cosine or top co-occurrence",0.585,0.368,0.452,0.292,590,345,245,592,551755,354
"ClinicalBERT","absolute",0.8,30,2,"top cosine or in both lists",0.217,0.569,0.314,0.187,2452,533,1919,404,551755,354
"ClinicalBERT","absolute",0.8,30,3,"top co-occurrence or in both lists",0.21,0.517,0.299,0.176,2303,484,1819,453,551755,354
"ClinicalBERT","absolute",0.8,30,4,"any of the three",0.218,0.573,0.316,0.187,2466,537,1929,400,551755,354
"ClinicalBERT","absolute",0.85,3,1,"top cosine or top co-occurrence",0.586,0.354,0.441,0.283,567,332,235,605,315509,354
"ClinicalBERT","absolute",0.85,3,2,"top cosine or in both lists",0.518,0.375,0.435,0.278,677,351,326,586,315509,354
"ClinicalBERT","absolute",0.85,3,3,"top co-occurrence or in both lists",0.539,0.281,0.369,0.226,488,263,225,674,315509,354
"ClinicalBERT","absolute",0.85,3,4,"any of the three",0.511,0.393,0.444,0.285,720,368,352,569,315509,354
"ClinicalBERT","absolute",0.85,5,1,"top cosine or top co-occurrence",0.587,0.364,0.449,0.29,581,341,240,596,315509,354
"ClinicalBERT","absolute",0.85,5,2,"top cosine or in both lists",0.436,0.403,0.419,0.265,866,378,488,559,315509,354
"ClinicalBERT","absolute",0.85,5,3,"top co-occurrence or in both lists",0.439,0.324,0.373,0.229,693,304,389,633,315509,354
"ClinicalBERT","absolute",0.85,5,4,"any of the three",0.435,0.424,0.429,0.273,912,397,515,540,315509,354
"ClinicalBERT","absolute",0.85,10,1,"top cosine or top co-occurrence",0.585,0.365,0.45,0.29,585,342,243,595,315509,354
"ClinicalBERT","absolute",0.85,10,2,"top cosine or in both lists",0.348,0.449,0.392,0.244,1211,421,790,516,315509,354
"ClinicalBERT","absolute",0.85,10,3,"top co-occurrence or in both lists",0.345,0.392,0.367,0.224,1065,367,698,570,315509,354
"ClinicalBERT","absolute",0.85,10,4,"any of the three",0.349,0.47,0.401,0.25,1260,440,820,497,315509,354
"ClinicalBERT","absolute",0.85,15,1,"top cosine or top co-occurrence",0.585,0.365,0.45,0.29,585,342,243,595,315509,354
"ClinicalBERT","absolute",0.85,15,2,"top cosine or in both lists",0.303,0.477,0.371,0.227,1476,447,1029,490,315509,354
"ClinicalBERT","absolute",0.85,15,3,"top co-occurrence or in both lists",0.3,0.431,0.354,0.215,1345,404,941,533,315509,354
"ClinicalBERT","absolute",0.85,15,4,"any of the three",0.306,0.497,0.379,0.233,1525,466,1059,471,315509,354
"ClinicalBERT","absolute",0.85,20,1,"top cosine or top co-occurrence",0.585,0.367,0.451,0.291,588,344,244,593,315509,354
"ClinicalBERT","absolute",0.85,20,2,"top cosine or in both lists",0.276,0.494,0.354,0.215,1675,463,1212,474,315509,354
"ClinicalBERT","absolute",0.85,20,3,"top co-occurrence or in both lists",0.274,0.455,0.342,0.206,1552,426,1126,511,315509,354
"ClinicalBERT","absolute",0.85,20,4,"any of the three",0.28,0.515,0.363,0.222,1725,483,1242,454,315509,354
"ClinicalBERT","absolute",0.85,25,1,"top cosine or top co-occurrence",0.586,0.368,0.452,0.292,589,345,244,592,315509,354
"ClinicalBERT","absolute",0.85,25,2,"top cosine or in both lists",0.258,0.512,0.343,0.207,1864,480,1384,457,315509,354
"ClinicalBERT","absolute",0.85,25,3,"top co-occurrence or in both lists",0.255,0.475,0.332,0.199,1747,445,1302,492,315509,354
"ClinicalBERT","absolute",0.85,25,4,"any of the three",0.261,0.534,0.351,0.213,1914,500,1414,437,315509,354
"ClinicalBERT","absolute",0.85,30,1,"top cosine or top co-occurrence",0.586,0.368,0.452,0.292,589,345,244,592,315509,354
"ClinicalBERT","absolute",0.85,30,2,"top cosine or in both lists",0.239,0.527,0.329,0.197,2063,494,1569,443,315509,354
"ClinicalBERT","absolute",0.85,30,3,"top co-occurrence or in both lists",0.236,0.492,0.319,0.19,1951,461,1490,476,315509,354
"ClinicalBERT","absolute",0.85,30,4,"any of the three",0.243,0.549,0.337,0.203,2113,514,1599,423,315509,354
"ClinicalBERT","absolute",0.9,3,1,"top cosine or top co-occurrence",0.59,0.354,0.442,0.284,563,332,231,605,78791,352
"ClinicalBERT","absolute",0.9,3,2,"top cosine or in both lists",0.545,0.324,0.406,0.255,558,304,254,633,78791,352
"ClinicalBERT","absolute",0.9,3,3,"top co-occurrence or in both lists",0.568,0.267,0.363,0.222,440,250,190,687,78791,352
"ClinicalBERT","absolute",0.9,3,4,"any of the three",0.531,0.379,0.442,0.284,668,355,313,582,78791,352
"ClinicalBERT","absolute",0.9,5,1,"top cosine or top co-occurrence",0.591,0.364,0.451,0.291,577,341,236,596,78791,352
"ClinicalBERT","absolute",0.9,5,2,"top cosine or in both lists",0.468,0.34,0.394,0.245,682,319,363,618,78791,352
"ClinicalBERT","absolute",0.9,5,3,"top co-occurrence or in both lists",0.483,0.301,0.371,0.228,584,282,302,655,78791,352
"ClinicalBERT","absolute",0.9,5,4,"any of the three",0.469,0.4,0.432,0.276,799,375,424,562,78791,352
"ClinicalBERT","absolute",0.9,10,1,"top cosine or top co-occurrence",0.589,0.365,0.451,0.291,581,342,239,595,78791,352
"ClinicalBERT","absolute",0.9,10,2,"top cosine or in both lists",0.383,0.365,0.374,0.23,893,342,551,595,78791,352
"ClinicalBERT","absolute",0.9,10,3,"top co-occurrence or in both lists",0.395,0.347,0.369,0.227,822,325,497,612,78791,352
"ClinicalBERT","absolute",0.9,10,4,"any of the three",0.393,0.425,0.408,0.256,1013,398,615,539,78791,352
"ClinicalBERT","absolute",0.9,15,1,"top cosine or top co-occurrence",0.589,0.365,0.451,0.291,581,342,239,595,78791,352
"ClinicalBERT","absolute",0.9,15,2,"top cosine or in both lists",0.342,0.382,0.361,0.22,1046,358,688,579,78791,352
"ClinicalBERT","absolute",0.9,15,3,"top co-occurrence or in both lists",0.356,0.376,0.366,0.223,990,352,638,585,78791,352
"ClinicalBERT","absolute",0.9,15,4,"any of the three",0.355,0.442,0.394,0.245,1166,414,752,523,78791,352
"ClinicalBERT","absolute",0.9,20,1,"top cosine or top co-occurrence",0.589,0.367,0.452,0.292,584,344,240,593,78791,352
"ClinicalBERT","absolute",0.9,20,2,"top cosine or in both lists",0.32,0.395,0.354,0.214,1158,370,788,567,78791,352
"ClinicalBERT","absolute",0.9,20,3,"top co-occurrence or in both lists",0.333,0.395,0.361,0.221,1110,370,740,567,78791,352
"ClinicalBERT","absolute",0.9,20,4,"any of the three",0.334,0.456,0.386,0.239,1279,427,852,510,78791,352
"ClinicalBERT","absolute",0.9,25,1,"top cosine or top co-occurrence",0.59,0.368,0.453,0.293,585,345,240,592,78791,352
"ClinicalBERT","absolute",0.9,25,2,"top cosine or in both lists",0.302,0.407,0.347,0.209,1263,381,882,556,78791,352
"ClinicalBERT","absolute",0.9,25,3,"top co-occurrence or in both lists",0.314,0.409,0.355,0.216,1221,383,838,554,78791,352
"ClinicalBERT","absolute",0.9,25,4,"any of the three",0.316,0.467,0.377,0.233,1384,438,946,499,78791,352
"ClinicalBERT","absolute",0.9,30,1,"top cosine or top co-occurrence",0.59,0.368,0.453,0.293,585,345,240,592,78791,352
"ClinicalBERT","absolute",0.9,30,2,"top cosine or in both lists",0.283,0.416,0.337,0.203,1376,390,986,547,78791,352
"ClinicalBERT","absolute",0.9,30,3,"top co-occurrence or in both lists",0.294,0.42,0.346,0.209,1339,394,945,543,78791,352
"ClinicalBERT","absolute",0.9,30,4,"any of the three",0.299,0.477,0.368,0.225,1497,447,1050,490,78791,352
"ClinicalBERT","absolute",0.92,3,1,"top cosine or top co-occurrence",0.596,0.351,0.442,0.284,552,329,223,608,31160,342
"ClinicalBERT","absolute",0.92,3,2,"top cosine or in both lists",0.56,0.296,0.387,0.24,495,277,218,660,31160,342
"ClinicalBERT","absolute",0.92,3,3,"top co-occurrence or in both lists",0.583,0.259,0.359,0.219,417,243,174,694,31160,342
"ClinicalBERT","absolute",0.92,3,4,"any of the three",0.544,0.368,0.439,0.281,634,345,289,592,31160,342
"ClinicalBERT","absolute",0.92,5,1,"top cosine or top co-occurrence",0.596,0.361,0.45,0.29,567,338,229,599,31160,342
"ClinicalBERT","absolute",0.92,5,2,"top cosine or in both lists",0.497,0.306,0.379,0.234,577,287,290,650,31160,342
"ClinicalBERT","absolute",0.92,5,3,"top co-occurrence or in both lists",0.519,0.29,0.372,0.229,524,272,252,665,31160,342
"ClinicalBERT","absolute",0.92,5,4,"any of the three",0.497,0.386,0.435,0.278,729,362,367,575,31160,342
"ClinicalBERT","absolute",0.92,10,1,"top cosine or top co-occurrence",0.594,0.362,0.45,0.29,571,339,232,598,31160,342
"ClinicalBERT","absolute",0.92,10,2,"top cosine or in both lists",0.42,0.321,0.364,0.223,716,301,415,636,31160,342
"ClinicalBERT","absolute",0.92,10,3,"top co-occurrence or in both lists",0.445,0.328,0.378,0.233,690,307,383,630,31160,342
"ClinicalBERT","absolute",0.92,10,4,"any of the three",0.432,0.402,0.416,0.263,872,377,495,560,31160,342
"ClinicalBERT","absolute",0.92,15,1,"top cosine or top co-occurrence",0.594,0.362,0.45,0.29,571,339,232,598,31160,342
"ClinicalBERT","absolute",0.92,15,2,"top cosine or in both lists",0.381,0.331,0.354,0.215,814,310,504,627,31160,342
"ClinicalBERT","absolute",0.92,15,3,"top co-occurrence or in both lists",0.407,0.349,0.376,0.231,803,327,476,610,31160,342
"ClinicalBERT","absolute",0.92,15,4,"any of the three",0.398,0.412,0.405,0.254,970,386,584,551,31160,342
"ClinicalBERT","absolute",0.92,20,1,"top cosine or top co-occurrence",0.594,0.364,0.451,0.291,574,341,233,596,31160,342
"ClinicalBERT","absolute",0.92,20,2,"top cosine or in both lists",0.36,0.343,0.351,0.213,891,321,570,616,31160,342
"ClinicalBERT","absolute",0.92,20,3,"top co-occurrence or in both lists",0.387,0.367,0.377,0.232,888,344,544,593,31160,342
"ClinicalBERT","absolute",0.92,20,4,"any of the three",0.38,0.425,0.401,0.251,1048,398,650,539,31160,342
"ClinicalBERT","absolute",0.92,25,1,"top cosine or top co-occurrence",0.595,0.365,0.452,0.292,575,342,233,595,31160,342
"ClinicalBERT","absolute",0.92,25,2,"top cosine or in both lists",0.343,0.348,0.345,0.209,950,326,624,611,31160,342
"ClinicalBERT","absolute",0.92,25,3,"top co-occurrence or in both lists",0.368,0.375,0.371,0.228,953,351,602,586,31160,342
"ClinicalBERT","absolute",0.92,25,4,"any of the three",0.364,0.43,0.394,0.246,1107,403,704,534,31160,342
"ClinicalBERT","absolute",0.92,30,1,"top cosine or top co-occurrence",0.595,0.365,0.452,0.292,575,342,233,595,31160,342
"ClinicalBERT","absolute",0.92,30,2,"top cosine or in both lists",0.325,0.354,0.339,0.204,1022,332,690,605,31160,342
"ClinicalBERT","absolute",0.92,30,3,"top co-occurrence or in both lists",0.349,0.383,0.365,0.223,1030,359,671,578,31160,342
"ClinicalBERT","absolute",0.92,30,4,"any of the three",0.347,0.436,0.386,0.24,1179,409,770,528,31160,342
"ClinicalBERT","absolute",0.95,3,1,"top cosine or top co-occurrence",0.645,0.334,0.44,0.282,485,313,172,624,5893,282
"ClinicalBERT","absolute",0.95,3,2,"top cosine or in both lists",0.68,0.236,0.35,0.212,325,221,104,716,5893,282
"ClinicalBERT","absolute",0.95,3,3,"top co-occurrence or in both lists",0.632,0.251,0.359,0.219,372,235,137,702,5893,282
"ClinicalBERT","absolute",0.95,3,4,"any of the three",0.615,0.343,0.44,0.282,522,321,201,616,5893,282
"ClinicalBERT","absolute",0.95,5,1,"top cosine or top co-occurrence",0.644,0.344,0.448,0.289,500,322,178,615,5893,282
"ClinicalBERT","absolute",0.95,5,2,"top cosine or in both lists",0.641,0.238,0.347,0.21,348,223,125,714,5893,282
"ClinicalBERT","absolute",0.95,5,3,"top co-occurrence or in both lists",0.61,0.273,0.377,0.233,420,256,164,681,5893,282
"ClinicalBERT","absolute",0.95,5,4,"any of the three",0.593,0.354,0.443,0.285,560,332,228,605,5893,282
"ClinicalBERT","absolute",0.95,10,1,"top cosine or top co-occurrence",0.641,0.345,0.449,0.289,504,323,181,614,5893,282
"ClinicalBERT","absolute",0.95,10,2,"top cosine or in both lists",0.583,0.244,0.344,0.208,393,229,164,708,5893,282
"ClinicalBERT","absolute",0.95,10,3,"top co-occurrence or in both lists",0.576,0.301,0.395,0.246,490,282,208,655,5893,282
"ClinicalBERT","absolute",0.95,10,4,"any of the three",0.557,0.362,0.439,0.281,609,339,270,598,5893,282
"ClinicalBERT","absolute",0.95,15,1,"top cosine or top co-occurrence",0.641,0.345,0.449,0.289,504,323,181,614,5893,282
"ClinicalBERT","absolute",0.95,15,2,"top cosine or in both lists",0.539,0.249,0.341,0.205,432,233,199,704,5893,282
"ClinicalBERT","absolute",0.95,15,3,"top co-occurrence or in both lists",0.545,0.314,0.398,0.249,539,294,245,643,5893,282
"ClinicalBERT","absolute",0.95,15,4,"any of the three",0.529,0.366,0.433,0.276,648,343,305,594,5893,282
"ClinicalBERT","absolute",0.95,20,1,"top cosine or top co-occurrence",0.641,0.347,0.45,0.29,507,325,182,612,5893,282
"ClinicalBERT","absolute",0.95,20,2,"top cosine or in both lists",0.511,0.254,0.339,0.204,466,238,228,699,5893,282
"ClinicalBERT","absolute",0.95,20,3,"top co-occurrence or in both lists",0.525,0.326,0.402,0.251,581,305,276,632,5893,282
"ClinicalBERT","absolute",0.95,20,4,"any of the three",0.511,0.374,0.432,0.275,685,350,335,587,5893,282
"ClinicalBERT","absolute",0.95,25,1,"top cosine or top co-occurrence",0.642,0.348,0.451,0.291,508,326,182,611,5893,282
"ClinicalBERT","absolute",0.95,25,2,"top cosine or in both lists",0.492,0.256,0.337,0.203,488,240,248,697,5893,282
"ClinicalBERT","absolute",0.95,25,3,"top co-occurrence or in both lists",0.508,0.33,0.4,0.25,608,309,299,628,5893,282
"ClinicalBERT","absolute",0.95,25,4,"any of the three",0.499,0.377,0.43,0.273,708,353,355,584,5893,282
"ClinicalBERT","absolute",0.95,30,1,"top cosine or top co-occurrence",0.642,0.348,0.451,0.291,508,326,182,611,5893,282
"ClinicalBERT","absolute",0.95,30,2,"top cosine or in both lists",0.468,0.257,0.332,0.199,515,241,274,696,5893,282
"ClinicalBERT","absolute",0.95,30,3,"top co-occurrence or in both lists",0.488,0.333,0.396,0.247,639,312,327,625,5893,282
"ClinicalBERT","absolute",0.95,30,4,"any of the three",0.482,0.378,0.424,0.269,735,354,381,583,5893,282
"ClinicalBERT","absolute",0.97,3,1,"top cosine or top co-occurrence",0.688,0.313,0.43,0.274,426,293,133,644,1700,203
"ClinicalBERT","absolute",0.97,3,2,"top cosine or in both lists",0.845,0.187,0.306,0.181,207,175,32,762,1700,203
"ClinicalBERT","absolute",0.97,3,3,"top co-occurrence or in both lists",0.672,0.247,0.361,0.22,344,231,113,706,1700,203
"ClinicalBERT","absolute",0.97,3,4,"any of the three",0.683,0.318,0.434,0.277,436,298,138,639,1700,203
"ClinicalBERT","absolute",0.97,5,1,"top cosine or top co-occurrence",0.686,0.323,0.439,0.282,442,303,139,634,1700,203
"ClinicalBERT","absolute",0.97,5,2,"top cosine or in both lists",0.829,0.187,0.305,0.18,211,175,36,762,1700,203
"ClinicalBERT","absolute",0.97,5,3,"top co-occurrence or in both lists",0.668,0.265,0.379,0.234,371,248,123,689,1700,203
"ClinicalBERT","absolute",0.97,5,4,"any of the three",0.675,0.329,0.442,0.284,456,308,148,629,1700,203
"ClinicalBERT","absolute",0.97,10,1,"top cosine or top co-occurrence",0.682,0.326,0.441,0.283,447,305,142,632,1700,203
"ClinicalBERT","absolute",0.97,10,2,"top cosine or in both lists",0.779,0.188,0.303,0.178,226,176,50,761,1700,203
"ClinicalBERT","absolute",0.97,10,3,"top co-occurrence or in both lists",0.653,0.283,0.395,0.246,406,265,141,672,1700,203
"ClinicalBERT","absolute",0.97,10,4,"any of the three",0.653,0.332,0.44,0.282,476,311,165,626,1700,203
"ClinicalBERT","absolute",0.97,15,1,"top cosine or top co-occurrence",0.683,0.327,0.442,0.284,448,306,142,631,1700,203
"ClinicalBERT","absolute",0.97,15,2,"top cosine or in both lists",0.747,0.189,0.302,0.178,237,177,60,760,1700,203
"ClinicalBERT","absolute",0.97,15,3,"top co-occurrence or in both lists",0.641,0.291,0.4,0.25,426,273,153,664,1700,203
"ClinicalBERT","absolute",0.97,15,4,"any of the three",0.641,0.334,0.439,0.281,488,313,175,624,1700,203
"ClinicalBERT","absolute",0.97,20,1,"top cosine or top co-occurrence",0.683,0.329,0.444,0.285,451,308,143,629,1700,203
"ClinicalBERT","absolute",0.97,20,2,"top cosine or in both lists",0.716,0.191,0.302,0.178,250,179,71,758,1700,203
"ClinicalBERT","absolute",0.97,20,3,"top co-occurrence or in both lists",0.63,0.3,0.406,0.255,446,281,165,656,1700,203
"ClinicalBERT","absolute",0.97,20,4,"any of the three",0.629,0.338,0.44,0.282,504,317,187,620,1700,203
"ClinicalBERT","absolute",0.97,25,1,"top cosine or top co-occurrence",0.684,0.33,0.445,0.286,452,309,143,628,1700,203
"ClinicalBERT","absolute",0.97,25,2,"top cosine or in both lists",0.699,0.191,0.3,0.177,256,179,77,758,1700,203
"ClinicalBERT","absolute",0.97,25,3,"top co-occurrence or in both lists",0.621,0.302,0.406,0.255,456,283,173,654,1700,203
"ClinicalBERT","absolute",0.97,25,4,"any of the three",0.622,0.339,0.439,0.281,511,318,193,619,1700,203
"ClinicalBERT","absolute",0.97,30,1,"top cosine or top co-occurrence",0.684,0.33,0.445,0.286,452,309,143,628,1700,203
"ClinicalBERT","absolute",0.97,30,2,"top cosine or in both lists",0.678,0.191,0.298,0.175,264,179,85,758,1700,203
"ClinicalBERT","absolute",0.97,30,3,"top co-occurrence or in both lists",0.612,0.304,0.406,0.255,466,285,181,652,1700,203
"ClinicalBERT","absolute",0.97,30,4,"any of the three",0.613,0.339,0.437,0.279,519,318,201,619,1700,203
"ClinicalBERT","absolute",0.98,3,1,"top cosine or top co-occurrence",0.698,0.308,0.427,0.272,414,289,125,648,567,171
"ClinicalBERT","absolute",0.98,3,2,"top cosine or in both lists",0.884,0.163,0.275,0.16,173,153,20,784,567,171
"ClinicalBERT","absolute",0.98,3,3,"top co-occurrence or in both lists",0.675,0.241,0.355,0.216,335,226,109,711,567,171
"ClinicalBERT","absolute",0.98,3,4,"any of the three",0.696,0.308,0.427,0.272,415,289,126,648,567,171
"ClinicalBERT","absolute",0.98,5,1,"top cosine or top co-occurrence",0.695,0.319,0.437,0.28,430,299,131,638,567,171
"ClinicalBERT","absolute",0.98,5,2,"top cosine or in both lists",0.879,0.163,0.275,0.16,174,153,21,784,567,171
"ClinicalBERT","absolute",0.98,5,3,"top co-occurrence or in both lists",0.677,0.259,0.375,0.231,359,243,116,694,567,171
"ClinicalBERT","absolute",0.98,5,4,"any of the three",0.692,0.319,0.437,0.279,432,299,133,638,567,171
"ClinicalBERT","absolute",0.98,10,1,"top cosine or top co-occurrence",0.692,0.321,0.439,0.281,435,301,134,636,567,171
"ClinicalBERT","absolute",0.98,10,2,"top cosine or in both lists",0.865,0.164,0.276,0.16,178,154,24,783,567,171
"ClinicalBERT","absolute",0.98,10,3,"top co-occurrence or in both lists",0.681,0.277,0.394,0.246,382,260,122,677,567,171
"ClinicalBERT","absolute",0.98,10,4,"any of the three",0.685,0.322,0.438,0.281,441,302,139,635,567,171
"ClinicalBERT","absolute",0.98,15,1,"top cosine or top co-occurrence",0.693,0.322,0.44,0.282,436,302,134,635,567,171
"ClinicalBERT","absolute",0.98,15,2,"top cosine or in both lists",0.856,0.164,0.275,0.16,180,154,26,783,567,171
"ClinicalBERT","absolute",0.98,15,3,"top co-occurrence or in both lists",0.68,0.284,0.401,0.25,391,266,125,671,567,171
"ClinicalBERT","absolute",0.98,15,4,"any of the three",0.682,0.323,0.438,0.281,444,303,141,634,567,171
"ClinicalBERT","absolute",0.98,20,1,"top cosine or top co-occurrence",0.693,0.326,0.443,0.285,440,305,135,632,567,171
"ClinicalBERT","absolute",0.98,20,2,"top cosine or in both lists",0.838,0.165,0.276,0.16,185,155,30,782,567,171
"ClinicalBERT","absolute",0.98,20,3,"top co-occurrence or in both lists",0.677,0.291,0.407,0.256,403,273,130,664,567,171
"ClinicalBERT","absolute",0.98,20,4,"any of the three",0.678,0.328,0.442,0.283,453,307,146,630,567,171
"ClinicalBERT","absolute",0.98,25,1,"top cosine or top co-occurrence",0.694,0.327,0.445,0.285,441,306,135,631,567,171
"ClinicalBERT","absolute",0.98,25,2,"top cosine or in both lists",0.82,0.165,0.275,0.16,189,155,34,782,567,171
"ClinicalBERT","absolute",0.98,25,3,"top co-occurrence or in both lists",0.671,0.293,0.408,0.257,410,275,135,662,567,171
"ClinicalBERT","absolute",0.98,25,4,"any of the three",0.672,0.329,0.442,0.283,458,308,150,629,567,171
"ClinicalBERT","absolute",0.98,30,1,"top cosine or top co-occurrence",0.694,0.327,0.445,0.285,441,306,135,631,567,171
"ClinicalBERT","absolute",0.98,30,2,"top cosine or in both lists",0.803,0.165,0.274,0.159,193,155,38,782,567,171
"ClinicalBERT","absolute",0.98,30,3,"top co-occurrence or in both lists",0.666,0.296,0.41,0.257,416,277,139,660,567,171
"ClinicalBERT","absolute",0.98,30,4,"any of the three",0.667,0.329,0.441,0.282,462,308,154,629,567,171
"ClinicalBERT","absolute",0.99,3,1,"top cosine or top co-occurrence",0.701,0.275,0.395,0.246,368,258,110,679,129,115
"ClinicalBERT","absolute",0.99,3,2,"top cosine or in both lists",0.965,0.116,0.207,0.116,113,109,4,828,129,115
"ClinicalBERT","absolute",0.99,3,3,"top co-occurrence or in both lists",0.675,0.237,0.351,0.213,329,222,107,715,129,115
"ClinicalBERT","absolute",0.99,3,4,"any of the three",0.701,0.275,0.395,0.246,368,258,110,679,129,115
"ClinicalBERT","absolute",0.99,5,1,"top cosine or top co-occurrence",0.698,0.286,0.406,0.255,384,268,116,669,129,115
"ClinicalBERT","absolute",0.99,5,2,"top cosine or in both lists",0.956,0.116,0.207,0.116,114,109,5,828,129,115
"ClinicalBERT","absolute",0.99,5,3,"top co-occurrence or in both lists",0.675,0.253,0.368,0.225,351,237,114,700,129,115
"ClinicalBERT","absolute",0.99,5,4,"any of the three",0.696,0.286,0.405,0.254,385,268,117,669,129,115
"ClinicalBERT","absolute",0.99,10,1,"top cosine or top co-occurrence",0.695,0.289,0.408,0.257,390,271,119,666,129,115
"ClinicalBERT","absolute",0.99,10,2,"top cosine or in both lists",0.948,0.116,0.207,0.116,115,109,6,828,129,115
"ClinicalBERT","absolute",0.99,10,3,"top co-occurrence or in both lists",0.678,0.265,0.381,0.235,366,248,118,689,129,115
"ClinicalBERT","absolute",0.99,10,4,"any of the three",0.691,0.289,0.408,0.256,392,271,121,666,129,115
"ClinicalBERT","absolute",0.99,15,1,"top cosine or top co-occurrence",0.696,0.29,0.409,0.258,391,272,119,665,129,115
"ClinicalBERT","absolute",0.99,15,2,"top cosine or in both lists",0.948,0.116,0.207,0.116,115,109,6,828,129,115
"ClinicalBERT","absolute",0.99,15,3,"top co-occurrence or in both lists",0.681,0.269,0.386,0.239,370,252,118,685,129,115
"ClinicalBERT","absolute",0.99,15,4,"any of the three",0.692,0.29,0.409,0.257,393,272,121,665,129,115
"ClinicalBERT","absolute",0.99,20,1,"top cosine or top co-occurrence",0.696,0.293,0.412,0.26,395,275,120,662,129,115
"ClinicalBERT","absolute",0.99,20,2,"top cosine or in both lists",0.94,0.116,0.207,0.115,116,109,7,828,129,115
"ClinicalBERT","absolute",0.99,20,3,"top co-occurrence or in both lists",0.682,0.274,0.391,0.243,377,257,120,680,129,115
"ClinicalBERT","absolute",0.99,20,4,"any of the three",0.691,0.293,0.412,0.259,398,275,123,662,129,115
"ClinicalBERT","absolute",0.99,25,1,"top cosine or top co-occurrence",0.697,0.295,0.415,0.261,396,276,120,661,129,115
"ClinicalBERT","absolute",0.99,25,2,"top cosine or in both lists",0.94,0.116,0.207,0.115,116,109,7,828,129,115
"ClinicalBERT","absolute",0.99,25,3,"top co-occurrence or in both lists",0.683,0.276,0.393,0.245,379,259,120,678,129,115
"ClinicalBERT","absolute",0.99,25,4,"any of the three",0.692,0.295,0.414,0.26,399,276,123,661,129,115
"ClinicalBERT","absolute",0.99,30,1,"top cosine or top co-occurrence",0.698,0.296,0.416,0.262,397,277,120,660,129,115
"ClinicalBERT","absolute",0.99,30,2,"top cosine or in both lists",0.932,0.116,0.206,0.115,117,109,8,828,129,115
"ClinicalBERT","absolute",0.99,30,3,"top co-occurrence or in both lists",0.683,0.279,0.396,0.247,382,261,121,676,129,115
"ClinicalBERT","absolute",0.99,30,4,"any of the three",0.691,0.296,0.414,0.261,401,277,124,660,129,115
"ClinicalBERT","relative",0.95,3,1,"top cosine or top co-occurrence",0.587,0.354,0.442,0.284,566,332,234,605,33467,354
"ClinicalBERT","relative",0.95,3,2,"top cosine or in both lists",0.597,0.313,0.411,0.258,491,293,198,644,33467,354
"ClinicalBERT","relative",0.95,3,3,"top co-occurrence or in both lists",0.618,0.264,0.37,0.227,400,247,153,690,33467,354
"ClinicalBERT","relative",0.95,3,4,"any of the three",0.558,0.376,0.449,0.289,631,352,279,585,33467,354
"ClinicalBERT","relative",0.95,5,1,"top cosine or top co-occurrence",0.588,0.364,0.45,0.29,580,341,239,596,33467,354
"ClinicalBERT","relative",0.95,5,2,"top cosine or in both lists",0.548,0.324,0.407,0.256,555,304,251,633,33467,354
"ClinicalBERT","relative",0.95,5,3,"top co-occurrence or in both lists",0.566,0.295,0.388,0.24,488,276,212,661,33467,354
"ClinicalBERT","relative",0.95,5,4,"any of the three",0.523,0.394,0.449,0.29,706,369,337,568,33467,354
"ClinicalBERT","relative",0.95,10,1,"top cosine or top co-occurrence",0.586,0.365,0.45,0.29,584,342,242,595,33467,354
"ClinicalBERT","relative",0.95,10,2,"top cosine or in both lists",0.485,0.347,0.405,0.254,670,325,345,612,33467,354
"ClinicalBERT","relative",0.95,10,3,"top co-occurrence or in both lists",0.503,0.338,0.404,0.254,630,317,313,620,33467,354
"ClinicalBERT","relative",0.95,10,4,"any of the three",0.473,0.416,0.443,0.284,824,390,434,547,33467,354
"ClinicalBERT","relative",0.95,15,1,"top cosine or top co-occurrence",0.586,0.365,0.45,0.29,584,342,242,595,33467,354
"ClinicalBERT","relative",0.95,15,2,"top cosine or in both lists",0.445,0.358,0.397,0.247,753,335,418,602,33467,354
"ClinicalBERT","relative",0.95,15,3,"top co-occurrence or in both lists",0.464,0.361,0.406,0.255,728,338,390,599,33467,354
"ClinicalBERT","relative",0.95,15,4,"any of the three",0.441,0.427,0.434,0.277,907,400,507,537,33467,354
"ClinicalBERT","relative",0.95,20,1,"top cosine or top co-occurrence",0.586,0.367,0.451,0.292,587,344,243,593,33467,354
"ClinicalBERT","relative",0.95,20,2,"top cosine or in both lists",0.418,0.367,0.391,0.243,822,344,478,593,33467,354
"ClinicalBERT","relative",0.95,20,3,"top co-occurrence or in both lists",0.439,0.378,0.406,0.255,806,354,452,583,33467,354
"ClinicalBERT","relative",0.95,20,4,"any of the three",0.42,0.439,0.429,0.273,978,411,567,526,33467,354
"ClinicalBERT","relative",0.95,25,1,"top cosine or top co-occurrence",0.587,0.368,0.452,0.292,588,345,243,592,33467,354
"ClinicalBERT","relative",0.95,25,2,"top cosine or in both lists",0.395,0.374,0.384,0.238,885,350,535,587,33467,354
"ClinicalBERT","relative",0.95,25,3,"top co-occurrence or in both lists",0.414,0.387,0.4,0.25,876,363,513,574,33467,354
"ClinicalBERT","relative",0.95,25,4,"any of the three",0.401,0.446,0.422,0.268,1042,418,624,519,33467,354
"ClinicalBERT","relative",0.95,30,1,"top cosine or top co-occurrence",0.587,0.368,0.452,0.292,588,345,243,592,33467,354
"ClinicalBERT","relative",0.95,30,2,"top cosine or in both lists",0.378,0.381,0.379,0.234,944,357,587,580,33467,354
"ClinicalBERT","relative",0.95,30,3,"top co-occurrence or in both lists",0.396,0.397,0.396,0.247,940,372,568,565,33467,354
"ClinicalBERT","relative",0.95,30,4,"any of the three",0.386,0.454,0.417,0.263,1101,425,676,512,33467,354
"ClinicalBERT","relative",0.99,3,1,"top cosine or top co-occurrence",0.617,0.348,0.445,0.286,528,326,202,611,1208,354
"ClinicalBERT","relative",0.99,3,2,"top cosine or in both lists",0.685,0.237,0.352,0.214,324,222,102,715,1208,354
"ClinicalBERT","relative",0.99,3,3,"top co-occurrence or in both lists",0.676,0.242,0.356,0.217,336,227,109,710,1208,354
"ClinicalBERT","relative",0.99,3,4,"any of the three",0.617,0.349,0.446,0.287,530,327,203,610,1208,354
"ClinicalBERT","relative",0.99,5,1,"top cosine or top co-occurrence",0.618,0.358,0.453,0.293,542,335,207,602,1208,354
"ClinicalBERT","relative",0.99,5,2,"top cosine or in both lists",0.681,0.237,0.352,0.213,326,222,104,715,1208,354
"ClinicalBERT","relative",0.99,5,3,"top co-occurrence or in both lists",0.679,0.265,0.381,0.235,365,248,117,689,1208,354
"ClinicalBERT","relative",0.99,5,4,"any of the three",0.615,0.359,0.453,0.293,546,336,210,601,1208,354
"ClinicalBERT","relative",0.99,10,1,"top cosine or top co-occurrence",0.615,0.359,0.453,0.293,546,336,210,601,1208,354
"ClinicalBERT","relative",0.99,10,2,"top cosine or in both lists",0.668,0.24,0.353,0.214,337,225,112,712,1208,354
"ClinicalBERT","relative",0.99,10,3,"top co-occurrence or in both lists",0.677,0.29,0.406,0.255,402,272,130,665,1208,354
"ClinicalBERT","relative",0.99,10,4,"any of the three",0.606,0.363,0.454,0.294,561,340,221,597,1208,354
"ClinicalBERT","relative",0.99,15,1,"top cosine or top co-occurrence",0.615,0.359,0.453,0.293,546,336,210,601,1208,354
"ClinicalBERT","relative",0.99,15,2,"top cosine or in both lists",0.665,0.241,0.354,0.215,340,226,114,711,1208,354
"ClinicalBERT","relative",0.99,15,3,"top co-occurrence or in both lists",0.676,0.303,0.418,0.265,420,284,136,653,1208,354
"ClinicalBERT","relative",0.99,15,4,"any of the three",0.605,0.364,0.455,0.294,564,341,223,596,1208,354
"ClinicalBERT","relative",0.99,20,1,"top cosine or top co-occurrence",0.616,0.361,0.455,0.294,549,338,211,599,1208,354
"ClinicalBERT","relative",0.99,20,2,"top cosine or in both lists",0.661,0.245,0.357,0.218,348,230,118,707,1208,354
"ClinicalBERT","relative",0.99,20,3,"top co-occurrence or in both lists",0.674,0.315,0.429,0.273,438,295,143,642,1208,354
"ClinicalBERT","relative",0.99,20,4,"any of the three",0.603,0.37,0.459,0.298,575,347,228,590,1208,354
"ClinicalBERT","relative",0.99,25,1,"top cosine or top co-occurrence",0.616,0.362,0.456,0.295,550,339,211,598,1208,354
"ClinicalBERT","relative",0.99,25,2,"top cosine or in both lists",0.656,0.247,0.359,0.218,352,231,121,706,1208,354
"ClinicalBERT","relative",0.99,25,3,"top co-occurrence or in both lists",0.666,0.319,0.431,0.275,449,299,150,638,1208,354
"ClinicalBERT","relative",0.99,25,4,"any of the three",0.602,0.372,0.46,0.299,580,349,231,588,1208,354
"ClinicalBERT","relative",0.99,30,1,"top cosine or top co-occurrence",0.616,0.362,0.456,0.295,550,339,211,598,1208,354
"ClinicalBERT","relative",0.99,30,2,"top cosine or in both lists",0.648,0.248,0.359,0.218,358,232,126,705,1208,354
"ClinicalBERT","relative",0.99,30,3,"top co-occurrence or in both lists",0.659,0.322,0.433,0.276,458,302,156,635,1208,354
"ClinicalBERT","relative",0.99,30,4,"any of the three",0.597,0.374,0.46,0.298,586,350,236,587,1208,354
"ClinicalBERT","relative",0.995,3,1,"top cosine or top co-occurrence",0.624,0.345,0.444,0.285,518,323,195,614,643,354
"ClinicalBERT","relative",0.995,3,2,"top cosine or in both lists",0.697,0.226,0.341,0.206,304,212,92,725,643,354
"ClinicalBERT","relative",0.995,3,3,"top co-occurrence or in both lists",0.677,0.241,0.355,0.216,334,226,108,711,643,354
"ClinicalBERT","relative",0.995,3,4,"any of the three",0.624,0.345,0.444,0.285,518,323,195,614,643,354
"ClinicalBERT","relative",0.995,5,1,"top cosine or top co-occurrence",0.625,0.355,0.453,0.293,533,333,200,604,643,354
"ClinicalBERT","relative",0.995,5,2,"top cosine or in both lists",0.697,0.226,0.341,0.206,304,212,92,725,643,354
"ClinicalBERT","relative",0.995,5,3,"top co-occurrence or in both lists",0.684,0.264,0.381,0.235,361,247,114,690,643,354
"ClinicalBERT","relative",0.995,5,4,"any of the three",0.625,0.355,0.453,0.293,533,333,200,604,643,354
"ClinicalBERT","relative",0.995,10,1,"top cosine or top co-occurrence",0.622,0.356,0.453,0.293,537,334,203,603,643,354
"ClinicalBERT","relative",0.995,10,2,"top cosine or in both lists",0.695,0.228,0.343,0.208,308,214,94,723,643,354
"ClinicalBERT","relative",0.995,10,3,"top co-occurrence or in both lists",0.691,0.288,0.407,0.255,391,270,121,667,643,354
"ClinicalBERT","relative",0.995,10,4,"any of the three",0.621,0.359,0.455,0.294,541,336,205,601,643,354
"ClinicalBERT","relative",0.995,15,1,"top cosine or top co-occurrence",0.622,0.356,0.453,0.293,537,334,203,603,643,354
"ClinicalBERT","relative",0.995,15,2,"top cosine or in both lists",0.693,0.228,0.343,0.207,309,214,95,723,643,354
"ClinicalBERT","relative",0.995,15,3,"top co-occurrence or in both lists",0.69,0.3,0.418,0.264,407,281,126,656,643,354
"ClinicalBERT","relative",0.995,15,4,"any of the three",0.62,0.359,0.455,0.294,542,336,206,601,643,354
"ClinicalBERT","relative",0.995,20,1,"top cosine or top co-occurrence",0.622,0.359,0.455,0.294,540,336,204,601,643,354
"ClinicalBERT","relative",0.995,20,2,"top cosine or in both lists",0.693,0.232,0.348,0.21,313,217,96,720,643,354
"ClinicalBERT","relative",0.995,20,3,"top co-occurrence or in both lists",0.69,0.309,0.427,0.272,420,290,130,647,643,354
"ClinicalBERT","relative",0.995,20,4,"any of the three",0.621,0.364,0.459,0.298,549,341,208,596,643,354
"ClinicalBERT","relative",0.995,25,1,"top cosine or top co-occurrence",0.623,0.36,0.456,0.295,541,337,204,600,643,354
"ClinicalBERT","relative",0.995,25,2,"top cosine or in both lists",0.694,0.233,0.349,0.211,314,218,96,719,643,354
"ClinicalBERT","relative",0.995,25,3,"top co-occurrence or in both lists",0.687,0.314,0.431,0.275,428,294,134,643,643,354
"ClinicalBERT","relative",0.995,25,4,"any of the three",0.623,0.366,0.461,0.3,551,343,208,594,643,354
"ClinicalBERT","relative",0.995,30,1,"top cosine or top co-occurrence",0.623,0.36,0.456,0.295,541,337,204,600,643,354
"ClinicalBERT","relative",0.995,30,2,"top cosine or in both lists",0.688,0.233,0.348,0.21,317,218,99,719,643,354
"ClinicalBERT","relative",0.995,30,3,"top co-occurrence or in both lists",0.682,0.316,0.432,0.275,434,296,138,641,643,354
"ClinicalBERT","relative",0.995,30,4,"any of the three",0.619,0.366,0.46,0.299,554,343,211,594,643,354
"ClinicalBERT","relative",0.999,3,1,"top cosine or top co-occurrence",0.637,0.34,0.443,0.285,501,319,182,618,390,354
"ClinicalBERT","relative",0.999,3,2,"top cosine or in both lists",0.717,0.213,0.328,0.197,279,200,79,737,390,354
"ClinicalBERT","relative",0.999,3,3,"top co-occurrence or in both lists",0.677,0.241,0.355,0.216,334,226,108,711,390,354
"ClinicalBERT","relative",0.999,3,4,"any of the three",0.637,0.34,0.443,0.285,501,319,182,618,390,354
"ClinicalBERT","relative",0.999,5,1,"top cosine or top co-occurrence",0.638,0.351,0.453,0.293,516,329,187,608,390,354
"ClinicalBERT","relative",0.999,5,2,"top cosine or in both lists",0.717,0.213,0.328,0.197,279,200,79,737,390,354
"ClinicalBERT","relative",0.999,5,3,"top co-occurrence or in both lists",0.684,0.264,0.381,0.235,361,247,114,690,390,354
"ClinicalBERT","relative",0.999,5,4,"any of the three",0.638,0.351,0.453,0.293,516,329,187,608,390,354
"ClinicalBERT","relative",0.999,10,1,"top cosine or top co-occurrence",0.635,0.352,0.453,0.293,520,330,190,607,390,354
"ClinicalBERT","relative",0.999,10,2,"top cosine or in both lists",0.714,0.213,0.328,0.197,280,200,80,737,390,354
"ClinicalBERT","relative",0.999,10,3,"top co-occurrence or in both lists",0.693,0.286,0.405,0.254,387,268,119,669,390,354
"ClinicalBERT","relative",0.999,10,4,"any of the three",0.633,0.352,0.452,0.293,521,330,191,607,390,354
"ClinicalBERT","relative",0.999,15,1,"top cosine or top co-occurrence",0.635,0.352,0.453,0.293,520,330,190,607,390,354
"ClinicalBERT","relative",0.999,15,2,"top cosine or in both lists",0.714,0.213,0.328,0.197,280,200,80,737,390,354
"ClinicalBERT","relative",0.999,15,3,"top co-occurrence or in both lists",0.695,0.297,0.416,0.263,400,278,122,659,390,354
"ClinicalBERT","relative",0.999,15,4,"any of the three",0.633,0.352,0.452,0.293,521,330,191,607,390,354
"ClinicalBERT","relative",0.999,20,1,"top cosine or top co-occurrence",0.635,0.354,0.455,0.294,523,332,191,605,390,354
"ClinicalBERT","relative",0.999,20,2,"top cosine or in both lists",0.715,0.215,0.331,0.198,281,201,80,736,390,354
"ClinicalBERT","relative",0.999,20,3,"top co-occurrence or in both lists",0.697,0.304,0.423,0.269,409,285,124,652,390,354
"ClinicalBERT","relative",0.999,20,4,"any of the three",0.634,0.355,0.455,0.295,525,333,192,604,390,354
"ClinicalBERT","relative",0.999,25,1,"top cosine or top co-occurrence",0.635,0.355,0.455,0.295,524,333,191,604,390,354
"ClinicalBERT","relative",0.999,25,2,"top cosine or in both lists",0.715,0.215,0.331,0.198,281,201,80,736,390,354
"ClinicalBERT","relative",0.999,25,3,"top co-occurrence or in both lists",0.692,0.307,0.425,0.27,416,288,128,649,390,354
"ClinicalBERT","relative",0.999,25,4,"any of the three",0.635,0.356,0.456,0.296,526,334,192,603,390,354
"ClinicalBERT","relative",0.999,30,1,"top cosine or top co-occurrence",0.635,0.355,0.455,0.295,524,333,191,604,390,354
"ClinicalBERT","relative",0.999,30,2,"top cosine or in both lists",0.715,0.215,0.331,0.198,281,201,80,736,390,354
"ClinicalBERT","relative",0.999,30,3,"top co-occurrence or in both lists",0.692,0.309,0.427,0.272,419,290,129,647,390,354
"ClinicalBERT","relative",0.999,30,4,"any of the three",0.635,0.356,0.456,0.296,526,334,192,603,390,354
"SapBERT","absolute",0.5,3,1,"top cosine or top co-occurrence",0.737,0.418,0.533,0.364,532,392,140,545,9046,354
"SapBERT","absolute",0.5,3,2,"top cosine or in both lists",0.773,0.414,0.539,0.369,502,388,114,549,9046,354
"SapBERT","absolute",0.5,3,3,"top co-occurrence or in both lists",0.639,0.275,0.385,0.238,404,258,146,679,9046,354
"SapBERT","absolute",0.5,3,4,"any of the three",0.7,0.443,0.543,0.372,593,415,178,522,9046,354
"SapBERT","absolute",0.5,5,1,"top cosine or top co-occurrence",0.734,0.427,0.54,0.37,545,400,145,537,9046,354
"SapBERT","absolute",0.5,5,2,"top cosine or in both lists",0.688,0.435,0.533,0.364,593,408,185,529,9046,354
"SapBERT","absolute",0.5,5,3,"top co-occurrence or in both lists",0.571,0.317,0.408,0.256,520,297,223,640,9046,354
"SapBERT","absolute",0.5,5,4,"any of the three",0.634,0.466,0.537,0.368,689,437,252,500,9046,354
"SapBERT","absolute",0.5,10,1,"top cosine or top co-occurrence",0.73,0.427,0.539,0.369,548,400,148,537,9046,354
"SapBERT","absolute",0.5,10,2,"top cosine or in both lists",0.604,0.463,0.524,0.355,718,434,284,503,9046,354
"SapBERT","absolute",0.5,10,3,"top co-occurrence or in both lists",0.518,0.377,0.436,0.279,681,353,328,584,9046,354
"SapBERT","absolute",0.5,10,4,"any of the three",0.567,0.494,0.528,0.359,816,463,353,474,9046,354
"SapBERT","absolute",0.5,15,1,"top cosine or top co-occurrence",0.73,0.428,0.54,0.37,549,401,148,536,9046,354
"SapBERT","absolute",0.5,15,2,"top cosine or in both lists",0.556,0.482,0.516,0.348,813,452,361,485,9046,354
"SapBERT","absolute",0.5,15,3,"top co-occurrence or in both lists",0.488,0.412,0.447,0.288,791,386,405,551,9046,354
"SapBERT","absolute",0.5,15,4,"any of the three",0.528,0.513,0.52,0.352,911,481,430,456,9046,354
"SapBERT","absolute",0.5,20,1,"top cosine or top co-occurrence",0.731,0.431,0.542,0.372,553,404,149,533,9046,354
"SapBERT","absolute",0.5,20,2,"top cosine or in both lists",0.524,0.496,0.51,0.342,887,465,422,472,9046,354
"SapBERT","absolute",0.5,20,3,"top co-occurrence or in both lists",0.465,0.433,0.448,0.289,874,406,468,531,9046,354
"SapBERT","absolute",0.5,20,4,"any of the three",0.501,0.527,0.514,0.346,986,494,492,443,9046,354
"SapBERT","absolute",0.5,25,1,"top cosine or top co-occurrence",0.731,0.432,0.543,0.373,554,405,149,532,9046,354
"SapBERT","absolute",0.5,25,2,"top cosine or in both lists",0.5,0.506,0.503,0.336,948,474,474,463,9046,354
"SapBERT","absolute",0.5,25,3,"top co-occurrence or in both lists",0.446,0.448,0.447,0.288,941,420,521,517,9046,354
"SapBERT","absolute",0.5,25,4,"any of the three",0.481,0.538,0.508,0.34,1048,504,544,433,9046,354
"SapBERT","absolute",0.5,30,1,"top cosine or top co-occurrence",0.731,0.432,0.543,0.373,554,405,149,532,9046,354
"SapBERT","absolute",0.5,30,2,"top cosine or in both lists",0.472,0.511,0.491,0.325,1015,479,536,458,9046,354
"SapBERT","absolute",0.5,30,3,"top co-occurrence or in both lists",0.425,0.46,0.442,0.284,1014,431,583,506,9046,354
"SapBERT","absolute",0.5,30,4,"any of the three",0.457,0.543,0.496,0.33,1115,509,606,428,9046,354
"SapBERT","absolute",0.6,3,1,"top cosine or top co-occurrence",0.742,0.414,0.531,0.362,523,388,135,549,2204,348
"SapBERT","absolute",0.6,3,2,"top cosine or in both lists",0.833,0.378,0.52,0.351,425,354,71,583,2204,348
"SapBERT","absolute",0.6,3,3,"top co-occurrence or in both lists",0.663,0.263,0.377,0.232,371,246,125,691,2204,348
"SapBERT","absolute",0.6,3,4,"any of the three",0.724,0.426,0.536,0.366,551,399,152,538,2204,348
"SapBERT","absolute",0.6,5,1,"top cosine or top co-occurrence",0.739,0.423,0.538,0.368,536,396,140,541,2204,348
"SapBERT","absolute",0.6,5,2,"top cosine or in both lists",0.784,0.391,0.522,0.353,467,366,101,571,2204,348
"SapBERT","absolute",0.6,5,3,"top co-occurrence or in both lists",0.633,0.298,0.405,0.254,441,279,162,658,2204,348
"SapBERT","absolute",0.6,5,4,"any of the three",0.691,0.444,0.541,0.37,602,416,186,521,2204,348
"SapBERT","absolute",0.6,10,1,"top cosine or top co-occurrence",0.735,0.423,0.537,0.367,539,396,143,541,2204,348
"SapBERT","absolute",0.6,10,2,"top cosine or in both lists",0.735,0.411,0.527,0.358,524,385,139,552,2204,348
"SapBERT","absolute",0.6,10,3,"top co-occurrence or in both lists",0.614,0.348,0.444,0.285,531,326,205,611,2204,348
"SapBERT","absolute",0.6,10,4,"any of the three",0.658,0.464,0.544,0.374,661,435,226,502,2204,348
"SapBERT","absolute",0.6,15,1,"top cosine or top co-occurrence",0.735,0.424,0.538,0.368,540,397,143,540,2204,348
"SapBERT","absolute",0.6,15,2,"top cosine or in both lists",0.696,0.42,0.524,0.355,566,394,172,543,2204,348
"SapBERT","absolute",0.6,15,3,"top co-occurrence or in both lists",0.595,0.374,0.459,0.298,588,350,238,587,2204,348
"SapBERT","absolute",0.6,15,4,"any of the three",0.632,0.474,0.542,0.371,703,444,259,493,2204,348
"SapBERT","absolute",0.6,20,1,"top cosine or top co-occurrence",0.735,0.427,0.54,0.37,544,400,144,537,2204,348
"SapBERT","absolute",0.6,20,2,"top cosine or in both lists",0.676,0.43,0.526,0.357,596,403,193,534,2204,348
"SapBERT","absolute",0.6,20,3,"top co-occurrence or in both lists",0.584,0.391,0.468,0.306,627,366,261,571,2204,348
"SapBERT","absolute",0.6,20,4,"any of the three",0.617,0.483,0.542,0.372,734,453,281,484,2204,348
"SapBERT","absolute",0.6,25,1,"top cosine or top co-occurrence",0.736,0.428,0.541,0.371,545,401,144,536,2204,348
"SapBERT","absolute",0.6,25,2,"top cosine or in both lists",0.651,0.432,0.519,0.351,622,405,217,532,2204,348
"SapBERT","absolute",0.6,25,3,"top co-occurrence or in both lists",0.566,0.398,0.467,0.305,659,373,286,564,2204,348
"SapBERT","absolute",0.6,25,4,"any of the three",0.599,0.487,0.537,0.367,761,456,305,481,2204,348
"SapBERT","absolute",0.6,30,1,"top cosine or top co-occurrence",0.736,0.428,0.541,0.371,545,401,144,536,2204,348
"SapBERT","absolute",0.6,30,2,"top cosine or in both lists",0.633,0.436,0.516,0.348,646,409,237,528,2204,348
"SapBERT","absolute",0.6,30,3,"top co-occurrence or in both lists",0.556,0.409,0.471,0.308,689,383,306,554,2204,348
"SapBERT","absolute",0.6,30,4,"any of the three",0.586,0.491,0.534,0.365,785,460,325,477,2204,348
"SapBERT","absolute",0.7,3,1,"top cosine or top co-occurrence",0.753,0.404,0.526,0.357,503,379,124,558,752,329
"SapBERT","absolute",0.7,3,2,"top cosine or in both lists",0.916,0.35,0.506,0.339,358,328,30,609,752,329
"SapBERT","absolute",0.7,3,3,"top co-occurrence or in both lists",0.685,0.257,0.374,0.23,352,241,111,696,752,329
"SapBERT","absolute",0.7,3,4,"any of the three",0.752,0.411,0.532,0.362,512,385,127,552,752,329
"SapBERT","absolute",0.7,5,1,"top cosine or top co-occurrence",0.749,0.413,0.532,0.363,517,387,130,550,752,329
"SapBERT","absolute",0.7,5,2,"top cosine or in both lists",0.891,0.356,0.509,0.342,375,334,41,603,752,329
"SapBERT","absolute",0.7,5,3,"top co-occurrence or in both lists",0.676,0.287,0.403,0.252,398,269,129,668,752,329
"SapBERT","absolute",0.7,5,4,"any of the three",0.734,0.424,0.538,0.367,541,397,144,540,752,329
"SapBERT","absolute",0.7,10,1,"top cosine or top co-occurrence",0.744,0.413,0.531,0.362,520,387,133,550,752,329
"SapBERT","absolute",0.7,10,2,"top cosine or in both lists",0.866,0.366,0.515,0.346,396,343,53,594,752,329
"SapBERT","absolute",0.7,10,3,"top co-occurrence or in both lists",0.674,0.324,0.438,0.28,451,304,147,633,752,329
"SapBERT","absolute",0.7,10,4,"any of the three",0.719,0.433,0.54,0.37,565,406,159,531,752,329
"SapBERT","absolute",0.7,15,1,"top cosine or top co-occurrence",0.745,0.414,0.532,0.363,521,388,133,549,752,329
"SapBERT","absolute",0.7,15,2,"top cosine or in both lists",0.848,0.368,0.513,0.345,407,345,62,592,752,329
"SapBERT","absolute",0.7,15,3,"top co-occurrence or in both lists",0.673,0.343,0.454,0.294,477,321,156,616,752,329
"SapBERT","absolute",0.7,15,4,"any of the three",0.708,0.435,0.539,0.369,576,408,168,529,752,329
"SapBERT","absolute",0.7,20,1,"top cosine or top co-occurrence",0.745,0.417,0.535,0.365,525,391,134,546,752,329
"SapBERT","absolute",0.7,20,2,"top cosine or in both lists",0.834,0.375,0.517,0.349,421,351,70,586,752,329
"SapBERT","absolute",0.7,20,3,"top co-occurrence or in both lists",0.668,0.356,0.464,0.303,500,334,166,603,752,329
"SapBERT","absolute",0.7,20,4,"any of the three",0.701,0.442,0.542,0.372,591,414,177,523,752,329
"SapBERT","absolute",0.7,25,1,"top cosine or top co-occurrence",0.745,0.418,0.536,0.366,526,392,134,545,752,329
"SapBERT","absolute",0.7,25,2,"top cosine or in both lists",0.818,0.375,0.514,0.346,429,351,78,586,752,329
"SapBERT","absolute",0.7,25,3,"top co-occurrence or in both lists",0.661,0.362,0.468,0.305,513,339,174,598,752,329
"SapBERT","absolute",0.7,25,4,"any of the three",0.692,0.443,0.54,0.37,600,415,185,522,752,329
"SapBERT","absolute",0.7,30,1,"top cosine or top co-occurrence",0.745,0.418,0.536,0.366,526,392,134,545,752,329
"SapBERT","absolute",0.7,30,2,"top cosine or in both lists",0.809,0.376,0.513,0.345,435,352,83,585,752,329
"SapBERT","absolute",0.7,30,3,"top co-occurrence or in both lists",0.658,0.368,0.472,0.309,524,345,179,592,752,329
"SapBERT","absolute",0.7,30,4,"any of the three",0.686,0.444,0.539,0.369,606,416,190,521,752,329
"SapBERT","absolute",0.75,3,1,"top cosine or top co-occurrence",0.758,0.395,0.519,0.351,488,370,118,567,485,302
"SapBERT","absolute",0.75,3,2,"top cosine or in both lists",0.943,0.317,0.474,0.311,315,297,18,640,485,302
"SapBERT","absolute",0.75,3,3,"top co-occurrence or in both lists",0.684,0.252,0.368,0.226,345,236,109,701,485,302
"SapBERT","absolute",0.75,3,4,"any of the three",0.758,0.397,0.521,0.352,491,372,119,565,485,302
"SapBERT","absolute",0.75,5,1,"top cosine or top co-occurrence",0.753,0.403,0.525,0.356,502,378,124,559,485,302
"SapBERT","absolute",0.75,5,2,"top cosine or in both lists",0.923,0.32,0.475,0.312,325,300,25,637,485,302
"SapBERT","absolute",0.75,5,3,"top co-occurrence or in both lists",0.681,0.28,0.397,0.247,385,262,123,675,485,302
"SapBERT","absolute",0.75,5,4,"any of the three",0.743,0.408,0.527,0.357,514,382,132,555,485,302
"SapBERT","absolute",0.75,10,1,"top cosine or top co-occurrence",0.749,0.404,0.525,0.356,506,379,127,558,485,302
"SapBERT","absolute",0.75,10,2,"top cosine or in both lists",0.911,0.327,0.481,0.316,336,306,30,631,485,302
"SapBERT","absolute",0.75,10,3,"top co-occurrence or in both lists",0.689,0.314,0.431,0.275,427,294,133,643,485,302
"SapBERT","absolute",0.75,10,4,"any of the three",0.735,0.415,0.53,0.361,529,389,140,548,485,302
"SapBERT","absolute",0.75,15,1,"top cosine or top co-occurrence",0.75,0.406,0.527,0.357,507,380,127,557,485,302
"SapBERT","absolute",0.75,15,2,"top cosine or in both lists",0.898,0.328,0.48,0.316,342,307,35,630,485,302
"SapBERT","absolute",0.75,15,3,"top co-occurrence or in both lists",0.691,0.33,0.447,0.287,447,309,138,628,485,302
"SapBERT","absolute",0.75,15,4,"any of the three",0.729,0.417,0.531,0.361,536,391,145,546,485,302
"SapBERT","absolute",0.75,20,1,"top cosine or top co-occurrence",0.75,0.409,0.529,0.36,511,383,128,554,485,302
"SapBERT","absolute",0.75,20,2,"top cosine or in both lists",0.886,0.332,0.483,0.318,351,311,40,626,485,302
"SapBERT","absolute",0.75,20,3,"top co-occurrence or in both lists",0.689,0.343,0.458,0.297,466,321,145,616,485,302
"SapBERT","absolute",0.75,20,4,"any of the three",0.724,0.423,0.534,0.364,547,396,151,541,485,302
"SapBERT","absolute",0.75,25,1,"top cosine or top co-occurrence",0.75,0.41,0.53,0.361,512,384,128,553,485,302
"SapBERT","absolute",0.75,25,2,"top cosine or in both lists",0.874,0.332,0.481,0.317,356,311,45,626,485,302
"SapBERT","absolute",0.75,25,3,"top co-occurrence or in both lists",0.685,0.348,0.462,0.3,476,326,150,611,485,302
"SapBERT","absolute",0.75,25,4,"any of the three",0.718,0.424,0.533,0.363,553,397,156,540,485,302
"SapBERT","absolute",0.75,30,1,"top cosine or top co-occurrence",0.75,0.41,0.53,0.361,512,384,128,553,485,302
"SapBERT","absolute",0.75,30,2,"top cosine or in both lists",0.866,0.332,0.48,0.316,359,311,48,626,485,302
"SapBERT","absolute",0.75,30,3,"top co-occurrence or in both lists",0.683,0.352,0.465,0.303,483,330,153,607,485,302
"SapBERT","absolute",0.75,30,4,"any of the three",0.714,0.424,0.532,0.362,556,397,159,540,485,302
"SapBERT","absolute",0.8,3,1,"top cosine or top co-occurrence",0.759,0.374,0.501,0.334,461,350,111,587,324,255
"SapBERT","absolute",0.8,3,2,"top cosine or in both lists",0.969,0.27,0.422,0.268,261,253,8,684,324,255
"SapBERT","absolute",0.8,3,3,"top co-occurrence or in both lists",0.684,0.25,0.366,0.224,342,234,108,703,324,255
"SapBERT","absolute",0.8,3,4,"any of the three",0.759,0.376,0.503,0.336,464,352,112,585,324,255
"SapBERT","absolute",0.8,5,1,"top cosine or top co-occurrence",0.754,0.382,0.507,0.34,475,358,117,579,324,255
"SapBERT","absolute",0.8,5,2,"top cosine or in both lists",0.969,0.271,0.424,0.269,262,254,8,683,324,255
"SapBERT","absolute",0.8,5,3,"top co-occurrence or in both lists",0.693,0.274,0.393,0.245,371,257,114,680,324,255
"SapBERT","absolute",0.8,5,4,"any of the three",0.754,0.385,0.51,0.342,479,361,118,576,324,255
"SapBERT","absolute",0.8,10,1,"top cosine or top co-occurrence",0.75,0.384,0.508,0.341,480,360,120,577,324,255
"SapBERT","absolute",0.8,10,2,"top cosine or in both lists",0.966,0.274,0.427,0.272,266,257,9,680,324,255
"SapBERT","absolute",0.8,10,3,"top co-occurrence or in both lists",0.706,0.303,0.424,0.269,402,284,118,653,324,255
"SapBERT","absolute",0.8,10,4,"any of the three",0.75,0.391,0.514,0.346,488,366,122,571,324,255
"SapBERT","absolute",0.8,15,1,"top cosine or top co-occurrence",0.751,0.385,0.509,0.342,481,361,120,576,324,255
"SapBERT","absolute",0.8,15,2,"top cosine or in both lists",0.955,0.274,0.426,0.271,269,257,12,680,324,255
"SapBERT","absolute",0.8,15,3,"top co-occurrence or in both lists",0.711,0.317,0.438,0.281,418,297,121,640,324,255
"SapBERT","absolute",0.8,15,4,"any of the three",0.746,0.392,0.514,0.346,492,367,125,570,324,255
"SapBERT","absolute",0.8,20,1,"top cosine or top co-occurrence",0.751,0.388,0.512,0.344,485,364,121,573,324,255
"SapBERT","absolute",0.8,20,2,"top cosine or in both lists",0.949,0.275,0.426,0.271,272,258,14,679,324,255
"SapBERT","absolute",0.8,20,3,"top co-occurrence or in both lists",0.711,0.326,0.447,0.287,429,305,124,632,324,255
"SapBERT","absolute",0.8,20,4,"any of the three",0.743,0.395,0.516,0.347,498,370,128,567,324,255
"SapBERT","absolute",0.8,25,1,"top cosine or top co-occurrence",0.751,0.39,0.513,0.345,486,365,121,572,324,255
"SapBERT","absolute",0.8,25,2,"top cosine or in both lists",0.942,0.275,0.426,0.271,274,258,16,679,324,255
"SapBERT","absolute",0.8,25,3,"top co-occurrence or in both lists",0.711,0.331,0.452,0.292,436,310,126,627,324,255
"SapBERT","absolute",0.8,25,4,"any of the three",0.741,0.396,0.516,0.348,501,371,130,566,324,255
"SapBERT","absolute",0.8,30,1,"top cosine or top co-occurrence",0.751,0.39,0.513,0.345,486,365,121,572,324,255
"SapBERT","absolute",0.8,30,2,"top cosine or in both lists",0.938,0.275,0.425,0.27,275,258,17,679,324,255
"SapBERT","absolute",0.8,30,3,"top co-occurrence or in both lists",0.711,0.334,0.454,0.294,440,313,127,624,324,255
"SapBERT","absolute",0.8,30,4,"any of the three",0.739,0.396,0.516,0.347,502,371,131,566,324,255
"SapBERT","absolute",0.85,3,1,"top cosine or top co-occurrence",0.751,0.344,0.472,0.308,429,322,107,615,232,210
"SapBERT","absolute",0.85,3,2,"top cosine or in both lists",0.99,0.22,0.36,0.219,208,206,2,731,232,210
"SapBERT","absolute",0.85,3,3,"top co-occurrence or in both lists",0.682,0.242,0.357,0.218,333,227,106,710,232,210
"SapBERT","absolute",0.85,3,4,"any of the three",0.751,0.345,0.473,0.309,430,323,107,614,232,210
"SapBERT","absolute",0.85,5,1,"top cosine or top co-occurrence",0.745,0.352,0.478,0.314,443,330,113,607,232,210
"SapBERT","absolute",0.85,5,2,"top cosine or in both lists",0.99,0.22,0.36,0.219,208,206,2,731,232,210
"SapBERT","absolute",0.85,5,3,"top co-occurrence or in both lists",0.688,0.264,0.382,0.235,359,247,112,690,232,210
"SapBERT","absolute",0.85,5,4,"any of the three",0.745,0.353,0.479,0.315,444,331,113,606,232,210
"SapBERT","absolute",0.85,10,1,"top cosine or top co-occurrence",0.741,0.354,0.479,0.315,448,332,116,605,232,210
"SapBERT","absolute",0.85,10,2,"top cosine or in both lists",0.99,0.222,0.363,0.222,210,208,2,729,232,210
"SapBERT","absolute",0.85,10,3,"top co-occurrence or in both lists",0.701,0.288,0.408,0.257,385,270,115,667,232,210
"SapBERT","absolute",0.85,10,4,"any of the three",0.743,0.358,0.483,0.318,451,335,116,602,232,210
"SapBERT","absolute",0.85,15,1,"top cosine or top co-occurrence",0.742,0.355,0.48,0.316,449,333,116,604,232,210
"SapBERT","absolute",0.85,15,2,"top cosine or in both lists",0.986,0.222,0.362,0.221,211,208,3,729,232,210
"SapBERT","absolute",0.85,15,3,"top co-occurrence or in both lists",0.708,0.3,0.421,0.267,397,281,116,656,232,210
"SapBERT","absolute",0.85,15,4,"any of the three",0.742,0.359,0.484,0.319,453,336,117,601,232,210
"SapBERT","absolute",0.85,20,1,"top cosine or top co-occurrence",0.742,0.359,0.484,0.319,453,336,117,601,232,210
"SapBERT","absolute",0.85,20,2,"top cosine or in both lists",0.986,0.223,0.364,0.222,212,209,3,728,232,210
"SapBERT","absolute",0.85,20,3,"top co-occurrence or in both lists",0.711,0.307,0.429,0.273,405,288,117,649,232,210
"SapBERT","absolute",0.85,20,4,"any of the three",0.742,0.362,0.487,0.321,457,339,118,598,232,210
"SapBERT","absolute",0.85,25,1,"top cosine or top co-occurrence",0.742,0.36,0.485,0.32,454,337,117,600,232,210
"SapBERT","absolute",0.85,25,2,"top cosine or in both lists",0.981,0.223,0.363,0.222,213,209,4,728,232,210
"SapBERT","absolute",0.85,25,3,"top co-occurrence or in both lists",0.711,0.311,0.433,0.276,409,291,118,646,232,210
"SapBERT","absolute",0.85,25,4,"any of the three",0.741,0.363,0.487,0.322,459,340,119,597,232,210
"SapBERT","absolute",0.85,30,1,"top cosine or top co-occurrence",0.742,0.36,0.485,0.32,454,337,117,600,232,210
"SapBERT","absolute",0.85,30,2,"top cosine or in both lists",0.977,0.223,0.363,0.222,214,209,5,728,232,210
"SapBERT","absolute",0.85,30,3,"top co-occurrence or in both lists",0.712,0.314,0.436,0.278,413,294,119,643,232,210
"SapBERT","absolute",0.85,30,4,"any of the three",0.739,0.363,0.487,0.322,460,340,120,597,232,210
"SapBERT","absolute",0.9,3,1,"top cosine or top co-occurrence",0.734,0.316,0.442,0.284,403,296,107,641,182,174
"SapBERT","absolute",0.9,3,2,"top cosine or in both lists",0.994,0.181,0.306,0.181,171,170,1,767,182,174
"SapBERT","absolute",0.9,3,3,"top co-occurrence or in both lists",0.678,0.238,0.352,0.214,329,223,106,714,182,174
"SapBERT","absolute",0.9,3,4,"any of the three",0.734,0.316,0.442,0.284,403,296,107,641,182,174
"SapBERT","absolute",0.9,5,1,"top cosine or top co-occurrence",0.729,0.324,0.449,0.29,417,304,113,633,182,174
"SapBERT","absolute",0.9,5,2,"top cosine or in both lists",0.994,0.181,0.306,0.181,171,170,1,767,182,174
"SapBERT","absolute",0.9,5,3,"top co-occurrence or in both lists",0.682,0.256,0.372,0.229,352,240,112,697,182,174
"SapBERT","absolute",0.9,5,4,"any of the three",0.729,0.324,0.449,0.29,417,304,113,633,182,174
"SapBERT","absolute",0.9,10,1,"top cosine or top co-occurrence",0.725,0.327,0.451,0.291,422,306,116,631,182,174
"SapBERT","absolute",0.9,10,2,"top cosine or in both lists",0.994,0.182,0.308,0.182,172,171,1,766,182,174
"SapBERT","absolute",0.9,10,3,"top co-occurrence or in both lists",0.691,0.274,0.392,0.244,372,257,115,680,182,174
"SapBERT","absolute",0.9,10,4,"any of the three",0.726,0.328,0.452,0.292,423,307,116,630,182,174
"SapBERT","absolute",0.9,15,1,"top cosine or top co-occurrence",0.726,0.328,0.452,0.292,423,307,116,630,182,174
"SapBERT","absolute",0.9,15,2,"top cosine or in both lists",0.994,0.182,0.308,0.182,172,171,1,766,182,174
"SapBERT","absolute",0.9,15,3,"top co-occurrence or in both lists",0.698,0.284,0.404,0.253,381,266,115,671,182,174
"SapBERT","absolute",0.9,15,4,"any of the three",0.726,0.329,0.453,0.292,424,308,116,629,182,174
"SapBERT","absolute",0.9,20,1,"top cosine or top co-occurrence",0.726,0.331,0.455,0.294,427,310,117,627,182,174
"SapBERT","absolute",0.9,20,2,"top cosine or in both lists",0.994,0.182,0.308,0.182,172,171,1,766,182,174
"SapBERT","absolute",0.9,20,3,"top co-occurrence or in both lists",0.701,0.29,0.41,0.258,388,272,116,665,182,174
"SapBERT","absolute",0.9,20,4,"any of the three",0.727,0.332,0.456,0.295,428,311,117,626,182,174
"SapBERT","absolute",0.9,25,1,"top cosine or top co-occurrence",0.727,0.332,0.456,0.295,428,311,117,626,182,174
"SapBERT","absolute",0.9,25,2,"top cosine or in both lists",0.994,0.182,0.308,0.182,172,171,1,766,182,174
"SapBERT","absolute",0.9,25,3,"top co-occurrence or in both lists",0.703,0.293,0.414,0.261,391,275,116,662,182,174
"SapBERT","absolute",0.9,25,4,"any of the three",0.727,0.333,0.457,0.296,429,312,117,625,182,174
"SapBERT","absolute",0.9,30,1,"top cosine or top co-occurrence",0.727,0.332,0.456,0.295,428,311,117,626,182,174
"SapBERT","absolute",0.9,30,2,"top cosine or in both lists",0.988,0.182,0.307,0.182,173,171,2,766,182,174
"SapBERT","absolute",0.9,30,3,"top co-occurrence or in both lists",0.703,0.296,0.417,0.263,394,277,117,660,182,174
"SapBERT","absolute",0.9,30,4,"any of the three",0.726,0.333,0.457,0.296,430,312,118,625,182,174
"SapBERT","absolute",0.92,3,1,"top cosine or top co-occurrence",0.727,0.304,0.429,0.273,392,285,107,652,166,159
"SapBERT","absolute",0.92,3,2,"top cosine or in both lists",0.994,0.165,0.283,0.165,156,155,1,782,166,159
"SapBERT","absolute",0.92,3,3,"top co-occurrence or in both lists",0.678,0.238,0.352,0.214,329,223,106,714,166,159
"SapBERT","absolute",0.92,3,4,"any of the three",0.727,0.304,0.429,0.273,392,285,107,652,166,159
"SapBERT","absolute",0.92,5,1,"top cosine or top co-occurrence",0.722,0.314,0.438,0.28,407,294,113,643,166,159
"SapBERT","absolute",0.92,5,2,"top cosine or in both lists",0.994,0.165,0.283,0.165,156,155,1,782,166,159
"SapBERT","absolute",0.92,5,3,"top co-occurrence or in both lists",0.681,0.255,0.371,0.228,351,239,112,698,166,159
"SapBERT","absolute",0.92,5,4,"any of the three",0.722,0.314,0.438,0.28,407,294,113,643,166,159
"SapBERT","absolute",0.92,10,1,"top cosine or top co-occurrence",0.718,0.316,0.439,0.281,412,296,116,641,166,159
"SapBERT","absolute",0.92,10,2,"top cosine or in both lists",0.994,0.166,0.284,0.166,157,156,1,781,166,159
"SapBERT","absolute",0.92,10,3,"top co-occurrence or in both lists",0.688,0.27,0.388,0.24,368,253,115,684,166,159
"SapBERT","absolute",0.92,10,4,"any of the three",0.719,0.317,0.44,0.282,413,297,116,640,166,159
"SapBERT","absolute",0.92,15,1,"top cosine or top co-occurrence",0.719,0.317,0.44,0.282,413,297,116,640,166,159
"SapBERT","absolute",0.92,15,2,"top cosine or in both lists",0.994,0.166,0.284,0.166,157,156,1,781,166,159
"SapBERT","absolute",0.92,15,3,"top co-occurrence or in both lists",0.693,0.277,0.396,0.247,375,260,115,677,166,159
"SapBERT","absolute",0.92,15,4,"any of the three",0.72,0.318,0.441,0.283,414,298,116,639,166,159
"SapBERT","absolute",0.92,20,1,"top cosine or top co-occurrence",0.719,0.32,0.443,0.285,417,300,117,637,166,159
"SapBERT","absolute",0.92,20,2,"top cosine or in both lists",0.994,0.166,0.284,0.166,157,156,1,781,166,159
"SapBERT","absolute",0.92,20,3,"top co-occurrence or in both lists",0.696,0.284,0.403,0.253,382,266,116,671,166,159
"SapBERT","absolute",0.92,20,4,"any of the three",0.72,0.321,0.444,0.286,418,301,117,636,166,159
"SapBERT","absolute",0.92,25,1,"top cosine or top co-occurrence",0.72,0.321,0.444,0.286,418,301,117,636,166,159
"SapBERT","absolute",0.92,25,2,"top cosine or in both lists",0.994,0.166,0.284,0.166,157,156,1,781,166,159
"SapBERT","absolute",0.92,25,3,"top co-occurrence or in both lists",0.699,0.287,0.407,0.255,385,269,116,668,166,159
"SapBERT","absolute",0.92,25,4,"any of the three",0.721,0.322,0.445,0.287,419,302,117,635,166,159
"SapBERT","absolute",0.92,30,1,"top cosine or top co-occurrence",0.72,0.321,0.444,0.286,418,301,117,636,166,159
"SapBERT","absolute",0.92,30,2,"top cosine or in both lists",0.987,0.166,0.284,0.166,158,156,2,781,166,159
"SapBERT","absolute",0.92,30,3,"top co-occurrence or in both lists",0.698,0.289,0.409,0.257,388,271,117,666,166,159
"SapBERT","absolute",0.92,30,4,"any of the three",0.719,0.322,0.445,0.286,420,302,118,635,166,159
"SapBERT","absolute",0.95,3,1,"top cosine or top co-occurrence",0.718,0.291,0.414,0.261,380,273,107,664,137,137
"SapBERT","absolute",0.95,3,2,"top cosine or in both lists",0.993,0.142,0.248,0.142,134,133,1,804,137,137
"SapBERT","absolute",0.95,3,3,"top co-occurrence or in both lists",0.678,0.238,0.352,0.214,329,223,106,714,137,137
"SapBERT","absolute",0.95,3,4,"any of the three",0.718,0.291,0.414,0.261,380,273,107,664,137,137
"SapBERT","absolute",0.95,5,1,"top cosine or top co-occurrence",0.714,0.301,0.423,0.269,395,282,113,655,137,137
"SapBERT","absolute",0.95,5,2,"top cosine or in both lists",0.993,0.142,0.248,0.142,134,133,1,804,137,137
"SapBERT","absolute",0.95,5,3,"top co-occurrence or in both lists",0.681,0.255,0.371,0.228,351,239,112,698,137,137
"SapBERT","absolute",0.95,5,4,"any of the three",0.714,0.301,0.423,0.269,395,282,113,655,137,137
"SapBERT","absolute",0.95,10,1,"top cosine or top co-occurrence",0.71,0.303,0.425,0.27,400,284,116,653,137,137
"SapBERT","absolute",0.95,10,2,"top cosine or in both lists",0.993,0.142,0.248,0.142,134,133,1,804,137,137
"SapBERT","absolute",0.95,10,3,"top co-occurrence or in both lists",0.686,0.268,0.385,0.239,366,251,115,686,137,137
"SapBERT","absolute",0.95,10,4,"any of the three",0.71,0.303,0.425,0.27,400,284,116,653,137,137
"SapBERT","absolute",0.95,15,1,"top cosine or top co-occurrence",0.711,0.304,0.426,0.271,401,285,116,652,137,137
"SapBERT","absolute",0.95,15,2,"top cosine or in both lists",0.993,0.142,0.248,0.142,134,133,1,804,137,137
"SapBERT","absolute",0.95,15,3,"top co-occurrence or in both lists",0.691,0.274,0.392,0.244,372,257,115,680,137,137
"SapBERT","absolute",0.95,15,4,"any of the three",0.711,0.304,0.426,0.271,401,285,116,652,137,137
"SapBERT","absolute",0.95,20,1,"top cosine or top co-occurrence",0.711,0.307,0.429,0.273,405,288,117,649,137,137
"SapBERT","absolute",0.95,20,2,"top cosine or in both lists",0.993,0.142,0.248,0.142,134,133,1,804,137,137
"SapBERT","absolute",0.95,20,3,"top co-occurrence or in both lists",0.694,0.281,0.4,0.25,379,263,116,674,137,137
"SapBERT","absolute",0.95,20,4,"any of the three",0.711,0.307,0.429,0.273,405,288,117,649,137,137
"SapBERT","absolute",0.95,25,1,"top cosine or top co-occurrence",0.712,0.308,0.43,0.274,406,289,117,648,137,137
"SapBERT","absolute",0.95,25,2,"top cosine or in both lists",0.993,0.142,0.248,0.142,134,133,1,804,137,137
"SapBERT","absolute",0.95,25,3,"top co-occurrence or in both lists",0.695,0.282,0.401,0.251,380,264,116,673,137,137
"SapBERT","absolute",0.95,25,4,"any of the three",0.712,0.308,0.43,0.274,406,289,117,648,137,137
"SapBERT","absolute",0.95,30,1,"top cosine or top co-occurrence",0.712,0.308,0.43,0.274,406,289,117,648,137,137
"SapBERT","absolute",0.95,30,2,"top cosine or in both lists",0.993,0.142,0.248,0.142,134,133,1,804,137,137
"SapBERT","absolute",0.95,30,3,"top co-occurrence or in both lists",0.696,0.284,0.403,0.253,382,266,116,671,137,137
"SapBERT","absolute",0.95,30,4,"any of the three",0.712,0.308,0.43,0.274,406,289,117,648,137,137
"SapBERT","absolute",0.97,3,1,"top cosine or top co-occurrence",0.711,0.281,0.403,0.252,370,263,107,674,122,122
"SapBERT","absolute",0.97,3,2,"top cosine or in both lists",0.992,0.126,0.224,0.126,119,118,1,819,122,122
"SapBERT","absolute",0.97,3,3,"top co-occurrence or in both lists",0.676,0.236,0.35,0.212,327,221,106,716,122,122
"SapBERT","absolute",0.97,3,4,"any of the three",0.711,0.281,0.403,0.252,370,263,107,674,122,122
"SapBERT","absolute",0.97,5,1,"top cosine or top co-occurrence",0.707,0.291,0.412,0.26,386,273,113,664,122,122
"SapBERT","absolute",0.97,5,2,"top cosine or in both lists",0.992,0.126,0.224,0.126,119,118,1,819,122,122
"SapBERT","absolute",0.97,5,3,"top co-occurrence or in both lists",0.679,0.253,0.369,0.226,349,237,112,700,122,122
"SapBERT","absolute",0.97,5,4,"any of the three",0.707,0.291,0.412,0.26,386,273,113,664,122,122
"SapBERT","absolute",0.97,10,1,"top cosine or top co-occurrence",0.703,0.293,0.414,0.261,391,275,116,662,122,122
"SapBERT","absolute",0.97,10,2,"top cosine or in both lists",0.992,0.126,0.224,0.126,119,118,1,819,122,122
"SapBERT","absolute",0.97,10,3,"top co-occurrence or in both lists",0.683,0.265,0.382,0.236,363,248,115,689,122,122
"SapBERT","absolute",0.97,10,4,"any of the three",0.703,0.293,0.414,0.261,391,275,116,662,122,122
"SapBERT","absolute",0.97,15,1,"top cosine or top co-occurrence",0.704,0.295,0.416,0.262,392,276,116,661,122,122
"SapBERT","absolute",0.97,15,2,"top cosine or in both lists",0.992,0.126,0.224,0.126,119,118,1,819,122,122
"SapBERT","absolute",0.97,15,3,"top co-occurrence or in both lists",0.688,0.27,0.388,0.24,368,253,115,684,122,122
"SapBERT","absolute",0.97,15,4,"any of the three",0.704,0.295,0.416,0.262,392,276,116,661,122,122
"SapBERT","absolute",0.97,20,1,"top cosine or top co-occurrence",0.705,0.298,0.419,0.265,396,279,117,658,122,122
"SapBERT","absolute",0.97,20,2,"top cosine or in both lists",0.992,0.126,0.224,0.126,119,118,1,819,122,122
"SapBERT","absolute",0.97,20,3,"top co-occurrence or in both lists",0.691,0.276,0.394,0.246,375,259,116,678,122,122
"SapBERT","absolute",0.97,20,4,"any of the three",0.705,0.298,0.419,0.265,396,279,117,658,122,122
"SapBERT","absolute",0.97,25,1,"top cosine or top co-occurrence",0.705,0.299,0.42,0.266,397,280,117,657,122,122
"SapBERT","absolute",0.97,25,2,"top cosine or in both lists",0.992,0.126,0.224,0.126,119,118,1,819,122,122
"SapBERT","absolute",0.97,25,3,"top co-occurrence or in both lists",0.691,0.277,0.395,0.247,376,260,116,677,122,122
"SapBERT","absolute",0.97,25,4,"any of the three",0.705,0.299,0.42,0.266,397,280,117,657,122,122
"SapBERT","absolute",0.97,30,1,"top cosine or top co-occurrence",0.705,0.299,0.42,0.266,397,280,117,657,122,122
"SapBERT","absolute",0.97,30,2,"top cosine or in both lists",0.992,0.126,0.224,0.126,119,118,1,819,122,122
"SapBERT","absolute",0.97,30,3,"top co-occurrence or in both lists",0.693,0.28,0.399,0.249,378,262,116,675,122,122
"SapBERT","absolute",0.97,30,4,"any of the three",0.705,0.299,0.42,0.266,397,280,117,657,122,122
"SapBERT","absolute",0.98,3,1,"top cosine or top co-occurrence",0.705,0.273,0.394,0.245,363,256,107,681,112,112
"SapBERT","absolute",0.98,3,2,"top cosine or in both lists",0.991,0.116,0.208,0.116,110,109,1,828,112,112
"SapBERT","absolute",0.98,3,3,"top co-occurrence or in both lists",0.675,0.235,0.349,0.211,326,220,106,717,112,112
"SapBERT","absolute",0.98,3,4,"any of the three",0.705,0.273,0.394,0.245,363,256,107,681,112,112
"SapBERT","absolute",0.98,5,1,"top cosine or top co-occurrence",0.702,0.284,0.404,0.253,379,266,113,671,112,112
"SapBERT","absolute",0.98,5,2,"top cosine or in both lists",0.991,0.116,0.208,0.116,110,109,1,828,112,112
"SapBERT","absolute",0.98,5,3,"top co-occurrence or in both lists",0.677,0.251,0.366,0.224,347,235,112,702,112,112
"SapBERT","absolute",0.98,5,4,"any of the three",0.702,0.284,0.404,0.253,379,266,113,671,112,112
"SapBERT","absolute",0.98,10,1,"top cosine or top co-occurrence",0.698,0.286,0.406,0.255,384,268,116,669,112,112
"SapBERT","absolute",0.98,10,2,"top cosine or in both lists",0.991,0.116,0.208,0.116,110,109,1,828,112,112
"SapBERT","absolute",0.98,10,3,"top co-occurrence or in both lists",0.681,0.263,0.379,0.234,361,246,115,691,112,112
"SapBERT","absolute",0.98,10,4,"any of the three",0.698,0.286,0.406,0.255,384,268,116,669,112,112
"SapBERT","absolute",0.98,15,1,"top cosine or top co-occurrence",0.699,0.287,0.407,0.255,385,269,116,668,112,112
"SapBERT","absolute",0.98,15,2,"top cosine or in both lists",0.991,0.116,0.208,0.116,110,109,1,828,112,112
"SapBERT","absolute",0.98,15,3,"top co-occurrence or in both lists",0.686,0.268,0.385,0.239,366,251,115,686,112,112
"SapBERT","absolute",0.98,15,4,"any of the three",0.699,0.287,0.407,0.255,385,269,116,668,112,112
"SapBERT","absolute",0.98,20,1,"top cosine or top co-occurrence",0.699,0.29,0.41,0.258,389,272,117,665,112,112
"SapBERT","absolute",0.98,20,2,"top cosine or in both lists",0.991,0.116,0.208,0.116,110,109,1,828,112,112
"SapBERT","absolute",0.98,20,3,"top co-occurrence or in both lists",0.688,0.273,0.391,0.243,372,256,116,681,112,112
"SapBERT","absolute",0.98,20,4,"any of the three",0.699,0.29,0.41,0.258,389,272,117,665,112,112
"SapBERT","absolute",0.98,25,1,"top cosine or top co-occurrence",0.7,0.291,0.411,0.259,390,273,117,664,112,112
"SapBERT","absolute",0.98,25,2,"top cosine or in both lists",0.991,0.116,0.208,0.116,110,109,1,828,112,112
"SapBERT","absolute",0.98,25,3,"top co-occurrence or in both lists",0.689,0.274,0.392,0.244,373,257,116,680,112,112
"SapBERT","absolute",0.98,25,4,"any of the three",0.7,0.291,0.411,0.259,390,273,117,664,112,112
"SapBERT","absolute",0.98,30,1,"top cosine or top co-occurrence",0.701,0.292,0.412,0.26,391,274,117,663,112,112
"SapBERT","absolute",0.98,30,2,"top cosine or in both lists",0.991,0.116,0.208,0.116,110,109,1,828,112,112
"SapBERT","absolute",0.98,30,3,"top co-occurrence or in both lists",0.691,0.276,0.394,0.246,375,259,116,678,112,112
"SapBERT","absolute",0.98,30,4,"any of the three",0.701,0.292,0.412,0.26,391,274,117,663,112,112
"SapBERT","absolute",0.99,3,1,"top cosine or top co-occurrence",0.702,0.269,0.389,0.241,359,252,107,685,101,101
"SapBERT","absolute",0.99,3,2,"top cosine or in both lists",0.99,0.105,0.19,0.104,99,98,1,839,101,101
"SapBERT","absolute",0.99,3,3,"top co-occurrence or in both lists",0.674,0.234,0.347,0.21,325,219,106,718,101,101
"SapBERT","absolute",0.99,3,4,"any of the three",0.702,0.269,0.389,0.241,359,252,107,685,101,101
"SapBERT","absolute",0.99,5,1,"top cosine or top co-occurrence",0.699,0.28,0.4,0.25,375,262,113,675,101,101
"SapBERT","absolute",0.99,5,2,"top cosine or in both lists",0.99,0.105,0.19,0.104,99,98,1,839,101,101
"SapBERT","absolute",0.99,5,3,"top co-occurrence or in both lists",0.676,0.25,0.365,0.223,346,234,112,703,101,101
"SapBERT","absolute",0.99,5,4,"any of the three",0.699,0.28,0.4,0.25,375,262,113,675,101,101
"SapBERT","absolute",0.99,10,1,"top cosine or top co-occurrence",0.695,0.282,0.401,0.251,380,264,116,673,101,101
"SapBERT","absolute",0.99,10,2,"top cosine or in both lists",0.99,0.105,0.19,0.104,99,98,1,839,101,101
"SapBERT","absolute",0.99,10,3,"top co-occurrence or in both lists",0.679,0.259,0.375,0.231,358,243,115,694,101,101
"SapBERT","absolute",0.99,10,4,"any of the three",0.695,0.282,0.401,0.251,380,264,116,673,101,101
"SapBERT","absolute",0.99,15,1,"top cosine or top co-occurrence",0.696,0.283,0.402,0.252,381,265,116,672,101,101
"SapBERT","absolute",0.99,15,2,"top cosine or in both lists",0.99,0.105,0.19,0.104,99,98,1,839,101,101
"SapBERT","absolute",0.99,15,3,"top co-occurrence or in both lists",0.683,0.265,0.382,0.236,363,248,115,689,101,101
"SapBERT","absolute",0.99,15,4,"any of the three",0.696,0.283,0.402,0.252,381,265,116,672,101,101
"SapBERT","absolute",0.99,20,1,"top cosine or top co-occurrence",0.696,0.286,0.405,0.254,385,268,117,669,101,101
"SapBERT","absolute",0.99,20,2,"top cosine or in both lists",0.99,0.105,0.19,0.104,99,98,1,839,101,101
"SapBERT","absolute",0.99,20,3,"top co-occurrence or in both lists",0.686,0.27,0.387,0.24,369,253,116,684,101,101
"SapBERT","absolute",0.99,20,4,"any of the three",0.696,0.286,0.405,0.254,385,268,117,669,101,101
"SapBERT","absolute",0.99,25,1,"top cosine or top co-occurrence",0.697,0.287,0.407,0.255,386,269,117,668,101,101
"SapBERT","absolute",0.99,25,2,"top cosine or in both lists",0.99,0.105,0.19,0.104,99,98,1,839,101,101
"SapBERT","absolute",0.99,25,3,"top co-occurrence or in both lists",0.686,0.271,0.389,0.241,370,254,116,683,101,101
"SapBERT","absolute",0.99,25,4,"any of the three",0.697,0.287,0.407,0.255,386,269,117,668,101,101
"SapBERT","absolute",0.99,30,1,"top cosine or top co-occurrence",0.698,0.288,0.408,0.256,387,270,117,667,101,101
"SapBERT","absolute",0.99,30,2,"top cosine or in both lists",0.99,0.105,0.19,0.104,99,98,1,839,101,101
"SapBERT","absolute",0.99,30,3,"top co-occurrence or in both lists",0.688,0.273,0.391,0.243,372,256,116,681,101,101
"SapBERT","absolute",0.99,30,4,"any of the three",0.698,0.288,0.408,0.256,387,270,117,667,101,101
"SapBERT","relative",0.95,3,1,"top cosine or top co-occurrence",0.743,0.413,0.531,0.361,521,387,134,550,445,354
"SapBERT","relative",0.95,3,2,"top cosine or in both lists",0.915,0.344,0.5,0.333,352,322,30,615,445,354
"SapBERT","relative",0.95,3,3,"top co-occurrence or in both lists",0.687,0.253,0.37,0.227,345,237,108,700,445,354
"SapBERT","relative",0.95,3,4,"any of the three",0.744,0.415,0.533,0.363,523,389,134,548,445,354
"SapBERT","relative",0.95,5,1,"top cosine or top co-occurrence",0.74,0.422,0.537,0.367,534,395,139,542,445,354
"SapBERT","relative",0.95,5,2,"top cosine or in both lists",0.916,0.348,0.504,0.337,356,326,30,611,445,354
"SapBERT","relative",0.95,5,3,"top co-occurrence or in both lists",0.697,0.283,0.403,0.252,380,265,115,672,445,354
"SapBERT","relative",0.95,5,4,"any of the three",0.742,0.427,0.542,0.372,539,400,139,537,445,354
"SapBERT","relative",0.95,10,1,"top cosine or top co-occurrence",0.736,0.422,0.536,0.366,537,395,142,542,445,354
"SapBERT","relative",0.95,10,2,"top cosine or in both lists",0.907,0.355,0.51,0.343,367,333,34,604,445,354
"SapBERT","relative",0.95,10,3,"top co-occurrence or in both lists",0.705,0.319,0.439,0.282,424,299,125,638,445,354
"SapBERT","relative",0.95,10,4,"any of the three",0.736,0.434,0.546,0.376,553,407,146,530,445,354
"SapBERT","relative",0.95,15,1,"top cosine or top co-occurrence",0.736,0.423,0.537,0.367,538,396,142,541,445,354
"SapBERT","relative",0.95,15,2,"top cosine or in both lists",0.9,0.356,0.51,0.343,371,334,37,603,445,354
"SapBERT","relative",0.95,15,3,"top co-occurrence or in both lists",0.711,0.336,0.456,0.296,443,315,128,622,445,354
"SapBERT","relative",0.95,15,4,"any of the three",0.733,0.436,0.547,0.377,558,409,149,528,445,354
"SapBERT","relative",0.95,20,1,"top cosine or top co-occurrence",0.736,0.426,0.54,0.369,542,399,143,538,445,354
"SapBERT","relative",0.95,20,2,"top cosine or in both lists",0.901,0.359,0.513,0.345,373,336,37,601,445,354
"SapBERT","relative",0.95,20,3,"top co-occurrence or in both lists",0.715,0.348,0.468,0.306,456,326,130,611,445,354
"SapBERT","relative",0.95,20,4,"any of the three",0.734,0.441,0.551,0.38,563,413,150,524,445,354
"SapBERT","relative",0.95,25,1,"top cosine or top co-occurrence",0.737,0.427,0.541,0.37,543,400,143,537,445,354
"SapBERT","relative",0.95,25,2,"top cosine or in both lists",0.898,0.359,0.513,0.345,374,336,38,601,445,354
"SapBERT","relative",0.95,25,3,"top co-occurrence or in both lists",0.715,0.353,0.473,0.31,463,331,132,606,445,354
"SapBERT","relative",0.95,25,4,"any of the three",0.733,0.442,0.551,0.381,565,414,151,523,445,354
"SapBERT","relative",0.95,30,1,"top cosine or top co-occurrence",0.737,0.427,0.541,0.37,543,400,143,537,445,354
"SapBERT","relative",0.95,30,2,"top cosine or in both lists",0.896,0.36,0.514,0.345,376,337,39,600,445,354
"SapBERT","relative",0.95,30,3,"top co-occurrence or in both lists",0.718,0.361,0.48,0.316,471,338,133,599,445,354
"SapBERT","relative",0.95,30,4,"any of the three",0.732,0.443,0.552,0.381,567,415,152,522,445,354
"SapBERT","relative",0.99,3,1,"top cosine or top co-occurrence",0.742,0.411,0.529,0.359,519,385,134,552,364,354
"SapBERT","relative",0.99,3,2,"top cosine or in both lists",0.912,0.33,0.485,0.32,339,309,30,628,364,354
"SapBERT","relative",0.99,3,3,"top co-occurrence or in both lists",0.685,0.251,0.367,0.225,343,235,108,702,364,354
"SapBERT","relative",0.99,3,4,"any of the three",0.742,0.411,0.529,0.359,519,385,134,552,364,354
"SapBERT","relative",0.99,5,1,"top cosine or top co-occurrence",0.739,0.419,0.535,0.365,532,393,139,544,364,354
"SapBERT","relative",0.99,5,2,"top cosine or in both lists",0.912,0.331,0.486,0.321,340,310,30,627,364,354
"SapBERT","relative",0.99,5,3,"top co-occurrence or in both lists",0.693,0.276,0.395,0.246,374,259,115,678,364,354
"SapBERT","relative",0.99,5,4,"any of the three",0.739,0.42,0.536,0.366,533,394,139,543,364,354
"SapBERT","relative",0.99,10,1,"top cosine or top co-occurrence",0.735,0.419,0.534,0.364,535,393,142,544,364,354
"SapBERT","relative",0.99,10,2,"top cosine or in both lists",0.912,0.331,0.486,0.321,340,310,30,627,364,354
"SapBERT","relative",0.99,10,3,"top co-occurrence or in both lists",0.703,0.305,0.425,0.27,407,286,121,651,364,354
"SapBERT","relative",0.99,10,4,"any of the three",0.735,0.42,0.535,0.365,536,394,142,543,364,354
"SapBERT","relative",0.99,15,1,"top cosine or top co-occurrence",0.735,0.42,0.535,0.365,536,394,142,543,364,354
"SapBERT","relative",0.99,15,2,"top cosine or in both lists",0.912,0.331,0.486,0.321,340,310,30,627,364,354
"SapBERT","relative",0.99,15,3,"top co-occurrence or in both lists",0.713,0.321,0.443,0.284,422,301,121,636,364,354
"SapBERT","relative",0.99,15,4,"any of the three",0.736,0.422,0.536,0.366,537,395,142,542,364,354
"SapBERT","relative",0.99,20,1,"top cosine or top co-occurrence",0.735,0.424,0.538,0.368,540,397,143,540,364,354
"SapBERT","relative",0.99,20,2,"top cosine or in both lists",0.912,0.331,0.486,0.321,340,310,30,627,364,354
"SapBERT","relative",0.99,20,3,"top co-occurrence or in both lists",0.717,0.332,0.454,0.293,434,311,123,626,364,354
"SapBERT","relative",0.99,20,4,"any of the three",0.736,0.425,0.539,0.369,541,398,143,539,364,354
"SapBERT","relative",0.99,25,1,"top cosine or top co-occurrence",0.736,0.425,0.539,0.369,541,398,143,539,364,354
"SapBERT","relative",0.99,25,2,"top cosine or in both lists",0.912,0.331,0.486,0.321,340,310,30,627,364,354
"SapBERT","relative",0.99,25,3,"top co-occurrence or in both lists",0.718,0.337,0.459,0.298,440,316,124,621,364,354
"SapBERT","relative",0.99,25,4,"any of the three",0.736,0.426,0.54,0.369,542,399,143,538,364,354
"SapBERT","relative",0.99,30,1,"top cosine or top co-occurrence",0.736,0.425,0.539,0.369,541,398,143,539,364,354
"SapBERT","relative",0.99,30,2,"top cosine or in both lists",0.909,0.331,0.485,0.32,341,310,31,627,364,354
"SapBERT","relative",0.99,30,3,"top co-occurrence or in both lists",0.72,0.344,0.466,0.303,447,322,125,615,364,354
"SapBERT","relative",0.99,30,4,"any of the three",0.735,0.426,0.539,0.369,543,399,144,538,364,354
"SapBERT","relative",0.995,3,1,"top cosine or top co-occurrence",0.741,0.41,0.528,0.359,518,384,134,553,358,354
"SapBERT","relative",0.995,3,2,"top cosine or in both lists",0.911,0.328,0.482,0.317,337,307,30,630,358,354
"SapBERT","relative",0.995,3,3,"top co-occurrence or in both lists",0.685,0.251,0.367,0.225,343,235,108,702,358,354
"SapBERT","relative",0.995,3,4,"any of the three",0.741,0.41,0.528,0.359,518,384,134,553,358,354
"SapBERT","relative",0.995,5,1,"top cosine or top co-occurrence",0.738,0.418,0.534,0.364,531,392,139,545,358,354
"SapBERT","relative",0.995,5,2,"top cosine or in both lists",0.911,0.329,0.483,0.319,338,308,30,629,358,354
"SapBERT","relative",0.995,5,3,"top co-occurrence or in both lists",0.693,0.276,0.395,0.246,374,259,115,678,358,354
"SapBERT","relative",0.995,5,4,"any of the three",0.739,0.419,0.535,0.365,532,393,139,544,358,354
"SapBERT","relative",0.995,10,1,"top cosine or top co-occurrence",0.734,0.418,0.533,0.363,534,392,142,545,358,354
"SapBERT","relative",0.995,10,2,"top cosine or in both lists",0.911,0.329,0.483,0.319,338,308,30,629,358,354
"SapBERT","relative",0.995,10,3,"top co-occurrence or in both lists",0.703,0.305,0.425,0.27,407,286,121,651,358,354
"SapBERT","relative",0.995,10,4,"any of the three",0.735,0.419,0.534,0.364,535,393,142,544,358,354
"SapBERT","relative",0.995,15,1,"top cosine or top co-occurrence",0.735,0.419,0.534,0.364,535,393,142,544,358,354
"SapBERT","relative",0.995,15,2,"top cosine or in both lists",0.911,0.329,0.483,0.319,338,308,30,629,358,354
"SapBERT","relative",0.995,15,3,"top co-occurrence or in both lists",0.713,0.321,0.443,0.284,422,301,121,636,358,354
"SapBERT","relative",0.995,15,4,"any of the three",0.735,0.42,0.535,0.365,536,394,142,543,358,354
"SapBERT","relative",0.995,20,1,"top cosine or top co-occurrence",0.735,0.423,0.537,0.367,539,396,143,541,358,354
"SapBERT","relative",0.995,20,2,"top cosine or in both lists",0.911,0.329,0.483,0.319,338,308,30,629,358,354
"SapBERT","relative",0.995,20,3,"top co-occurrence or in both lists",0.717,0.332,0.454,0.293,434,311,123,626,358,354
"SapBERT","relative",0.995,20,4,"any of the three",0.735,0.424,0.538,0.368,540,397,143,540,358,354
"SapBERT","relative",0.995,25,1,"top cosine or top co-occurrence",0.735,0.424,0.538,0.368,540,397,143,540,358,354
"SapBERT","relative",0.995,25,2,"top cosine or in both lists",0.911,0.329,0.483,0.319,338,308,30,629,358,354
"SapBERT","relative",0.995,25,3,"top co-occurrence or in both lists",0.718,0.337,0.459,0.298,440,316,124,621,358,354
"SapBERT","relative",0.995,25,4,"any of the three",0.736,0.425,0.539,0.369,541,398,143,539,358,354
"SapBERT","relative",0.995,30,1,"top cosine or top co-occurrence",0.735,0.424,0.538,0.368,540,397,143,540,358,354
"SapBERT","relative",0.995,30,2,"top cosine or in both lists",0.911,0.329,0.483,0.319,338,308,30,629,358,354
"SapBERT","relative",0.995,30,3,"top co-occurrence or in both lists",0.722,0.344,0.466,0.303,446,322,124,615,358,354
"SapBERT","relative",0.995,30,4,"any of the three",0.736,0.425,0.539,0.369,541,398,143,539,358,354
"SapBERT","relative",0.999,3,1,"top cosine or top co-occurrence",0.741,0.409,0.527,0.358,517,383,134,554,355,354
"SapBERT","relative",0.999,3,2,"top cosine or in both lists",0.911,0.327,0.481,0.316,336,306,30,631,355,354
"SapBERT","relative",0.999,3,3,"top co-occurrence or in both lists",0.685,0.251,0.367,0.225,343,235,108,702,355,354
"SapBERT","relative",0.999,3,4,"any of the three",0.741,0.409,0.527,0.358,517,383,134,554,355,354
"SapBERT","relative",0.999,5,1,"top cosine or top co-occurrence",0.738,0.417,0.533,0.363,530,391,139,546,355,354
"SapBERT","relative",0.999,5,2,"top cosine or in both lists",0.911,0.327,0.481,0.316,336,306,30,631,355,354
"SapBERT","relative",0.999,5,3,"top co-occurrence or in both lists",0.692,0.275,0.394,0.245,373,258,115,679,355,354
"SapBERT","relative",0.999,5,4,"any of the three",0.738,0.417,0.533,0.363,530,391,139,546,355,354
"SapBERT","relative",0.999,10,1,"top cosine or top co-occurrence",0.734,0.417,0.532,0.362,533,391,142,546,355,354
"SapBERT","relative",0.999,10,2,"top cosine or in both lists",0.911,0.327,0.481,0.316,336,306,30,631,355,354
"SapBERT","relative",0.999,10,3,"top co-occurrence or in both lists",0.701,0.303,0.423,0.268,405,284,121,653,355,354
"SapBERT","relative",0.999,10,4,"any of the three",0.734,0.417,0.532,0.362,533,391,142,546,355,354
"SapBERT","relative",0.999,15,1,"top cosine or top co-occurrence",0.734,0.418,0.533,0.363,534,392,142,545,355,354
"SapBERT","relative",0.999,15,2,"top cosine or in both lists",0.911,0.327,0.481,0.316,336,306,30,631,355,354
"SapBERT","relative",0.999,15,3,"top co-occurrence or in both lists",0.712,0.319,0.441,0.283,420,299,121,638,355,354
"SapBERT","relative",0.999,15,4,"any of the three",0.734,0.418,0.533,0.363,534,392,142,545,355,354
"SapBERT","relative",0.999,20,1,"top cosine or top co-occurrence",0.734,0.422,0.536,0.366,538,395,143,542,355,354
"SapBERT","relative",0.999,20,2,"top cosine or in both lists",0.911,0.327,0.481,0.316,336,306,30,631,355,354
"SapBERT","relative",0.999,20,3,"top co-occurrence or in both lists",0.715,0.33,0.452,0.292,432,309,123,628,355,354
"SapBERT","relative",0.999,20,4,"any of the three",0.734,0.422,0.536,0.366,538,395,143,542,355,354
"SapBERT","relative",0.999,25,1,"top cosine or top co-occurrence",0.735,0.423,0.537,0.367,539,396,143,541,355,354
"SapBERT","relative",0.999,25,2,"top cosine or in both lists",0.911,0.327,0.481,0.316,336,306,30,631,355,354
"SapBERT","relative",0.999,25,3,"top co-occurrence or in both lists",0.717,0.335,0.457,0.296,438,314,124,623,355,354
"SapBERT","relative",0.999,25,4,"any of the three",0.735,0.423,0.537,0.367,539,396,143,541,355,354
"SapBERT","relative",0.999,30,1,"top cosine or top co-occurrence",0.735,0.423,0.537,0.367,539,396,143,541,355,354
"SapBERT","relative",0.999,30,2,"top cosine or in both lists",0.911,0.327,0.481,0.316,336,306,30,631,355,354
"SapBERT","relative",0.999,30,3,"top co-occurrence or in both lists",0.721,0.342,0.464,0.302,444,320,124,617,355,354
"SapBERT","relative",0.999,30,4,"any of the three",0.735,0.423,0.537,0.367,539,396,143,541,355,354
"mpnet","absolute",0.5,3,1,"top cosine or top co-occurrence",0.724,0.407,0.521,0.352,526,381,145,556,12500,350
"mpnet","absolute",0.5,3,2,"top cosine or in both lists",0.68,0.413,0.514,0.346,569,387,182,550,12500,350
"mpnet","absolute",0.5,3,3,"top co-occurrence or in both lists",0.581,0.279,0.377,0.232,449,261,188,676,12500,350
"mpnet","absolute",0.5,3,4,"any of the three",0.644,0.432,0.517,0.349,629,405,224,532,12500,350
"mpnet","absolute",0.5,5,1,"top cosine or top co-occurrence",0.72,0.415,0.527,0.358,540,389,151,548,12500,350
"mpnet","absolute",0.5,5,2,"top cosine or in both lists",0.583,0.438,0.5,0.333,703,410,293,527,12500,350
"mpnet","absolute",0.5,5,3,"top co-occurrence or in both lists",0.5,0.323,0.392,0.244,606,303,303,634,12500,350
"mpnet","absolute",0.5,5,4,"any of the three",0.561,0.46,0.506,0.338,768,431,337,506,12500,350
"mpnet","absolute",0.5,10,1,"top cosine or top co-occurrence",0.717,0.416,0.527,0.357,544,390,154,547,12500,350
"mpnet","absolute",0.5,10,2,"top cosine or in both lists",0.476,0.467,0.471,0.309,920,438,482,499,12500,350
"mpnet","absolute",0.5,10,3,"top co-occurrence or in both lists",0.422,0.386,0.403,0.253,858,362,496,575,12500,350
"mpnet","absolute",0.5,10,4,"any of the three",0.466,0.491,0.478,0.314,988,460,528,477,12500,350
"mpnet","absolute",0.5,15,1,"top cosine or top co-occurrence",0.717,0.416,0.527,0.357,544,390,154,547,12500,350
"mpnet","absolute",0.5,15,2,"top cosine or in both lists",0.423,0.49,0.454,0.294,1084,459,625,478,12500,350
"mpnet","absolute",0.5,15,3,"top co-occurrence or in both lists",0.382,0.424,0.402,0.252,1038,397,641,540,12500,350
"mpnet","absolute",0.5,15,4,"any of the three",0.418,0.513,0.461,0.299,1152,481,671,456,12500,350
"mpnet","absolute",0.5,20,1,"top cosine or top co-occurrence",0.717,0.419,0.529,0.36,548,393,155,544,12500,350
"mpnet","absolute",0.5,20,2,"top cosine or in both lists",0.395,0.507,0.444,0.285,1203,475,728,462,12500,350
"mpnet","absolute",0.5,20,3,"top co-occurrence or in both lists",0.36,0.447,0.399,0.249,1164,419,745,518,12500,350
"mpnet","absolute",0.5,20,4,"any of the three",0.391,0.53,0.45,0.29,1271,497,774,440,12500,350
"mpnet","absolute",0.5,25,1,"top cosine or top co-occurrence",0.718,0.42,0.53,0.361,549,394,155,543,12500,350
"mpnet","absolute",0.5,25,2,"top cosine or in both lists",0.369,0.524,0.433,0.276,1332,491,841,446,12500,350
"mpnet","absolute",0.5,25,3,"top co-occurrence or in both lists",0.338,0.467,0.392,0.244,1297,438,859,499,12500,350
"mpnet","absolute",0.5,25,4,"any of the three",0.366,0.547,0.439,0.281,1400,513,887,424,12500,350
"mpnet","absolute",0.5,30,1,"top cosine or top co-occurrence",0.718,0.42,0.53,0.361,549,394,155,543,12500,350
"mpnet","absolute",0.5,30,2,"top cosine or in both lists",0.35,0.537,0.424,0.269,1438,503,935,434,12500,350
"mpnet","absolute",0.5,30,3,"top co-occurrence or in both lists",0.322,0.485,0.387,0.24,1408,454,954,483,12500,350
"mpnet","absolute",0.5,30,4,"any of the three",0.349,0.56,0.43,0.274,1506,525,981,412,12500,350
"mpnet","absolute",0.6,3,1,"top cosine or top co-occurrence",0.728,0.407,0.522,0.353,523,381,142,556,3923,345
"mpnet","absolute",0.6,3,2,"top cosine or in both lists",0.764,0.386,0.513,0.345,474,362,112,575,3923,345
"mpnet","absolute",0.6,3,3,"top co-occurrence or in both lists",0.629,0.27,0.378,0.233,402,253,149,684,3923,345
"mpnet","absolute",0.6,3,4,"any of the three",0.686,0.424,0.524,0.355,579,397,182,540,3923,345
"mpnet","absolute",0.6,5,1,"top cosine or top co-occurrence",0.724,0.415,0.528,0.359,537,389,148,548,3923,345
"mpnet","absolute",0.6,5,2,"top cosine or in both lists",0.703,0.401,0.511,0.343,535,376,159,561,3923,345
"mpnet","absolute",0.6,5,3,"top co-occurrence or in both lists",0.585,0.306,0.402,0.252,491,287,204,650,3923,345
"mpnet","absolute",0.6,5,4,"any of the three",0.638,0.443,0.523,0.354,650,415,235,522,3923,345
"mpnet","absolute",0.6,10,1,"top cosine or top co-occurrence",0.721,0.416,0.528,0.358,541,390,151,547,3923,345
"mpnet","absolute",0.6,10,2,"top cosine or in both lists",0.619,0.427,0.505,0.338,646,400,246,537,3923,345
"mpnet","absolute",0.6,10,3,"top co-occurrence or in both lists",0.536,0.365,0.434,0.277,638,342,296,595,3923,345
"mpnet","absolute",0.6,10,4,"any of the three",0.575,0.47,0.517,0.349,765,440,325,497,3923,345
"mpnet","absolute",0.6,15,1,"top cosine or top co-occurrence",0.721,0.416,0.528,0.358,541,390,151,547,3923,345
"mpnet","absolute",0.6,15,2,"top cosine or in both lists",0.577,0.443,0.501,0.334,719,415,304,522,3923,345
"mpnet","absolute",0.6,15,3,"top co-occurrence or in both lists",0.51,0.396,0.446,0.287,727,371,356,566,3923,345
"mpnet","absolute",0.6,15,4,"any of the three",0.543,0.486,0.513,0.345,838,455,383,482,3923,345
"mpnet","absolute",0.6,20,1,"top cosine or top co-occurrence",0.721,0.419,0.53,0.361,545,393,152,544,3923,345
"mpnet","absolute",0.6,20,2,"top cosine or in both lists",0.549,0.459,0.5,0.333,783,430,353,507,3923,345
"mpnet","absolute",0.6,20,3,"top co-occurrence or in both lists",0.491,0.418,0.452,0.292,798,392,406,545,3923,345
"mpnet","absolute",0.6,20,4,"any of the three",0.521,0.502,0.511,0.343,902,470,432,467,3923,345
"mpnet","absolute",0.6,25,1,"top cosine or top co-occurrence",0.722,0.42,0.531,0.362,546,394,152,543,3923,345
"mpnet","absolute",0.6,25,2,"top cosine or in both lists",0.524,0.469,0.495,0.329,838,439,399,498,3923,345
"mpnet","absolute",0.6,25,3,"top co-occurrence or in both lists",0.471,0.431,0.45,0.291,857,404,453,533,3923,345
"mpnet","absolute",0.6,25,4,"any of the three",0.501,0.511,0.506,0.339,957,479,478,458,3923,345
"mpnet","absolute",0.6,30,1,"top cosine or top co-occurrence",0.722,0.42,0.531,0.362,546,394,152,543,3923,345
"mpnet","absolute",0.6,30,2,"top cosine or in both lists",0.501,0.476,0.488,0.323,890,446,444,491,3923,345
"mpnet","absolute",0.6,30,3,"top co-occurrence or in both lists",0.454,0.443,0.448,0.289,914,415,499,522,3923,345
"mpnet","absolute",0.6,30,4,"any of the three",0.482,0.519,0.5,0.333,1009,486,523,451,3923,345
"mpnet","absolute",0.7,3,1,"top cosine or top co-occurrence",0.74,0.401,0.52,0.352,508,376,132,561,1266,327
"mpnet","absolute",0.7,3,2,"top cosine or in both lists",0.844,0.346,0.491,0.325,384,324,60,613,1266,327
"mpnet","absolute",0.7,3,3,"top co-occurrence or in both lists",0.661,0.258,0.371,0.228,366,242,124,695,1266,327
"mpnet","absolute",0.7,3,4,"any of the three",0.72,0.407,0.52,0.351,529,381,148,556,1266,327
"mpnet","absolute",0.7,5,1,"top cosine or top co-occurrence",0.736,0.41,0.527,0.357,522,384,138,553,1266,327
"mpnet","absolute",0.7,5,2,"top cosine or in both lists",0.804,0.355,0.493,0.327,414,333,81,604,1266,327
"mpnet","absolute",0.7,5,3,"top co-occurrence or in both lists",0.639,0.289,0.398,0.249,424,271,153,666,1266,327
"mpnet","absolute",0.7,5,4,"any of the three",0.692,0.42,0.523,0.354,569,394,175,543,1266,327
"mpnet","absolute",0.7,10,1,"top cosine or top co-occurrence",0.732,0.411,0.526,0.357,526,385,141,552,1266,327
"mpnet","absolute",0.7,10,2,"top cosine or in both lists",0.742,0.369,0.493,0.327,466,346,120,591,1266,327
"mpnet","absolute",0.7,10,3,"top co-occurrence or in both lists",0.615,0.334,0.433,0.276,509,313,196,624,1266,327
"mpnet","absolute",0.7,10,4,"any of the three",0.653,0.435,0.522,0.354,625,408,217,529,1266,327
"mpnet","absolute",0.7,15,1,"top cosine or top co-occurrence",0.732,0.411,0.526,0.357,526,385,141,552,1266,327
"mpnet","absolute",0.7,15,2,"top cosine or in both lists",0.715,0.378,0.495,0.328,495,354,141,583,1266,327
"mpnet","absolute",0.7,15,3,"top co-occurrence or in both lists",0.605,0.358,0.45,0.29,554,335,219,602,1266,327
"mpnet","absolute",0.7,15,4,"any of the three",0.636,0.444,0.523,0.354,654,416,238,521,1266,327
"mpnet","absolute",0.7,20,1,"top cosine or top co-occurrence",0.732,0.414,0.529,0.36,530,388,142,549,1266,327
"mpnet","absolute",0.7,20,2,"top cosine or in both lists",0.699,0.39,0.501,0.334,522,365,157,572,1266,327
"mpnet","absolute",0.7,20,3,"top co-occurrence or in both lists",0.598,0.376,0.462,0.3,589,352,237,585,1266,327
"mpnet","absolute",0.7,20,4,"any of the three",0.626,0.456,0.528,0.358,682,427,255,510,1266,327
"mpnet","absolute",0.7,25,1,"top cosine or top co-occurrence",0.733,0.415,0.53,0.361,531,389,142,548,1266,327
"mpnet","absolute",0.7,25,2,"top cosine or in both lists",0.677,0.392,0.497,0.33,542,367,175,570,1266,327
"mpnet","absolute",0.7,25,3,"top co-occurrence or in both lists",0.583,0.382,0.462,0.3,614,358,256,579,1266,327
"mpnet","absolute",0.7,25,4,"any of the three",0.612,0.459,0.525,0.355,703,430,273,507,1266,327
"mpnet","absolute",0.7,30,1,"top cosine or top co-occurrence",0.733,0.415,0.53,0.361,531,389,142,548,1266,327
"mpnet","absolute",0.7,30,2,"top cosine or in both lists",0.658,0.395,0.494,0.328,562,370,192,567,1266,327
"mpnet","absolute",0.7,30,3,"top co-occurrence or in both lists",0.571,0.39,0.463,0.301,639,365,274,572,1266,327
"mpnet","absolute",0.7,30,4,"any of the three",0.599,0.462,0.522,0.353,723,433,290,504,1266,327
"mpnet","absolute",0.75,3,1,"top cosine or top co-occurrence",0.745,0.396,0.517,0.349,498,371,127,566,764,313
"mpnet","absolute",0.75,3,2,"top cosine or in both lists",0.906,0.329,0.483,0.318,340,308,32,629,764,313
"mpnet","absolute",0.75,3,3,"top co-occurrence or in both lists",0.686,0.258,0.375,0.231,353,242,111,695,764,313
"mpnet","absolute",0.75,3,4,"any of the three",0.743,0.401,0.521,0.352,506,376,130,561,764,313
"mpnet","absolute",0.75,5,1,"top cosine or top co-occurrence",0.74,0.404,0.523,0.354,512,379,133,558,764,313
"mpnet","absolute",0.75,5,2,"top cosine or in both lists",0.876,0.333,0.483,0.318,356,312,44,625,764,313
"mpnet","absolute",0.75,5,3,"top co-occurrence or in both lists",0.672,0.287,0.402,0.252,400,269,131,668,764,313
"mpnet","absolute",0.75,5,4,"any of the three",0.724,0.414,0.527,0.358,536,388,148,549,764,313
"mpnet","absolute",0.75,10,1,"top cosine or top co-occurrence",0.736,0.406,0.523,0.354,516,380,136,557,764,313
"mpnet","absolute",0.75,10,2,"top cosine or in both lists",0.82,0.345,0.486,0.32,394,323,71,614,764,313
"mpnet","absolute",0.75,10,3,"top co-occurrence or in both lists",0.656,0.33,0.439,0.281,471,309,162,628,764,313
"mpnet","absolute",0.75,10,4,"any of the three",0.692,0.427,0.528,0.359,578,400,178,537,764,313
"mpnet","absolute",0.75,15,1,"top cosine or top co-occurrence",0.736,0.406,0.523,0.354,516,380,136,557,764,313
"mpnet","absolute",0.75,15,2,"top cosine or in both lists",0.797,0.351,0.487,0.322,413,329,84,608,764,313
"mpnet","absolute",0.75,15,3,"top co-occurrence or in both lists",0.65,0.351,0.456,0.295,506,329,177,608,764,313
"mpnet","absolute",0.75,15,4,"any of the three",0.68,0.433,0.529,0.36,597,406,191,531,764,313
"mpnet","absolute",0.75,20,1,"top cosine or top co-occurrence",0.737,0.409,0.526,0.357,520,383,137,554,764,313
"mpnet","absolute",0.75,20,2,"top cosine or in both lists",0.784,0.361,0.494,0.328,431,338,93,599,764,313
"mpnet","absolute",0.75,20,3,"top co-occurrence or in both lists",0.647,0.367,0.468,0.306,532,344,188,593,764,313
"mpnet","absolute",0.75,20,4,"any of the three",0.674,0.443,0.535,0.365,616,415,201,522,764,313
"mpnet","absolute",0.75,25,1,"top cosine or top co-occurrence",0.737,0.41,0.527,0.358,521,384,137,553,764,313
"mpnet","absolute",0.75,25,2,"top cosine or in both lists",0.77,0.362,0.492,0.327,440,339,101,598,764,313
"mpnet","absolute",0.75,25,3,"top co-occurrence or in both lists",0.64,0.372,0.471,0.308,545,349,196,588,764,313
"mpnet","absolute",0.75,25,4,"any of the three",0.666,0.445,0.534,0.364,626,417,209,520,764,313
"mpnet","absolute",0.75,30,1,"top cosine or top co-occurrence",0.737,0.41,0.527,0.358,521,384,137,553,764,313
"mpnet","absolute",0.75,30,2,"top cosine or in both lists",0.754,0.364,0.491,0.325,452,341,111,596,764,313
"mpnet","absolute",0.75,30,3,"top co-occurrence or in both lists",0.632,0.379,0.474,0.31,562,355,207,582,764,313
"mpnet","absolute",0.75,30,4,"any of the three",0.657,0.447,0.532,0.362,638,419,219,518,764,313
"mpnet","absolute",0.8,3,1,"top cosine or top co-occurrence",0.748,0.375,0.5,0.333,469,351,118,586,479,275
"mpnet","absolute",0.8,3,2,"top cosine or in both lists",0.951,0.29,0.444,0.286,286,272,14,665,479,275
"mpnet","absolute",0.8,3,3,"top co-occurrence or in both lists",0.686,0.254,0.371,0.228,347,238,109,699,479,275
"mpnet","absolute",0.8,3,4,"any of the three",0.748,0.378,0.502,0.335,473,354,119,583,479,275
"mpnet","absolute",0.8,5,1,"top cosine or top co-occurrence",0.743,0.383,0.505,0.338,483,359,124,578,479,275
"mpnet","absolute",0.8,5,2,"top cosine or in both lists",0.926,0.295,0.447,0.288,298,276,22,661,479,275
"mpnet","absolute",0.8,5,3,"top co-occurrence or in both lists",0.679,0.28,0.396,0.247,386,262,124,675,479,275
"mpnet","absolute",0.8,5,4,"any of the three",0.733,0.391,0.51,0.342,499,366,133,571,479,275
"mpnet","absolute",0.8,10,1,"top cosine or top co-occurrence",0.739,0.384,0.505,0.338,487,360,127,577,479,275
"mpnet","absolute",0.8,10,2,"top cosine or in both lists",0.898,0.301,0.451,0.291,314,282,32,655,479,275
"mpnet","absolute",0.8,10,3,"top co-occurrence or in both lists",0.679,0.309,0.425,0.27,427,290,137,647,479,275
"mpnet","absolute",0.8,10,4,"any of the three",0.719,0.398,0.512,0.344,519,373,146,564,479,275
"mpnet","absolute",0.8,15,1,"top cosine or top co-occurrence",0.74,0.385,0.506,0.339,488,361,127,576,479,275
"mpnet","absolute",0.8,15,2,"top cosine or in both lists",0.887,0.303,0.452,0.292,320,284,36,653,479,275
"mpnet","absolute",0.8,15,3,"top co-occurrence or in both lists",0.683,0.327,0.442,0.284,448,306,142,631,479,275
"mpnet","absolute",0.8,15,4,"any of the three",0.715,0.401,0.514,0.346,526,376,150,561,479,275
"mpnet","absolute",0.8,20,1,"top cosine or top co-occurrence",0.74,0.388,0.509,0.342,492,364,128,573,479,275
"mpnet","absolute",0.8,20,2,"top cosine or in both lists",0.873,0.307,0.454,0.294,330,288,42,649,479,275
"mpnet","absolute",0.8,20,3,"top co-occurrence or in both lists",0.68,0.338,0.452,0.292,466,317,149,620,479,275
"mpnet","absolute",0.8,20,4,"any of the three",0.708,0.407,0.517,0.348,538,381,157,556,479,275
"mpnet","absolute",0.8,25,1,"top cosine or top co-occurrence",0.74,0.39,0.511,0.343,493,365,128,572,479,275
"mpnet","absolute",0.8,25,2,"top cosine or in both lists",0.86,0.308,0.454,0.294,336,289,47,648,479,275
"mpnet","absolute",0.8,25,3,"top co-occurrence or in both lists",0.676,0.344,0.456,0.295,476,322,154,615,479,275
"mpnet","absolute",0.8,25,4,"any of the three",0.703,0.409,0.517,0.348,545,383,162,554,479,275
"mpnet","absolute",0.8,30,1,"top cosine or top co-occurrence",0.74,0.39,0.511,0.343,493,365,128,572,479,275
"mpnet","absolute",0.8,30,2,"top cosine or in both lists",0.853,0.309,0.454,0.294,340,290,50,647,479,275
"mpnet","absolute",0.8,30,3,"top co-occurrence or in both lists",0.675,0.348,0.459,0.298,483,326,157,611,479,275
"mpnet","absolute",0.8,30,4,"any of the three",0.699,0.41,0.517,0.348,549,384,165,553,479,275
"mpnet","absolute",0.85,3,1,"top cosine or top co-occurrence",0.749,0.356,0.483,0.318,446,334,112,603,304,239
"mpnet","absolute",0.85,3,2,"top cosine or in both lists",0.971,0.253,0.401,0.251,244,237,7,700,304,239
"mpnet","absolute",0.85,3,3,"top co-occurrence or in both lists",0.679,0.247,0.362,0.221,340,231,109,706,304,239
"mpnet","absolute",0.85,3,4,"any of the three",0.748,0.359,0.485,0.32,449,336,113,601,304,239
"mpnet","absolute",0.85,5,1,"top cosine or top co-occurrence",0.743,0.365,0.49,0.324,460,342,118,595,304,239
"mpnet","absolute",0.85,5,2,"top cosine or in both lists",0.956,0.253,0.4,0.25,248,237,11,700,304,239
"mpnet","absolute",0.85,5,3,"top co-occurrence or in both lists",0.676,0.267,0.383,0.237,370,250,120,687,304,239
"mpnet","absolute",0.85,5,4,"any of the three",0.737,0.367,0.49,0.325,467,344,123,593,304,239
"mpnet","absolute",0.85,10,1,"top cosine or top co-occurrence",0.739,0.366,0.49,0.324,464,343,121,594,304,239
"mpnet","absolute",0.85,10,2,"top cosine or in both lists",0.944,0.254,0.4,0.25,252,238,14,699,304,239
"mpnet","absolute",0.85,10,3,"top co-occurrence or in both lists",0.684,0.291,0.408,0.257,399,273,126,664,304,239
"mpnet","absolute",0.85,10,4,"any of the three",0.728,0.369,0.49,0.325,475,346,129,591,304,239
"mpnet","absolute",0.85,15,1,"top cosine or top co-occurrence",0.74,0.367,0.491,0.325,465,344,121,593,304,239
"mpnet","absolute",0.85,15,2,"top cosine or in both lists",0.937,0.254,0.4,0.25,254,238,16,699,304,239
"mpnet","absolute",0.85,15,3,"top co-occurrence or in both lists",0.688,0.303,0.421,0.266,413,284,129,653,304,239
"mpnet","absolute",0.85,15,4,"any of the three",0.726,0.37,0.49,0.325,478,347,131,590,304,239
"mpnet","absolute",0.85,20,1,"top cosine or top co-occurrence",0.74,0.37,0.493,0.328,469,347,122,590,304,239
"mpnet","absolute",0.85,20,2,"top cosine or in both lists",0.93,0.256,0.401,0.251,258,240,18,697,304,239
"mpnet","absolute",0.85,20,3,"top co-occurrence or in both lists",0.689,0.313,0.43,0.274,425,293,132,644,304,239
"mpnet","absolute",0.85,20,4,"any of the three",0.724,0.375,0.494,0.328,485,351,134,586,304,239
"mpnet","absolute",0.85,25,1,"top cosine or top co-occurrence",0.74,0.371,0.494,0.329,470,348,122,589,304,239
"mpnet","absolute",0.85,25,2,"top cosine or in both lists",0.927,0.257,0.402,0.252,260,241,19,696,304,239
"mpnet","absolute",0.85,25,3,"top co-occurrence or in both lists",0.691,0.318,0.436,0.279,431,298,133,639,304,239
"mpnet","absolute",0.85,25,4,"any of the three",0.723,0.377,0.496,0.329,488,353,135,584,304,239
"mpnet","absolute",0.85,30,1,"top cosine or top co-occurrence",0.74,0.371,0.494,0.329,470,348,122,589,304,239
"mpnet","absolute",0.85,30,2,"top cosine or in both lists",0.924,0.258,0.403,0.253,262,242,20,695,304,239
"mpnet","absolute",0.85,30,3,"top co-occurrence or in both lists",0.693,0.322,0.44,0.282,436,302,134,635,304,239
"mpnet","absolute",0.85,30,4,"any of the three",0.722,0.378,0.496,0.33,490,354,136,583,304,239
"mpnet","absolute",0.9,3,1,"top cosine or top co-occurrence",0.743,0.334,0.461,0.3,421,313,108,624,212,194
"mpnet","absolute",0.9,3,2,"top cosine or in both lists",0.984,0.203,0.337,0.202,193,190,3,747,212,194
"mpnet","absolute",0.9,3,3,"top co-occurrence or in both lists",0.68,0.242,0.357,0.217,334,227,107,710,212,194
"mpnet","absolute",0.9,3,4,"any of the three",0.742,0.335,0.462,0.3,423,314,109,623,212,194
"mpnet","absolute",0.9,5,1,"top cosine or top co-occurrence",0.738,0.343,0.468,0.305,435,321,114,616,212,194
"mpnet","absolute",0.9,5,2,"top cosine or in both lists",0.979,0.203,0.336,0.202,194,190,4,747,212,194
"mpnet","absolute",0.9,5,3,"top co-occurrence or in both lists",0.682,0.261,0.378,0.233,359,245,114,692,212,194
"mpnet","absolute",0.9,5,4,"any of the three",0.735,0.344,0.469,0.306,438,322,116,615,212,194
"mpnet","absolute",0.9,10,1,"top cosine or top co-occurrence",0.733,0.344,0.468,0.306,439,322,117,615,212,194
"mpnet","absolute",0.9,10,2,"top cosine or in both lists",0.979,0.203,0.336,0.202,194,190,4,747,212,194
"mpnet","absolute",0.9,10,3,"top co-occurrence or in both lists",0.694,0.283,0.402,0.251,382,265,117,672,212,194
"mpnet","absolute",0.9,10,4,"any of the three",0.731,0.345,0.469,0.306,442,323,119,614,212,194
"mpnet","absolute",0.9,15,1,"top cosine or top co-occurrence",0.734,0.345,0.469,0.306,440,323,117,614,212,194
"mpnet","absolute",0.9,15,2,"top cosine or in both lists",0.974,0.203,0.336,0.202,195,190,5,747,212,194
"mpnet","absolute",0.9,15,3,"top co-occurrence or in both lists",0.698,0.293,0.413,0.26,394,275,119,662,212,194
"mpnet","absolute",0.9,15,4,"any of the three",0.73,0.346,0.469,0.307,444,324,120,613,212,194
"mpnet","absolute",0.9,20,1,"top cosine or top co-occurrence",0.734,0.348,0.472,0.309,444,326,118,611,212,194
"mpnet","absolute",0.9,20,2,"top cosine or in both lists",0.974,0.203,0.336,0.202,195,190,5,747,212,194
"mpnet","absolute",0.9,20,3,"top co-occurrence or in both lists",0.701,0.3,0.42,0.266,401,281,120,656,212,194
"mpnet","absolute",0.9,20,4,"any of the three",0.73,0.349,0.472,0.309,448,327,121,610,212,194
"mpnet","absolute",0.9,25,1,"top cosine or top co-occurrence",0.735,0.349,0.473,0.31,445,327,118,610,212,194
"mpnet","absolute",0.9,25,2,"top cosine or in both lists",0.974,0.204,0.337,0.203,196,191,5,746,212,194
"mpnet","absolute",0.9,25,3,"top co-occurrence or in both lists",0.704,0.305,0.426,0.271,406,286,120,651,212,194
"mpnet","absolute",0.9,25,4,"any of the three",0.731,0.351,0.474,0.311,450,329,121,608,212,194
"mpnet","absolute",0.9,30,1,"top cosine or top co-occurrence",0.735,0.349,0.473,0.31,445,327,118,610,212,194
"mpnet","absolute",0.9,30,2,"top cosine or in both lists",0.974,0.204,0.337,0.203,196,191,5,746,212,194
"mpnet","absolute",0.9,30,3,"top co-occurrence or in both lists",0.707,0.308,0.429,0.273,409,289,120,648,212,194
"mpnet","absolute",0.9,30,4,"any of the three",0.731,0.351,0.474,0.311,450,329,121,608,212,194
"mpnet","absolute",0.92,3,1,"top cosine or top co-occurrence",0.736,0.321,0.447,0.288,409,301,108,636,188,176
"mpnet","absolute",0.92,3,2,"top cosine or in both lists",0.983,0.184,0.31,0.183,175,172,3,765,188,176
"mpnet","absolute",0.92,3,3,"top co-occurrence or in both lists",0.68,0.242,0.357,0.217,334,227,107,710,188,176
"mpnet","absolute",0.92,3,4,"any of the three",0.735,0.322,0.448,0.289,411,302,109,635,188,176
"mpnet","absolute",0.92,5,1,"top cosine or top co-occurrence",0.731,0.331,0.456,0.295,424,310,114,627,188,176
"mpnet","absolute",0.92,5,2,"top cosine or in both lists",0.977,0.184,0.31,0.183,176,172,4,765,188,176
"mpnet","absolute",0.92,5,3,"top co-occurrence or in both lists",0.682,0.26,0.376,0.232,358,244,114,693,188,176
"mpnet","absolute",0.92,5,4,"any of the three",0.728,0.332,0.456,0.295,427,311,116,626,188,176
"mpnet","absolute",0.92,10,1,"top cosine or top co-occurrence",0.727,0.332,0.456,0.295,428,311,117,626,188,176
"mpnet","absolute",0.92,10,2,"top cosine or in both lists",0.977,0.184,0.31,0.183,176,172,4,765,188,176
"mpnet","absolute",0.92,10,3,"top co-occurrence or in both lists",0.691,0.28,0.399,0.249,379,262,117,675,188,176
"mpnet","absolute",0.92,10,4,"any of the three",0.724,0.333,0.456,0.295,431,312,119,625,188,176
"mpnet","absolute",0.92,15,1,"top cosine or top co-occurrence",0.727,0.333,0.457,0.296,429,312,117,625,188,176
"mpnet","absolute",0.92,15,2,"top cosine or in both lists",0.972,0.184,0.309,0.183,177,172,5,765,188,176
"mpnet","absolute",0.92,15,3,"top co-occurrence or in both lists",0.694,0.288,0.407,0.256,389,270,119,667,188,176
"mpnet","absolute",0.92,15,4,"any of the three",0.723,0.334,0.457,0.296,433,313,120,624,188,176
"mpnet","absolute",0.92,20,1,"top cosine or top co-occurrence",0.727,0.336,0.46,0.299,433,315,118,622,188,176
"mpnet","absolute",0.92,20,2,"top cosine or in both lists",0.972,0.184,0.309,0.183,177,172,5,765,188,176
"mpnet","absolute",0.92,20,3,"top co-occurrence or in both lists",0.696,0.293,0.412,0.26,395,275,120,662,188,176
"mpnet","absolute",0.92,20,4,"any of the three",0.723,0.337,0.46,0.299,437,316,121,621,188,176
"mpnet","absolute",0.92,25,1,"top cosine or top co-occurrence",0.728,0.337,0.461,0.3,434,316,118,621,188,176
"mpnet","absolute",0.92,25,2,"top cosine or in both lists",0.972,0.185,0.311,0.184,178,173,5,764,188,176
"mpnet","absolute",0.92,25,3,"top co-occurrence or in both lists",0.7,0.299,0.419,0.265,400,280,120,657,188,176
"mpnet","absolute",0.92,25,4,"any of the three",0.724,0.339,0.462,0.301,439,318,121,619,188,176
"mpnet","absolute",0.92,30,1,"top cosine or top co-occurrence",0.728,0.337,0.461,0.3,434,316,118,621,188,176
"mpnet","absolute",0.92,30,2,"top cosine or in both lists",0.972,0.185,0.311,0.184,178,173,5,764,188,176
"mpnet","absolute",0.92,30,3,"top co-occurrence or in both lists",0.702,0.302,0.422,0.268,403,283,120,654,188,176
"mpnet","absolute",0.92,30,4,"any of the three",0.724,0.339,0.462,0.301,439,318,121,619,188,176
"mpnet","absolute",0.95,3,1,"top cosine or top co-occurrence",0.722,0.297,0.421,0.266,385,278,107,659,145,143
"mpnet","absolute",0.95,3,2,"top cosine or in both lists",0.986,0.148,0.257,0.148,141,139,2,798,145,143
"mpnet","absolute",0.95,3,3,"top co-occurrence or in both lists",0.677,0.239,0.353,0.215,331,224,107,713,145,143
"mpnet","absolute",0.95,3,4,"any of the three",0.72,0.297,0.421,0.266,386,278,108,659,145,143
"mpnet","absolute",0.95,5,1,"top cosine or top co-occurrence",0.718,0.307,0.43,0.274,401,288,113,649,145,143
"mpnet","absolute",0.95,5,2,"top cosine or in both lists",0.986,0.148,0.257,0.148,141,139,2,798,145,143
"mpnet","absolute",0.95,5,3,"top co-occurrence or in both lists",0.679,0.255,0.371,0.228,352,239,113,698,145,143
"mpnet","absolute",0.95,5,4,"any of the three",0.716,0.307,0.43,0.274,402,288,114,649,145,143
"mpnet","absolute",0.95,10,1,"top cosine or top co-occurrence",0.714,0.308,0.43,0.274,405,289,116,648,145,143
"mpnet","absolute",0.95,10,2,"top cosine or in both lists",0.986,0.148,0.257,0.148,141,139,2,798,145,143
"mpnet","absolute",0.95,10,3,"top co-occurrence or in both lists",0.685,0.269,0.386,0.239,368,252,116,685,145,143
"mpnet","absolute",0.95,10,4,"any of the three",0.712,0.308,0.43,0.274,406,289,117,648,145,143
"mpnet","absolute",0.95,15,1,"top cosine or top co-occurrence",0.714,0.309,0.431,0.275,406,290,116,647,145,143
"mpnet","absolute",0.95,15,2,"top cosine or in both lists",0.986,0.148,0.257,0.148,141,139,2,798,145,143
"mpnet","absolute",0.95,15,3,"top co-occurrence or in both lists",0.691,0.276,0.394,0.246,375,259,116,678,145,143
"mpnet","absolute",0.95,15,4,"any of the three",0.713,0.309,0.431,0.275,407,290,117,647,145,143
"mpnet","absolute",0.95,20,1,"top cosine or top co-occurrence",0.715,0.313,0.435,0.278,410,293,117,644,145,143
"mpnet","absolute",0.95,20,2,"top cosine or in both lists",0.986,0.148,0.257,0.148,141,139,2,798,145,143
"mpnet","absolute",0.95,20,3,"top co-occurrence or in both lists",0.693,0.282,0.401,0.25,381,264,117,673,145,143
"mpnet","absolute",0.95,20,4,"any of the three",0.713,0.313,0.435,0.278,411,293,118,644,145,143
"mpnet","absolute",0.95,25,1,"top cosine or top co-occurrence",0.715,0.314,0.436,0.279,411,294,117,643,145,143
"mpnet","absolute",0.95,25,2,"top cosine or in both lists",0.986,0.148,0.257,0.148,141,139,2,798,145,143
"mpnet","absolute",0.95,25,3,"top co-occurrence or in both lists",0.694,0.283,0.402,0.251,382,265,117,672,145,143
"mpnet","absolute",0.95,25,4,"any of the three",0.714,0.314,0.436,0.279,412,294,118,643,145,143
"mpnet","absolute",0.95,30,1,"top cosine or top co-occurrence",0.715,0.314,0.436,0.279,411,294,117,643,145,143
"mpnet","absolute",0.95,30,2,"top cosine or in both lists",0.986,0.148,0.257,0.148,141,139,2,798,145,143
"mpnet","absolute",0.95,30,3,"top co-occurrence or in both lists",0.695,0.285,0.404,0.253,384,267,117,670,145,143
"mpnet","absolute",0.95,30,4,"any of the three",0.714,0.314,0.436,0.279,412,294,118,643,145,143
"mpnet","absolute",0.97,3,1,"top cosine or top co-occurrence",0.711,0.281,0.403,0.252,370,263,107,674,119,119
"mpnet","absolute",0.97,3,2,"top cosine or in both lists",0.991,0.123,0.219,0.123,116,115,1,822,119,119
"mpnet","absolute",0.97,3,3,"top co-occurrence or in both lists",0.677,0.237,0.351,0.213,328,222,106,715,119,119
"mpnet","absolute",0.97,3,4,"any of the three",0.711,0.281,0.403,0.252,370,263,107,674,119,119
"mpnet","absolute",0.97,5,1,"top cosine or top co-occurrence",0.707,0.291,0.412,0.26,386,273,113,664,119,119
"mpnet","absolute",0.97,5,2,"top cosine or in both lists",0.991,0.123,0.219,0.123,116,115,1,822,119,119
"mpnet","absolute",0.97,5,3,"top co-occurrence or in both lists",0.679,0.253,0.369,0.226,349,237,112,700,119,119
"mpnet","absolute",0.97,5,4,"any of the three",0.707,0.291,0.412,0.26,386,273,113,664,119,119
"mpnet","absolute",0.97,10,1,"top cosine or top co-occurrence",0.703,0.293,0.414,0.261,391,275,116,662,119,119
"mpnet","absolute",0.97,10,2,"top cosine or in both lists",0.991,0.123,0.219,0.123,116,115,1,822,119,119
"mpnet","absolute",0.97,10,3,"top co-occurrence or in both lists",0.684,0.266,0.383,0.237,364,249,115,688,119,119
"mpnet","absolute",0.97,10,4,"any of the three",0.703,0.293,0.414,0.261,391,275,116,662,119,119
"mpnet","absolute",0.97,15,1,"top cosine or top co-occurrence",0.704,0.295,0.416,0.262,392,276,116,661,119,119
"mpnet","absolute",0.97,15,2,"top cosine or in both lists",0.991,0.123,0.219,0.123,116,115,1,822,119,119
"mpnet","absolute",0.97,15,3,"top co-occurrence or in both lists",0.689,0.272,0.39,0.242,370,255,115,682,119,119
"mpnet","absolute",0.97,15,4,"any of the three",0.704,0.295,0.416,0.262,392,276,116,661,119,119
"mpnet","absolute",0.97,20,1,"top cosine or top co-occurrence",0.705,0.298,0.419,0.265,396,279,117,658,119,119
"mpnet","absolute",0.97,20,2,"top cosine or in both lists",0.991,0.123,0.219,0.123,116,115,1,822,119,119
"mpnet","absolute",0.97,20,3,"top co-occurrence or in both lists",0.691,0.277,0.395,0.247,376,260,116,677,119,119
"mpnet","absolute",0.97,20,4,"any of the three",0.705,0.298,0.419,0.265,396,279,117,658,119,119
"mpnet","absolute",0.97,25,1,"top cosine or top co-occurrence",0.705,0.299,0.42,0.266,397,280,117,657,119,119
"mpnet","absolute",0.97,25,2,"top cosine or in both lists",0.991,0.123,0.219,0.123,116,115,1,822,119,119
"mpnet","absolute",0.97,25,3,"top co-occurrence or in both lists",0.692,0.279,0.398,0.248,377,261,116,676,119,119
"mpnet","absolute",0.97,25,4,"any of the three",0.705,0.299,0.42,0.266,397,280,117,657,119,119
"mpnet","absolute",0.97,30,1,"top cosine or top co-occurrence",0.706,0.3,0.421,0.267,398,281,117,656,119,119
"mpnet","absolute",0.97,30,2,"top cosine or in both lists",0.991,0.123,0.219,0.123,116,115,1,822,119,119
"mpnet","absolute",0.97,30,3,"top co-occurrence or in both lists",0.694,0.281,0.4,0.25,379,263,116,674,119,119
"mpnet","absolute",0.97,30,4,"any of the three",0.706,0.3,0.421,0.267,398,281,117,656,119,119
"mpnet","absolute",0.98,3,1,"top cosine or top co-occurrence",0.703,0.27,0.39,0.242,360,253,107,684,106,106
"mpnet","absolute",0.98,3,2,"top cosine or in both lists",0.99,0.109,0.196,0.109,103,102,1,835,106,106
"mpnet","absolute",0.98,3,3,"top co-occurrence or in both lists",0.675,0.235,0.349,0.211,326,220,106,717,106,106
"mpnet","absolute",0.98,3,4,"any of the three",0.703,0.27,0.39,0.242,360,253,107,684,106,106
"mpnet","absolute",0.98,5,1,"top cosine or top co-occurrence",0.699,0.281,0.401,0.25,376,263,113,674,106,106
"mpnet","absolute",0.98,5,2,"top cosine or in both lists",0.99,0.109,0.196,0.109,103,102,1,835,106,106
"mpnet","absolute",0.98,5,3,"top co-occurrence or in both lists",0.677,0.251,0.366,0.224,347,235,112,702,106,106
"mpnet","absolute",0.98,5,4,"any of the three",0.699,0.281,0.401,0.25,376,263,113,674,106,106
"mpnet","absolute",0.98,10,1,"top cosine or top co-occurrence",0.696,0.284,0.403,0.253,382,266,116,671,106,106
"mpnet","absolute",0.98,10,2,"top cosine or in both lists",0.99,0.109,0.196,0.109,103,102,1,835,106,106
"mpnet","absolute",0.98,10,3,"top co-occurrence or in both lists",0.681,0.261,0.377,0.233,360,245,115,692,106,106
"mpnet","absolute",0.98,10,4,"any of the three",0.696,0.284,0.403,0.253,382,266,116,671,106,106
"mpnet","absolute",0.98,15,1,"top cosine or top co-occurrence",0.697,0.285,0.405,0.254,383,267,116,670,106,106
"mpnet","absolute",0.98,15,2,"top cosine or in both lists",0.99,0.109,0.196,0.109,103,102,1,835,106,106
"mpnet","absolute",0.98,15,3,"top co-occurrence or in both lists",0.685,0.267,0.384,0.238,365,250,115,687,106,106
"mpnet","absolute",0.98,15,4,"any of the three",0.697,0.285,0.405,0.254,383,267,116,670,106,106
"mpnet","absolute",0.98,20,1,"top cosine or top co-occurrence",0.698,0.288,0.408,0.256,387,270,117,667,106,106
"mpnet","absolute",0.98,20,2,"top cosine or in both lists",0.99,0.109,0.196,0.109,103,102,1,835,106,106
"mpnet","absolute",0.98,20,3,"top co-occurrence or in both lists",0.687,0.272,0.39,0.242,371,255,116,682,106,106
"mpnet","absolute",0.98,20,4,"any of the three",0.698,0.288,0.408,0.256,387,270,117,667,106,106
"mpnet","absolute",0.98,25,1,"top cosine or top co-occurrence",0.698,0.289,0.409,0.257,388,271,117,666,106,106
"mpnet","absolute",0.98,25,2,"top cosine or in both lists",0.99,0.109,0.196,0.109,103,102,1,835,106,106
"mpnet","absolute",0.98,25,3,"top co-occurrence or in both lists",0.688,0.273,0.391,0.243,372,256,116,681,106,106
"mpnet","absolute",0.98,25,4,"any of the three",0.698,0.289,0.409,0.257,388,271,117,666,106,106
"mpnet","absolute",0.98,30,1,"top cosine or top co-occurrence",0.699,0.29,0.41,0.258,389,272,117,665,106,106
"mpnet","absolute",0.98,30,2,"top cosine or in both lists",0.99,0.109,0.196,0.109,103,102,1,835,106,106
"mpnet","absolute",0.98,30,3,"top co-occurrence or in both lists",0.69,0.275,0.393,0.245,374,258,116,679,106,106
"mpnet","absolute",0.98,30,4,"any of the three",0.699,0.29,0.41,0.258,389,272,117,665,106,106
"mpnet","absolute",0.99,3,1,"top cosine or top co-occurrence",0.701,0.268,0.388,0.24,358,251,107,686,98,98
"mpnet","absolute",0.99,3,2,"top cosine or in both lists",0.989,0.1,0.182,0.1,95,94,1,843,98,98
"mpnet","absolute",0.99,3,3,"top co-occurrence or in both lists",0.675,0.235,0.349,0.211,326,220,106,717,98,98
"mpnet","absolute",0.99,3,4,"any of the three",0.701,0.268,0.388,0.24,358,251,107,686,98,98
"mpnet","absolute",0.99,5,1,"top cosine or top co-occurrence",0.698,0.279,0.399,0.249,374,261,113,676,98,98
"mpnet","absolute",0.99,5,2,"top cosine or in both lists",0.989,0.1,0.182,0.1,95,94,1,843,98,98
"mpnet","absolute",0.99,5,3,"top co-occurrence or in both lists",0.677,0.251,0.366,0.224,347,235,112,702,98,98
"mpnet","absolute",0.99,5,4,"any of the three",0.698,0.279,0.399,0.249,374,261,113,676,98,98
"mpnet","absolute",0.99,10,1,"top cosine or top co-occurrence",0.695,0.282,0.401,0.251,380,264,116,673,98,98
"mpnet","absolute",0.99,10,2,"top cosine or in both lists",0.989,0.1,0.182,0.1,95,94,1,843,98,98
"mpnet","absolute",0.99,10,3,"top co-occurrence or in both lists",0.679,0.259,0.375,0.231,358,243,115,694,98,98
"mpnet","absolute",0.99,10,4,"any of the three",0.695,0.282,0.401,0.251,380,264,116,673,98,98
"mpnet","absolute",0.99,15,1,"top cosine or top co-occurrence",0.696,0.283,0.402,0.252,381,265,116,672,98,98
"mpnet","absolute",0.99,15,2,"top cosine or in both lists",0.989,0.1,0.182,0.1,95,94,1,843,98,98
"mpnet","absolute",0.99,15,3,"top co-occurrence or in both lists",0.683,0.265,0.382,0.236,363,248,115,689,98,98
"mpnet","absolute",0.99,15,4,"any of the three",0.696,0.283,0.402,0.252,381,265,116,672,98,98
"mpnet","absolute",0.99,20,1,"top cosine or top co-occurrence",0.696,0.286,0.405,0.254,385,268,117,669,98,98
"mpnet","absolute",0.99,20,2,"top cosine or in both lists",0.989,0.1,0.182,0.1,95,94,1,843,98,98
"mpnet","absolute",0.99,20,3,"top co-occurrence or in both lists",0.686,0.27,0.387,0.24,369,253,116,684,98,98
"mpnet","absolute",0.99,20,4,"any of the three",0.696,0.286,0.405,0.254,385,268,117,669,98,98
"mpnet","absolute",0.99,25,1,"top cosine or top co-occurrence",0.697,0.287,0.407,0.255,386,269,117,668,98,98
"mpnet","absolute",0.99,25,2,"top cosine or in both lists",0.989,0.1,0.182,0.1,95,94,1,843,98,98
"mpnet","absolute",0.99,25,3,"top co-occurrence or in both lists",0.686,0.271,0.389,0.241,370,254,116,683,98,98
"mpnet","absolute",0.99,25,4,"any of the three",0.697,0.287,0.407,0.255,386,269,117,668,98,98
"mpnet","absolute",0.99,30,1,"top cosine or top co-occurrence",0.698,0.288,0.408,0.256,387,270,117,667,98,98
"mpnet","absolute",0.99,30,2,"top cosine or in both lists",0.989,0.1,0.182,0.1,95,94,1,843,98,98
"mpnet","absolute",0.99,30,3,"top co-occurrence or in both lists",0.688,0.273,0.391,0.243,372,256,116,681,98,98
"mpnet","absolute",0.99,30,4,"any of the three",0.698,0.288,0.408,0.256,387,270,117,667,98,98
"mpnet","relative",0.95,3,1,"top cosine or top co-occurrence",0.728,0.407,0.522,0.353,523,381,142,556,476,354
"mpnet","relative",0.95,3,2,"top cosine or in both lists",0.883,0.338,0.489,0.324,359,317,42,620,476,354
"mpnet","relative",0.95,3,3,"top co-occurrence or in both lists",0.686,0.256,0.373,0.229,350,240,110,697,476,354
"mpnet","relative",0.95,3,4,"any of the three",0.729,0.41,0.525,0.356,527,384,143,553,476,354
"mpnet","relative",0.95,5,1,"top cosine or top co-occurrence",0.724,0.415,0.528,0.359,537,389,148,548,476,354
"mpnet","relative",0.95,5,2,"top cosine or in both lists",0.877,0.343,0.493,0.327,366,321,45,616,476,354
"mpnet","relative",0.95,5,3,"top co-occurrence or in both lists",0.69,0.285,0.403,0.253,387,267,120,670,476,354
"mpnet","relative",0.95,5,4,"any of the three",0.722,0.422,0.533,0.363,547,395,152,542,476,354
"mpnet","relative",0.95,10,1,"top cosine or top co-occurrence",0.721,0.416,0.528,0.358,541,390,151,547,476,354
"mpnet","relative",0.95,10,2,"top cosine or in both lists",0.872,0.348,0.497,0.331,374,326,48,611,476,354
"mpnet","relative",0.95,10,3,"top co-occurrence or in both lists",0.703,0.323,0.443,0.285,431,303,128,634,476,354
"mpnet","relative",0.95,10,4,"any of the three",0.717,0.428,0.536,0.366,559,401,158,536,476,354
"mpnet","relative",0.95,15,1,"top cosine or top co-occurrence",0.721,0.416,0.528,0.358,541,390,151,547,476,354
"mpnet","relative",0.95,15,2,"top cosine or in both lists",0.87,0.349,0.498,0.332,376,327,49,610,476,354
"mpnet","relative",0.95,15,3,"top co-occurrence or in both lists",0.708,0.339,0.458,0.298,449,318,131,619,476,354
"mpnet","relative",0.95,15,4,"any of the three",0.717,0.429,0.537,0.367,561,402,159,535,476,354
"mpnet","relative",0.95,20,1,"top cosine or top co-occurrence",0.721,0.419,0.53,0.361,545,393,152,544,476,354
"mpnet","relative",0.95,20,2,"top cosine or in both lists",0.863,0.35,0.498,0.332,380,328,52,609,476,354
"mpnet","relative",0.95,20,3,"top co-occurrence or in both lists",0.707,0.35,0.468,0.306,464,328,136,609,476,354
"mpnet","relative",0.95,20,4,"any of the three",0.714,0.433,0.539,0.369,569,406,163,531,476,354
"mpnet","relative",0.95,25,1,"top cosine or top co-occurrence",0.722,0.42,0.531,0.362,546,394,152,543,476,354
"mpnet","relative",0.95,25,2,"top cosine or in both lists",0.857,0.351,0.498,0.332,384,329,55,608,476,354
"mpnet","relative",0.95,25,3,"top co-occurrence or in both lists",0.704,0.355,0.472,0.309,473,333,140,604,476,354
"mpnet","relative",0.95,25,4,"any of the three",0.711,0.435,0.54,0.37,574,408,166,529,476,354
"mpnet","relative",0.95,30,1,"top cosine or top co-occurrence",0.722,0.42,0.531,0.362,546,394,152,543,476,354
"mpnet","relative",0.95,30,2,"top cosine or in both lists",0.855,0.351,0.498,0.331,385,329,56,608,476,354
"mpnet","relative",0.95,30,3,"top co-occurrence or in both lists",0.704,0.36,0.476,0.312,479,337,142,600,476,354
"mpnet","relative",0.95,30,4,"any of the three",0.71,0.435,0.539,0.37,575,408,167,529,476,354
"mpnet","relative",0.99,3,1,"top cosine or top co-occurrence",0.731,0.407,0.523,0.354,521,381,140,556,381,354
"mpnet","relative",0.99,3,2,"top cosine or in both lists",0.893,0.329,0.481,0.316,345,308,37,629,381,354
"mpnet","relative",0.99,3,3,"top co-occurrence or in both lists",0.685,0.253,0.37,0.227,346,237,109,700,381,354
"mpnet","relative",0.99,3,4,"any of the three",0.731,0.407,0.523,0.354,521,381,140,556,381,354
"mpnet","relative",0.99,5,1,"top cosine or top co-occurrence",0.727,0.415,0.528,0.359,535,389,146,548,381,354
"mpnet","relative",0.99,5,2,"top cosine or in both lists",0.893,0.33,0.482,0.317,346,309,37,628,381,354
"mpnet","relative",0.99,5,3,"top co-occurrence or in both lists",0.693,0.28,0.399,0.249,378,262,116,675,381,354
"mpnet","relative",0.99,5,4,"any of the three",0.728,0.416,0.529,0.36,536,390,146,547,381,354
"mpnet","relative",0.99,10,1,"top cosine or top co-occurrence",0.724,0.416,0.528,0.359,539,390,149,547,381,354
"mpnet","relative",0.99,10,2,"top cosine or in both lists",0.89,0.33,0.481,0.317,347,309,38,628,381,354
"mpnet","relative",0.99,10,3,"top co-occurrence or in both lists",0.706,0.313,0.434,0.277,415,293,122,644,381,354
"mpnet","relative",0.99,10,4,"any of the three",0.723,0.417,0.529,0.36,541,391,150,546,381,354
"mpnet","relative",0.99,15,1,"top cosine or top co-occurrence",0.724,0.416,0.528,0.359,539,390,149,547,381,354
"mpnet","relative",0.99,15,2,"top cosine or in both lists",0.891,0.331,0.483,0.318,348,310,38,627,381,354
"mpnet","relative",0.99,15,3,"top co-occurrence or in both lists",0.713,0.329,0.45,0.29,432,308,124,629,381,354
"mpnet","relative",0.99,15,4,"any of the three",0.723,0.418,0.53,0.361,542,392,150,545,381,354
"mpnet","relative",0.99,20,1,"top cosine or top co-occurrence",0.724,0.419,0.531,0.362,543,393,150,544,381,354
"mpnet","relative",0.99,20,2,"top cosine or in both lists",0.891,0.332,0.484,0.319,349,311,38,626,381,354
"mpnet","relative",0.99,20,3,"top co-occurrence or in both lists",0.716,0.339,0.46,0.299,444,318,126,619,381,354
"mpnet","relative",0.99,20,4,"any of the three",0.724,0.423,0.534,0.364,547,396,151,541,381,354
"mpnet","relative",0.99,25,1,"top cosine or top co-occurrence",0.724,0.42,0.532,0.362,544,394,150,543,381,354
"mpnet","relative",0.99,25,2,"top cosine or in both lists",0.889,0.332,0.483,0.319,350,311,39,626,381,354
"mpnet","relative",0.99,25,3,"top co-occurrence or in both lists",0.716,0.344,0.465,0.302,450,322,128,615,381,354
"mpnet","relative",0.99,25,4,"any of the three",0.723,0.424,0.535,0.365,549,397,152,540,381,354
"mpnet","relative",0.99,30,1,"top cosine or top co-occurrence",0.724,0.42,0.532,0.362,544,394,150,543,381,354
"mpnet","relative",0.99,30,2,"top cosine or in both lists",0.889,0.332,0.483,0.319,350,311,39,626,381,354
"mpnet","relative",0.99,30,3,"top co-occurrence or in both lists",0.716,0.348,0.468,0.306,455,326,129,611,381,354
"mpnet","relative",0.99,30,4,"any of the three",0.723,0.424,0.535,0.365,549,397,152,540,381,354
"mpnet","relative",0.995,3,1,"top cosine or top co-occurrence",0.733,0.407,0.523,0.354,520,381,139,556,366,354
"mpnet","relative",0.995,3,2,"top cosine or in both lists",0.897,0.327,0.479,0.315,341,306,35,631,366,354
"mpnet","relative",0.995,3,3,"top co-occurrence or in both lists",0.685,0.253,0.37,0.227,346,237,109,700,366,354
"mpnet","relative",0.995,3,4,"any of the three",0.733,0.407,0.523,0.354,520,381,139,556,366,354
"mpnet","relative",0.995,5,1,"top cosine or top co-occurrence",0.728,0.415,0.529,0.36,534,389,145,548,366,354
"mpnet","relative",0.995,5,2,"top cosine or in both lists",0.897,0.327,0.479,0.315,341,306,35,631,366,354
"mpnet","relative",0.995,5,3,"top co-occurrence or in both lists",0.692,0.279,0.398,0.248,377,261,116,676,366,354
"mpnet","relative",0.995,5,4,"any of the three",0.728,0.415,0.529,0.36,534,389,145,548,366,354
"mpnet","relative",0.995,10,1,"top cosine or top co-occurrence",0.725,0.416,0.529,0.359,538,390,148,547,366,354
"mpnet","relative",0.995,10,2,"top cosine or in both lists",0.895,0.327,0.479,0.314,342,306,36,631,366,354
"mpnet","relative",0.995,10,3,"top co-occurrence or in both lists",0.705,0.312,0.433,0.276,414,292,122,645,366,354
"mpnet","relative",0.995,10,4,"any of the three",0.724,0.416,0.528,0.359,539,390,149,547,366,354
"mpnet","relative",0.995,15,1,"top cosine or top co-occurrence",0.725,0.416,0.529,0.359,538,390,148,547,366,354
"mpnet","relative",0.995,15,2,"top cosine or in both lists",0.895,0.327,0.479,0.314,342,306,36,631,366,354
"mpnet","relative",0.995,15,3,"top co-occurrence or in both lists",0.712,0.327,0.448,0.288,430,306,124,631,366,354
"mpnet","relative",0.995,15,4,"any of the three",0.724,0.416,0.528,0.359,539,390,149,547,366,354
"mpnet","relative",0.995,20,1,"top cosine or top co-occurrence",0.725,0.419,0.531,0.362,542,393,149,544,366,354
"mpnet","relative",0.995,20,2,"top cosine or in both lists",0.895,0.327,0.479,0.314,342,306,36,631,366,354
"mpnet","relative",0.995,20,3,"top co-occurrence or in both lists",0.714,0.336,0.457,0.296,441,315,126,622,366,354
"mpnet","relative",0.995,20,4,"any of the three",0.724,0.419,0.531,0.362,543,393,150,544,366,354
"mpnet","relative",0.995,25,1,"top cosine or top co-occurrence",0.726,0.42,0.532,0.363,543,394,149,543,366,354
"mpnet","relative",0.995,25,2,"top cosine or in both lists",0.892,0.327,0.479,0.314,343,306,37,631,366,354
"mpnet","relative",0.995,25,3,"top co-occurrence or in both lists",0.714,0.34,0.461,0.3,447,319,128,618,366,354
"mpnet","relative",0.995,25,4,"any of the three",0.723,0.42,0.531,0.362,545,394,151,543,366,354
"mpnet","relative",0.995,30,1,"top cosine or top co-occurrence",0.726,0.42,0.532,0.363,543,394,149,543,366,354
"mpnet","relative",0.995,30,2,"top cosine or in both lists",0.892,0.327,0.479,0.314,343,306,37,631,366,354
"mpnet","relative",0.995,30,3,"top co-occurrence or in both lists",0.715,0.345,0.465,0.303,452,323,129,614,366,354
"mpnet","relative",0.995,30,4,"any of the three",0.723,0.42,0.531,0.362,545,394,151,543,366,354
"mpnet","relative",0.999,3,1,"top cosine or top co-occurrence",0.732,0.404,0.521,0.352,518,379,139,558,357,354
"mpnet","relative",0.999,3,2,"top cosine or in both lists",0.899,0.324,0.476,0.313,338,304,34,633,357,354
"mpnet","relative",0.999,3,3,"top co-occurrence or in both lists",0.685,0.253,0.37,0.227,346,237,109,700,357,354
"mpnet","relative",0.999,3,4,"any of the three",0.732,0.404,0.521,0.352,518,379,139,558,357,354
"mpnet","relative",0.999,5,1,"top cosine or top co-occurrence",0.728,0.414,0.528,0.359,533,388,145,549,357,354
"mpnet","relative",0.999,5,2,"top cosine or in both lists",0.899,0.324,0.476,0.313,338,304,34,633,357,354
"mpnet","relative",0.999,5,3,"top co-occurrence or in both lists",0.692,0.279,0.398,0.248,377,261,116,676,357,354
"mpnet","relative",0.999,5,4,"any of the three",0.728,0.414,0.528,0.359,533,388,145,549,357,354
"mpnet","relative",0.999,10,1,"top cosine or top co-occurrence",0.724,0.415,0.528,0.359,537,389,148,548,357,354
"mpnet","relative",0.999,10,2,"top cosine or in both lists",0.899,0.324,0.476,0.313,338,304,34,633,357,354
"mpnet","relative",0.999,10,3,"top co-occurrence or in both lists",0.707,0.312,0.433,0.276,413,292,121,645,357,354
"mpnet","relative",0.999,10,4,"any of the three",0.724,0.415,0.528,0.359,537,389,148,548,357,354
"mpnet","relative",0.999,15,1,"top cosine or top co-occurrence",0.724,0.415,0.528,0.359,537,389,148,548,357,354
"mpnet","relative",0.999,15,2,"top cosine or in both lists",0.899,0.324,0.476,0.313,338,304,34,633,357,354
"mpnet","relative",0.999,15,3,"top co-occurrence or in both lists",0.713,0.327,0.448,0.289,429,306,123,631,357,354
"mpnet","relative",0.999,15,4,"any of the three",0.724,0.415,0.528,0.359,537,389,148,548,357,354
"mpnet","relative",0.999,20,1,"top cosine or top co-occurrence",0.725,0.418,0.53,0.361,541,392,149,545,357,354
"mpnet","relative",0.999,20,2,"top cosine or in both lists",0.899,0.324,0.476,0.313,338,304,34,633,357,354
"mpnet","relative",0.999,20,3,"top co-occurrence or in both lists",0.716,0.336,0.457,0.297,440,315,125,622,357,354
"mpnet","relative",0.999,20,4,"any of the three",0.725,0.418,0.53,0.361,541,392,149,545,357,354
"mpnet","relative",0.999,25,1,"top cosine or top co-occurrence",0.725,0.419,0.531,0.362,542,393,149,544,357,354
"mpnet","relative",0.999,25,2,"top cosine or in both lists",0.899,0.324,0.476,0.313,338,304,34,633,357,354
"mpnet","relative",0.999,25,3,"top co-occurrence or in both lists",0.717,0.34,0.461,0.3,445,319,126,618,357,354
"mpnet","relative",0.999,25,4,"any of the three",0.725,0.419,0.531,0.362,542,393,149,544,357,354
"mpnet","relative",0.999,30,1,"top cosine or top co-occurrence",0.725,0.419,0.531,0.362,542,393,149,544,357,354
"mpnet","relative",0.999,30,2,"top cosine or in both lists",0.899,0.324,0.476,0.313,338,304,34,633,357,354
"mpnet","relative",0.999,30,3,"top co-occurrence or in both lists",0.718,0.345,0.466,0.304,450,323,127,614,357,354
"mpnet","relative",0.999,30,4,"any of the three",0.725,0.419,0.531,0.362,542,393,149,544,357,354
