"track","track_label","model","icd9","group","n","mean","sd","min","q1","median","q3","max","nearest_target","nearest_target_label","icd9_label","ccs_id","ccs_category"
"10_9","ICD-9-CM to ICD-10-CA","ClinicalBERT","140","has a reference match",2038,0.828,0.044,0.675,0.8,0.826,0.852,1,"C00","Malignant neoplasm of lip","malignant neoplasm of lip","1","cancer of head and neck"
"10_9","ICD-9-CM to ICD-10-CA","ClinicalBERT","141","has a reference match",2038,0.85,0.044,0.706,0.82,0.849,0.877,0.992,"C01","Malignant neoplasm of base of tongue","malignant neoplasm of tongue","1","cancer of head and neck"
"10_9","ICD-9-CM to ICD-10-CA","ClinicalBERT","142","has a reference match",2038,0.858,0.046,0.687,0.828,0.859,0.885,0.988,"C08","Malignant neoplasm of other and unspecified major salivary glands","malignant neoplasm of major salivary glands","1","cancer of head and neck"
"10_9","ICD-9-CM to ICD-10-CA","ClinicalBERT","143","has a reference match",2038,0.83,0.044,0.673,0.802,0.828,0.854,1,"C03","Malignant neoplasm of gum","malignant neoplasm of gum","1","cancer of head and neck"
"10_9","ICD-9-CM to ICD-10-CA","ClinicalBERT","144","has a reference match",2038,0.853,0.044,0.694,0.824,0.853,0.881,1,"C04","Malignant neoplasm of floor of mouth","malignant neoplasm of floor of mouth","1","cancer of head and neck"
"10_9","ICD-9-CM to ICD-10-CA","ClinicalBERT","145","has a reference match",2038,0.859,0.044,0.683,0.83,0.86,0.886,1,"C06","Malignant neoplasm of other and unspecified parts of mouth","malignant neoplasm of other and unspecified parts of mouth","1","cancer of head and neck"
"10_9","ICD-9-CM to ICD-10-CA","ClinicalBERT","146","has a reference match",2038,0.842,0.05,0.65,0.809,0.842,0.872,1,"C10","Malignant neoplasm of oropharynx","malignant neoplasm of oropharynx","1","cancer of head and neck"
"10_9","ICD-9-CM to ICD-10-CA","ClinicalBERT","147","has a reference match",2038,0.858,0.046,0.671,0.829,0.859,0.886,1,"C11","Malignant neoplasm of nasopharynx","malignant neoplasm of nasopharynx","1","cancer of head and neck"
"10_9","ICD-9-CM to ICD-10-CA","ClinicalBERT","148","has a reference match",2038,0.848,0.045,0.679,0.818,0.848,0.874,1,"C13","Malignant neoplasm of hypopharynx","malignant neoplasm of hypopharynx","1","cancer of head and neck"
"10_9","ICD-9-CM to ICD-10-CA","ClinicalBERT","149","has a reference match",2038,0.823,0.053,0.635,0.789,0.823,0.861,0.992,"C14","Malignant neoplasm of other and ill-defined sites in the lip, oral cavity and pharynx","malignant neoplasm of other and illdefined sites within the lip oral cavity and pharynx","1","cancer of head and neck"
"10_9","ICD-9-CM to ICD-10-CA","ClinicalBERT","150","has a reference match",2038,0.86,0.042,0.697,0.833,0.859,0.885,0.998,"C15","Malignant neoplasm of oesophagus","malignant neoplasm of esophagus","2","cancer of esophagus"
"10_9","ICD-9-CM to ICD-10-CA","ClinicalBERT","151","has a reference match",2038,0.859,0.043,0.702,0.832,0.859,0.884,1,"C16","Malignant neoplasm of stomach","malignant neoplasm of stomach","3","cancer of stomach"
"10_9","ICD-9-CM to ICD-10-CA","ClinicalBERT","152","has a reference match",2038,0.857,0.045,0.688,0.827,0.857,0.883,0.988,"C17","Malignant neoplasm of small intestine","malignant neoplasm of small intestine including duodenum","4","cancer of other gi organs peritoneum"
"10_9","ICD-9-CM to ICD-10-CA","ClinicalBERT","153","has a reference match",2038,0.85,0.05,0.649,0.819,0.852,0.881,1,"C18","Malignant neoplasm of colon","malignant neoplasm of colon","5","colon cancer"
"10_9","ICD-9-CM to ICD-10-CA","ClinicalBERT","154","has a reference match",2038,0.864,0.042,0.706,0.837,0.864,0.89,0.982,"C19","Malignant neoplasm of rectosigmoid junction","malignant neoplasm of rectum rectosigmoid junction and anus","6","cancer of rectum and anus"
"10_9","ICD-9-CM to ICD-10-CA","ClinicalBERT","155","has a reference match",2038,0.866,0.042,0.708,0.84,0.868,0.892,1,"C22","Malignant neoplasm of liver and intrahepatic bile ducts","malignant neoplasm of liver and intrahepatic bile ducts","7","cancer of liver and intrahepatic bile duct"
"10_9","ICD-9-CM to ICD-10-CA","ClinicalBERT","156","has a reference match",2038,0.863,0.044,0.694,0.835,0.865,0.891,0.997,"C22","Malignant neoplasm of liver and intrahepatic bile ducts","malignant neoplasm of gallbladder and extrahepatic bile ducts","4","cancer of other gi organs peritoneum"
"10_9","ICD-9-CM to ICD-10-CA","ClinicalBERT","157","has a reference match",2038,0.858,0.044,0.688,0.83,0.858,0.884,1,"C25","Malignant neoplasm of pancreas","malignant neoplasm of pancreas","8","pancreas cancer"
"10_9","ICD-9-CM to ICD-10-CA","ClinicalBERT","158","has a reference match",2038,0.831,0.057,0.621,0.794,0.834,0.87,1,"C48","Malignant neoplasm of retroperitoneum and peritoneum","malignant neoplasm of retroperitoneum and peritoneum","4","cancer of other gi organs peritoneum"
"10_9","ICD-9-CM to ICD-10-CA","ClinicalBERT","159","has a reference match",2038,0.828,0.056,0.637,0.792,0.829,0.869,0.983,"C39","Malignant neoplasm of other and ill-defined sites in the respiratory system and intrathoracic organs","malignant neoplasm of other and illdefined sites within the digestive organs and peritoneum","4","cancer of other gi organs peritoneum"
"10_9","ICD-9-CM to ICD-10-CA","ClinicalBERT","160","has a reference match",2038,0.86,0.046,0.676,0.83,0.86,0.889,0.989,"C30","Malignant neoplasm of nasal cavity and middle ear","malignant neoplasm of nasal cavities middle ear and accessory sinuses","1","cancer of head and neck"
"10_9","ICD-9-CM to ICD-10-CA","ClinicalBERT","161","has a reference match",2038,0.861,0.045,0.68,0.833,0.862,0.888,1,"C32","Malignant neoplasm of larynx","malignant neoplasm of larynx","1","cancer of head and neck"
"10_9","ICD-9-CM to ICD-10-CA","ClinicalBERT","162","has a reference match",2038,0.854,0.05,0.664,0.821,0.856,0.887,0.996,"C34","Malignant neoplasm of bronchus and lung","malignant neoplasm of trachea bronchus and lung","9","lung and other respiratory cancer"
"10_9","ICD-9-CM to ICD-10-CA","ClinicalBERT","163","has a reference match",2038,0.822,0.058,0.614,0.784,0.824,0.861,0.986,"C38","Malignant neoplasm of heart, mediastinum and pleura","malignant neoplasm of pleura","9","lung and other respiratory cancer"
"10_9","ICD-9-CM to ICD-10-CA","ClinicalBERT","164","has a reference match",2038,0.859,0.046,0.685,0.829,0.86,0.887,0.988,"C69","Malignant neoplasm of eye and adnexa","malignant neoplasm of thymus heart and mediastinum","10","other cancers"
"10_9","ICD-9-CM to ICD-10-CA","ClinicalBERT","165","has a reference match",2038,0.826,0.059,0.623,0.787,0.828,0.868,0.993,"C39","Malignant neoplasm of other and ill-defined sites in the respiratory system and intrathoracic organs","malignant neoplasm of other and illdefined sites within the respiratory system and intrathoracic organs","9","lung and other respiratory cancer"
"10_9","ICD-9-CM to ICD-10-CA","ClinicalBERT","170","has a reference match",2038,0.857,0.044,0.704,0.828,0.857,0.883,0.984,"C40","Malignant neoplasm of bone and articular cartilage of limbs","malignant neoplasm of bone and articular cartilage","11","cancer of bone and connective tissue"
"10_9","ICD-9-CM to ICD-10-CA","ClinicalBERT","171","has a reference match",2038,0.852,0.044,0.702,0.823,0.852,0.877,0.997,"C49","Malignant neoplasm of other connective and soft tissue","malignant neoplasm of connective and other soft tissue","11","cancer of bone and connective tissue"
"10_9","ICD-9-CM to ICD-10-CA","ClinicalBERT","172","has a reference match",2038,0.861,0.043,0.697,0.834,0.863,0.89,1,"C43","Malignant melanoma of skin","malignant melanoma of skin","12","skin melanoma"
"10_9","ICD-9-CM to ICD-10-CA","ClinicalBERT","174","has a reference match",2038,0.854,0.044,0.695,0.827,0.854,0.879,0.989,"C50","Malignant neoplasm of breast","malignant neoplasm of female breast","13","breast cancer"
"10_9","ICD-9-CM to ICD-10-CA","ClinicalBERT","175","no reference match",2038,0.856,0.045,0.682,0.828,0.856,0.881,0.988,"C50","Malignant neoplasm of breast","malignant neoplasm of male breast","13","breast cancer"
"10_9","ICD-9-CM to ICD-10-CA","ClinicalBERT","176","has a reference match",2038,0.835,0.054,0.634,0.794,0.836,0.878,0.989,"C46","Kaposi's sarcoma","kaposis sarcoma","10","other cancers"
"10_9","ICD-9-CM to ICD-10-CA","ClinicalBERT","179","has a reference match",2038,0.848,0.04,0.7,0.819,0.849,0.875,1,"C55","Malignant neoplasm of uterus, part unspecified","malignant neoplasm of uterus part unspecified","14","uterus cancer"
"10_9","ICD-9-CM to ICD-10-CA","ClinicalBERT","180","has a reference match",2038,0.859,0.043,0.695,0.831,0.858,0.884,1,"C53","Malignant neoplasm of cervix uteri","malignant neoplasm of cervix uteri","15","cervix cancer"
"10_9","ICD-9-CM to ICD-10-CA","ClinicalBERT","181","has a reference match",2038,0.853,0.046,0.664,0.825,0.854,0.88,1,"C58","Malignant neoplasm of placenta","malignant neoplasm of placenta","16","cancer of other female genital organs"
"10_9","ICD-9-CM to ICD-10-CA","ClinicalBERT","182","has a reference match",2038,0.853,0.045,0.681,0.824,0.853,0.878,0.989,"C17","Malignant neoplasm of small intestine","malignant neoplasm of body of uterus","14","uterus cancer"
"10_9","ICD-9-CM to ICD-10-CA","ClinicalBERT","183","has a reference match",2038,0.856,0.047,0.677,0.826,0.856,0.883,0.987,"C69","Malignant neoplasm of eye and adnexa","malignant neoplasm of ovary and other uterine adnexa","16","cancer of other female genital organs"
"10_9","ICD-9-CM to ICD-10-CA","ClinicalBERT","184","has a reference match",2038,0.849,0.052,0.644,0.816,0.851,0.882,1,"C57","Malignant neoplasm of other and unspecified female genital organs","malignant neoplasm of other and unspecified female genital organs","16","cancer of other female genital organs"
"10_9","ICD-9-CM to ICD-10-CA","ClinicalBERT","185","has a reference match",2038,0.853,0.047,0.668,0.824,0.855,0.881,1,"C61","Malignant neoplasm of prostate","malignant neoplasm of prostate","17","prostate cancer"
"10_9","ICD-9-CM to ICD-10-CA","ClinicalBERT","186","has a reference match",2038,0.868,0.042,0.72,0.841,0.869,0.896,1,"C62","Malignant neoplasm of testis","malignant neoplasm of testis","18","testis cancer"
"10_9","ICD-9-CM to ICD-10-CA","ClinicalBERT","187","has a reference match",2038,0.86,0.047,0.679,0.831,0.863,0.891,0.989,"C63","Malignant neoplasm of other and unspecified male genital organs","malignant neoplasm of penis and other male genital organs","19","cancer of other male genital organs"
"10_9","ICD-9-CM to ICD-10-CA","ClinicalBERT","188","has a reference match",2038,0.862,0.043,0.695,0.835,0.862,0.887,1,"C67","Malignant neoplasm of bladder","malignant neoplasm of bladder","20","bladder cancer"
"10_9","ICD-9-CM to ICD-10-CA","ClinicalBERT","189","has a reference match",2038,0.869,0.045,0.689,0.84,0.871,0.898,0.996,"C68","Malignant neoplasm of other and unspecified urinary organs","malignant neoplasm of kidney and other and unspecified urinary organs","21","cancer of kidney and other urinary organs"
"10_9","ICD-9-CM to ICD-10-CA","ClinicalBERT","190","has a reference match",2038,0.856,0.044,0.697,0.829,0.856,0.882,0.987,"C60","Malignant neoplasm of penis","malignant neoplasm of eye","10","other cancers"
"10_9","ICD-9-CM to ICD-10-CA","ClinicalBERT","191","has a reference match",2038,0.847,0.046,0.674,0.818,0.847,0.873,1,"C71","Malignant neoplasm of brain","malignant neoplasm of brain","22","cancer of brain and nervous system"
"10_9","ICD-9-CM to ICD-10-CA","ClinicalBERT","192","has a reference match",2038,0.862,0.044,0.694,0.833,0.863,0.889,0.987,"C24","Malignant neoplasm of other and unspecified parts of biliary tract","malignant neoplasm of other and unspecified parts of nervous system","22","cancer of brain and nervous system"
"10_9","ICD-9-CM to ICD-10-CA","ClinicalBERT","193","has a reference match",2038,0.86,0.046,0.687,0.832,0.861,0.888,1,"C73","Malignant neoplasm of thyroid gland","malignant neoplasm of thyroid gland","23","thyroid cancer"
"10_9","ICD-9-CM to ICD-10-CA","ClinicalBERT","194","has a reference match",2038,0.859,0.042,0.705,0.831,0.859,0.885,1,"C75","Malignant neoplasm of other endocrine glands and related structures","malignant neoplasm of other endocrine glands and related structures","10","other cancers"
"10_9","ICD-9-CM to ICD-10-CA","ClinicalBERT","195","has a reference match",2038,0.837,0.049,0.655,0.805,0.839,0.872,0.989,"C76","Malignant neoplasm of other and ill-defined sites","malignant neoplasm of other and illdefined sites","10","other cancers"
"10_9","ICD-9-CM to ICD-10-CA","ClinicalBERT","196","has a reference match",2038,0.818,0.055,0.616,0.783,0.818,0.852,1,"C77","Secondary and unspecified malignant neoplasm of lymph nodes","secondary and unspecified malignant neoplasm of lymph nodes","24","secondary malignancy"
"10_9","ICD-9-CM to ICD-10-CA","ClinicalBERT","197","has a reference match",2038,0.862,0.043,0.693,0.835,0.865,0.891,0.993,"C78","Secondary malignant neoplasm of respiratory and digestive organs","secondary malignant neoplasm of respiratory and digestive systems","24","secondary malignancy"
"10_9","ICD-9-CM to ICD-10-CA","ClinicalBERT","198","has a reference match",2038,0.849,0.044,0.682,0.821,0.851,0.877,0.983,"C79","Secondary malignant neoplasm of other and unspecified sites","secondary malignant neoplasm of other specified sites","24","secondary malignancy"
"10_9","ICD-9-CM to ICD-10-CA","ClinicalBERT","199","has a reference match",2038,0.832,0.04,0.683,0.807,0.832,0.857,1,"C80","Malignant neoplasm without specification of site","malignant neoplasm without specification of site","25","malignant neoplasm without specification of site"
"10_9","ICD-9-CM to ICD-10-CA","ClinicalBERT","200","has a reference match",2038,0.819,0.054,0.633,0.785,0.819,0.855,0.957,"C63","Malignant neoplasm of other and unspecified male genital organs","lymphosarcoma and reticulosarcoma and other specified malignant tumors of lymphatic tissue","26","nonhodgkins lymphoma"
"10_9","ICD-9-CM to ICD-10-CA","ClinicalBERT","201","has a reference match",2038,0.834,0.059,0.636,0.789,0.833,0.883,0.971,"G20","Parkinson's disease","hodgkins disease","27","hodgkins disease"
"10_9","ICD-9-CM to ICD-10-CA","ClinicalBERT","202","has a reference match",2038,0.838,0.046,0.691,0.808,0.84,0.868,0.968,"D47","Other neoplasms of uncertain or unknown behaviour of lymphoid, haematopoietic and related tissue","other malignant neoplasms of lymphoid and histiocytic tissue","26","nonhodgkins lymphoma"
"10_9","ICD-9-CM to ICD-10-CA","ClinicalBERT","203","has a reference match",2038,0.843,0.048,0.65,0.813,0.847,0.877,0.993,"C90","Multiple myeloma and malignant plasma cell neoplasms","multiple myeloma and immunoproliferative neoplasms","28","multiple myeloma and leukemias"
"10_9","ICD-9-CM to ICD-10-CA","ClinicalBERT","204","has a reference match",2038,0.808,0.054,0.646,0.766,0.809,0.849,0.986,"C91","Lymphoid leukaemia","lymphoid leukemia","28","multiple myeloma and leukemias"
"10_9","ICD-9-CM to ICD-10-CA","ClinicalBERT","205","has a reference match",2038,0.805,0.048,0.636,0.771,0.806,0.839,0.986,"C92","Myeloid leukaemia","myeloid leukemia","28","multiple myeloma and leukemias"
"10_9","ICD-9-CM to ICD-10-CA","ClinicalBERT","206","has a reference match",2038,0.816,0.053,0.637,0.775,0.818,0.855,0.99,"C93","Monocytic leukaemia","monocytic leukemia","28","multiple myeloma and leukemias"
"10_9","ICD-9-CM to ICD-10-CA","ClinicalBERT","207","has a reference match",2038,0.797,0.074,0.557,0.741,0.802,0.859,0.941,"M06","Other rheumatoid arthritis","other specified leukemia","28","multiple myeloma and leukemias"
"10_9","ICD-9-CM to ICD-10-CA","ClinicalBERT","208","has a reference match",2038,0.836,0.046,0.651,0.806,0.837,0.866,0.993,"C95","Leukaemia of unspecified cell type","leukemia of unspecified cell type","28","multiple myeloma and leukemias"
"10_9","ICD-9-CM to ICD-10-CA","ClinicalBERT","209","no reference match",2038,0.87,0.042,0.702,0.842,0.875,0.904,0.955,"A24","Glanders and melioidosis","neuroendocrine tumors","10","other cancers"
"10_9","ICD-9-CM to ICD-10-CA","ClinicalBERT","225","has a reference match",2038,0.862,0.043,0.691,0.835,0.863,0.889,0.998,"D33","Benign neoplasm of brain and other parts of central nervous system","benign neoplasm of brain and other parts of nervous system","29","other and unspecified benign neoplasm"
"10_9","ICD-9-CM to ICD-10-CA","ClinicalBERT","230","has a reference match",2038,0.861,0.042,0.697,0.834,0.861,0.887,0.987,"D01","Carcinoma in situ of other and unspecified digestive organs","carcinoma in situ of digestive organs","4","cancer of other gi organs peritoneum"
"10_9","ICD-9-CM to ICD-10-CA","ClinicalBERT","231","has a reference match",2038,0.852,0.042,0.686,0.825,0.853,0.881,0.99,"D02","Carcinoma in situ of middle ear and respiratory system","carcinoma in situ of respiratory system","9","lung and other respiratory cancer"
"10_9","ICD-9-CM to ICD-10-CA","ClinicalBERT","233","has a reference match",2038,0.848,0.047,0.658,0.819,0.849,0.877,0.992,"D02","Carcinoma in situ of middle ear and respiratory system","carcinoma in situ of breast and genitourinary system","10","other cancers"
"10_9","ICD-9-CM to ICD-10-CA","ClinicalBERT","234","has a reference match",2038,0.837,0.049,0.652,0.807,0.837,0.868,1,"D09","Carcinoma in situ of other and unspecified sites","carcinoma in situ of other and unspecified sites","10","other cancers"
"10_9","ICD-9-CM to ICD-10-CA","ClinicalBERT","237","has a reference match",2038,0.856,0.048,0.661,0.825,0.859,0.89,0.981,"D43","Neoplasm of uncertain or unknown behaviour of brain and central nervous system","neoplasm of uncertain behavior of endocrine glands and nervous system","30","neoplasms of unspecified nature"
"10_9","ICD-9-CM to ICD-10-CA","ClinicalBERT","238","has a reference match",2038,0.822,0.057,0.611,0.784,0.824,0.864,0.981,"D48","Neoplasm of uncertain or unknown behaviour of other and unspecified sites","neoplasm of uncertain behavior of other and unspecified sites and tissues","30","neoplasms of unspecified nature"
"10_9","ICD-9-CM to ICD-10-CA","ClinicalBERT","239","no reference match",2038,0.832,0.041,0.667,0.806,0.832,0.858,0.943,"D15","Benign neoplasm of other and unspecified intrathoracic organs","neoplasms of unspecified nature","30","neoplasms of unspecified nature"
"10_9","ICD-9-CM to ICD-10-CA","ClinicalBERT","240","has a reference match",2038,0.849,0.043,0.676,0.819,0.858,0.884,0.931,"H68","Eustachian salpingitis and obstruction","simple and unspecified goiter","31","thyroid disorders"
"10_9","ICD-9-CM to ICD-10-CA","ClinicalBERT","241","has a reference match",2038,0.866,0.045,0.695,0.833,0.87,0.903,0.949,"D32","Benign neoplasm of meninges","nontoxic nodular goiter","31","thyroid disorders"
"10_9","ICD-9-CM to ICD-10-CA","ClinicalBERT","242","has a reference match",2038,0.847,0.053,0.658,0.809,0.854,0.89,0.947,"B70","Diphyllobothriasis and sparganosis","thyrotoxicosis with or without goiter","31","thyroid disorders"
"10_9","ICD-9-CM to ICD-10-CA","ClinicalBERT","243","has a reference match",2038,0.824,0.061,0.62,0.776,0.823,0.874,0.982,"E00","Congenital iodine-deficiency syndrome","congenital hypothyroidism","31","thyroid disorders"
"10_9","ICD-9-CM to ICD-10-CA","ClinicalBERT","244","has a reference match",2038,0.855,0.046,0.688,0.823,0.86,0.889,0.974,"D59","Acquired haemolytic anaemia","acquired hypothyroidism","31","thyroid disorders"
"10_9","ICD-9-CM to ICD-10-CA","ClinicalBERT","245","has a reference match",2038,0.823,0.07,0.607,0.769,0.826,0.877,1,"E06","Thyroiditis","thyroiditis","31","thyroid disorders"
"10_9","ICD-9-CM to ICD-10-CA","ClinicalBERT","246","has a reference match",2038,0.851,0.053,0.671,0.812,0.858,0.892,1,"E07","Other disorders of thyroid","other disorders of thyroid","31","thyroid disorders"
"10_9","ICD-9-CM to ICD-10-CA","ClinicalBERT","249","no reference match",2038,0.845,0.058,0.634,0.803,0.85,0.891,0.957,"G21","Secondary parkinsonism","secondary diabetes mellitus","32","diabetes mellitus"
"10_9","ICD-9-CM to ICD-10-CA","ClinicalBERT","250","has a reference match",2038,0.786,0.07,0.571,0.731,0.786,0.843,0.966,"O24","Diabetes mellitus in pregnancy","diabetes mellitus","32","diabetes mellitus"
"10_9","ICD-9-CM to ICD-10-CA","ClinicalBERT","251","has a reference match",2038,0.855,0.044,0.676,0.827,0.861,0.889,0.953,"E16","Other disorders of pancreatic internal secretion","other disorders of pancreatic internal secretiondisorders of parathyroid gland","33","other endocrine disorders"
"10_9","ICD-9-CM to ICD-10-CA","ClinicalBERT","252","has a reference match",2038,0.844,0.054,0.653,0.806,0.851,0.89,0.955,"H04","Disorders of lacrimal system","disorders of parathyroid gland","33","other endocrine disorders"
"10_9","ICD-9-CM to ICD-10-CA","ClinicalBERT","253","has a reference match",2038,0.825,0.057,0.63,0.786,0.832,0.87,0.942,"E80","Disorders of porphyrin and bilirubin metabolism","disorders of the pituitary gland and its hypothalamic control","33","other endocrine disorders"
"10_9","ICD-9-CM to ICD-10-CA","ClinicalBERT","254","has a reference match",2038,0.838,0.047,0.662,0.806,0.842,0.877,0.976,"K11","Diseases of salivary glands","diseases of thymus gland","33","other endocrine disorders"
"10_9","ICD-9-CM to ICD-10-CA","ClinicalBERT","255","has a reference match",2038,0.871,0.038,0.727,0.848,0.876,0.898,0.963,"H04","Disorders of lacrimal system","disorders of adrenal glands","33","other endocrine disorders"
"10_9","ICD-9-CM to ICD-10-CA","ClinicalBERT","256","has a reference match",2038,0.841,0.062,0.624,0.795,0.848,0.893,1,"E28","Ovarian dysfunction","ovarian dysfunction","33","other endocrine disorders"
"10_9","ICD-9-CM to ICD-10-CA","ClinicalBERT","257","has a reference match",2038,0.835,0.059,0.629,0.791,0.839,0.881,1,"E29","Testicular dysfunction","testicular dysfunction","33","other endocrine disorders"
"10_9","ICD-9-CM to ICD-10-CA","ClinicalBERT","258","has a reference match",2038,0.855,0.041,0.698,0.83,0.86,0.886,0.955,"M30","Polyarteritis nodosa and related conditions","polyglandular dysfunction and related disorders","33","other endocrine disorders"
"10_9","ICD-9-CM to ICD-10-CA","ClinicalBERT","259","has a reference match",2038,0.843,0.062,0.644,0.799,0.849,0.893,1,"E34","Other endocrine disorders","other endocrine disorders","33","other endocrine disorders"
"10_9","ICD-9-CM to ICD-10-CA","ClinicalBERT","260","has a reference match",2038,0.8,0.05,0.609,0.767,0.805,0.837,1,"E40","Kwashiorkor","kwashiorkor","34","nutritional deficiencies"
"10_9","ICD-9-CM to ICD-10-CA","ClinicalBERT","261","has a reference match",2038,0.839,0.03,0.735,0.821,0.842,0.86,1,"E41","Nutritional marasmus","nutritional marasmus","34","nutritional deficiencies"
"10_9","ICD-9-CM to ICD-10-CA","ClinicalBERT","262","has a reference match",2038,0.806,0.036,0.669,0.783,0.809,0.831,0.922,"E43","Unspecified severe protein-energy malnutrition","other severe proteincalorie malnutrition","34","nutritional deficiencies"
"10_9","ICD-9-CM to ICD-10-CA","ClinicalBERT","263","has a reference match",2038,0.81,0.038,0.642,0.785,0.814,0.838,0.926,"E46","Unspecified protein-energy malnutrition","other and unspecified proteincalorie malnutrition","34","nutritional deficiencies"
"10_9","ICD-9-CM to ICD-10-CA","ClinicalBERT","268","has a reference match",2038,0.826,0.06,0.621,0.78,0.826,0.874,1,"E55","Vitamin D deficiency","vitamin d deficiency","34","nutritional deficiencies"
"10_9","ICD-9-CM to ICD-10-CA","ClinicalBERT","270","has a reference match",2038,0.761,0.07,0.516,0.712,0.772,0.814,0.966,"E77","Disorders of glycoprotein metabolism","disorders of aminoacid transport and metabolism","35","other nutritional endocrine immunity and metabolic disorders"
"10_9","ICD-9-CM to ICD-10-CA","ClinicalBERT","271","has a reference match",2038,0.777,0.055,0.567,0.743,0.785,0.816,0.949,"E83","Disorders of mineral metabolism","disorders of carbohydrate transport and metabolism","35","other nutritional endocrine immunity and metabolic disorders"
"10_9","ICD-9-CM to ICD-10-CA","ClinicalBERT","272","has a reference match",2038,0.853,0.039,0.7,0.829,0.859,0.881,0.983,"E70","Disorders of aromatic amino-acid metabolism","disorders of lipoid metabolism","36","disorders of lipid metabolism"
"10_9","ICD-9-CM to ICD-10-CA","ClinicalBERT","273","has a reference match",2038,0.798,0.061,0.575,0.757,0.808,0.843,0.981,"E83","Disorders of mineral metabolism","disorders of plasma protein metabolism","35","other nutritional endocrine immunity and metabolic disorders"
"10_9","ICD-9-CM to ICD-10-CA","ClinicalBERT","274","has a reference match",2038,0.781,0.087,0.533,0.716,0.778,0.848,1,"M10","Gout","gout","37","gout and other crystal arthropathies"
"10_9","ICD-9-CM to ICD-10-CA","ClinicalBERT","275","has a reference match",2038,0.791,0.062,0.573,0.749,0.802,0.838,1,"E83","Disorders of mineral metabolism","disorders of mineral metabolism","35","other nutritional endocrine immunity and metabolic disorders"
"10_9","ICD-9-CM to ICD-10-CA","ClinicalBERT","277","has a reference match",2038,0.816,0.052,0.624,0.782,0.821,0.853,0.948,"I99","Other and unspecified disorders of circulatory system","other and unspecified disorders of metabolism","35","other nutritional endocrine immunity and metabolic disorders"
"10_9","ICD-9-CM to ICD-10-CA","ClinicalBERT","278","has a reference match",2038,0.849,0.043,0.672,0.824,0.857,0.882,0.932,"B70","Diphyllobothriasis and sparganosis","overweight obesity and other hyperalimentation","35","other nutritional endocrine immunity and metabolic disorders"
"10_9","ICD-9-CM to ICD-10-CA","ClinicalBERT","279","has a reference match",2038,0.849,0.041,0.694,0.823,0.853,0.88,0.94,"I69","Sequelae of cerebrovascular disease","disorders involving the immune mechanism","35","other nutritional endocrine immunity and metabolic disorders"
"10_9","ICD-9-CM to ICD-10-CA","ClinicalBERT","280","has a reference match",2038,0.855,0.054,0.653,0.816,0.862,0.896,0.984,"D50","Iron deficiency anaemia","iron deficiency anemias","38","anemia"
"10_9","ICD-9-CM to ICD-10-CA","ClinicalBERT","282","has a reference match",2038,0.84,0.053,0.647,0.8,0.846,0.881,0.963,"D58","Other hereditary haemolytic anaemias","hereditary hemolytic anemias","38","anemia"
"10_9","ICD-9-CM to ICD-10-CA","ClinicalBERT","283","has a reference match",2038,0.854,0.047,0.683,0.821,0.862,0.889,0.984,"D59","Acquired haemolytic anaemia","acquired hemolytic anemias","38","anemia"
"10_9","ICD-9-CM to ICD-10-CA","ClinicalBERT","284","has a reference match",2038,0.834,0.046,0.645,0.804,0.837,0.868,0.944,"C90","Multiple myeloma and malignant plasma cell neoplasms","aplastic anemia and other bone marrow failure syndromes","38","anemia"
"10_9","ICD-9-CM to ICD-10-CA","ClinicalBERT","285","has a reference match",2038,0.862,0.043,0.674,0.836,0.87,0.894,0.962,"B99","Other and unspecified infectious diseases","other and unspecified anemias","38","anemia"
"10_9","ICD-9-CM to ICD-10-CA","ClinicalBERT","286","has a reference match",2038,0.852,0.044,0.66,0.828,0.858,0.884,0.96,"D68","Other coagulation defects","coagulation defects","39","other hematologic conditions"
"10_9","ICD-9-CM to ICD-10-CA","ClinicalBERT","287","has a reference match",2038,0.853,0.036,0.711,0.829,0.858,0.88,0.995,"D69","Purpura and other haemorrhagic conditions","purpura and other hemorrhagic conditions","39","other hematologic conditions"
"10_9","ICD-9-CM to ICD-10-CA","ClinicalBERT","288","has a reference match",2038,0.781,0.045,0.609,0.752,0.788,0.816,0.899,"R71","Abnormality of red blood cells","diseases of white blood cells","39","other hematologic conditions"
"10_9","ICD-9-CM to ICD-10-CA","ClinicalBERT","289","has a reference match",2038,0.854,0.035,0.713,0.833,0.857,0.877,0.982,"D75","Other diseases of blood and blood-forming organs","other diseases of blood and bloodforming organs","39","other hematologic conditions"
"10_9","ICD-9-CM to ICD-10-CA","ClinicalBERT","290","has a reference match",2038,0.821,0.07,0.6,0.769,0.824,0.878,0.96,"F01","Vascular dementia","dementias","40","delirium dementia and other cognitive disorders"
"10_9","ICD-9-CM to ICD-10-CA","ClinicalBERT","291","has a reference match",2038,0.868,0.033,0.732,0.849,0.872,0.892,0.942,"J60","Coalworker's pneumoconiosis","alcoholinduced mental disorders","41","alcohol and substancerelated disorders"
"10_9","ICD-9-CM to ICD-10-CA","ClinicalBERT","292","has a reference match",2038,0.872,0.034,0.73,0.852,0.877,0.896,0.949,"T74","Maltreatment syndromes","druginduced mental disorders","41","alcohol and substancerelated disorders"
"10_9","ICD-9-CM to ICD-10-CA","ClinicalBERT","294","has a reference match",2038,0.853,0.039,0.7,0.826,0.855,0.881,0.943,"G99","Other disorders of nervous system in diseases classified elsewhere","persistent mental disorders due to conditions classified elsewhere","40","delirium dementia and other cognitive disorders"
"10_9","ICD-9-CM to ICD-10-CA","ClinicalBERT","295","has a reference match",2038,0.862,0.051,0.674,0.824,0.866,0.902,0.991,"F25","Schizoaffective disorders","schizophrenic disorders","42","schizophrenia and other psychotic disorders"
"10_9","ICD-9-CM to ICD-10-CA","ClinicalBERT","296","has a reference match",2038,0.85,0.056,0.658,0.809,0.853,0.894,0.97,"F40","Phobic anxiety disorders","episodic mood disorders","43","mood and anxiety disorders"
"10_9","ICD-9-CM to ICD-10-CA","ClinicalBERT","297","has a reference match",2038,0.854,0.044,0.701,0.826,0.86,0.888,0.958,"F44","Dissociative [conversion] disorders","delusional disorders","42","schizophrenia and other psychotic disorders"
"10_9","ICD-9-CM to ICD-10-CA","ClinicalBERT","298","has a reference match",2038,0.844,0.049,0.677,0.81,0.847,0.882,0.988,"F28","Other nonorganic psychotic disorders","other nonorganic psychoses","42","schizophrenia and other psychotic disorders"
"10_9","ICD-9-CM to ICD-10-CA","ClinicalBERT","299","has a reference match",2038,0.827,0.067,0.615,0.776,0.828,0.882,1,"F84","Pervasive developmental disorders","pervasive developmental disorders","44","disorders usually diagnosed in infancy childhood or adolescence"
"10_9","ICD-9-CM to ICD-10-CA","ClinicalBERT","300","has a reference match",2038,0.852,0.047,0.662,0.82,0.856,0.888,0.953,"F25","Schizoaffective disorders","anxiety dissociative and somatoform disorders","43","mood and anxiety disorders"
"10_9","ICD-9-CM to ICD-10-CA","ClinicalBERT","301","has a reference match",2038,0.803,0.072,0.598,0.749,0.8,0.862,0.966,"F50","Eating disorders","personality disorders","45","personality disorders"
"10_9","ICD-9-CM to ICD-10-CA","ClinicalBERT","303","has a reference match",2038,0.856,0.05,0.665,0.821,0.858,0.897,0.953,"N03","Chronic nephritic syndrome","alcohol dependence syndrome","41","alcohol and substancerelated disorders"
"10_9","ICD-9-CM to ICD-10-CA","ClinicalBERT","304","has a reference match",2038,0.826,0.054,0.654,0.786,0.826,0.87,0.957,"F50","Eating disorders","drug dependence","41","alcohol and substancerelated disorders"
"10_9","ICD-9-CM to ICD-10-CA","ClinicalBERT","305","has a reference match",2038,0.828,0.054,0.6,0.795,0.835,0.867,0.963,"F55","Abuse of non-dependence-producing substances","nondependent abuse of drugs","41","alcohol and substancerelated disorders"
"10_9","ICD-9-CM to ICD-10-CA","ClinicalBERT","306","has a reference match",2038,0.835,0.031,0.711,0.815,0.837,0.856,0.929,"N25","Disorders resulting from impaired renal tubular function","physiological malfunction arising from mental factors","46","miscellaneous mental health disorders"
"10_9","ICD-9-CM to ICD-10-CA","ClinicalBERT","307","has a reference match",2038,0.807,0.054,0.626,0.77,0.816,0.849,0.935,"A48","Other bacterial diseases, not elsewhere classified","special symptoms or syndromes not elsewhere classified","46","miscellaneous mental health disorders"
"10_9","ICD-9-CM to ICD-10-CA","ClinicalBERT","308","has a reference match",2038,0.797,0.052,0.604,0.763,0.807,0.835,0.903,"T51","Toxic effect of alcohol","acute reaction to stress","43","mood and anxiety disorders"
"10_9","ICD-9-CM to ICD-10-CA","ClinicalBERT","309","has a reference match",2038,0.778,0.05,0.602,0.744,0.782,0.815,0.91,"Z54","Convalescence","adjustment reaction","47","adjustment disorders"
"10_9","ICD-9-CM to ICD-10-CA","ClinicalBERT","310","has a reference match",2038,0.867,0.037,0.729,0.845,0.872,0.894,0.959,"F06","Other mental disorders due to brain damage and dysfunction and to physical disease","specific nonpsychotic mental disorders due to brain damage","46","miscellaneous mental health disorders"
"10_9","ICD-9-CM to ICD-10-CA","ClinicalBERT","311","has a reference match",2038,0.82,0.061,0.614,0.778,0.828,0.871,0.952,"K73","Chronic hepatitis, not elsewhere classified","depressive disorder not elsewhere classified","43","mood and anxiety disorders"
"10_9","ICD-9-CM to ICD-10-CA","ClinicalBERT","312","has a reference match",2038,0.802,0.043,0.632,0.775,0.806,0.833,0.922,"J95","Postprocedural respiratory disorders, not elsewhere classified","disturbance of conduct not elsewhere classified","48","attentiondeficit conduct and disruptive behavior disorders"
"10_9","ICD-9-CM to ICD-10-CA","ClinicalBERT","314","has a reference match",2038,0.845,0.045,0.655,0.817,0.849,0.879,0.951,"P55","Haemolytic disease of fetus and newborn","hyperkinetic syndrome of childhood","48","attentiondeficit conduct and disruptive behavior disorders"
"10_9","ICD-9-CM to ICD-10-CA","ClinicalBERT","315","has a reference match",2038,0.813,0.032,0.693,0.793,0.815,0.835,0.9,"F80","Specific developmental disorders of speech and language","specific delays in development","49","developmental disorders"
"10_9","ICD-9-CM to ICD-10-CA","ClinicalBERT","316","has a reference match",2038,0.818,0.054,0.598,0.784,0.819,0.859,0.97,"F54","Psychological and behavioural factors associated with disorders or diseases classified elsewhere","psychic factors associated with diseases classified elsewhere","46","miscellaneous mental health disorders"
"10_9","ICD-9-CM to ICD-10-CA","ClinicalBERT","317","has a reference match",2038,0.802,0.042,0.647,0.774,0.805,0.832,0.908,"H90","Conductive and sensorineural hearing loss","mild intellectual disabilities","49","developmental disorders"
"10_9","ICD-9-CM to ICD-10-CA","ClinicalBERT","318","has a reference match",2038,0.831,0.041,0.681,0.803,0.835,0.863,0.924,"H91","Other hearing loss","other specified intellectual disabilities","49","developmental disorders"
"10_9","ICD-9-CM to ICD-10-CA","ClinicalBERT","319","has a reference match",2038,0.809,0.033,0.678,0.788,0.813,0.831,0.936,"F89","Unspecified disorder of psychological development","unspecified intellectual disabilities","49","developmental disorders"
"10_9","ICD-9-CM to ICD-10-CA","ClinicalBERT","327","no reference match",2038,0.808,0.075,0.585,0.752,0.81,0.87,0.957,"G47","Other sleep disorders","organic sleep disorders","50","other nervous system conditions"
"10_9","ICD-9-CM to ICD-10-CA","ClinicalBERT","330","has a reference match",2038,0.798,0.066,0.547,0.754,0.807,0.848,0.94,"F93","Emotional disorders with onset specific to childhood","cerebral degenerations usually manifest in childhood","50","other nervous system conditions"
"10_9","ICD-9-CM to ICD-10-CA","ClinicalBERT","331","has a reference match",2038,0.818,0.065,0.615,0.772,0.82,0.871,0.966,"G58","Other mononeuropathies","other cerebral degenerations","40","delirium dementia and other cognitive disorders"
"10_9","ICD-9-CM to ICD-10-CA","ClinicalBERT","332","has a reference match",2038,0.811,0.076,0.588,0.752,0.807,0.872,0.983,"G20","Parkinson's disease","parkinsons disease","51","parkinsons disease"
"10_9","ICD-9-CM to ICD-10-CA","ClinicalBERT","333","has a reference match",2038,0.861,0.049,0.689,0.827,0.867,0.901,0.977,"G25","Other extrapyramidal and movement disorders","other extrapyramidal disease and abnormal movement disorders","50","other nervous system conditions"
"10_9","ICD-9-CM to ICD-10-CA","ClinicalBERT","334","has a reference match",2038,0.86,0.05,0.679,0.823,0.867,0.902,0.953,"M45","Ankylosing spondylitis","spinocerebellar disease","50","other nervous system conditions"
"10_9","ICD-9-CM to ICD-10-CA","ClinicalBERT","335","has a reference match",2038,0.848,0.056,0.647,0.805,0.851,0.894,0.966,"G20","Parkinson's disease","anterior horn cell disease","50","other nervous system conditions"
"10_9","ICD-9-CM to ICD-10-CA","ClinicalBERT","336","has a reference match",2038,0.837,0.056,0.639,0.797,0.841,0.878,1,"G95","Other diseases of spinal cord","other diseases of spinal cord","50","other nervous system conditions"
"10_9","ICD-9-CM to ICD-10-CA","ClinicalBERT","337","has a reference match",2038,0.825,0.047,0.62,0.797,0.829,0.859,0.962,"G90","Disorders of autonomic nervous system","disorders of the autonomic nervous system","50","other nervous system conditions"
"10_9","ICD-9-CM to ICD-10-CA","ClinicalBERT","338","no reference match",2038,0.762,0.038,0.625,0.739,0.765,0.787,1,"R52","Pain, not elsewhere classified","pain not elsewhere classified","50","other nervous system conditions"
"10_9","ICD-9-CM to ICD-10-CA","ClinicalBERT","339","no reference match",2038,0.848,0.053,0.67,0.811,0.85,0.89,1,"G44","Other headache syndromes","other headache syndromes","52","headache including migraine"
"10_9","ICD-9-CM to ICD-10-CA","ClinicalBERT","340","has a reference match",2038,0.829,0.065,0.612,0.78,0.83,0.882,1,"G35","Multiple sclerosis","multiple sclerosis","53","multiple sclerosis"
"10_9","ICD-9-CM to ICD-10-CA","ClinicalBERT","341","has a reference match",2038,0.856,0.05,0.68,0.818,0.861,0.896,1,"G37","Other demyelinating diseases of central nervous system","other demyelinating diseases of central nervous system","50","other nervous system conditions"
"10_9","ICD-9-CM to ICD-10-CA","ClinicalBERT","342","has a reference match",2038,0.822,0.04,0.645,0.796,0.827,0.851,0.934,"G81","Hemiplegia","hemiplegia and hemiparesis","54","paralysis"
"10_9","ICD-9-CM to ICD-10-CA","ClinicalBERT","343","has a reference match",2038,0.819,0.053,0.638,0.778,0.818,0.862,0.951,"Q03","Congenital hydrocephalus","infantile cerebral palsy","54","paralysis"
"10_9","ICD-9-CM to ICD-10-CA","ClinicalBERT","344","has a reference match",2038,0.837,0.05,0.682,0.804,0.841,0.871,1,"G83","Other paralytic syndromes","other paralytic syndromes","54","paralysis"
"10_9","ICD-9-CM to ICD-10-CA","ClinicalBERT","345","has a reference match",2038,0.848,0.041,0.692,0.821,0.853,0.88,0.947,"G82","Paraplegia and tetraplegia","epilepsy and recurrent seizures","55","epilepsyconvulsions"
"10_9","ICD-9-CM to ICD-10-CA","ClinicalBERT","346","has a reference match",2038,0.811,0.07,0.597,0.76,0.809,0.866,1,"G43","Migraine","migraine","52","headache including migraine"
"10_9","ICD-9-CM to ICD-10-CA","ClinicalBERT","347","has a reference match",2038,0.849,0.041,0.687,0.821,0.851,0.879,0.953,"B85","Pediculosis and phthiriasis","cataplexy and narcolepsy","50","other nervous system conditions"
"10_9","ICD-9-CM to ICD-10-CA","ClinicalBERT","348","has a reference match",2038,0.855,0.036,0.716,0.832,0.857,0.877,0.976,"G93","Other disorders of brain","other conditions of brain","50","other nervous system conditions"
"10_9","ICD-9-CM to ICD-10-CA","ClinicalBERT","353","has a reference match",2038,0.811,0.036,0.649,0.789,0.816,0.836,1,"G54","Nerve root and plexus disorders","nerve root and plexus disorders","50","other nervous system conditions"
"10_9","ICD-9-CM to ICD-10-CA","ClinicalBERT","354","has a reference match",2038,0.851,0.04,0.692,0.824,0.855,0.882,0.941,"L28","Lichen simplex chronicus and prurigo","mononeuritis of upper limb and mononeuritis multiplex","50","other nervous system conditions"
"10_9","ICD-9-CM to ICD-10-CA","ClinicalBERT","355","has a reference match",2038,0.84,0.047,0.659,0.808,0.843,0.876,0.953,"A49","Bacterial infection of unspecified site","mononeuritis of lower limb and unspecified site","50","other nervous system conditions"
"10_9","ICD-9-CM to ICD-10-CA","ClinicalBERT","356","has a reference match",2038,0.858,0.044,0.678,0.829,0.865,0.893,0.993,"G60","Hereditary and idiopathic neuropathy","hereditary and idiopathic peripheral neuropathy","50","other nervous system conditions"
"10_9","ICD-9-CM to ICD-10-CA","ClinicalBERT","357","has a reference match",2038,0.868,0.047,0.673,0.837,0.875,0.906,0.962,"A24","Glanders and melioidosis","inflammatory and toxic neuropathy","50","other nervous system conditions"
"10_9","ICD-9-CM to ICD-10-CA","ClinicalBERT","358","has a reference match",2038,0.853,0.059,0.648,0.808,0.854,0.9,0.974,"M72","Fibroblastic disorders","myoneural disorders","50","other nervous system conditions"
"10_9","ICD-9-CM to ICD-10-CA","ClinicalBERT","359","has a reference match",2038,0.838,0.046,0.657,0.807,0.842,0.874,0.954,"G70","Myasthenia gravis and other myoneural disorders","muscular dystrophies and other myopathies","50","other nervous system conditions"
"10_9","ICD-9-CM to ICD-10-CA","ClinicalBERT","360","has a reference match",2038,0.847,0.038,0.68,0.822,0.849,0.874,0.979,"H44","Disorders of globe","disorders of the globe","56","other eye disorders"
"10_9","ICD-9-CM to ICD-10-CA","ClinicalBERT","361","has a reference match",2038,0.854,0.044,0.676,0.822,0.861,0.889,0.977,"H33","Retinal detachments and breaks","retinal detachments and defects","57","retinal detachments defects vascular occlusion and retinopathy"
"10_9","ICD-9-CM to ICD-10-CA","ClinicalBERT","362","has a reference match",2038,0.849,0.061,0.66,0.804,0.851,0.899,1,"H35","Other retinal disorders","other retinal disorders","57","retinal detachments defects vascular occlusion and retinopathy"
"10_9","ICD-9-CM to ICD-10-CA","ClinicalBERT","363","has a reference match",2038,0.86,0.042,0.696,0.833,0.863,0.892,0.948,"H31","Other disorders of choroid","chorioretinal inflammations scars and other disorders of choroid","56","other eye disorders"
"10_9","ICD-9-CM to ICD-10-CA","ClinicalBERT","364","has a reference match",2038,0.841,0.051,0.662,0.808,0.844,0.881,0.974,"H43","Disorders of vitreous body","disorders of iris and ciliary body","56","other eye disorders"
"10_9","ICD-9-CM to ICD-10-CA","ClinicalBERT","365","has a reference match",2038,0.807,0.08,0.568,0.749,0.806,0.87,1,"H40","Glaucoma","glaucoma","58","glaucoma"
"10_9","ICD-9-CM to ICD-10-CA","ClinicalBERT","366","has a reference match",2038,0.761,0.087,0.505,0.697,0.758,0.827,0.958,"H26","Other cataract","cataract","59","cataract"
"10_9","ICD-9-CM to ICD-10-CA","ClinicalBERT","369","has a reference match",2038,0.838,0.044,0.651,0.813,0.843,0.871,0.939,"H90","Conductive and sensorineural hearing loss","blindness and low vision","60","blindness and vision defects"
"10_9","ICD-9-CM to ICD-10-CA","ClinicalBERT","370","has a reference match",2038,0.796,0.083,0.557,0.734,0.793,0.86,1,"H16","Keratitis","keratitis","56","other eye disorders"
"10_9","ICD-9-CM to ICD-10-CA","ClinicalBERT","371","has a reference match",2038,0.838,0.043,0.662,0.809,0.842,0.872,0.928,"H54","Visual impairment including blindness (binocular or monocular)","corneal opacity and other disorders of cornea","56","other eye disorders"
"10_9","ICD-9-CM to ICD-10-CA","ClinicalBERT","372","has a reference match",2038,0.81,0.033,0.65,0.789,0.813,0.833,0.905,"H11","Other disorders of conjunctiva","disorders of conjunctiva","56","other eye disorders"
"10_9","ICD-9-CM to ICD-10-CA","ClinicalBERT","376","has a reference match",2038,0.833,0.043,0.65,0.807,0.835,0.865,0.977,"H05","Disorders of orbit","disorders of the orbit","56","other eye disorders"
"10_9","ICD-9-CM to ICD-10-CA","ClinicalBERT","377","has a reference match",2038,0.856,0.04,0.678,0.831,0.861,0.887,0.963,"H47","Other disorders of optic [2nd] nerve and visual pathways","disorders of optic nerve and visual pathways","56","other eye disorders"
"10_9","ICD-9-CM to ICD-10-CA","ClinicalBERT","379","has a reference match",2038,0.854,0.044,0.701,0.824,0.856,0.885,0.983,"H27","Other disorders of lens","other disorders of eye","56","other eye disorders"
"10_9","ICD-9-CM to ICD-10-CA","ClinicalBERT","380","has a reference match",2038,0.84,0.041,0.682,0.815,0.842,0.869,0.966,"G50","Disorders of trigeminal nerve","disorders of external ear","61","other ear and sense organ disorders"
"10_9","ICD-9-CM to ICD-10-CA","ClinicalBERT","381","has a reference match",2038,0.848,0.051,0.646,0.81,0.855,0.889,0.957,"J37","Chronic laryngitis and laryngotracheitis","nonsuppurative otitis media and eustachian tube disorders","62","otitis media and related conditions"
"10_9","ICD-9-CM to ICD-10-CA","ClinicalBERT","382","has a reference match",2038,0.872,0.037,0.706,0.849,0.876,0.9,1,"H66","Suppurative and unspecified otitis media","suppurative and unspecified otitis media","62","otitis media and related conditions"
"10_9","ICD-9-CM to ICD-10-CA","ClinicalBERT","383","has a reference match",2038,0.861,0.038,0.699,0.839,0.865,0.891,1,"H70","Mastoiditis and related conditions","mastoiditis and related conditions","62","otitis media and related conditions"
"10_9","ICD-9-CM to ICD-10-CA","ClinicalBERT","384","has a reference match",2038,0.828,0.048,0.629,0.796,0.831,0.864,1,"H73","Other disorders of tympanic membrane","other disorders of tympanic membrane","61","other ear and sense organ disorders"
"10_9","ICD-9-CM to ICD-10-CA","ClinicalBERT","386","has a reference match",2038,0.86,0.041,0.689,0.835,0.864,0.89,0.949,"G57","Mononeuropathies of lower limb","vertiginous syndromes and other disorders of vestibular system","63","conditions associated with dizziness or vertigo"
"10_9","ICD-9-CM to ICD-10-CA","ClinicalBERT","389","has a reference match",2038,0.824,0.052,0.651,0.784,0.824,0.865,0.956,"H91","Other hearing loss","hearing loss","61","other ear and sense organ disorders"
"10_9","ICD-9-CM to ICD-10-CA","ClinicalBERT","393","has a reference match",2038,0.84,0.063,0.615,0.793,0.843,0.89,0.978,"J32","Chronic sinusitis","chronic rheumatic pericarditis","64","peri endo and myocarditis cardiomyopathy"
"10_9","ICD-9-CM to ICD-10-CA","ClinicalBERT","394","has a reference match",2038,0.802,0.033,0.673,0.78,0.803,0.827,0.911,"I78","Diseases of capillaries","diseases of mitral valve","65","heart valve disorders"
"10_9","ICD-9-CM to ICD-10-CA","ClinicalBERT","395","has a reference match",2038,0.812,0.037,0.664,0.788,0.813,0.84,0.903,"I35","Nonrheumatic aortic valve disorders","diseases of aortic valve","65","heart valve disorders"
"10_9","ICD-9-CM to ICD-10-CA","ClinicalBERT","396","has a reference match",2038,0.813,0.039,0.66,0.788,0.816,0.842,0.901,"N20","Calculus of kidney and ureter","diseases of mitral and aortic valves","65","heart valve disorders"
"10_9","ICD-9-CM to ICD-10-CA","ClinicalBERT","397","has a reference match",2038,0.799,0.035,0.679,0.776,0.8,0.824,0.915,"I78","Diseases of capillaries","diseases of other endocardial structures","65","heart valve disorders"
"10_9","ICD-9-CM to ICD-10-CA","ClinicalBERT","398","has a reference match",2038,0.841,0.061,0.637,0.794,0.844,0.892,0.99,"I09","Other rheumatic heart diseases","other rheumatic heart disease","64","peri endo and myocarditis cardiomyopathy"
"10_9","ICD-9-CM to ICD-10-CA","ClinicalBERT","401","has a reference match",2038,0.816,0.069,0.596,0.762,0.817,0.871,0.978,"I10","Essential (primary) hypertension","essential hypertension","66","hypertension"
"10_9","ICD-9-CM to ICD-10-CA","ClinicalBERT","402","has a reference match",2038,0.808,0.075,0.59,0.749,0.806,0.868,1,"I11","Hypertensive heart disease","hypertensive heart disease","67","hypertension complications"
"10_9","ICD-9-CM to ICD-10-CA","ClinicalBERT","403","has a reference match",2038,0.823,0.07,0.603,0.767,0.823,0.877,0.988,"I13","Hypertensive heart and renal disease","hypertensive chronic kidney disease","67","hypertension complications"
"10_9","ICD-9-CM to ICD-10-CA","ClinicalBERT","404","has a reference match",2038,0.842,0.061,0.634,0.795,0.844,0.891,0.987,"I13","Hypertensive heart and renal disease","hypertensive heart and chronic kidney disease","67","hypertension complications"
"10_9","ICD-9-CM to ICD-10-CA","ClinicalBERT","405","has a reference match",2038,0.861,0.044,0.68,0.832,0.867,0.895,1,"I15","Secondary hypertension","secondary hypertension","67","hypertension complications"
"10_9","ICD-9-CM to ICD-10-CA","ClinicalBERT","410","has a reference match",2038,0.82,0.037,0.637,0.799,0.822,0.844,1,"I21","Acute myocardial infarction","acute myocardial infarction","68","acute myocardial infarction"
"10_9","ICD-9-CM to ICD-10-CA","ClinicalBERT","411","has a reference match",2038,0.848,0.047,0.675,0.817,0.856,0.883,0.948,"E27","Other disorders of adrenal gland","other acute and subacute forms of ischemic heart disease","69","coronary atherosclerosis and other heart disease"
"10_9","ICD-9-CM to ICD-10-CA","ClinicalBERT","412","has a reference match",2038,0.852,0.033,0.704,0.831,0.854,0.876,0.948,"I22","Subsequent myocardial infarction","old myocardial infarction","69","coronary atherosclerosis and other heart disease"
"10_9","ICD-9-CM to ICD-10-CA","ClinicalBERT","413","has a reference match",2038,0.819,0.071,0.597,0.767,0.819,0.876,1,"I20","Angina pectoris","angina pectoris","69","coronary atherosclerosis and other heart disease"
"10_9","ICD-9-CM to ICD-10-CA","ClinicalBERT","414","has a reference match",2038,0.847,0.054,0.661,0.807,0.853,0.888,0.963,"I24","Other acute ischaemic heart diseases","other forms of chronic ischemic heart disease","69","coronary atherosclerosis and other heart disease"
"10_9","ICD-9-CM to ICD-10-CA","ClinicalBERT","415","has a reference match",2038,0.841,0.043,0.677,0.81,0.847,0.876,0.962,"I40","Acute myocarditis","acute pulmonary heart disease","70","pulmonary heart disease"
"10_9","ICD-9-CM to ICD-10-CA","ClinicalBERT","416","has a reference match",2038,0.822,0.062,0.619,0.774,0.824,0.871,0.983,"I25","Chronic ischaemic heart disease","chronic pulmonary heart disease","70","pulmonary heart disease"
"10_9","ICD-9-CM to ICD-10-CA","ClinicalBERT","417","has a reference match",2038,0.83,0.044,0.676,0.8,0.83,0.857,0.969,"I28","Other diseases of pulmonary vessels","other diseases of pulmonary circulation","70","pulmonary heart disease"
"10_9","ICD-9-CM to ICD-10-CA","ClinicalBERT","423","has a reference match",2038,0.835,0.04,0.696,0.808,0.837,0.862,1,"I31","Other diseases of pericardium","other diseases of pericardium","64","peri endo and myocarditis cardiomyopathy"
"10_9","ICD-9-CM to ICD-10-CA","ClinicalBERT","424","has a reference match",2038,0.857,0.043,0.698,0.828,0.858,0.885,0.98,"K63","Other diseases of intestine","other diseases of endocardium","65","heart valve disorders"
"10_9","ICD-9-CM to ICD-10-CA","ClinicalBERT","425","has a reference match",2038,0.85,0.057,0.646,0.807,0.852,0.896,1,"I42","Cardiomyopathy","cardiomyopathy","64","peri endo and myocarditis cardiomyopathy"
"10_9","ICD-9-CM to ICD-10-CA","ClinicalBERT","426","has a reference match",2038,0.847,0.056,0.658,0.805,0.85,0.893,0.976,"F91","Conduct disorders","conduction disorders","71","conduction disorders"
"10_9","ICD-9-CM to ICD-10-CA","ClinicalBERT","427","has a reference match",2038,0.854,0.043,0.694,0.826,0.858,0.888,0.953,"I42","Cardiomyopathy","cardiac dysrhythmias","72","cardiac dysrhythmias arrest chf and ventricular fibrillation"
"10_9","ICD-9-CM to ICD-10-CA","ClinicalBERT","428","has a reference match",2038,0.834,0.045,0.67,0.801,0.834,0.869,1,"I50","Heart failure","heart failure","72","cardiac dysrhythmias arrest chf and ventricular fibrillation"
"10_9","ICD-9-CM to ICD-10-CA","ClinicalBERT","429","has a reference match",2038,0.789,0.035,0.632,0.771,0.792,0.81,0.934,"I51","Complications and ill-defined descriptions of heart disease","illdefined descriptions and complications of heart disease","73","other and illdefined heart disease"
"10_9","ICD-9-CM to ICD-10-CA","ClinicalBERT","430","has a reference match",2038,0.847,0.038,0.696,0.819,0.85,0.875,0.995,"I60","Subarachnoid haemorrhage","subarachnoid hemorrhage","74","acute cerebrovascular disease"
"10_9","ICD-9-CM to ICD-10-CA","ClinicalBERT","431","has a reference match",2038,0.842,0.035,0.713,0.819,0.843,0.867,0.991,"I61","Intracerebral haemorrhage","intracerebral hemorrhage","74","acute cerebrovascular disease"
"10_9","ICD-9-CM to ICD-10-CA","ClinicalBERT","432","has a reference match",2038,0.813,0.04,0.667,0.784,0.815,0.843,0.943,"I62","Other nontraumatic intracranial haemorrhage","other and unspecified intracranial hemorrhage","74","acute cerebrovascular disease"
"10_9","ICD-9-CM to ICD-10-CA","ClinicalBERT","433","has a reference match",2038,0.828,0.042,0.678,0.797,0.833,0.861,0.948,"I65","Occlusion and stenosis of precerebral arteries, not resulting in cerebral infarction","occlusion and stenosis of precerebral arteries","74","acute cerebrovascular disease"
"10_9","ICD-9-CM to ICD-10-CA","ClinicalBERT","434","has a reference match",2038,0.835,0.042,0.672,0.807,0.842,0.867,0.943,"I65","Occlusion and stenosis of precerebral arteries, not resulting in cerebral infarction","occlusion of cerebral arteries","74","acute cerebrovascular disease"
"10_9","ICD-9-CM to ICD-10-CA","ClinicalBERT","435","has a reference match",2038,0.832,0.042,0.654,0.803,0.835,0.864,0.952,"G45","Transient cerebral ischaemic attacks and related syndromes","transient cerebral ischemia","75","transient cerebral ischemia"
"10_9","ICD-9-CM to ICD-10-CA","ClinicalBERT","436","has a reference match",2038,0.832,0.042,0.666,0.803,0.839,0.864,0.935,"I40","Acute myocarditis","acute but illdefined cerebrovascular disease","74","acute cerebrovascular disease"
"10_9","ICD-9-CM to ICD-10-CA","ClinicalBERT","437","has a reference match",2038,0.839,0.051,0.639,0.805,0.848,0.88,0.951,"A53","Other and unspecified syphilis","other and illdefined cerebrovascular disease","76","other and illdefined cerebrovascular disease"
"10_9","ICD-9-CM to ICD-10-CA","ClinicalBERT","438","has a reference match",2038,0.868,0.036,0.709,0.847,0.874,0.896,0.957,"I69","Sequelae of cerebrovascular disease","late effects of cerebrovascular disease","76","other and illdefined cerebrovascular disease"
"10_9","ICD-9-CM to ICD-10-CA","ClinicalBERT","440","has a reference match",2038,0.841,0.048,0.661,0.805,0.845,0.882,1,"I70","Atherosclerosis","atherosclerosis","77","other circulatory disease"
"10_9","ICD-9-CM to ICD-10-CA","ClinicalBERT","441","has a reference match",2038,0.815,0.043,0.64,0.785,0.815,0.846,1,"I71","Aortic aneurysm and dissection","aortic aneurysm and dissection","77","other circulatory disease"
"10_9","ICD-9-CM to ICD-10-CA","ClinicalBERT","442","has a reference match",2038,0.801,0.041,0.66,0.773,0.802,0.831,0.974,"I72","Other aneurysm and dissection","other aneurysm","77","other circulatory disease"
"10_9","ICD-9-CM to ICD-10-CA","ClinicalBERT","443","has a reference match",2038,0.825,0.066,0.616,0.775,0.83,0.88,0.988,"I73","Other peripheral vascular diseases","other peripheral vascular disease","77","other circulatory disease"
"10_9","ICD-9-CM to ICD-10-CA","ClinicalBERT","444","has a reference match",2038,0.848,0.041,0.657,0.821,0.851,0.88,1,"I74","Arterial embolism and thrombosis","arterial embolism and thrombosis","78","aortic and peripheral arterial embolism or thrombosis"
"10_9","ICD-9-CM to ICD-10-CA","ClinicalBERT","445","no reference match",2038,0.817,0.037,0.687,0.791,0.819,0.845,0.935,"I74","Arterial embolism and thrombosis","atheroembolism","78","aortic and peripheral arterial embolism or thrombosis"
"10_9","ICD-9-CM to ICD-10-CA","ClinicalBERT","446","has a reference match",2038,0.872,0.048,0.676,0.84,0.879,0.91,0.972,"M30","Polyarteritis nodosa and related conditions","polyarteritis nodosa and allied conditions","77","other circulatory disease"
"10_9","ICD-9-CM to ICD-10-CA","ClinicalBERT","447","has a reference match",2038,0.861,0.042,0.705,0.834,0.864,0.89,1,"I77","Other disorders of arteries and arterioles","other disorders of arteries and arterioles","77","other circulatory disease"
"10_9","ICD-9-CM to ICD-10-CA","ClinicalBERT","448","has a reference match",2038,0.831,0.042,0.673,0.805,0.832,0.862,0.982,"I78","Diseases of capillaries","disease of capillaries","77","other circulatory disease"
"10_9","ICD-9-CM to ICD-10-CA","ClinicalBERT","453","has a reference match",2038,0.85,0.039,0.702,0.823,0.852,0.877,1,"I82","Other venous embolism and thrombosis","other venous embolism and thrombosis","79","phlebitis thrombophlebitis and thromboembolism"
"10_9","ICD-9-CM to ICD-10-CA","ClinicalBERT","456","has a reference match",2038,0.826,0.045,0.652,0.797,0.829,0.86,1,"I86","Varicose veins of other sites","varicose veins of other sites","80","other diseases of veins and lymphatics"
"10_9","ICD-9-CM to ICD-10-CA","ClinicalBERT","457","has a reference match",2038,0.847,0.048,0.678,0.816,0.856,0.886,0.945,"I89","Other noninfective disorders of lymphatic vessels and lymph nodes","noninfectious disorders of lymphatic channels","80","other diseases of veins and lymphatics"
"10_9","ICD-9-CM to ICD-10-CA","ClinicalBERT","459","has a reference match",2038,0.853,0.044,0.688,0.825,0.855,0.881,0.971,"N39","Other disorders of urinary system","other disorders of circulatory system","80","other diseases of veins and lymphatics"
"10_9","ICD-9-CM to ICD-10-CA","ClinicalBERT","472","has a reference match",2038,0.867,0.045,0.695,0.837,0.872,0.901,0.986,"J37","Chronic laryngitis and laryngotracheitis","chronic pharyngitis and nasopharyngitis","81","other upper respiratory disease"
"10_9","ICD-9-CM to ICD-10-CA","ClinicalBERT","473","has a reference match",2038,0.824,0.075,0.593,0.768,0.825,0.886,1,"J32","Chronic sinusitis","chronic sinusitis","82","other upper respiratory infections"
"10_9","ICD-9-CM to ICD-10-CA","ClinicalBERT","474","has a reference match",2038,0.866,0.047,0.69,0.832,0.872,0.904,0.992,"J35","Chronic diseases of tonsils and adenoids","chronic disease of tonsils and adenoids","83","acute and chronic tonsillitis"
"10_9","ICD-9-CM to ICD-10-CA","ClinicalBERT","476","has a reference match",2038,0.861,0.049,0.668,0.824,0.867,0.899,1,"J37","Chronic laryngitis and laryngotracheitis","chronic laryngitis and laryngotracheitis","81","other upper respiratory disease"
"10_9","ICD-9-CM to ICD-10-CA","ClinicalBERT","477","has a reference match",2038,0.824,0.066,0.616,0.776,0.826,0.877,0.968,"L23","Allergic contact dermatitis","allergic rhinitis","81","other upper respiratory disease"
"10_9","ICD-9-CM to ICD-10-CA","ClinicalBERT","478","has a reference match",2038,0.848,0.044,0.686,0.82,0.848,0.876,1,"J39","Other diseases of upper respiratory tract","other diseases of upper respiratory tract","81","other upper respiratory disease"
"10_9","ICD-9-CM to ICD-10-CA","ClinicalBERT","491","has a reference match",2038,0.83,0.07,0.599,0.779,0.831,0.886,0.986,"J32","Chronic sinusitis","chronic bronchitis","84","chronic obstructive pulmonary disease copd"
"10_9","ICD-9-CM to ICD-10-CA","ClinicalBERT","492","has a reference match",2038,0.83,0.058,0.622,0.789,0.833,0.876,1,"J43","Emphysema","emphysema","84","chronic obstructive pulmonary disease copd"
"10_9","ICD-9-CM to ICD-10-CA","ClinicalBERT","493","has a reference match",2038,0.805,0.074,0.592,0.749,0.803,0.863,1,"J45","Asthma","asthma","85","asthma"
"10_9","ICD-9-CM to ICD-10-CA","ClinicalBERT","494","has a reference match",2038,0.857,0.051,0.661,0.824,0.864,0.896,1,"J47","Bronchiectasis","bronchiectasis","84","chronic obstructive pulmonary disease copd"
"10_9","ICD-9-CM to ICD-10-CA","ClinicalBERT","495","has a reference match",2038,0.853,0.04,0.7,0.828,0.86,0.884,0.941,"D65","Disseminated intravascular coagulation [defibrination syndrome]","extrinsic allergic alveolitis","86","lung disease due to external agents"
"10_9","ICD-9-CM to ICD-10-CA","ClinicalBERT","496","has a reference match",2038,0.82,0.054,0.617,0.785,0.83,0.857,0.967,"N31","Neuromuscular dysfunction of bladder, not elsewhere classified","chronic airway obstruction not elsewhere classified","84","chronic obstructive pulmonary disease copd"
"10_9","ICD-9-CM to ICD-10-CA","ClinicalBERT","500","has a reference match",2038,0.857,0.038,0.691,0.832,0.861,0.883,0.96,"J60","Coalworker's pneumoconiosis","coal workers pneumoconiosis","86","lung disease due to external agents"
"10_9","ICD-9-CM to ICD-10-CA","ClinicalBERT","501","has a reference match",2038,0.798,0.081,0.567,0.737,0.797,0.864,0.968,"J45","Asthma","asbestosis","86","lung disease due to external agents"
"10_9","ICD-9-CM to ICD-10-CA","ClinicalBERT","502","has a reference match",2038,0.838,0.038,0.704,0.815,0.842,0.864,0.988,"J63","Pneumoconiosis due to other inorganic dusts","pneumoconiosis due to other silica or silicates","86","lung disease due to external agents"
"10_9","ICD-9-CM to ICD-10-CA","ClinicalBERT","503","has a reference match",2038,0.818,0.043,0.674,0.792,0.822,0.849,0.982,"J63","Pneumoconiosis due to other inorganic dusts","pneumoconiosis due to other inorganic dust","86","lung disease due to external agents"
"10_9","ICD-9-CM to ICD-10-CA","ClinicalBERT","504","has a reference match",2038,0.841,0.037,0.707,0.817,0.844,0.868,0.956,"J63","Pneumoconiosis due to other inorganic dusts","pneumonopathy due to inhalation of other dust","86","lung disease due to external agents"
"10_9","ICD-9-CM to ICD-10-CA","ClinicalBERT","505","has a reference match",2038,0.8,0.053,0.603,0.766,0.806,0.838,0.962,"J64","Unspecified pneumoconiosis","pneumoconiosis unspecified","86","lung disease due to external agents"
"10_9","ICD-9-CM to ICD-10-CA","ClinicalBERT","506","has a reference match",2038,0.809,0.056,0.614,0.77,0.82,0.85,0.948,"J68","Respiratory conditions due to inhalation of chemicals, gases, fumes and vapours","respiratory conditions due to chemical fumes and vapors","86","lung disease due to external agents"
"10_9","ICD-9-CM to ICD-10-CA","ClinicalBERT","508","has a reference match",2038,0.835,0.049,0.652,0.804,0.841,0.871,0.975,"J70","Respiratory conditions due to other external agents","respiratory conditions due to other and unspecified external agents","86","lung disease due to external agents"
"10_9","ICD-9-CM to ICD-10-CA","ClinicalBERT","512","has a reference match",2038,0.802,0.036,0.649,0.779,0.8,0.826,0.954,"J93","Pneumothorax","pneumothorax and air leak","87","other lower respiratory disease"
"10_9","ICD-9-CM to ICD-10-CA","ClinicalBERT","514","has a reference match",2038,0.773,0.04,0.602,0.75,0.777,0.8,0.902,"J81","Pulmonary oedema","pulmonary congestion and hypostasis","87","other lower respiratory disease"
"10_9","ICD-9-CM to ICD-10-CA","ClinicalBERT","515","no reference match",2038,0.854,0.046,0.68,0.821,0.861,0.891,0.949,"M45","Ankylosing spondylitis","postinflammatory pulmonary fibrosis","87","other lower respiratory disease"
"10_9","ICD-9-CM to ICD-10-CA","ClinicalBERT","516","has a reference match",2038,0.862,0.047,0.673,0.83,0.869,0.9,0.962,"N15","Other renal tubulo-interstitial diseases","other alveolar and parietoalveolar pneumonopathy","87","other lower respiratory disease"
"10_9","ICD-9-CM to ICD-10-CA","ClinicalBERT","517","has a reference match",2038,0.812,0.054,0.616,0.778,0.814,0.852,0.95,"M73","Soft tissue disorders in diseases classified elsewhere","lung involvement in conditions classified elsewhere","87","other lower respiratory disease"
"10_9","ICD-9-CM to ICD-10-CA","ClinicalBERT","518","has a reference match",2038,0.838,0.049,0.667,0.804,0.841,0.872,0.987,"K76","Other diseases of liver","other diseases of lung","88","respiratory failure pulmonary collapse"
"10_9","ICD-9-CM to ICD-10-CA","ClinicalBERT","523","has a reference match",2038,0.869,0.05,0.667,0.835,0.875,0.909,0.988,"K05","Gingivitis and periodontal diseases","gingival and periodontal diseases","89","disorders of teeth and jaw"
"10_9","ICD-9-CM to ICD-10-CA","ClinicalBERT","525","has a reference match",2038,0.745,0.052,0.543,0.709,0.747,0.785,0.929,"K08","Other disorders of teeth and supporting structures","other diseases and conditions of the teeth and supporting structures","89","disorders of teeth and jaw"
"10_9","ICD-9-CM to ICD-10-CA","ClinicalBERT","530","has a reference match",2038,0.839,0.043,0.659,0.81,0.843,0.873,0.964,"K11","Diseases of salivary glands","diseases of oesophagus","90","esophageal disorders"
"10_9","ICD-9-CM to ICD-10-CA","ClinicalBERT","531","has a reference match",2038,0.824,0.062,0.608,0.779,0.825,0.874,1,"K25","Gastric ulcer","gastric ulcer","91","gasduo ulcer without hemorrhage"
"10_9","ICD-9-CM to ICD-10-CA","ClinicalBERT","532","has a reference match",2038,0.847,0.045,0.672,0.816,0.851,0.882,1,"K26","Duodenal ulcer","duodenal ulcer","91","gasduo ulcer without hemorrhage"
"10_9","ICD-9-CM to ICD-10-CA","ClinicalBERT","533","has a reference match",2038,0.8,0.039,0.639,0.778,0.807,0.828,1,"K27","Peptic ulcer, site unspecified","peptic ulcer site unspecified","91","gasduo ulcer without hemorrhage"
"10_9","ICD-9-CM to ICD-10-CA","ClinicalBERT","534","has a reference match",2038,0.84,0.047,0.664,0.807,0.844,0.877,1,"K28","Gastrojejunal ulcer","gastrojejunal ulcer","91","gasduo ulcer without hemorrhage"
"10_9","ICD-9-CM to ICD-10-CA","ClinicalBERT","535","has a reference match",2038,0.864,0.042,0.693,0.837,0.869,0.896,1,"K29","Gastritis and duodenitis","gastritis and duodenitis","92","gastritis and duodenitis"
"10_9","ICD-9-CM to ICD-10-CA","ClinicalBERT","537","has a reference match",2038,0.851,0.043,0.69,0.822,0.852,0.88,1,"K31","Other diseases of stomach and duodenum","other diseases of stomach and duodenum","93","other disorders of stomach and duodenum"
"10_9","ICD-9-CM to ICD-10-CA","ClinicalBERT","555","has a reference match",2038,0.836,0.054,0.628,0.801,0.846,0.879,0.94,"E31","Polyglandular dysfunction","regional enteritis","94","regional enteritis and ulcerative colitis"
"10_9","ICD-9-CM to ICD-10-CA","ClinicalBERT","556","has a reference match",2038,0.855,0.056,0.654,0.816,0.859,0.899,1,"K51","Ulcerative colitis","ulcerative colitis","94","regional enteritis and ulcerative colitis"
"10_9","ICD-9-CM to ICD-10-CA","ClinicalBERT","557","has a reference match",2038,0.858,0.041,0.667,0.831,0.863,0.89,0.972,"K55","Vascular disorders of intestine","vascular insufficiency of intestine","77","other circulatory disease"
"10_9","ICD-9-CM to ICD-10-CA","ClinicalBERT","558","has a reference match",2038,0.849,0.041,0.695,0.822,0.854,0.88,0.964,"A09","Other gastroenteritis and colitis of infectious and unspecified origin","other and unspecified noninfectious gastroenteritis and colitis","95","noninfectious gastroenteritis"
"10_9","ICD-9-CM to ICD-10-CA","ClinicalBERT","562","has a reference match",2038,0.863,0.037,0.72,0.839,0.865,0.891,0.969,"K57","Diverticular disease of intestine","diverticula of intestine","96","diverticulosis and diverticulitis"
"10_9","ICD-9-CM to ICD-10-CA","ClinicalBERT","564","has a reference match",2038,0.835,0.053,0.638,0.798,0.845,0.875,0.965,"G98","Other disorders of nervous system, not elsewhere classified","functional digestive disorders not elsewhere classified","97","other gastrointestinal disorders"
"10_9","ICD-9-CM to ICD-10-CA","ClinicalBERT","571","has a reference match",2038,0.847,0.042,0.674,0.82,0.852,0.879,0.941,"K29","Gastritis and duodenitis","chronic liver disease and cirrhosis","98","hepatitis and other liver diseases"
"10_9","ICD-9-CM to ICD-10-CA","ClinicalBERT","572","has a reference match",2038,0.845,0.039,0.678,0.819,0.848,0.874,0.93,"K12","Stomatitis and related lesions","liver abscess and sequelae of chronic liver disease","98","hepatitis and other liver diseases"
"10_9","ICD-9-CM to ICD-10-CA","ClinicalBERT","573","has a reference match",2038,0.842,0.048,0.672,0.808,0.844,0.875,1,"K76","Other diseases of liver","other diseases of liver","98","hepatitis and other liver diseases"
"10_9","ICD-9-CM to ICD-10-CA","ClinicalBERT","575","has a reference match",2038,0.861,0.046,0.685,0.83,0.866,0.894,0.985,"K82","Other diseases of gallbladder","other disorders of gallbladder","99","biliary tract disease"
"10_9","ICD-9-CM to ICD-10-CA","ClinicalBERT","576","has a reference match",2038,0.855,0.043,0.696,0.828,0.857,0.884,0.987,"K83","Other diseases of biliary tract","other disorders of biliary tract","99","biliary tract disease"
"10_9","ICD-9-CM to ICD-10-CA","ClinicalBERT","577","has a reference match",2038,0.855,0.039,0.678,0.831,0.858,0.885,0.95,"K11","Diseases of salivary glands","diseases of pancreas","100","pancreatic disorders excluding diabetes"
"10_9","ICD-9-CM to ICD-10-CA","ClinicalBERT","579","has a reference match",2038,0.85,0.036,0.715,0.828,0.852,0.875,1,"K90","Intestinal malabsorption","intestinal malabsorption","97","other gastrointestinal disorders"
"10_9","ICD-9-CM to ICD-10-CA","ClinicalBERT","581","has a reference match",2038,0.846,0.054,0.656,0.807,0.849,0.89,1,"N04","Nephrotic syndrome","nephrotic syndrome","101","chronic kideny disease and related conditions"
"10_9","ICD-9-CM to ICD-10-CA","ClinicalBERT","582","has a reference match",2038,0.827,0.069,0.602,0.775,0.827,0.882,0.977,"J32","Chronic sinusitis","chronic glomerulonephritis","101","chronic kideny disease and related conditions"
"10_9","ICD-9-CM to ICD-10-CA","ClinicalBERT","583","has a reference match",2038,0.853,0.037,0.713,0.83,0.858,0.881,0.973,"N12","Tubulo-interstitial nephritis, not specified as acute or chronic","nephritis and nephropathy not specified as acute or chronic","101","chronic kideny disease and related conditions"
"10_9","ICD-9-CM to ICD-10-CA","ClinicalBERT","585","has a reference match",2038,0.827,0.065,0.62,0.777,0.827,0.878,1,"N18","Chronic kidney disease","chronic kidney disease","101","chronic kideny disease and related conditions"
"10_9","ICD-9-CM to ICD-10-CA","ClinicalBERT","586","has a reference match",2038,0.828,0.039,0.664,0.803,0.834,0.857,0.946,"N19","Unspecified kidney failure","renal failure unspecified","101","chronic kideny disease and related conditions"
"10_9","ICD-9-CM to ICD-10-CA","ClinicalBERT","587","has a reference match",2038,0.807,0.062,0.59,0.761,0.818,0.858,0.923,"N23","Unspecified renal colic","renal sclerosis unspecified","101","chronic kideny disease and related conditions"
"10_9","ICD-9-CM to ICD-10-CA","ClinicalBERT","588","has a reference match",2038,0.815,0.034,0.69,0.794,0.817,0.838,0.993,"N25","Disorders resulting from impaired renal tubular function","disorders resulting from impaired renal function","102","other diseases of kidney and ureters"
"10_9","ICD-9-CM to ICD-10-CA","ClinicalBERT","590","has a reference match",2038,0.844,0.036,0.706,0.824,0.849,0.869,0.954,"O23","Infections of genitourinary tract in pregnancy","infections of kidney","103","urinary tract infections"
"10_9","ICD-9-CM to ICD-10-CA","ClinicalBERT","595","has a reference match",2038,0.79,0.082,0.552,0.728,0.787,0.854,1,"N30","Cystitis","cystitis","103","urinary tract infections"
"10_9","ICD-9-CM to ICD-10-CA","ClinicalBERT","596","has a reference match",2038,0.864,0.044,0.703,0.835,0.869,0.894,1,"N32","Other disorders of bladder","other disorders of bladder","104","other diseases of bladder and urethra"
"10_9","ICD-9-CM to ICD-10-CA","ClinicalBERT","599","has a reference match",2038,0.853,0.047,0.656,0.824,0.857,0.887,0.967,"K66","Other disorders of peritoneum","other disorders of urethra and urinary tract","104","other diseases of bladder and urethra"
"10_9","ICD-9-CM to ICD-10-CA","ClinicalBERT","600","has a reference match",2038,0.825,0.062,0.612,0.775,0.829,0.879,1,"N40","Hyperplasia of prostate","hyperplasia of prostate","105","hyperplasia of prostate"
"10_9","ICD-9-CM to ICD-10-CA","ClinicalBERT","601","has a reference match",2038,0.85,0.049,0.654,0.815,0.855,0.89,1,"N41","Inflammatory diseases of prostate","inflammatory diseases of prostate","106","other male genital disorders"
"10_9","ICD-9-CM to ICD-10-CA","ClinicalBERT","607","has a reference match",2038,0.849,0.037,0.712,0.828,0.852,0.875,0.959,"N48","Other disorders of penis","disorders of penis","106","other male genital disorders"
"10_9","ICD-9-CM to ICD-10-CA","ClinicalBERT","610","has a reference match",2038,0.86,0.049,0.675,0.824,0.866,0.901,0.985,"N60","Benign mammary dysplasia","benign mammary dysplasias","107","nonmalignant breast conditions"
"10_9","ICD-9-CM to ICD-10-CA","ClinicalBERT","614","has a reference match",2038,0.852,0.045,0.687,0.822,0.853,0.883,0.959,"N71","Inflammatory disease of uterus, except cervix","inflammatory disease of ovary fallopian tube pelvic cellular tissue and peritoneum","108","other female genital disorders"
"10_9","ICD-9-CM to ICD-10-CA","ClinicalBERT","615","has a reference match",2038,0.861,0.044,0.686,0.834,0.866,0.893,0.987,"N71","Inflammatory disease of uterus, except cervix","inflammatory diseases of uterus except cervix","108","other female genital disorders"
"10_9","ICD-9-CM to ICD-10-CA","ClinicalBERT","617","has a reference match",2038,0.835,0.068,0.614,0.785,0.838,0.889,1,"N80","Endometriosis","endometriosis","108","other female genital disorders"
"10_9","ICD-9-CM to ICD-10-CA","ClinicalBERT","618","has a reference match",2038,0.841,0.051,0.651,0.803,0.843,0.883,0.948,"N35","Urethral stricture","genital prolapse","110","prolapse of female genital organs"
"10_9","ICD-9-CM to ICD-10-CA","ClinicalBERT","619","has a reference match",2038,0.834,0.052,0.628,0.802,0.839,0.874,0.995,"N82","Fistulae involving female genital tract","fistula involving female genital tract","108","other female genital disorders"
"10_9","ICD-9-CM to ICD-10-CA","ClinicalBERT","621","has a reference match",2038,0.829,0.05,0.629,0.799,0.836,0.862,0.972,"E30","Disorders of puberty, not elsewhere classified","disorders of uterus not elsewhere classified","108","other female genital disorders"
"10_9","ICD-9-CM to ICD-10-CA","ClinicalBERT","625","has a reference match",2038,0.805,0.053,0.597,0.768,0.809,0.847,0.976,"N94","Pain and other conditions associated with female genital organs and menstrual cycle","pain and other symptoms associated with female genital organs","108","other female genital disorders"
"10_9","ICD-9-CM to ICD-10-CA","ClinicalBERT","626","has a reference match",2038,0.833,0.054,0.613,0.796,0.84,0.875,0.942,"N21","Calculus of lower urinary tract","disorders of menstruation and other abnormal bleeding from female genital tract","109","menstrual disorders"
"10_9","ICD-9-CM to ICD-10-CA","ClinicalBERT","627","has a reference match",2038,0.853,0.042,0.697,0.824,0.859,0.886,0.98,"N95","Menopausal and other perimenopausal disorders","menopausal and postmenopausal disorders","111","menopausal disorders"
"10_9","ICD-9-CM to ICD-10-CA","ClinicalBERT","628","has a reference match",2038,0.836,0.043,0.668,0.806,0.842,0.869,1,"N97","Female infertility","female infertility","112","female infertility"
"10_9","ICD-9-CM to ICD-10-CA","ClinicalBERT","629","has a reference match",2038,0.843,0.044,0.668,0.816,0.845,0.872,0.998,"N50","Other disorders of male genital organs","other disorders of female genital organs","108","other female genital disorders"
"10_9","ICD-9-CM to ICD-10-CA","ClinicalBERT","691","has a reference match",2038,0.852,0.045,0.664,0.823,0.858,0.886,0.955,"H70","Mastoiditis and related conditions","atopic dermatitis and related conditions","113","allergic reactions"
"10_9","ICD-9-CM to ICD-10-CA","ClinicalBERT","694","has a reference match",2038,0.84,0.042,0.678,0.814,0.848,0.873,0.935,"B35","Dermatophytosis","bullous dermatoses","114","other inflammatory condition of skin"
"10_9","ICD-9-CM to ICD-10-CA","ClinicalBERT","695","has a reference match",2038,0.747,0.035,0.633,0.724,0.746,0.769,0.934,"L52","Erythema nodosum","erythematous conditions","114","other inflammatory condition of skin"
"10_9","ICD-9-CM to ICD-10-CA","ClinicalBERT","696","has a reference match",2038,0.865,0.04,0.698,0.841,0.87,0.894,0.959,"M07","Psoriatic and enteropathic arthropathies","psoriasis and similar disorders","114","other inflammatory condition of skin"
"10_9","ICD-9-CM to ICD-10-CA","ClinicalBERT","701","has a reference match",2038,0.829,0.048,0.646,0.797,0.833,0.865,0.955,"M95","Other acquired deformities of musculoskeletal system and connective tissue","other hypertrophic and atrophic conditions of skin","115","other skin disorders"
"10_9","ICD-9-CM to ICD-10-CA","ClinicalBERT","705","has a reference match",2038,0.82,0.058,0.621,0.778,0.824,0.867,0.976,"E32","Diseases of thymus","diseases of sweat glands","115","other skin disorders"
"10_9","ICD-9-CM to ICD-10-CA","ClinicalBERT","707","has a reference match",2038,0.849,0.037,0.702,0.826,0.855,0.877,0.939,"L90","Atrophic disorders of skin","chronic ulcer of skin","116","chronic ulcer of skin"
"10_9","ICD-9-CM to ICD-10-CA","ClinicalBERT","710","has a reference match",2038,0.841,0.043,0.67,0.815,0.848,0.873,0.936,"L72","Follicular cysts of skin and subcutaneous tissue","diffuse diseases of connective tissue","117","systemic lupus erythematosus and connective tissue disorders"
"10_9","ICD-9-CM to ICD-10-CA","ClinicalBERT","712","has a reference match",2038,0.845,0.058,0.634,0.801,0.847,0.891,0.96,"M02","Reactive arthropathies","crystal arthropathies","37","gout and other crystal arthropathies"
"10_9","ICD-9-CM to ICD-10-CA","ClinicalBERT","713","has a reference match",2038,0.827,0.05,0.611,0.795,0.83,0.862,0.955,"G59","Mononeuropathy in diseases classified elsewhere","arthropathy associated with other disorders classified elsewhere","118","joint disorders"
"10_9","ICD-9-CM to ICD-10-CA","ClinicalBERT","714","has a reference match",2038,0.862,0.044,0.693,0.833,0.868,0.895,0.969,"M07","Psoriatic and enteropathic arthropathies","rheumatoid arthritis and other inflammatory polyarthropathies","119","rheumatoid arthritis and related disease"
"10_9","ICD-9-CM to ICD-10-CA","ClinicalBERT","715","has a reference match",2038,0.851,0.06,0.635,0.806,0.854,0.9,0.97,"M87","Osteonecrosis","osteoarthrosis and allied disorders","120","osteoarthritis"
"10_9","ICD-9-CM to ICD-10-CA","ClinicalBERT","716","has a reference match",2038,0.859,0.04,0.697,0.832,0.865,0.888,0.946,"M67","Other disorders of synovium and tendon","other and unspecified arthropathies","118","joint disorders"
"10_9","ICD-9-CM to ICD-10-CA","ClinicalBERT","717","has a reference match",2038,0.841,0.04,0.695,0.816,0.842,0.867,1,"M23","Internal derangement of knee","internal derangement of knee","118","joint disorders"
"10_9","ICD-9-CM to ICD-10-CA","ClinicalBERT","718","has a reference match",2038,0.861,0.036,0.705,0.839,0.865,0.885,0.958,"H01","Other inflammation of eyelid","other derangement of joint","118","joint disorders"
"10_9","ICD-9-CM to ICD-10-CA","ClinicalBERT","719","has a reference match",2038,0.848,0.041,0.684,0.822,0.851,0.88,0.953,"I99","Other and unspecified disorders of circulatory system","other and unspecified disorders of joint","118","joint disorders"
"10_9","ICD-9-CM to ICD-10-CA","ClinicalBERT","720","has a reference match",2038,0.864,0.043,0.707,0.836,0.869,0.897,0.958,"M45","Ankylosing spondylitis","ankylosing spondylitis and other inflammatory spondylopathies","121","spondylosis intervertebral disc disorders other back problems"
"10_9","ICD-9-CM to ICD-10-CA","ClinicalBERT","721","has a reference match",2038,0.858,0.049,0.67,0.824,0.864,0.897,0.957,"B70","Diphyllobothriasis and sparganosis","spondylosis and allied disorders","121","spondylosis intervertebral disc disorders other back problems"
"10_9","ICD-9-CM to ICD-10-CA","ClinicalBERT","722","has a reference match",2038,0.856,0.045,0.686,0.825,0.862,0.891,0.957,"M50","Cervical disc disorders","intervertebral disc disorders","121","spondylosis intervertebral disc disorders other back problems"
"10_9","ICD-9-CM to ICD-10-CA","ClinicalBERT","730","has a reference match",2038,0.863,0.042,0.702,0.836,0.869,0.895,0.949,"M30","Polyarteritis nodosa and related conditions","osteomyelitis periostitis and other infections involving bone","122","infective arthritis and osteomyelitis"
"10_9","ICD-9-CM to ICD-10-CA","ClinicalBERT","731","has a reference match",2038,0.791,0.058,0.562,0.755,0.793,0.834,0.957,"M03","Postinfective and reactive arthropathies in diseases classified elsewhere","osteitis deformans and osteopathies associated with other disorders classified elsewhere","123","osteoporosis and other bone disease"
"10_9","ICD-9-CM to ICD-10-CA","ClinicalBERT","732","has a reference match",2038,0.834,0.07,0.603,0.781,0.835,0.889,0.982,"M87","Osteonecrosis","osteochondropathies","123","osteoporosis and other bone disease"
"10_9","ICD-9-CM to ICD-10-CA","ClinicalBERT","733","has a reference match",2038,0.862,0.043,0.711,0.835,0.864,0.89,0.986,"M94","Other disorders of cartilage","other disorders of bone and cartilage","123","osteoporosis and other bone disease"
"10_9","ICD-9-CM to ICD-10-CA","ClinicalBERT","735","has a reference match",2038,0.821,0.044,0.655,0.792,0.826,0.852,0.965,"M20","Acquired deformities of fingers and toes","acquired deformities of toe","124","acquired foot deformities"
"10_9","ICD-9-CM to ICD-10-CA","ClinicalBERT","737","has a reference match",2038,0.78,0.046,0.622,0.749,0.785,0.81,0.899,"S03","Dislocation, sprain and strain of joints and ligaments of head","curvature of spine","125","other acquired deformities"
"10_9","ICD-9-CM to ICD-10-CA","ClinicalBERT","740","has a reference match",2038,0.846,0.035,0.706,0.822,0.85,0.872,0.966,"Q00","Anencephaly and similar malformations","anencephalus and similar anomalies","126","nervous system congenital anomalies"
"10_9","ICD-9-CM to ICD-10-CA","ClinicalBERT","741","has a reference match",2038,0.779,0.067,0.558,0.733,0.784,0.831,1,"Q05","Spina bifida","spina bifida","126","nervous system congenital anomalies"
"10_9","ICD-9-CM to ICD-10-CA","ClinicalBERT","742","has a reference match",2038,0.822,0.05,0.664,0.783,0.821,0.857,0.992,"Q07","Other congenital malformations of nervous system","other congenital anomalies of nervous system","126","nervous system congenital anomalies"
"10_9","ICD-9-CM to ICD-10-CA","ClinicalBERT","743","has a reference match",2038,0.831,0.039,0.668,0.806,0.83,0.857,0.978,"Q30","Congenital malformations of nose","congenital anomalies of eye","127","other congenital anomalies"
"10_9","ICD-9-CM to ICD-10-CA","ClinicalBERT","744","has a reference match",2038,0.83,0.043,0.637,0.805,0.832,0.858,0.977,"Q10","Congenital malformations of eyelid, lacrimal apparatus and orbit","congenital anomalies of ear face and neck","127","other congenital anomalies"
"10_9","ICD-9-CM to ICD-10-CA","ClinicalBERT","745","has a reference match",2038,0.836,0.046,0.66,0.808,0.841,0.872,0.937,"N83","Noninflammatory disorders of ovary, fallopian tube and broad ligament","bulbus cordis anomalies and anomalies of cardiac septal closure","128","cardiac and circulatory congenital anomalies"
"10_9","ICD-9-CM to ICD-10-CA","ClinicalBERT","746","has a reference match",2038,0.827,0.044,0.672,0.796,0.828,0.855,0.988,"Q24","Other congenital malformations of heart","other congenital anomalies of heart","128","cardiac and circulatory congenital anomalies"
"10_9","ICD-9-CM to ICD-10-CA","ClinicalBERT","747","has a reference match",2038,0.837,0.044,0.67,0.806,0.838,0.866,0.989,"Q28","Other congenital malformations of circulatory system","other congenital anomalies of circulatory system","128","cardiac and circulatory congenital anomalies"
"10_9","ICD-9-CM to ICD-10-CA","ClinicalBERT","748","has a reference match",2038,0.832,0.043,0.672,0.801,0.834,0.864,0.971,"Q33","Congenital malformations of lung","congenital anomalies of respiratory system","127","other congenital anomalies"
"10_9","ICD-9-CM to ICD-10-CA","ClinicalBERT","749","has a reference match",2038,0.847,0.032,0.706,0.827,0.847,0.869,0.985,"Q37","Cleft palate with cleft lip","cleft palate and cleft lip","127","other congenital anomalies"
"10_9","ICD-9-CM to ICD-10-CA","ClinicalBERT","750","has a reference match",2038,0.85,0.043,0.659,0.822,0.852,0.879,0.989,"Q40","Other congenital malformations of upper alimentary tract","other congenital anomalies of upper alimentary tract","129","digestive congenital anomalies"
"10_9","ICD-9-CM to ICD-10-CA","ClinicalBERT","751","has a reference match",2038,0.84,0.047,0.67,0.805,0.842,0.873,0.991,"Q45","Other congenital malformations of digestive system","other congenital anomalies of digestive system","129","digestive congenital anomalies"
"10_9","ICD-9-CM to ICD-10-CA","ClinicalBERT","752","has a reference match",2038,0.828,0.042,0.64,0.805,0.83,0.856,0.97,"Q31","Congenital malformations of larynx","congenital anomalies of genital organs","130","genitourinary congenital anomalies"
"10_9","ICD-9-CM to ICD-10-CA","ClinicalBERT","753","has a reference match",2038,0.84,0.043,0.671,0.812,0.842,0.87,0.971,"Q44","Congenital malformations of gallbladder, bile ducts and liver","congenital anomalies of urinary system","130","genitourinary congenital anomalies"
"10_9","ICD-9-CM to ICD-10-CA","ClinicalBERT","754","has a reference match",2038,0.817,0.045,0.655,0.785,0.819,0.85,0.949,"Q68","Other congenital musculoskeletal deformities","certain congenital musculoskeletal deformities","127","other congenital anomalies"
"10_9","ICD-9-CM to ICD-10-CA","ClinicalBERT","755","has a reference match",2038,0.826,0.042,0.66,0.799,0.825,0.852,0.975,"Q04","Other congenital malformations of brain","other congenital anomalies of limbs","127","other congenital anomalies"
"10_9","ICD-9-CM to ICD-10-CA","ClinicalBERT","756","has a reference match",2038,0.827,0.053,0.655,0.785,0.826,0.867,0.99,"Q68","Other congenital musculoskeletal deformities","other congenital musculoskeletal anomalies","127","other congenital anomalies"
"10_9","ICD-9-CM to ICD-10-CA","ClinicalBERT","757","has a reference match",2038,0.812,0.05,0.596,0.78,0.817,0.848,0.956,"Q14","Congenital malformations of posterior segment of eye","congenital anomalies of the integument","127","other congenital anomalies"
"10_9","ICD-9-CM to ICD-10-CA","ClinicalBERT","758","has a reference match",2038,0.836,0.052,0.641,0.801,0.846,0.876,0.931,"H34","Retinal vascular occlusions","chromosomal anomalies","127","other congenital anomalies"
"10_9","ICD-9-CM to ICD-10-CA","ClinicalBERT","759","has a reference match",2038,0.819,0.039,0.644,0.794,0.82,0.847,0.93,"Q43","Other congenital malformations of intestine","other and unspecified congenital anomalies","127","other congenital anomalies"
"10_9","ICD-9-CM to ICD-10-CA","SapBERT","140","has a reference match",2038,0.205,0.083,-0.02,0.154,0.194,0.241,1,"C00","Malignant neoplasm of lip","malignant neoplasm of lip","1","cancer of head and neck"
"10_9","ICD-9-CM to ICD-10-CA","SapBERT","141","has a reference match",2038,0.163,0.09,-0.047,0.105,0.153,0.204,0.815,"C01","Malignant neoplasm of base of tongue","malignant neoplasm of tongue","1","cancer of head and neck"
"10_9","ICD-9-CM to ICD-10-CA","SapBERT","142","has a reference match",2038,0.176,0.079,-0.019,0.124,0.168,0.214,0.775,"C08","Malignant neoplasm of other and unspecified major salivary glands","malignant neoplasm of major salivary glands","1","cancer of head and neck"
"10_9","ICD-9-CM to ICD-10-CA","SapBERT","143","has a reference match",2038,0.184,0.083,-0.01,0.133,0.175,0.223,1,"C03","Malignant neoplasm of gum","malignant neoplasm of gum","1","cancer of head and neck"
"10_9","ICD-9-CM to ICD-10-CA","SapBERT","144","has a reference match",2038,0.149,0.084,-0.048,0.1,0.14,0.183,1,"C04","Malignant neoplasm of floor of mouth","malignant neoplasm of floor of mouth","1","cancer of head and neck"
"10_9","ICD-9-CM to ICD-10-CA","SapBERT","145","has a reference match",2038,0.226,0.119,-0.05,0.137,0.207,0.307,1,"C06","Malignant neoplasm of other and unspecified parts of mouth","malignant neoplasm of other and unspecified parts of mouth","1","cancer of head and neck"
"10_9","ICD-9-CM to ICD-10-CA","SapBERT","146","has a reference match",2038,0.173,0.088,-0.041,0.121,0.163,0.211,1,"C10","Malignant neoplasm of oropharynx","malignant neoplasm of oropharynx","1","cancer of head and neck"
"10_9","ICD-9-CM to ICD-10-CA","SapBERT","147","has a reference match",2038,0.162,0.086,-0.069,0.114,0.155,0.201,1,"C11","Malignant neoplasm of nasopharynx","malignant neoplasm of nasopharynx","1","cancer of head and neck"
"10_9","ICD-9-CM to ICD-10-CA","SapBERT","148","has a reference match",2038,0.168,0.083,-0.06,0.119,0.16,0.204,1,"C13","Malignant neoplasm of hypopharynx","malignant neoplasm of hypopharynx","1","cancer of head and neck"
"10_9","ICD-9-CM to ICD-10-CA","SapBERT","149","has a reference match",2038,0.262,0.108,0.004,0.181,0.256,0.342,0.957,"C14","Malignant neoplasm of other and ill-defined sites in the lip, oral cavity and pharynx","malignant neoplasm of other and illdefined sites within the lip oral cavity and pharynx","1","cancer of head and neck"
"10_9","ICD-9-CM to ICD-10-CA","SapBERT","150","has a reference match",2038,0.175,0.087,-0.085,0.123,0.165,0.211,0.966,"C15","Malignant neoplasm of oesophagus","malignant neoplasm of esophagus","2","cancer of esophagus"
"10_9","ICD-9-CM to ICD-10-CA","SapBERT","151","has a reference match",2038,0.202,0.09,-0.006,0.145,0.193,0.242,1,"C16","Malignant neoplasm of stomach","malignant neoplasm of stomach","3","cancer of stomach"
"10_9","ICD-9-CM to ICD-10-CA","SapBERT","152","has a reference match",2038,0.21,0.083,-0.027,0.154,0.204,0.256,0.864,"C17","Malignant neoplasm of small intestine","malignant neoplasm of small intestine including duodenum","4","cancer of other gi organs peritoneum"
"10_9","ICD-9-CM to ICD-10-CA","SapBERT","153","has a reference match",2038,0.17,0.088,-0.027,0.117,0.16,0.206,1,"C18","Malignant neoplasm of colon","malignant neoplasm of colon","5","colon cancer"
"10_9","ICD-9-CM to ICD-10-CA","SapBERT","154","has a reference match",2038,0.179,0.078,-0.021,0.132,0.173,0.217,0.903,"C19","Malignant neoplasm of rectosigmoid junction","malignant neoplasm of rectum rectosigmoid junction and anus","6","cancer of rectum and anus"
"10_9","ICD-9-CM to ICD-10-CA","SapBERT","155","has a reference match",2038,0.21,0.081,-0.029,0.157,0.202,0.253,1,"C22","Malignant neoplasm of liver and intrahepatic bile ducts","malignant neoplasm of liver and intrahepatic bile ducts","7","cancer of liver and intrahepatic bile duct"
"10_9","ICD-9-CM to ICD-10-CA","SapBERT","156","has a reference match",2038,0.227,0.081,0.005,0.173,0.219,0.274,0.821,"C22","Malignant neoplasm of liver and intrahepatic bile ducts","malignant neoplasm of gallbladder and extrahepatic bile ducts","4","cancer of other gi organs peritoneum"
"10_9","ICD-9-CM to ICD-10-CA","SapBERT","157","has a reference match",2038,0.177,0.088,-0.015,0.125,0.168,0.215,1,"C25","Malignant neoplasm of pancreas","malignant neoplasm of pancreas","8","pancreas cancer"
"10_9","ICD-9-CM to ICD-10-CA","SapBERT","158","has a reference match",2038,0.184,0.082,-0.038,0.132,0.177,0.224,1,"C48","Malignant neoplasm of retroperitoneum and peritoneum","malignant neoplasm of retroperitoneum and peritoneum","4","cancer of other gi organs peritoneum"
"10_9","ICD-9-CM to ICD-10-CA","SapBERT","159","has a reference match",2038,0.271,0.13,-0.071,0.17,0.254,0.364,0.896,"C26","Malignant neoplasm of other and ill-defined digestive organs","malignant neoplasm of other and illdefined sites within the digestive organs and peritoneum","4","cancer of other gi organs peritoneum"
"10_9","ICD-9-CM to ICD-10-CA","SapBERT","160","has a reference match",2038,0.19,0.087,-0.071,0.136,0.184,0.237,0.863,"C30","Malignant neoplasm of nasal cavity and middle ear","malignant neoplasm of nasal cavities middle ear and accessory sinuses","1","cancer of head and neck"
"10_9","ICD-9-CM to ICD-10-CA","SapBERT","161","has a reference match",2038,0.17,0.088,-0.029,0.116,0.158,0.205,1,"C32","Malignant neoplasm of larynx","malignant neoplasm of larynx","1","cancer of head and neck"
"10_9","ICD-9-CM to ICD-10-CA","SapBERT","162","has a reference match",2038,0.186,0.084,-0.011,0.135,0.174,0.222,0.911,"C34","Malignant neoplasm of bronchus and lung","malignant neoplasm of trachea bronchus and lung","9","lung and other respiratory cancer"
"10_9","ICD-9-CM to ICD-10-CA","SapBERT","163","has a reference match",2038,0.162,0.087,-0.093,0.11,0.157,0.208,0.688,"C38","Malignant neoplasm of heart, mediastinum and pleura","malignant neoplasm of pleura","9","lung and other respiratory cancer"
"10_9","ICD-9-CM to ICD-10-CA","SapBERT","164","has a reference match",2038,0.206,0.08,-0.052,0.156,0.202,0.249,0.808,"C37","Malignant neoplasm of thymus","malignant neoplasm of thymus heart and mediastinum","10","other cancers"
"10_9","ICD-9-CM to ICD-10-CA","SapBERT","165","has a reference match",2038,0.263,0.122,-0.027,0.169,0.253,0.349,0.962,"C39","Malignant neoplasm of other and ill-defined sites in the respiratory system and intrathoracic organs","malignant neoplasm of other and illdefined sites within the respiratory system and intrathoracic organs","9","lung and other respiratory cancer"
"10_9","ICD-9-CM to ICD-10-CA","SapBERT","170","has a reference match",2038,0.22,0.083,-0.006,0.168,0.21,0.259,0.934,"C40","Malignant neoplasm of bone and articular cartilage of limbs","malignant neoplasm of bone and articular cartilage","11","cancer of bone and connective tissue"
"10_9","ICD-9-CM to ICD-10-CA","SapBERT","171","has a reference match",2038,0.233,0.1,-0.04,0.162,0.222,0.294,0.935,"C49","Malignant neoplasm of other connective and soft tissue","malignant neoplasm of connective and other soft tissue","11","cancer of bone and connective tissue"
"10_9","ICD-9-CM to ICD-10-CA","SapBERT","172","has a reference match",2038,0.164,0.094,-0.094,0.101,0.159,0.216,1,"C43","Malignant melanoma of skin","malignant melanoma of skin","12","skin melanoma"
"10_9","ICD-9-CM to ICD-10-CA","SapBERT","174","has a reference match",2038,0.214,0.084,-0.008,0.164,0.208,0.255,0.891,"C50","Malignant neoplasm of breast","malignant neoplasm of female breast","13","breast cancer"
"10_9","ICD-9-CM to ICD-10-CA","SapBERT","175","no reference match",2038,0.185,0.087,-0.03,0.13,0.177,0.225,0.774,"C50","Malignant neoplasm of breast","malignant neoplasm of male breast","13","breast cancer"
"10_9","ICD-9-CM to ICD-10-CA","SapBERT","176","has a reference match",2038,0.218,0.09,-0.002,0.154,0.217,0.275,0.977,"C46","Kaposi's sarcoma","kaposis sarcoma","10","other cancers"
"10_9","ICD-9-CM to ICD-10-CA","SapBERT","179","has a reference match",2038,0.198,0.089,-0.027,0.142,0.189,0.242,1,"C55","Malignant neoplasm of uterus, part unspecified","malignant neoplasm of uterus part unspecified","14","uterus cancer"
"10_9","ICD-9-CM to ICD-10-CA","SapBERT","180","has a reference match",2038,0.186,0.088,-0.005,0.132,0.177,0.222,1,"C53","Malignant neoplasm of cervix uteri","malignant neoplasm of cervix uteri","15","cervix cancer"
"10_9","ICD-9-CM to ICD-10-CA","SapBERT","181","has a reference match",2038,0.191,0.086,-0.042,0.137,0.182,0.233,1,"C58","Malignant neoplasm of placenta","malignant neoplasm of placenta","16","cancer of other female genital organs"
"10_9","ICD-9-CM to ICD-10-CA","SapBERT","182","has a reference match",2038,0.174,0.087,-0.04,0.12,0.164,0.211,0.893,"C54","Malignant neoplasm of corpus uteri","malignant neoplasm of body of uterus","14","uterus cancer"
"10_9","ICD-9-CM to ICD-10-CA","SapBERT","183","has a reference match",2038,0.239,0.096,-0.004,0.172,0.23,0.297,0.744,"C56","Malignant neoplasm of ovary","malignant neoplasm of ovary and other uterine adnexa","16","cancer of other female genital organs"
"10_9","ICD-9-CM to ICD-10-CA","SapBERT","184","has a reference match",2038,0.225,0.125,-0.028,0.129,0.206,0.312,1,"C57","Malignant neoplasm of other and unspecified female genital organs","malignant neoplasm of other and unspecified female genital organs","16","cancer of other female genital organs"
"10_9","ICD-9-CM to ICD-10-CA","SapBERT","185","has a reference match",2038,0.186,0.09,-0.003,0.128,0.176,0.225,1,"C61","Malignant neoplasm of prostate","malignant neoplasm of prostate","17","prostate cancer"
"10_9","ICD-9-CM to ICD-10-CA","SapBERT","186","has a reference match",2038,0.163,0.084,-0.073,0.11,0.152,0.2,1,"C62","Malignant neoplasm of testis","malignant neoplasm of testis","18","testis cancer"
"10_9","ICD-9-CM to ICD-10-CA","SapBERT","187","has a reference match",2038,0.199,0.092,-0.052,0.141,0.188,0.24,0.815,"C63","Malignant neoplasm of other and unspecified male genital organs","malignant neoplasm of penis and other male genital organs","19","cancer of other male genital organs"
"10_9","ICD-9-CM to ICD-10-CA","SapBERT","188","has a reference match",2038,0.19,0.09,-0.037,0.137,0.179,0.227,1,"C67","Malignant neoplasm of bladder","malignant neoplasm of bladder","20","bladder cancer"
"10_9","ICD-9-CM to ICD-10-CA","SapBERT","189","has a reference match",2038,0.23,0.109,-0.032,0.15,0.216,0.296,0.886,"C68","Malignant neoplasm of other and unspecified urinary organs","malignant neoplasm of kidney and other and unspecified urinary organs","21","cancer of kidney and other urinary organs"
"10_9","ICD-9-CM to ICD-10-CA","SapBERT","190","has a reference match",2038,0.175,0.09,-0.109,0.12,0.165,0.215,0.827,"C69","Malignant neoplasm of eye and adnexa","malignant neoplasm of eye","10","other cancers"
"10_9","ICD-9-CM to ICD-10-CA","SapBERT","191","has a reference match",2038,0.186,0.085,-0.019,0.135,0.174,0.221,1,"C71","Malignant neoplasm of brain","malignant neoplasm of brain","22","cancer of brain and nervous system"
"10_9","ICD-9-CM to ICD-10-CA","SapBERT","192","has a reference match",2038,0.236,0.129,-0.036,0.137,0.212,0.325,0.782,"C72","Malignant neoplasm of spinal cord, cranial nerves and other parts of central nervous system","malignant neoplasm of other and unspecified parts of nervous system","22","cancer of brain and nervous system"
"10_9","ICD-9-CM to ICD-10-CA","SapBERT","193","has a reference match",2038,0.189,0.086,-0.093,0.14,0.18,0.228,1,"C73","Malignant neoplasm of thyroid gland","malignant neoplasm of thyroid gland","23","thyroid cancer"
"10_9","ICD-9-CM to ICD-10-CA","SapBERT","194","has a reference match",2038,0.254,0.122,-0.061,0.161,0.237,0.342,1,"C75","Malignant neoplasm of other endocrine glands and related structures","malignant neoplasm of other endocrine glands and related structures","10","other cancers"
"10_9","ICD-9-CM to ICD-10-CA","SapBERT","195","has a reference match",2038,0.29,0.113,0.007,0.204,0.282,0.372,0.898,"C76","Malignant neoplasm of other and ill-defined sites","malignant neoplasm of other and illdefined sites","10","other cancers"
"10_9","ICD-9-CM to ICD-10-CA","SapBERT","196","has a reference match",2038,0.193,0.093,-0.049,0.128,0.19,0.254,1,"C77","Secondary and unspecified malignant neoplasm of lymph nodes","secondary and unspecified malignant neoplasm of lymph nodes","24","secondary malignancy"
"10_9","ICD-9-CM to ICD-10-CA","SapBERT","197","has a reference match",2038,0.25,0.094,-0.024,0.185,0.245,0.309,0.984,"C78","Secondary malignant neoplasm of respiratory and digestive organs","secondary malignant neoplasm of respiratory and digestive systems","24","secondary malignancy"
"10_9","ICD-9-CM to ICD-10-CA","SapBERT","198","has a reference match",2038,0.247,0.125,-0.045,0.15,0.231,0.329,0.942,"C79","Secondary malignant neoplasm of other and unspecified sites","secondary malignant neoplasm of other specified sites","24","secondary malignancy"
"10_9","ICD-9-CM to ICD-10-CA","SapBERT","199","has a reference match",2038,0.239,0.098,-0.04,0.18,0.235,0.289,1,"C80","Malignant neoplasm without specification of site","malignant neoplasm without specification of site","25","malignant neoplasm without specification of site"
"10_9","ICD-9-CM to ICD-10-CA","SapBERT","200","has a reference match",2038,0.228,0.089,-0.023,0.166,0.226,0.284,0.729,"C96","Other and unspecified malignant neoplasms of lymphoid, haematopoietic and related tissue","lymphosarcoma and reticulosarcoma and other specified malignant tumors of lymphatic tissue","26","nonhodgkins lymphoma"
"10_9","ICD-9-CM to ICD-10-CA","SapBERT","201","has a reference match",2038,0.223,0.095,-0.078,0.161,0.224,0.283,0.958,"C81","Hodgkin lymphoma","hodgkins disease","27","hodgkins disease"
"10_9","ICD-9-CM to ICD-10-CA","SapBERT","202","has a reference match",2038,0.227,0.101,-0.022,0.154,0.218,0.294,0.897,"C96","Other and unspecified malignant neoplasms of lymphoid, haematopoietic and related tissue","other malignant neoplasms of lymphoid and histiocytic tissue","26","nonhodgkins lymphoma"
"10_9","ICD-9-CM to ICD-10-CA","SapBERT","203","has a reference match",2038,0.247,0.079,0.022,0.196,0.243,0.295,0.868,"C90","Multiple myeloma and malignant plasma cell neoplasms","multiple myeloma and immunoproliferative neoplasms","28","multiple myeloma and leukemias"
"10_9","ICD-9-CM to ICD-10-CA","SapBERT","204","has a reference match",2038,0.168,0.071,-0.066,0.124,0.163,0.206,0.986,"C91","Lymphoid leukaemia","lymphoid leukemia","28","multiple myeloma and leukemias"
"10_9","ICD-9-CM to ICD-10-CA","SapBERT","205","has a reference match",2038,0.191,0.082,-0.078,0.135,0.189,0.243,0.985,"C92","Myeloid leukaemia","myeloid leukemia","28","multiple myeloma and leukemias"
"10_9","ICD-9-CM to ICD-10-CA","SapBERT","206","has a reference match",2038,0.21,0.081,-0.002,0.152,0.208,0.265,0.99,"C93","Monocytic leukaemia","monocytic leukemia","28","multiple myeloma and leukemias"
"10_9","ICD-9-CM to ICD-10-CA","SapBERT","207","has a reference match",2038,0.262,0.11,-0.068,0.179,0.245,0.34,0.957,"C94","Other leukaemias of specified cell type","other specified leukemia","28","multiple myeloma and leukemias"
"10_9","ICD-9-CM to ICD-10-CA","SapBERT","208","has a reference match",2038,0.182,0.083,-0.102,0.13,0.18,0.231,0.983,"C95","Leukaemia of unspecified cell type","leukemia of unspecified cell type","28","multiple myeloma and leukemias"
"10_9","ICD-9-CM to ICD-10-CA","SapBERT","209","no reference match",2038,0.214,0.073,-0.092,0.168,0.217,0.261,0.634,"D44","Neoplasm of uncertain or unknown behaviour of endocrine glands","neuroendocrine tumors","10","other cancers"
"10_9","ICD-9-CM to ICD-10-CA","SapBERT","225","has a reference match",2038,0.216,0.092,-0.055,0.156,0.207,0.264,0.933,"D33","Benign neoplasm of brain and other parts of central nervous system","benign neoplasm of brain and other parts of nervous system","29","other and unspecified benign neoplasm"
"10_9","ICD-9-CM to ICD-10-CA","SapBERT","230","has a reference match",2038,0.216,0.091,-0.027,0.154,0.21,0.273,0.844,"D01","Carcinoma in situ of other and unspecified digestive organs","carcinoma in situ of digestive organs","4","cancer of other gi organs peritoneum"
"10_9","ICD-9-CM to ICD-10-CA","SapBERT","231","has a reference match",2038,0.241,0.087,-0.024,0.185,0.238,0.292,0.695,"D02","Carcinoma in situ of middle ear and respiratory system","carcinoma in situ of respiratory system","9","lung and other respiratory cancer"
"10_9","ICD-9-CM to ICD-10-CA","SapBERT","233","has a reference match",2038,0.261,0.082,0.033,0.206,0.255,0.309,0.701,"D07","Carcinoma in situ of other and unspecified genital organs","carcinoma in situ of breast and genitourinary system","10","other cancers"
"10_9","ICD-9-CM to ICD-10-CA","SapBERT","234","has a reference match",2038,0.279,0.125,-0.055,0.189,0.261,0.368,1,"D09","Carcinoma in situ of other and unspecified sites","carcinoma in situ of other and unspecified sites","10","other cancers"
"10_9","ICD-9-CM to ICD-10-CA","SapBERT","237","has a reference match",2038,0.216,0.097,-0.032,0.151,0.208,0.272,0.899,"D44","Neoplasm of uncertain or unknown behaviour of endocrine glands","neoplasm of uncertain behavior of endocrine glands and nervous system","30","neoplasms of unspecified nature"
"10_9","ICD-9-CM to ICD-10-CA","SapBERT","238","has a reference match",2038,0.242,0.133,-0.07,0.141,0.221,0.339,0.959,"D48","Neoplasm of uncertain or unknown behaviour of other and unspecified sites","neoplasm of uncertain behavior of other and unspecified sites and tissues","30","neoplasms of unspecified nature"
"10_9","ICD-9-CM to ICD-10-CA","SapBERT","239","no reference match",2038,0.174,0.103,-0.119,0.107,0.176,0.238,0.65,"C80","Malignant neoplasm without specification of site","neoplasms of unspecified nature","30","neoplasms of unspecified nature"
"10_9","ICD-9-CM to ICD-10-CA","SapBERT","240","has a reference match",2038,0.255,0.076,0.003,0.207,0.257,0.303,0.748,"E04","Other nontoxic goitre","simple and unspecified goiter","31","thyroid disorders"
"10_9","ICD-9-CM to ICD-10-CA","SapBERT","241","has a reference match",2038,0.213,0.086,-0.045,0.155,0.212,0.271,0.78,"E04","Other nontoxic goitre","nontoxic nodular goiter","31","thyroid disorders"
"10_9","ICD-9-CM to ICD-10-CA","SapBERT","242","has a reference match",2038,0.268,0.081,-0.02,0.219,0.269,0.319,0.849,"E05","Thyrotoxicosis [hyperthyroidism]","thyrotoxicosis with or without goiter","31","thyroid disorders"
"10_9","ICD-9-CM to ICD-10-CA","SapBERT","243","has a reference match",2038,0.223,0.089,-0.006,0.167,0.22,0.28,0.755,"E00","Congenital iodine-deficiency syndrome","congenital hypothyroidism","31","thyroid disorders"
"10_9","ICD-9-CM to ICD-10-CA","SapBERT","244","has a reference match",2038,0.235,0.08,-0.025,0.184,0.235,0.287,0.756,"E03","Other hypothyroidism","acquired hypothyroidism","31","thyroid disorders"
"10_9","ICD-9-CM to ICD-10-CA","SapBERT","245","has a reference match",2038,0.217,0.098,-0.082,0.154,0.215,0.272,1,"E06","Thyroiditis","thyroiditis","31","thyroid disorders"
"10_9","ICD-9-CM to ICD-10-CA","SapBERT","246","has a reference match",2038,0.246,0.128,-0.068,0.151,0.226,0.324,1,"E07","Other disorders of thyroid","other disorders of thyroid","31","thyroid disorders"
"10_9","ICD-9-CM to ICD-10-CA","SapBERT","249","no reference match",2038,0.238,0.085,-0.001,0.185,0.237,0.29,0.852,"E11","Type 2 diabetes mellitus","secondary diabetes mellitus","32","diabetes mellitus"
"10_9","ICD-9-CM to ICD-10-CA","SapBERT","250","has a reference match",2038,0.232,0.098,-0.056,0.171,0.238,0.297,0.976,"E14","Unspecified diabetes mellitus","diabetes mellitus","32","diabetes mellitus"
"10_9","ICD-9-CM to ICD-10-CA","SapBERT","251","has a reference match",2038,0.237,0.1,-0.026,0.169,0.229,0.302,0.843,"E16","Other disorders of pancreatic internal secretion","other disorders of pancreatic internal secretiondisorders of parathyroid gland","33","other endocrine disorders"
"10_9","ICD-9-CM to ICD-10-CA","SapBERT","252","has a reference match",2038,0.175,0.083,-0.043,0.12,0.168,0.221,0.755,"E21","Hyperparathyroidism and other disorders of parathyroid gland","disorders of parathyroid gland","33","other endocrine disorders"
"10_9","ICD-9-CM to ICD-10-CA","SapBERT","253","has a reference match",2038,0.17,0.089,-0.061,0.11,0.165,0.221,0.779,"E23","Hypofunction and other disorders of pituitary gland","disorders of the pituitary gland and its hypothalamic control","33","other endocrine disorders"
"10_9","ICD-9-CM to ICD-10-CA","SapBERT","254","has a reference match",2038,0.195,0.089,-0.074,0.13,0.191,0.254,0.973,"E32","Diseases of thymus","diseases of thymus gland","33","other endocrine disorders"
"10_9","ICD-9-CM to ICD-10-CA","SapBERT","255","has a reference match",2038,0.19,0.092,-0.049,0.129,0.186,0.243,0.826,"E25","Adrenogenital disorders","disorders of adrenal glands","33","other endocrine disorders"
"10_9","ICD-9-CM to ICD-10-CA","SapBERT","256","has a reference match",2038,0.182,0.09,-0.054,0.119,0.177,0.235,1,"E28","Ovarian dysfunction","ovarian dysfunction","33","other endocrine disorders"
"10_9","ICD-9-CM to ICD-10-CA","SapBERT","257","has a reference match",2038,0.193,0.084,-0.093,0.137,0.191,0.239,1,"E29","Testicular dysfunction","testicular dysfunction","33","other endocrine disorders"
"10_9","ICD-9-CM to ICD-10-CA","SapBERT","258","has a reference match",2038,0.28,0.096,0,0.22,0.28,0.341,0.916,"E31","Polyglandular dysfunction","polyglandular dysfunction and related disorders","33","other endocrine disorders"
"10_9","ICD-9-CM to ICD-10-CA","SapBERT","259","has a reference match",2038,0.255,0.134,-0.053,0.159,0.235,0.344,1,"E34","Other endocrine disorders","other endocrine disorders","33","other endocrine disorders"
"10_9","ICD-9-CM to ICD-10-CA","SapBERT","260","has a reference match",2038,0.255,0.099,-0.006,0.185,0.243,0.315,1,"E40","Kwashiorkor","kwashiorkor","34","nutritional deficiencies"
"10_9","ICD-9-CM to ICD-10-CA","SapBERT","261","has a reference match",2038,0.27,0.093,-0.007,0.206,0.264,0.329,1,"E41","Nutritional marasmus","nutritional marasmus","34","nutritional deficiencies"
"10_9","ICD-9-CM to ICD-10-CA","SapBERT","262","has a reference match",2038,0.274,0.096,-0.019,0.208,0.267,0.339,0.831,"E43","Unspecified severe protein-energy malnutrition","other severe proteincalorie malnutrition","34","nutritional deficiencies"
"10_9","ICD-9-CM to ICD-10-CA","SapBERT","263","has a reference match",2038,0.266,0.099,-0.021,0.195,0.259,0.326,0.837,"E46","Unspecified protein-energy malnutrition","other and unspecified proteincalorie malnutrition","34","nutritional deficiencies"
"10_9","ICD-9-CM to ICD-10-CA","SapBERT","268","has a reference match",2038,0.217,0.088,-0.006,0.158,0.211,0.27,1,"E55","Vitamin D deficiency","vitamin d deficiency","34","nutritional deficiencies"
"10_9","ICD-9-CM to ICD-10-CA","SapBERT","270","has a reference match",2038,0.21,0.089,-0.019,0.149,0.206,0.264,0.803,"E72","Other disorders of amino-acid metabolism","disorders of aminoacid transport and metabolism","35","other nutritional endocrine immunity and metabolic disorders"
"10_9","ICD-9-CM to ICD-10-CA","SapBERT","271","has a reference match",2038,0.223,0.086,-0.051,0.166,0.219,0.272,0.799,"E74","Other disorders of carbohydrate metabolism","disorders of carbohydrate transport and metabolism","35","other nutritional endocrine immunity and metabolic disorders"
"10_9","ICD-9-CM to ICD-10-CA","SapBERT","272","has a reference match",2038,0.207,0.091,-0.022,0.147,0.203,0.261,0.724,"E78","Disorders of lipoprotein metabolism and other lipidaemias","disorders of lipoid metabolism","36","disorders of lipid metabolism"
"10_9","ICD-9-CM to ICD-10-CA","SapBERT","273","has a reference match",2038,0.193,0.085,-0.058,0.135,0.187,0.244,0.67,"E77","Disorders of glycoprotein metabolism","disorders of plasma protein metabolism","35","other nutritional endocrine immunity and metabolic disorders"
"10_9","ICD-9-CM to ICD-10-CA","SapBERT","274","has a reference match",2038,0.26,0.091,0.001,0.201,0.258,0.318,1,"M10","Gout","gout","37","gout and other crystal arthropathies"
"10_9","ICD-9-CM to ICD-10-CA","SapBERT","275","has a reference match",2038,0.203,0.091,-0.032,0.14,0.195,0.255,1,"E83","Disorders of mineral metabolism","disorders of mineral metabolism","35","other nutritional endocrine immunity and metabolic disorders"
"10_9","ICD-9-CM to ICD-10-CA","SapBERT","277","has a reference match",2038,0.256,0.135,-0.045,0.151,0.236,0.349,0.933,"E88","Other metabolic disorders","other and unspecified disorders of metabolism","35","other nutritional endocrine immunity and metabolic disorders"
"10_9","ICD-9-CM to ICD-10-CA","SapBERT","278","has a reference match",2038,0.273,0.079,0.01,0.224,0.274,0.322,0.731,"E66","Obesity","overweight obesity and other hyperalimentation","35","other nutritional endocrine immunity and metabolic disorders"
"10_9","ICD-9-CM to ICD-10-CA","SapBERT","279","has a reference match",2038,0.168,0.101,-0.092,0.097,0.165,0.235,0.703,"D89","Other disorders involving the immune mechanism, not elsewhere classified","disorders involving the immune mechanism","35","other nutritional endocrine immunity and metabolic disorders"
"10_9","ICD-9-CM to ICD-10-CA","SapBERT","280","has a reference match",2038,0.169,0.1,-0.084,0.1,0.157,0.226,0.973,"D50","Iron deficiency anaemia","iron deficiency anemias","38","anemia"
"10_9","ICD-9-CM to ICD-10-CA","SapBERT","282","has a reference match",2038,0.169,0.082,-0.096,0.114,0.162,0.216,0.8,"D58","Other hereditary haemolytic anaemias","hereditary hemolytic anemias","38","anemia"
"10_9","ICD-9-CM to ICD-10-CA","SapBERT","283","has a reference match",2038,0.21,0.081,-0.07,0.157,0.207,0.258,0.938,"D59","Acquired haemolytic anaemia","acquired hemolytic anemias","38","anemia"
"10_9","ICD-9-CM to ICD-10-CA","SapBERT","284","has a reference match",2038,0.247,0.08,-0.005,0.192,0.245,0.296,0.786,"D61","Other aplastic anaemias","aplastic anemia and other bone marrow failure syndromes","38","anemia"
"10_9","ICD-9-CM to ICD-10-CA","SapBERT","285","has a reference match",2038,0.212,0.098,-0.073,0.142,0.204,0.275,0.934,"D64","Other anaemias","other and unspecified anemias","38","anemia"
"10_9","ICD-9-CM to ICD-10-CA","SapBERT","286","has a reference match",2038,0.21,0.083,-0.049,0.157,0.209,0.266,0.792,"D68","Other coagulation defects","coagulation defects","39","other hematologic conditions"
"10_9","ICD-9-CM to ICD-10-CA","SapBERT","287","has a reference match",2038,0.235,0.083,-0.039,0.181,0.231,0.284,0.968,"D69","Purpura and other haemorrhagic conditions","purpura and other hemorrhagic conditions","39","other hematologic conditions"
"10_9","ICD-9-CM to ICD-10-CA","SapBERT","288","has a reference match",2038,0.184,0.092,-0.11,0.125,0.184,0.24,0.83,"D72","Other disorders of white blood cells","diseases of white blood cells","39","other hematologic conditions"
"10_9","ICD-9-CM to ICD-10-CA","SapBERT","289","has a reference match",2038,0.278,0.108,0.014,0.2,0.267,0.35,0.947,"D75","Other diseases of blood and blood-forming organs","other diseases of blood and bloodforming organs","39","other hematologic conditions"
"10_9","ICD-9-CM to ICD-10-CA","SapBERT","290","has a reference match",2038,0.231,0.101,-0.063,0.161,0.229,0.295,0.965,"F03","Unspecified dementia","dementias","40","delirium dementia and other cognitive disorders"
"10_9","ICD-9-CM to ICD-10-CA","SapBERT","291","has a reference match",2038,0.25,0.085,0.036,0.193,0.243,0.303,0.854,"F10","Mental and behavioural disorders due to use of alcohol","alcoholinduced mental disorders","41","alcohol and substancerelated disorders"
"10_9","ICD-9-CM to ICD-10-CA","SapBERT","292","has a reference match",2038,0.216,0.092,-0.029,0.154,0.208,0.266,0.661,"F99","Mental disorder, not otherwise specified","druginduced mental disorders","41","alcohol and substancerelated disorders"
"10_9","ICD-9-CM to ICD-10-CA","SapBERT","294","has a reference match",2038,0.294,0.115,-0.03,0.21,0.281,0.374,0.707,"F06","Other mental disorders due to brain damage and dysfunction and to physical disease","persistent mental disorders due to conditions classified elsewhere","40","delirium dementia and other cognitive disorders"
"10_9","ICD-9-CM to ICD-10-CA","SapBERT","295","has a reference match",2038,0.222,0.088,-0.024,0.167,0.218,0.273,0.905,"F20","Schizophrenia","schizophrenic disorders","42","schizophrenia and other psychotic disorders"
"10_9","ICD-9-CM to ICD-10-CA","SapBERT","296","has a reference match",2038,0.229,0.093,-0.037,0.164,0.227,0.288,0.728,"F34","Persistent mood [affective] disorders","episodic mood disorders","43","mood and anxiety disorders"
"10_9","ICD-9-CM to ICD-10-CA","SapBERT","297","has a reference match",2038,0.217,0.091,-0.066,0.16,0.217,0.27,0.867,"F24","Induced delusional disorder","delusional disorders","42","schizophrenia and other psychotic disorders"
"10_9","ICD-9-CM to ICD-10-CA","SapBERT","298","has a reference match",2038,0.286,0.113,-0.001,0.202,0.27,0.368,0.883,"F28","Other nonorganic psychotic disorders","other nonorganic psychoses","42","schizophrenia and other psychotic disorders"
"10_9","ICD-9-CM to ICD-10-CA","SapBERT","299","has a reference match",2038,0.245,0.088,-0.004,0.189,0.242,0.296,1,"F84","Pervasive developmental disorders","pervasive developmental disorders","44","disorders usually diagnosed in infancy childhood or adolescence"
"10_9","ICD-9-CM to ICD-10-CA","SapBERT","300","has a reference match",2038,0.255,0.092,-0.008,0.197,0.255,0.311,0.759,"F44","Dissociative [conversion] disorders","anxiety dissociative and somatoform disorders","43","mood and anxiety disorders"
"10_9","ICD-9-CM to ICD-10-CA","SapBERT","301","has a reference match",2038,0.19,0.099,-0.045,0.122,0.184,0.244,0.921,"F60","Specific personality disorders","personality disorders","45","personality disorders"
"10_9","ICD-9-CM to ICD-10-CA","SapBERT","303","has a reference match",2038,0.22,0.088,-0.03,0.159,0.217,0.274,0.744,"F10","Mental and behavioural disorders due to use of alcohol","alcohol dependence syndrome","41","alcohol and substancerelated disorders"
"10_9","ICD-9-CM to ICD-10-CA","SapBERT","304","has a reference match",2038,0.194,0.087,-0.077,0.134,0.195,0.248,0.671,"F55","Abuse of non-dependence-producing substances","drug dependence","41","alcohol and substancerelated disorders"
"10_9","ICD-9-CM to ICD-10-CA","SapBERT","305","has a reference match",2038,0.196,0.08,-0.027,0.147,0.194,0.246,0.848,"F55","Abuse of non-dependence-producing substances","nondependent abuse of drugs","41","alcohol and substancerelated disorders"
"10_9","ICD-9-CM to ICD-10-CA","SapBERT","306","has a reference match",2038,0.241,0.084,0.02,0.184,0.234,0.289,0.695,"F59","Unspecified behavioural syndromes associated with physiological disturbances and physical factors","physiological malfunction arising from mental factors","46","miscellaneous mental health disorders"
"10_9","ICD-9-CM to ICD-10-CA","SapBERT","307","has a reference match",2038,0.301,0.114,-0.049,0.228,0.295,0.375,0.72,"R68","Other general symptoms and signs","special symptoms or syndromes not elsewhere classified","46","miscellaneous mental health disorders"
"10_9","ICD-9-CM to ICD-10-CA","SapBERT","308","has a reference match",2038,0.2,0.078,-0.005,0.148,0.199,0.252,0.792,"F43","Reaction to severe stress, and adjustment disorders","acute reaction to stress","43","mood and anxiety disorders"
"10_9","ICD-9-CM to ICD-10-CA","SapBERT","309","has a reference match",2038,0.193,0.083,-0.052,0.137,0.19,0.247,0.779,"F43","Reaction to severe stress, and adjustment disorders","adjustment reaction","47","adjustment disorders"
"10_9","ICD-9-CM to ICD-10-CA","SapBERT","310","has a reference match",2038,0.267,0.092,0.009,0.205,0.264,0.318,0.777,"F06","Other mental disorders due to brain damage and dysfunction and to physical disease","specific nonpsychotic mental disorders due to brain damage","46","miscellaneous mental health disorders"
"10_9","ICD-9-CM to ICD-10-CA","SapBERT","311","has a reference match",2038,0.267,0.104,-0.061,0.198,0.264,0.329,0.712,"F32","Depressive episode","depressive disorder not elsewhere classified","43","mood and anxiety disorders"
"10_9","ICD-9-CM to ICD-10-CA","SapBERT","312","has a reference match",2038,0.275,0.115,-0.071,0.192,0.264,0.353,0.753,"F91","Conduct disorders","disturbance of conduct not elsewhere classified","48","attentiondeficit conduct and disruptive behavior disorders"
"10_9","ICD-9-CM to ICD-10-CA","SapBERT","314","has a reference match",2038,0.226,0.085,-0.012,0.167,0.22,0.281,0.801,"F90","Hyperkinetic disorders","hyperkinetic syndrome of childhood","48","attentiondeficit conduct and disruptive behavior disorders"
"10_9","ICD-9-CM to ICD-10-CA","SapBERT","315","has a reference match",2038,0.205,0.094,-0.04,0.143,0.199,0.257,0.785,"R62","Lack of expected normal physiological development","specific delays in development","49","developmental disorders"
"10_9","ICD-9-CM to ICD-10-CA","SapBERT","316","has a reference match",2038,0.29,0.118,0.005,0.203,0.275,0.37,0.869,"F54","Psychological and behavioural factors associated with disorders or diseases classified elsewhere","psychic factors associated with diseases classified elsewhere","46","miscellaneous mental health disorders"
"10_9","ICD-9-CM to ICD-10-CA","SapBERT","317","has a reference match",2038,0.202,0.086,-0.03,0.145,0.197,0.251,0.936,"F70","Mild mental retardation","mild intellectual disabilities","49","developmental disorders"
"10_9","ICD-9-CM to ICD-10-CA","SapBERT","318","has a reference match",2038,0.289,0.116,-0.005,0.202,0.277,0.371,0.781,"F78","Other mental retardation","other specified intellectual disabilities","49","developmental disorders"
"10_9","ICD-9-CM to ICD-10-CA","SapBERT","319","has a reference match",2038,0.2,0.088,-0.025,0.148,0.192,0.241,0.883,"F79","Unspecified mental retardation","unspecified intellectual disabilities","49","developmental disorders"
"10_9","ICD-9-CM to ICD-10-CA","SapBERT","327","no reference match",2038,0.261,0.087,-0.025,0.202,0.261,0.319,0.874,"F51","Nonorganic sleep disorders","organic sleep disorders","50","other nervous system conditions"
"10_9","ICD-9-CM to ICD-10-CA","SapBERT","330","has a reference match",2038,0.209,0.088,-0.03,0.148,0.204,0.262,0.593,"G80","Cerebral palsy","cerebral degenerations usually manifest in childhood","50","other nervous system conditions"
"10_9","ICD-9-CM to ICD-10-CA","SapBERT","331","has a reference match",2038,0.272,0.114,-0.037,0.194,0.26,0.345,0.778,"F02","Dementia in other diseases classified elsewhere","other cerebral degenerations","40","delirium dementia and other cognitive disorders"
"10_9","ICD-9-CM to ICD-10-CA","SapBERT","332","has a reference match",2038,0.214,0.096,-0.024,0.145,0.209,0.273,0.992,"G20","Parkinson's disease","parkinsons disease","51","parkinsons disease"
"10_9","ICD-9-CM to ICD-10-CA","SapBERT","333","has a reference match",2038,0.28,0.119,0.017,0.193,0.266,0.357,0.975,"G25","Other extrapyramidal and movement disorders","other extrapyramidal disease and abnormal movement disorders","50","other nervous system conditions"
"10_9","ICD-9-CM to ICD-10-CA","SapBERT","334","has a reference match",2038,0.242,0.088,0.007,0.181,0.234,0.294,0.744,"G11","Hereditary ataxia","spinocerebellar disease","50","other nervous system conditions"
"10_9","ICD-9-CM to ICD-10-CA","SapBERT","335","has a reference match",2038,0.238,0.087,0.012,0.174,0.233,0.298,0.588,"M42","Spinal osteochondrosis","anterior horn cell disease","50","other nervous system conditions"
"10_9","ICD-9-CM to ICD-10-CA","SapBERT","336","has a reference match",2038,0.23,0.132,-0.056,0.134,0.207,0.306,1,"G95","Other diseases of spinal cord","other diseases of spinal cord","50","other nervous system conditions"
"10_9","ICD-9-CM to ICD-10-CA","SapBERT","337","has a reference match",2038,0.196,0.092,-0.074,0.135,0.189,0.249,0.997,"G90","Disorders of autonomic nervous system","disorders of the autonomic nervous system","50","other nervous system conditions"
"10_9","ICD-9-CM to ICD-10-CA","SapBERT","338","no reference match",2038,0.249,0.093,-0.07,0.189,0.242,0.304,1,"R52","Pain, not elsewhere classified","pain not elsewhere classified","50","other nervous system conditions"
"10_9","ICD-9-CM to ICD-10-CA","SapBERT","339","no reference match",2038,0.266,0.098,-0.006,0.194,0.261,0.333,1,"G44","Other headache syndromes","other headache syndromes","52","headache including migraine"
"10_9","ICD-9-CM to ICD-10-CA","SapBERT","340","has a reference match",2038,0.239,0.096,-0.024,0.176,0.236,0.299,1,"G35","Multiple sclerosis","multiple sclerosis","53","multiple sclerosis"
"10_9","ICD-9-CM to ICD-10-CA","SapBERT","341","has a reference match",2038,0.219,0.129,-0.066,0.124,0.195,0.301,1,"G37","Other demyelinating diseases of central nervous system","other demyelinating diseases of central nervous system","50","other nervous system conditions"
"10_9","ICD-9-CM to ICD-10-CA","SapBERT","342","has a reference match",2038,0.246,0.074,-0.014,0.197,0.243,0.291,0.909,"G81","Hemiplegia","hemiplegia and hemiparesis","54","paralysis"
"10_9","ICD-9-CM to ICD-10-CA","SapBERT","343","has a reference match",2038,0.242,0.082,0.029,0.185,0.235,0.29,0.791,"G80","Cerebral palsy","infantile cerebral palsy","54","paralysis"
"10_9","ICD-9-CM to ICD-10-CA","SapBERT","344","has a reference match",2038,0.294,0.104,0.016,0.217,0.285,0.368,1,"G83","Other paralytic syndromes","other paralytic syndromes","54","paralysis"
"10_9","ICD-9-CM to ICD-10-CA","SapBERT","345","has a reference match",2038,0.243,0.082,0.003,0.186,0.241,0.3,0.769,"G40","Epilepsy","epilepsy and recurrent seizures","55","epilepsyconvulsions"
"10_9","ICD-9-CM to ICD-10-CA","SapBERT","346","has a reference match",2038,0.236,0.088,-0.017,0.177,0.231,0.289,1,"G43","Migraine","migraine","52","headache including migraine"
"10_9","ICD-9-CM to ICD-10-CA","SapBERT","347","has a reference match",2038,0.236,0.081,0.027,0.178,0.229,0.29,0.512,"F51","Nonorganic sleep disorders","cataplexy and narcolepsy","50","other nervous system conditions"
"10_9","ICD-9-CM to ICD-10-CA","SapBERT","348","has a reference match",2038,0.276,0.128,-0.02,0.18,0.255,0.362,0.925,"G93","Other disorders of brain","other conditions of brain","50","other nervous system conditions"
"10_9","ICD-9-CM to ICD-10-CA","SapBERT","353","has a reference match",2038,0.222,0.092,-0.049,0.162,0.218,0.275,1,"G54","Nerve root and plexus disorders","nerve root and plexus disorders","50","other nervous system conditions"
"10_9","ICD-9-CM to ICD-10-CA","SapBERT","354","has a reference match",2038,0.262,0.081,0.034,0.208,0.259,0.312,0.773,"G56","Mononeuropathies of upper limb","mononeuritis of upper limb and mononeuritis multiplex","50","other nervous system conditions"
"10_9","ICD-9-CM to ICD-10-CA","SapBERT","355","has a reference match",2038,0.234,0.088,-0.054,0.178,0.23,0.285,0.853,"G57","Mononeuropathies of lower limb","mononeuritis of lower limb and unspecified site","50","other nervous system conditions"
"10_9","ICD-9-CM to ICD-10-CA","SapBERT","356","has a reference match",2038,0.245,0.077,0.017,0.196,0.242,0.29,0.942,"G60","Hereditary and idiopathic neuropathy","hereditary and idiopathic peripheral neuropathy","50","other nervous system conditions"
"10_9","ICD-9-CM to ICD-10-CA","SapBERT","357","has a reference match",2038,0.271,0.087,0.033,0.215,0.267,0.319,0.822,"G61","Inflammatory polyneuropathy","inflammatory and toxic neuropathy","50","other nervous system conditions"
"10_9","ICD-9-CM to ICD-10-CA","SapBERT","358","has a reference match",2038,0.238,0.094,-0.065,0.181,0.237,0.294,0.7,"G71","Primary disorders of muscles","myoneural disorders","50","other nervous system conditions"
"10_9","ICD-9-CM to ICD-10-CA","SapBERT","359","has a reference match",2038,0.259,0.095,-0.001,0.197,0.253,0.315,0.872,"G72","Other myopathies","muscular dystrophies and other myopathies","50","other nervous system conditions"
"10_9","ICD-9-CM to ICD-10-CA","SapBERT","360","has a reference match",2038,0.201,0.099,-0.032,0.135,0.194,0.256,0.989,"H44","Disorders of globe","disorders of the globe","56","other eye disorders"
"10_9","ICD-9-CM to ICD-10-CA","SapBERT","361","has a reference match",2038,0.234,0.082,-0.01,0.179,0.235,0.288,0.928,"H33","Retinal detachments and breaks","retinal detachments and defects","57","retinal detachments defects vascular occlusion and retinopathy"
"10_9","ICD-9-CM to ICD-10-CA","SapBERT","362","has a reference match",2038,0.243,0.119,-0.039,0.158,0.223,0.316,1,"H35","Other retinal disorders","other retinal disorders","57","retinal detachments defects vascular occlusion and retinopathy"
"10_9","ICD-9-CM to ICD-10-CA","SapBERT","363","has a reference match",2038,0.271,0.088,0.034,0.209,0.267,0.325,0.785,"H32","Chorioretinal disorders in diseases classified elsewhere","chorioretinal inflammations scars and other disorders of choroid","56","other eye disorders"
"10_9","ICD-9-CM to ICD-10-CA","SapBERT","364","has a reference match",2038,0.204,0.092,-0.097,0.14,0.198,0.256,0.822,"H22","Disorders of iris and ciliary body in diseases classified elsewhere","disorders of iris and ciliary body","56","other eye disorders"
"10_9","ICD-9-CM to ICD-10-CA","SapBERT","365","has a reference match",2038,0.243,0.086,-0.023,0.187,0.242,0.297,1,"H40","Glaucoma","glaucoma","58","glaucoma"
"10_9","ICD-9-CM to ICD-10-CA","SapBERT","366","has a reference match",2038,0.221,0.089,-0.017,0.161,0.22,0.278,0.813,"H25","Senile cataract","cataract","59","cataract"
"10_9","ICD-9-CM to ICD-10-CA","SapBERT","369","has a reference match",2038,0.232,0.079,0.014,0.178,0.225,0.28,0.817,"H54","Visual impairment including blindness (binocular or monocular)","blindness and low vision","60","blindness and vision defects"
"10_9","ICD-9-CM to ICD-10-CA","SapBERT","370","has a reference match",2038,0.213,0.089,-0.074,0.157,0.209,0.266,1,"H16","Keratitis","keratitis","56","other eye disorders"
"10_9","ICD-9-CM to ICD-10-CA","SapBERT","371","has a reference match",2038,0.271,0.089,0.032,0.215,0.267,0.328,0.798,"H17","Corneal scars and opacities","corneal opacity and other disorders of cornea","56","other eye disorders"
"10_9","ICD-9-CM to ICD-10-CA","SapBERT","372","has a reference match",2038,0.164,0.103,-0.046,0.094,0.151,0.221,0.783,"H13","Disorders of conjunctiva in diseases classified elsewhere","disorders of conjunctiva","56","other eye disorders"
"10_9","ICD-9-CM to ICD-10-CA","SapBERT","376","has a reference match",2038,0.17,0.096,-0.059,0.105,0.16,0.222,0.995,"H05","Disorders of orbit","disorders of the orbit","56","other eye disorders"
"10_9","ICD-9-CM to ICD-10-CA","SapBERT","377","has a reference match",2038,0.197,0.089,-0.006,0.137,0.186,0.242,0.729,"H46","Optic neuritis","disorders of optic nerve and visual pathways","56","other eye disorders"
"10_9","ICD-9-CM to ICD-10-CA","SapBERT","379","has a reference match",2038,0.231,0.133,-0.042,0.136,0.207,0.307,0.873,"H57","Other disorders of eye and adnexa","other disorders of eye","56","other eye disorders"
"10_9","ICD-9-CM to ICD-10-CA","SapBERT","380","has a reference match",2038,0.231,0.096,-0.072,0.165,0.223,0.288,0.831,"H61","Other disorders of external ear","disorders of external ear","61","other ear and sense organ disorders"
"10_9","ICD-9-CM to ICD-10-CA","SapBERT","381","has a reference match",2038,0.275,0.094,0.005,0.209,0.272,0.336,0.752,"H65","Nonsuppurative otitis media","nonsuppurative otitis media and eustachian tube disorders","62","otitis media and related conditions"
"10_9","ICD-9-CM to ICD-10-CA","SapBERT","382","has a reference match",2038,0.241,0.099,-0.051,0.175,0.237,0.302,1,"H66","Suppurative and unspecified otitis media","suppurative and unspecified otitis media","62","otitis media and related conditions"
"10_9","ICD-9-CM to ICD-10-CA","SapBERT","383","has a reference match",2038,0.266,0.088,0.004,0.21,0.265,0.319,1,"H70","Mastoiditis and related conditions","mastoiditis and related conditions","62","otitis media and related conditions"
"10_9","ICD-9-CM to ICD-10-CA","SapBERT","384","has a reference match",2038,0.252,0.12,-0.04,0.165,0.229,0.333,1,"H73","Other disorders of tympanic membrane","other disorders of tympanic membrane","61","other ear and sense organ disorders"
"10_9","ICD-9-CM to ICD-10-CA","SapBERT","386","has a reference match",2038,0.283,0.081,0.035,0.23,0.281,0.334,0.855,"H82","Vertiginous syndromes in diseases classified elsewhere","vertiginous syndromes and other disorders of vestibular system","63","conditions associated with dizziness or vertigo"
"10_9","ICD-9-CM to ICD-10-CA","SapBERT","389","has a reference match",2038,0.205,0.087,-0.027,0.149,0.202,0.26,0.764,"H91","Other hearing loss","hearing loss","61","other ear and sense organ disorders"
"10_9","ICD-9-CM to ICD-10-CA","SapBERT","393","has a reference match",2038,0.21,0.09,-0.038,0.15,0.206,0.263,0.704,"I32","Pericarditis in diseases classified elsewhere","chronic rheumatic pericarditis","64","peri endo and myocarditis cardiomyopathy"
"10_9","ICD-9-CM to ICD-10-CA","SapBERT","394","has a reference match",2038,0.192,0.085,-0.079,0.133,0.186,0.244,0.751,"I34","Nonrheumatic mitral valve disorders","diseases of mitral valve","65","heart valve disorders"
"10_9","ICD-9-CM to ICD-10-CA","SapBERT","395","has a reference match",2038,0.201,0.08,-0.016,0.146,0.195,0.248,0.771,"I35","Nonrheumatic aortic valve disorders","diseases of aortic valve","65","heart valve disorders"
"10_9","ICD-9-CM to ICD-10-CA","SapBERT","396","has a reference match",2038,0.241,0.08,0.018,0.187,0.237,0.289,0.839,"Q23","Congenital malformations of aortic and mitral valves","diseases of mitral and aortic valves","65","heart valve disorders"
"10_9","ICD-9-CM to ICD-10-CA","SapBERT","397","has a reference match",2038,0.271,0.106,-0.008,0.197,0.259,0.337,0.719,"I39","Endocarditis and heart valve disorders in diseases classified elsewhere","diseases of other endocardial structures","65","heart valve disorders"
"10_9","ICD-9-CM to ICD-10-CA","SapBERT","398","has a reference match",2038,0.283,0.114,0.003,0.199,0.264,0.355,0.995,"I09","Other rheumatic heart diseases","other rheumatic heart disease","64","peri endo and myocarditis cardiomyopathy"
"10_9","ICD-9-CM to ICD-10-CA","SapBERT","401","has a reference match",2038,0.226,0.087,-0.043,0.167,0.223,0.283,0.956,"I10","Essential (primary) hypertension","essential hypertension","66","hypertension"
"10_9","ICD-9-CM to ICD-10-CA","SapBERT","402","has a reference match",2038,0.234,0.086,-0.017,0.18,0.228,0.281,1,"I11","Hypertensive heart disease","hypertensive heart disease","67","hypertension complications"
"10_9","ICD-9-CM to ICD-10-CA","SapBERT","403","has a reference match",2038,0.203,0.085,-0.004,0.149,0.196,0.247,0.881,"I12","Hypertensive renal disease","hypertensive chronic kidney disease","67","hypertension complications"
"10_9","ICD-9-CM to ICD-10-CA","SapBERT","404","has a reference match",2038,0.232,0.084,0.015,0.177,0.225,0.276,0.913,"I13","Hypertensive heart and renal disease","hypertensive heart and chronic kidney disease","67","hypertension complications"
"10_9","ICD-9-CM to ICD-10-CA","SapBERT","405","has a reference match",2038,0.215,0.084,-0.024,0.161,0.211,0.265,1,"I15","Secondary hypertension","secondary hypertension","67","hypertension complications"
"10_9","ICD-9-CM to ICD-10-CA","SapBERT","410","has a reference match",2038,0.216,0.093,-0.067,0.158,0.213,0.272,1,"I21","Acute myocardial infarction","acute myocardial infarction","68","acute myocardial infarction"
"10_9","ICD-9-CM to ICD-10-CA","SapBERT","411","has a reference match",2038,0.267,0.112,-0.043,0.185,0.255,0.346,0.91,"I24","Other acute ischaemic heart diseases","other acute and subacute forms of ischemic heart disease","69","coronary atherosclerosis and other heart disease"
"10_9","ICD-9-CM to ICD-10-CA","SapBERT","412","has a reference match",2038,0.218,0.079,-0.044,0.17,0.217,0.26,0.771,"I22","Subsequent myocardial infarction","old myocardial infarction","69","coronary atherosclerosis and other heart disease"
"10_9","ICD-9-CM to ICD-10-CA","SapBERT","413","has a reference match",2038,0.231,0.094,-0.041,0.166,0.226,0.294,1,"I20","Angina pectoris","angina pectoris","69","coronary atherosclerosis and other heart disease"
"10_9","ICD-9-CM to ICD-10-CA","SapBERT","414","has a reference match",2038,0.26,0.114,-0.034,0.176,0.241,0.331,0.835,"I52","Other heart disorders in diseases classified elsewhere","other forms of chronic ischemic heart disease","69","coronary atherosclerosis and other heart disease"
"10_9","ICD-9-CM to ICD-10-CA","SapBERT","415","has a reference match",2038,0.256,0.088,-0.041,0.2,0.252,0.303,0.664,"I24","Other acute ischaemic heart diseases","acute pulmonary heart disease","70","pulmonary heart disease"
"10_9","ICD-9-CM to ICD-10-CA","SapBERT","416","has a reference match",2038,0.249,0.087,-0.066,0.196,0.244,0.296,0.771,"I27","Other pulmonary heart diseases","chronic pulmonary heart disease","70","pulmonary heart disease"
"10_9","ICD-9-CM to ICD-10-CA","SapBERT","417","has a reference match",2038,0.259,0.122,-0.022,0.168,0.238,0.345,0.899,"I28","Other diseases of pulmonary vessels","other diseases of pulmonary circulation","70","pulmonary heart disease"
"10_9","ICD-9-CM to ICD-10-CA","SapBERT","423","has a reference match",2038,0.22,0.117,-0.108,0.136,0.206,0.294,1,"I31","Other diseases of pericardium","other diseases of pericardium","64","peri endo and myocarditis cardiomyopathy"
"10_9","ICD-9-CM to ICD-10-CA","SapBERT","424","has a reference match",2038,0.254,0.114,-0.038,0.169,0.237,0.323,0.774,"I39","Endocarditis and heart valve disorders in diseases classified elsewhere","other diseases of endocardium","65","heart valve disorders"
"10_9","ICD-9-CM to ICD-10-CA","SapBERT","425","has a reference match",2038,0.252,0.085,-0.064,0.202,0.25,0.297,1,"I42","Cardiomyopathy","cardiomyopathy","64","peri endo and myocarditis cardiomyopathy"
"10_9","ICD-9-CM to ICD-10-CA","SapBERT","426","has a reference match",2038,0.245,0.083,-0.023,0.192,0.247,0.299,0.813,"I45","Other conduction disorders","conduction disorders","71","conduction disorders"
"10_9","ICD-9-CM to ICD-10-CA","SapBERT","427","has a reference match",2038,0.225,0.074,-0.001,0.176,0.223,0.27,0.757,"R00","Abnormalities of heart beat","cardiac dysrhythmias","72","cardiac dysrhythmias arrest chf and ventricular fibrillation"
"10_9","ICD-9-CM to ICD-10-CA","SapBERT","428","has a reference match",2038,0.245,0.083,-0.013,0.191,0.241,0.291,1,"I50","Heart failure","heart failure","72","cardiac dysrhythmias arrest chf and ventricular fibrillation"
"10_9","ICD-9-CM to ICD-10-CA","SapBERT","429","has a reference match",2038,0.28,0.076,0.035,0.233,0.281,0.327,0.896,"I51","Complications and ill-defined descriptions of heart disease","illdefined descriptions and complications of heart disease","73","other and illdefined heart disease"
"10_9","ICD-9-CM to ICD-10-CA","SapBERT","430","has a reference match",2038,0.175,0.098,-0.075,0.105,0.177,0.241,0.981,"I60","Subarachnoid haemorrhage","subarachnoid hemorrhage","74","acute cerebrovascular disease"
"10_9","ICD-9-CM to ICD-10-CA","SapBERT","431","has a reference match",2038,0.183,0.085,-0.063,0.122,0.178,0.235,0.983,"I61","Intracerebral haemorrhage","intracerebral hemorrhage","74","acute cerebrovascular disease"
"10_9","ICD-9-CM to ICD-10-CA","SapBERT","432","has a reference match",2038,0.238,0.112,-0.019,0.152,0.222,0.316,0.859,"I62","Other nontraumatic intracranial haemorrhage","other and unspecified intracranial hemorrhage","74","acute cerebrovascular disease"
"10_9","ICD-9-CM to ICD-10-CA","SapBERT","433","has a reference match",2038,0.237,0.074,-0.009,0.187,0.236,0.285,0.832,"I65","Occlusion and stenosis of precerebral arteries, not resulting in cerebral infarction","occlusion and stenosis of precerebral arteries","74","acute cerebrovascular disease"
"10_9","ICD-9-CM to ICD-10-CA","SapBERT","434","has a reference match",2038,0.196,0.079,-0.041,0.143,0.191,0.241,0.726,"I63","Cerebral infarction","occlusion of cerebral arteries","74","acute cerebrovascular disease"
"10_9","ICD-9-CM to ICD-10-CA","SapBERT","435","has a reference match",2038,0.232,0.087,-0.019,0.173,0.229,0.288,0.846,"G45","Transient cerebral ischaemic attacks and related syndromes","transient cerebral ischemia","75","transient cerebral ischemia"
"10_9","ICD-9-CM to ICD-10-CA","SapBERT","436","has a reference match",2038,0.281,0.075,0.088,0.231,0.276,0.323,0.73,"F01","Vascular dementia","acute but illdefined cerebrovascular disease","74","acute cerebrovascular disease"
"10_9","ICD-9-CM to ICD-10-CA","SapBERT","437","has a reference match",2038,0.325,0.099,0.071,0.251,0.317,0.391,0.878,"I67","Other cerebrovascular diseases","other and illdefined cerebrovascular disease","76","other and illdefined cerebrovascular disease"
"10_9","ICD-9-CM to ICD-10-CA","SapBERT","438","has a reference match",2038,0.239,0.089,-0.017,0.181,0.228,0.284,0.934,"I69","Sequelae of cerebrovascular disease","late effects of cerebrovascular disease","76","other and illdefined cerebrovascular disease"
"10_9","ICD-9-CM to ICD-10-CA","SapBERT","440","has a reference match",2038,0.225,0.085,-0.058,0.168,0.221,0.276,1,"I70","Atherosclerosis","atherosclerosis","77","other circulatory disease"
"10_9","ICD-9-CM to ICD-10-CA","SapBERT","441","has a reference match",2038,0.218,0.08,-0.014,0.163,0.214,0.266,1,"I71","Aortic aneurysm and dissection","aortic aneurysm and dissection","77","other circulatory disease"
"10_9","ICD-9-CM to ICD-10-CA","SapBERT","442","has a reference match",2038,0.243,0.085,-0.051,0.186,0.241,0.297,0.809,"I72","Other aneurysm and dissection","other aneurysm","77","other circulatory disease"
"10_9","ICD-9-CM to ICD-10-CA","SapBERT","443","has a reference match",2038,0.265,0.113,0.012,0.181,0.253,0.342,0.992,"I73","Other peripheral vascular diseases","other peripheral vascular disease","77","other circulatory disease"
"10_9","ICD-9-CM to ICD-10-CA","SapBERT","444","has a reference match",2038,0.245,0.083,-0.031,0.19,0.241,0.297,1,"I74","Arterial embolism and thrombosis","arterial embolism and thrombosis","78","aortic and peripheral arterial embolism or thrombosis"
"10_9","ICD-9-CM to ICD-10-CA","SapBERT","445","no reference match",2038,0.23,0.083,-0.024,0.176,0.227,0.282,0.661,"I70","Atherosclerosis","atheroembolism","78","aortic and peripheral arterial embolism or thrombosis"
"10_9","ICD-9-CM to ICD-10-CA","SapBERT","446","has a reference match",2038,0.271,0.082,0.029,0.218,0.271,0.321,0.978,"M30","Polyarteritis nodosa and related conditions","polyarteritis nodosa and allied conditions","77","other circulatory disease"
"10_9","ICD-9-CM to ICD-10-CA","SapBERT","447","has a reference match",2038,0.25,0.11,-0.032,0.171,0.235,0.32,1,"I77","Other disorders of arteries and arterioles","other disorders of arteries and arterioles","77","other circulatory disease"
"10_9","ICD-9-CM to ICD-10-CA","SapBERT","448","has a reference match",2038,0.213,0.092,-0.088,0.152,0.209,0.269,0.994,"I78","Diseases of capillaries","disease of capillaries","77","other circulatory disease"
"10_9","ICD-9-CM to ICD-10-CA","SapBERT","453","has a reference match",2038,0.255,0.104,-0.015,0.179,0.247,0.323,1,"I82","Other venous embolism and thrombosis","other venous embolism and thrombosis","79","phlebitis thrombophlebitis and thromboembolism"
"10_9","ICD-9-CM to ICD-10-CA","SapBERT","456","has a reference match",2038,0.216,0.096,-0.052,0.149,0.209,0.273,1,"I86","Varicose veins of other sites","varicose veins of other sites","80","other diseases of veins and lymphatics"
"10_9","ICD-9-CM to ICD-10-CA","SapBERT","457","has a reference match",2038,0.235,0.085,-0.068,0.182,0.234,0.289,0.784,"I89","Other noninfective disorders of lymphatic vessels and lymph nodes","noninfectious disorders of lymphatic channels","80","other diseases of veins and lymphatics"
"10_9","ICD-9-CM to ICD-10-CA","SapBERT","459","has a reference match",2038,0.256,0.125,-0.008,0.162,0.234,0.337,0.967,"I99","Other and unspecified disorders of circulatory system","other disorders of circulatory system","80","other diseases of veins and lymphatics"
"10_9","ICD-9-CM to ICD-10-CA","SapBERT","472","has a reference match",2038,0.268,0.082,0.051,0.213,0.264,0.318,0.899,"J31","Chronic rhinitis, nasopharyngitis and pharyngitis","chronic pharyngitis and nasopharyngitis","81","other upper respiratory disease"
"10_9","ICD-9-CM to ICD-10-CA","SapBERT","473","has a reference match",2038,0.227,0.084,-0.012,0.172,0.223,0.281,1,"J32","Chronic sinusitis","chronic sinusitis","82","other upper respiratory infections"
"10_9","ICD-9-CM to ICD-10-CA","SapBERT","474","has a reference match",2038,0.269,0.085,-0.039,0.214,0.268,0.326,0.994,"J35","Chronic diseases of tonsils and adenoids","chronic disease of tonsils and adenoids","83","acute and chronic tonsillitis"
"10_9","ICD-9-CM to ICD-10-CA","SapBERT","476","has a reference match",2038,0.259,0.084,0.003,0.202,0.257,0.309,1,"J37","Chronic laryngitis and laryngotracheitis","chronic laryngitis and laryngotracheitis","81","other upper respiratory disease"
"10_9","ICD-9-CM to ICD-10-CA","SapBERT","477","has a reference match",2038,0.211,0.081,-0.034,0.155,0.206,0.262,0.806,"J30","Vasomotor and allergic rhinitis","allergic rhinitis","81","other upper respiratory disease"
"10_9","ICD-9-CM to ICD-10-CA","SapBERT","478","has a reference match",2038,0.273,0.131,-0.032,0.175,0.251,0.365,1,"J39","Other diseases of upper respiratory tract","other diseases of upper respiratory tract","81","other upper respiratory disease"
"10_9","ICD-9-CM to ICD-10-CA","SapBERT","491","has a reference match",2038,0.241,0.09,-0.008,0.182,0.236,0.294,0.977,"J42","Unspecified chronic bronchitis","chronic bronchitis","84","chronic obstructive pulmonary disease copd"
"10_9","ICD-9-CM to ICD-10-CA","SapBERT","492","has a reference match",2038,0.239,0.089,-0.008,0.181,0.235,0.295,1,"J43","Emphysema","emphysema","84","chronic obstructive pulmonary disease copd"
"10_9","ICD-9-CM to ICD-10-CA","SapBERT","493","has a reference match",2038,0.254,0.087,-0.066,0.2,0.255,0.307,1,"J45","Asthma","asthma","85","asthma"
"10_9","ICD-9-CM to ICD-10-CA","SapBERT","494","has a reference match",2038,0.213,0.088,-0.036,0.157,0.211,0.263,1,"J47","Bronchiectasis","bronchiectasis","84","chronic obstructive pulmonary disease copd"
"10_9","ICD-9-CM to ICD-10-CA","SapBERT","495","has a reference match",2038,0.241,0.087,0.014,0.181,0.237,0.295,0.676,"J67","Hypersensitivity pneumonitis due to organic dust","extrinsic allergic alveolitis","86","lung disease due to external agents"
"10_9","ICD-9-CM to ICD-10-CA","SapBERT","496","has a reference match",2038,0.287,0.094,0.014,0.221,0.283,0.349,0.724,"J44","Other chronic obstructive pulmonary disease","chronic airway obstruction not elsewhere classified","84","chronic obstructive pulmonary disease copd"
"10_9","ICD-9-CM to ICD-10-CA","SapBERT","500","has a reference match",2038,0.227,0.093,-0.008,0.162,0.216,0.284,0.939,"J60","Coalworker's pneumoconiosis","coal workers pneumoconiosis","86","lung disease due to external agents"
"10_9","ICD-9-CM to ICD-10-CA","SapBERT","501","has a reference match",2038,0.248,0.09,-0.02,0.19,0.247,0.309,0.802,"J61","Pneumoconiosis due to asbestos and other mineral fibres","asbestosis","86","lung disease due to external agents"
"10_9","ICD-9-CM to ICD-10-CA","SapBERT","502","has a reference match",2038,0.255,0.085,0.013,0.199,0.254,0.306,0.85,"J62","Pneumoconiosis due to dust containing silica","pneumoconiosis due to other silica or silicates","86","lung disease due to external agents"
"10_9","ICD-9-CM to ICD-10-CA","SapBERT","503","has a reference match",2038,0.257,0.092,0.004,0.195,0.258,0.312,0.997,"J63","Pneumoconiosis due to other inorganic dusts","pneumoconiosis due to other inorganic dust","86","lung disease due to external agents"
"10_9","ICD-9-CM to ICD-10-CA","SapBERT","504","has a reference match",2038,0.267,0.104,-0.011,0.193,0.265,0.334,0.839,"J63","Pneumoconiosis due to other inorganic dusts","pneumonopathy due to inhalation of other dust","86","lung disease due to external agents"
"10_9","ICD-9-CM to ICD-10-CA","SapBERT","505","has a reference match",2038,0.248,0.094,0.028,0.182,0.243,0.302,0.996,"J64","Unspecified pneumoconiosis","pneumoconiosis unspecified","86","lung disease due to external agents"
"10_9","ICD-9-CM to ICD-10-CA","SapBERT","506","has a reference match",2038,0.25,0.094,0.002,0.186,0.238,0.295,0.946,"J68","Respiratory conditions due to inhalation of chemicals, gases, fumes and vapours","respiratory conditions due to chemical fumes and vapors","86","lung disease due to external agents"
"10_9","ICD-9-CM to ICD-10-CA","SapBERT","508","has a reference match",2038,0.285,0.136,-0.059,0.18,0.266,0.389,0.972,"J70","Respiratory conditions due to other external agents","respiratory conditions due to other and unspecified external agents","86","lung disease due to external agents"
"10_9","ICD-9-CM to ICD-10-CA","SapBERT","512","has a reference match",2038,0.231,0.086,0.016,0.174,0.225,0.282,0.815,"J93","Pneumothorax","pneumothorax and air leak","87","other lower respiratory disease"
"10_9","ICD-9-CM to ICD-10-CA","SapBERT","514","has a reference match",2038,0.257,0.085,0.027,0.195,0.254,0.311,0.63,"J81","Pulmonary oedema","pulmonary congestion and hypostasis","87","other lower respiratory disease"
"10_9","ICD-9-CM to ICD-10-CA","SapBERT","515","no reference match",2038,0.241,0.091,-0.005,0.177,0.237,0.298,0.65,"G14","Postpolio syndrome","postinflammatory pulmonary fibrosis","87","other lower respiratory disease"
"10_9","ICD-9-CM to ICD-10-CA","SapBERT","516","has a reference match",2038,0.284,0.107,0.016,0.205,0.278,0.358,0.73,"J84","Other interstitial pulmonary diseases","other alveolar and parietoalveolar pneumonopathy","87","other lower respiratory disease"
"10_9","ICD-9-CM to ICD-10-CA","SapBERT","517","has a reference match",2038,0.263,0.126,-0.067,0.165,0.243,0.358,0.746,"J17","Pneumonia in diseases classified elsewhere","lung involvement in conditions classified elsewhere","87","other lower respiratory disease"
"10_9","ICD-9-CM to ICD-10-CA","SapBERT","518","has a reference match",2038,0.242,0.136,-0.062,0.141,0.212,0.334,0.83,"J98","Other respiratory disorders","other diseases of lung","88","respiratory failure pulmonary collapse"
"10_9","ICD-9-CM to ICD-10-CA","SapBERT","523","has a reference match",2038,0.226,0.088,-0.004,0.164,0.223,0.283,0.919,"K05","Gingivitis and periodontal diseases","gingival and periodontal diseases","89","disorders of teeth and jaw"
"10_9","ICD-9-CM to ICD-10-CA","SapBERT","525","has a reference match",2038,0.278,0.133,-0.002,0.177,0.245,0.373,0.967,"K08","Other disorders of teeth and supporting structures","other diseases and conditions of the teeth and supporting structures","89","disorders of teeth and jaw"
"10_9","ICD-9-CM to ICD-10-CA","SapBERT","530","has a reference match",2038,0.194,0.091,-0.053,0.13,0.19,0.248,0.761,"K23","Disorders of oesophagus in diseases classified elsewhere","diseases of oesophagus","90","esophageal disorders"
"10_9","ICD-9-CM to ICD-10-CA","SapBERT","531","has a reference match",2038,0.197,0.081,-0.013,0.144,0.193,0.242,1,"K25","Gastric ulcer","gastric ulcer","91","gasduo ulcer without hemorrhage"
"10_9","ICD-9-CM to ICD-10-CA","SapBERT","532","has a reference match",2038,0.19,0.083,-0.063,0.135,0.189,0.24,1,"K26","Duodenal ulcer","duodenal ulcer","91","gasduo ulcer without hemorrhage"
"10_9","ICD-9-CM to ICD-10-CA","SapBERT","533","has a reference match",2038,0.215,0.089,-0.106,0.16,0.214,0.271,1,"K27","Peptic ulcer, site unspecified","peptic ulcer site unspecified","91","gasduo ulcer without hemorrhage"
"10_9","ICD-9-CM to ICD-10-CA","SapBERT","534","has a reference match",2038,0.189,0.08,-0.034,0.135,0.185,0.238,1,"K28","Gastrojejunal ulcer","gastrojejunal ulcer","91","gasduo ulcer without hemorrhage"
"10_9","ICD-9-CM to ICD-10-CA","SapBERT","535","has a reference match",2038,0.249,0.095,-0.013,0.183,0.241,0.307,1,"K29","Gastritis and duodenitis","gastritis and duodenitis","92","gastritis and duodenitis"
"10_9","ICD-9-CM to ICD-10-CA","SapBERT","537","has a reference match",2038,0.255,0.131,-0.004,0.16,0.227,0.326,1,"K31","Other diseases of stomach and duodenum","other diseases of stomach and duodenum","93","other disorders of stomach and duodenum"
"10_9","ICD-9-CM to ICD-10-CA","SapBERT","555","has a reference match",2038,0.246,0.089,0.008,0.186,0.242,0.296,0.9,"K50","Crohn's disease [regional enteritis]","regional enteritis","94","regional enteritis and ulcerative colitis"
"10_9","ICD-9-CM to ICD-10-CA","SapBERT","556","has a reference match",2038,0.222,0.084,-0.022,0.167,0.215,0.271,1,"K51","Ulcerative colitis","ulcerative colitis","94","regional enteritis and ulcerative colitis"
"10_9","ICD-9-CM to ICD-10-CA","SapBERT","557","has a reference match",2038,0.217,0.079,-0.019,0.165,0.211,0.26,0.795,"K55","Vascular disorders of intestine","vascular insufficiency of intestine","77","other circulatory disease"
"10_9","ICD-9-CM to ICD-10-CA","SapBERT","558","has a reference match",2038,0.267,0.12,-0.015,0.175,0.253,0.345,0.965,"K52","Other noninfective gastroenteritis and colitis","other and unspecified noninfectious gastroenteritis and colitis","95","noninfectious gastroenteritis"
"10_9","ICD-9-CM to ICD-10-CA","SapBERT","562","has a reference match",2038,0.197,0.083,-0.086,0.143,0.198,0.249,0.847,"K57","Diverticular disease of intestine","diverticula of intestine","96","diverticulosis and diverticulitis"
"10_9","ICD-9-CM to ICD-10-CA","SapBERT","564","has a reference match",2038,0.282,0.114,-0.019,0.2,0.272,0.354,0.846,"K59","Other functional intestinal disorders","functional digestive disorders not elsewhere classified","97","other gastrointestinal disorders"
"10_9","ICD-9-CM to ICD-10-CA","SapBERT","571","has a reference match",2038,0.254,0.086,-0.021,0.196,0.254,0.307,0.877,"K74","Fibrosis and cirrhosis of liver","chronic liver disease and cirrhosis","98","hepatitis and other liver diseases"
"10_9","ICD-9-CM to ICD-10-CA","SapBERT","572","has a reference match",2038,0.238,0.078,0.028,0.186,0.235,0.285,0.589,"K75","Other inflammatory liver diseases","liver abscess and sequelae of chronic liver disease","98","hepatitis and other liver diseases"
"10_9","ICD-9-CM to ICD-10-CA","SapBERT","573","has a reference match",2038,0.242,0.12,-0.024,0.157,0.22,0.314,1,"K76","Other diseases of liver","other diseases of liver","98","hepatitis and other liver diseases"
"10_9","ICD-9-CM to ICD-10-CA","SapBERT","575","has a reference match",2038,0.234,0.121,-0.039,0.147,0.214,0.304,0.984,"K82","Other diseases of gallbladder","other disorders of gallbladder","99","biliary tract disease"
"10_9","ICD-9-CM to ICD-10-CA","SapBERT","576","has a reference match",2038,0.253,0.122,-0.015,0.165,0.233,0.328,0.987,"K83","Other diseases of biliary tract","other disorders of biliary tract","99","biliary tract disease"
"10_9","ICD-9-CM to ICD-10-CA","SapBERT","577","has a reference match",2038,0.189,0.097,-0.067,0.121,0.184,0.251,0.741,"K86","Other diseases of pancreas","diseases of pancreas","100","pancreatic disorders excluding diabetes"
"10_9","ICD-9-CM to ICD-10-CA","SapBERT","579","has a reference match",2038,0.219,0.09,0.006,0.156,0.213,0.27,1,"K90","Intestinal malabsorption","intestinal malabsorption","97","other gastrointestinal disorders"
"10_9","ICD-9-CM to ICD-10-CA","SapBERT","581","has a reference match",2038,0.229,0.091,-0.028,0.17,0.228,0.284,1,"N04","Nephrotic syndrome","nephrotic syndrome","101","chronic kideny disease and related conditions"
"10_9","ICD-9-CM to ICD-10-CA","SapBERT","582","has a reference match",2038,0.195,0.089,-0.075,0.14,0.19,0.247,0.777,"N03","Chronic nephritic syndrome","chronic glomerulonephritis","101","chronic kideny disease and related conditions"
"10_9","ICD-9-CM to ICD-10-CA","SapBERT","583","has a reference match",2038,0.282,0.095,-0.044,0.219,0.278,0.343,0.796,"N12","Tubulo-interstitial nephritis, not specified as acute or chronic","nephritis and nephropathy not specified as acute or chronic","101","chronic kideny disease and related conditions"
"10_9","ICD-9-CM to ICD-10-CA","SapBERT","585","has a reference match",2038,0.218,0.095,-0.029,0.158,0.216,0.275,1,"N18","Chronic kidney disease","chronic kidney disease","101","chronic kideny disease and related conditions"
"10_9","ICD-9-CM to ICD-10-CA","SapBERT","586","has a reference match",2038,0.203,0.089,-0.017,0.147,0.197,0.247,0.944,"N19","Unspecified kidney failure","renal failure unspecified","101","chronic kideny disease and related conditions"
"10_9","ICD-9-CM to ICD-10-CA","SapBERT","587","has a reference match",2038,0.188,0.092,-0.068,0.128,0.183,0.241,0.646,"N03","Chronic nephritic syndrome","renal sclerosis unspecified","101","chronic kideny disease and related conditions"
"10_9","ICD-9-CM to ICD-10-CA","SapBERT","588","has a reference match",2038,0.193,0.091,-0.049,0.133,0.188,0.244,0.826,"N19","Unspecified kidney failure","disorders resulting from impaired renal function","102","other diseases of kidney and ureters"
"10_9","ICD-9-CM to ICD-10-CA","SapBERT","590","has a reference match",2038,0.205,0.087,-0.034,0.146,0.192,0.252,0.533,"Q61","Cystic kidney disease","infections of kidney","103","urinary tract infections"
"10_9","ICD-9-CM to ICD-10-CA","SapBERT","595","has a reference match",2038,0.208,0.093,-0.041,0.148,0.198,0.257,1,"N30","Cystitis","cystitis","103","urinary tract infections"
"10_9","ICD-9-CM to ICD-10-CA","SapBERT","596","has a reference match",2038,0.251,0.125,-0.031,0.161,0.231,0.325,1,"N32","Other disorders of bladder","other disorders of bladder","104","other diseases of bladder and urethra"
"10_9","ICD-9-CM to ICD-10-CA","SapBERT","599","has a reference match",2038,0.246,0.135,-0.019,0.142,0.221,0.337,0.936,"N36","Other disorders of urethra","other disorders of urethra and urinary tract","104","other diseases of bladder and urethra"
"10_9","ICD-9-CM to ICD-10-CA","SapBERT","600","has a reference match",2038,0.197,0.089,-0.053,0.134,0.192,0.255,1,"N40","Hyperplasia of prostate","hyperplasia of prostate","105","hyperplasia of prostate"
"10_9","ICD-9-CM to ICD-10-CA","SapBERT","601","has a reference match",2038,0.223,0.09,-0.039,0.162,0.217,0.278,1,"N41","Inflammatory diseases of prostate","inflammatory diseases of prostate","106","other male genital disorders"
"10_9","ICD-9-CM to ICD-10-CA","SapBERT","607","has a reference match",2038,0.161,0.089,-0.038,0.102,0.153,0.209,0.777,"N48","Other disorders of penis","disorders of penis","106","other male genital disorders"
"10_9","ICD-9-CM to ICD-10-CA","SapBERT","610","has a reference match",2038,0.207,0.099,-0.042,0.14,0.205,0.272,0.993,"N60","Benign mammary dysplasia","benign mammary dysplasias","107","nonmalignant breast conditions"
"10_9","ICD-9-CM to ICD-10-CA","SapBERT","614","has a reference match",2038,0.231,0.085,-0.003,0.172,0.226,0.282,0.702,"N83","Noninflammatory disorders of ovary, fallopian tube and broad ligament","inflammatory disease of ovary fallopian tube pelvic cellular tissue and peritoneum","108","other female genital disorders"
"10_9","ICD-9-CM to ICD-10-CA","SapBERT","615","has a reference match",2038,0.243,0.103,-0.015,0.173,0.235,0.308,0.997,"N71","Inflammatory disease of uterus, except cervix","inflammatory diseases of uterus except cervix","108","other female genital disorders"
"10_9","ICD-9-CM to ICD-10-CA","SapBERT","617","has a reference match",2038,0.232,0.093,-0.07,0.174,0.232,0.294,1,"N80","Endometriosis","endometriosis","108","other female genital disorders"
"10_9","ICD-9-CM to ICD-10-CA","SapBERT","618","has a reference match",2038,0.24,0.078,0.026,0.187,0.236,0.288,0.886,"N81","Female genital prolapse","genital prolapse","110","prolapse of female genital organs"
"10_9","ICD-9-CM to ICD-10-CA","SapBERT","619","has a reference match",2038,0.118,0.075,-0.07,0.067,0.112,0.158,0.99,"N82","Fistulae involving female genital tract","fistula involving female genital tract","108","other female genital disorders"
"10_9","ICD-9-CM to ICD-10-CA","SapBERT","621","has a reference match",2038,0.242,0.121,-0.059,0.155,0.232,0.322,0.832,"N85","Other noninflammatory disorders of uterus, except cervix","disorders of uterus not elsewhere classified","108","other female genital disorders"
"10_9","ICD-9-CM to ICD-10-CA","SapBERT","625","has a reference match",2038,0.219,0.09,-0.016,0.16,0.211,0.267,0.911,"N94","Pain and other conditions associated with female genital organs and menstrual cycle","pain and other symptoms associated with female genital organs","108","other female genital disorders"
"10_9","ICD-9-CM to ICD-10-CA","SapBERT","626","has a reference match",2038,0.205,0.089,-0.054,0.145,0.197,0.255,0.761,"N94","Pain and other conditions associated with female genital organs and menstrual cycle","disorders of menstruation and other abnormal bleeding from female genital tract","109","menstrual disorders"
"10_9","ICD-9-CM to ICD-10-CA","SapBERT","627","has a reference match",2038,0.26,0.091,-0.016,0.202,0.264,0.319,0.904,"N95","Menopausal and other perimenopausal disorders","menopausal and postmenopausal disorders","111","menopausal disorders"
"10_9","ICD-9-CM to ICD-10-CA","SapBERT","628","has a reference match",2038,0.208,0.083,-0.04,0.156,0.204,0.256,1,"N97","Female infertility","female infertility","112","female infertility"
"10_9","ICD-9-CM to ICD-10-CA","SapBERT","629","has a reference match",2038,0.254,0.13,-0.024,0.156,0.231,0.339,0.789,"N50","Other disorders of male genital organs","other disorders of female genital organs","108","other female genital disorders"
"10_9","ICD-9-CM to ICD-10-CA","SapBERT","691","has a reference match",2038,0.258,0.094,-0.048,0.194,0.256,0.316,0.94,"L20","Atopic dermatitis","atopic dermatitis and related conditions","113","allergic reactions"
"10_9","ICD-9-CM to ICD-10-CA","SapBERT","694","has a reference match",2038,0.218,0.103,-0.065,0.149,0.209,0.28,0.782,"Q81","Epidermolysis bullosa","bullous dermatoses","114","other inflammatory condition of skin"
"10_9","ICD-9-CM to ICD-10-CA","SapBERT","695","has a reference match",2038,0.213,0.102,-0.067,0.145,0.207,0.274,0.739,"L53","Other erythematous conditions","erythematous conditions","114","other inflammatory condition of skin"
"10_9","ICD-9-CM to ICD-10-CA","SapBERT","696","has a reference match",2038,0.245,0.09,-0.05,0.184,0.238,0.302,0.808,"L40","Psoriasis","psoriasis and similar disorders","114","other inflammatory condition of skin"
"10_9","ICD-9-CM to ICD-10-CA","SapBERT","701","has a reference match",2038,0.285,0.101,0.018,0.211,0.276,0.354,0.687,"L91","Hypertrophic disorders of skin","other hypertrophic and atrophic conditions of skin","115","other skin disorders"
"10_9","ICD-9-CM to ICD-10-CA","SapBERT","705","has a reference match",2038,0.223,0.097,-0.082,0.159,0.218,0.284,0.886,"L74","Eccrine sweat disorders","diseases of sweat glands","115","other skin disorders"
"10_9","ICD-9-CM to ICD-10-CA","SapBERT","707","has a reference match",2038,0.207,0.084,-0.064,0.156,0.204,0.255,0.528,"K25","Gastric ulcer","chronic ulcer of skin","116","chronic ulcer of skin"
"10_9","ICD-9-CM to ICD-10-CA","SapBERT","710","has a reference match",2038,0.256,0.099,-0.041,0.19,0.255,0.319,0.78,"M36","Systemic disorders of connective tissue in diseases classified elsewhere","diffuse diseases of connective tissue","117","systemic lupus erythematosus and connective tissue disorders"
"10_9","ICD-9-CM to ICD-10-CA","SapBERT","712","has a reference match",2038,0.257,0.081,0.01,0.202,0.255,0.308,0.854,"M11","Other crystal arthropathies","crystal arthropathies","37","gout and other crystal arthropathies"
"10_9","ICD-9-CM to ICD-10-CA","SapBERT","713","has a reference match",2038,0.261,0.129,-0.02,0.166,0.238,0.342,0.938,"M14","Arthropathies in other diseases classified elsewhere","arthropathy associated with other disorders classified elsewhere","118","joint disorders"
"10_9","ICD-9-CM to ICD-10-CA","SapBERT","714","has a reference match",2038,0.241,0.086,0.006,0.187,0.233,0.287,0.747,"M06","Other rheumatoid arthritis","rheumatoid arthritis and other inflammatory polyarthropathies","119","rheumatoid arthritis and related disease"
"10_9","ICD-9-CM to ICD-10-CA","SapBERT","715","has a reference match",2038,0.288,0.089,0.007,0.23,0.284,0.34,0.722,"M90","Osteopathies in diseases classified elsewhere","osteoarthrosis and allied disorders","120","osteoarthritis"
"10_9","ICD-9-CM to ICD-10-CA","SapBERT","716","has a reference match",2038,0.254,0.119,-0.029,0.166,0.238,0.333,0.913,"M12","Other specific arthropathies","other and unspecified arthropathies","118","joint disorders"
"10_9","ICD-9-CM to ICD-10-CA","SapBERT","717","has a reference match",2038,0.213,0.075,-0.025,0.164,0.209,0.257,1,"M23","Internal derangement of knee","internal derangement of knee","118","joint disorders"
"10_9","ICD-9-CM to ICD-10-CA","SapBERT","718","has a reference match",2038,0.253,0.107,-0.008,0.175,0.24,0.325,0.905,"M24","Other specific joint derangements","other derangement of joint","118","joint disorders"
"10_9","ICD-9-CM to ICD-10-CA","SapBERT","719","has a reference match",2038,0.244,0.13,-0.023,0.144,0.221,0.329,0.89,"M25","Other joint disorders, not elsewhere classified","other and unspecified disorders of joint","118","joint disorders"
"10_9","ICD-9-CM to ICD-10-CA","SapBERT","720","has a reference match",2038,0.264,0.093,-0.068,0.209,0.264,0.319,0.848,"M46","Other inflammatory spondylopathies","ankylosing spondylitis and other inflammatory spondylopathies","121","spondylosis intervertebral disc disorders other back problems"
"10_9","ICD-9-CM to ICD-10-CA","SapBERT","721","has a reference match",2038,0.265,0.091,-0.077,0.209,0.263,0.317,0.903,"M47","Spondylosis","spondylosis and allied disorders","121","spondylosis intervertebral disc disorders other back problems"
"10_9","ICD-9-CM to ICD-10-CA","SapBERT","722","has a reference match",2038,0.204,0.101,-0.176,0.136,0.197,0.267,0.863,"M50","Cervical disc disorders","intervertebral disc disorders","121","spondylosis intervertebral disc disorders other back problems"
"10_9","ICD-9-CM to ICD-10-CA","SapBERT","730","has a reference match",2038,0.255,0.085,-0.04,0.199,0.253,0.306,0.786,"M86","Osteomyelitis","osteomyelitis periostitis and other infections involving bone","122","infective arthritis and osteomyelitis"
"10_9","ICD-9-CM to ICD-10-CA","SapBERT","731","has a reference match",2038,0.293,0.115,0.007,0.211,0.279,0.363,0.844,"M90","Osteopathies in diseases classified elsewhere","osteitis deformans and osteopathies associated with other disorders classified elsewhere","123","osteoporosis and other bone disease"
"10_9","ICD-9-CM to ICD-10-CA","SapBERT","732","has a reference match",2038,0.262,0.09,-0.024,0.201,0.261,0.318,0.824,"M93","Other osteochondropathies","osteochondropathies","123","osteoporosis and other bone disease"
"10_9","ICD-9-CM to ICD-10-CA","SapBERT","733","has a reference match",2038,0.288,0.13,0.002,0.189,0.265,0.369,0.905,"M94","Other disorders of cartilage","other disorders of bone and cartilage","123","osteoporosis and other bone disease"
"10_9","ICD-9-CM to ICD-10-CA","SapBERT","735","has a reference match",2038,0.166,0.071,-0.026,0.119,0.162,0.204,0.783,"M20","Acquired deformities of fingers and toes","acquired deformities of toe","124","acquired foot deformities"
"10_9","ICD-9-CM to ICD-10-CA","SapBERT","737","has a reference match",2038,0.179,0.083,-0.065,0.123,0.174,0.232,0.764,"M41","Scoliosis","curvature of spine","125","other acquired deformities"
"10_9","ICD-9-CM to ICD-10-CA","SapBERT","740","has a reference match",2038,0.245,0.083,0.001,0.187,0.243,0.298,0.97,"Q00","Anencephaly and similar malformations","anencephalus and similar anomalies","126","nervous system congenital anomalies"
"10_9","ICD-9-CM to ICD-10-CA","SapBERT","741","has a reference match",2038,0.217,0.095,-0.044,0.153,0.21,0.276,1,"Q05","Spina bifida","spina bifida","126","nervous system congenital anomalies"
"10_9","ICD-9-CM to ICD-10-CA","SapBERT","742","has a reference match",2038,0.24,0.118,-0.014,0.15,0.225,0.317,0.961,"Q07","Other congenital malformations of nervous system","other congenital anomalies of nervous system","126","nervous system congenital anomalies"
"10_9","ICD-9-CM to ICD-10-CA","SapBERT","743","has a reference match",2038,0.147,0.094,-0.079,0.088,0.136,0.19,0.8,"Q13","Congenital malformations of anterior segment of eye","congenital anomalies of eye","127","other congenital anomalies"
"10_9","ICD-9-CM to ICD-10-CA","SapBERT","744","has a reference match",2038,0.22,0.078,-0.026,0.17,0.215,0.265,0.678,"Q18","Other congenital malformations of face and neck","congenital anomalies of ear face and neck","127","other congenital anomalies"
"10_9","ICD-9-CM to ICD-10-CA","SapBERT","745","has a reference match",2038,0.256,0.08,0.024,0.201,0.251,0.304,0.67,"Q20","Congenital malformations of cardiac chambers and connections","bulbus cordis anomalies and anomalies of cardiac septal closure","128","cardiac and circulatory congenital anomalies"
"10_9","ICD-9-CM to ICD-10-CA","SapBERT","746","has a reference match",2038,0.247,0.109,-0.024,0.169,0.232,0.314,0.958,"Q24","Other congenital malformations of heart","other congenital anomalies of heart","128","cardiac and circulatory congenital anomalies"
"10_9","ICD-9-CM to ICD-10-CA","SapBERT","747","has a reference match",2038,0.257,0.114,-0.011,0.173,0.242,0.331,0.94,"Q28","Other congenital malformations of circulatory system","other congenital anomalies of circulatory system","128","cardiac and circulatory congenital anomalies"
"10_9","ICD-9-CM to ICD-10-CA","SapBERT","748","has a reference match",2038,0.188,0.1,-0.052,0.119,0.18,0.243,0.814,"Q34","Other congenital malformations of respiratory system","congenital anomalies of respiratory system","127","other congenital anomalies"
"10_9","ICD-9-CM to ICD-10-CA","SapBERT","749","has a reference match",2038,0.24,0.078,0.01,0.189,0.236,0.288,0.967,"Q37","Cleft palate with cleft lip","cleft palate and cleft lip","127","other congenital anomalies"
"10_9","ICD-9-CM to ICD-10-CA","SapBERT","750","has a reference match",2038,0.26,0.111,-0.025,0.177,0.248,0.337,0.978,"Q40","Other congenital malformations of upper alimentary tract","other congenital anomalies of upper alimentary tract","129","digestive congenital anomalies"
"10_9","ICD-9-CM to ICD-10-CA","SapBERT","751","has a reference match",2038,0.246,0.128,-0.032,0.15,0.225,0.332,0.946,"Q45","Other congenital malformations of digestive system","other congenital anomalies of digestive system","129","digestive congenital anomalies"
"10_9","ICD-9-CM to ICD-10-CA","SapBERT","752","has a reference match",2038,0.179,0.089,-0.015,0.122,0.17,0.222,0.667,"Q55","Other congenital malformations of male genital organs","congenital anomalies of genital organs","130","genitourinary congenital anomalies"
"10_9","ICD-9-CM to ICD-10-CA","SapBERT","753","has a reference match",2038,0.174,0.093,-0.047,0.11,0.162,0.221,0.752,"Q64","Other congenital malformations of urinary system","congenital anomalies of urinary system","130","genitourinary congenital anomalies"
"10_9","ICD-9-CM to ICD-10-CA","SapBERT","754","has a reference match",2038,0.218,0.092,-0.01,0.158,0.209,0.264,0.836,"Q68","Other congenital musculoskeletal deformities","certain congenital musculoskeletal deformities","127","other congenital anomalies"
"10_9","ICD-9-CM to ICD-10-CA","SapBERT","755","has a reference match",2038,0.274,0.102,-0.014,0.203,0.265,0.343,0.876,"Q74","Other congenital malformations of limb(s)","other congenital anomalies of limbs","127","other congenital anomalies"
"10_9","ICD-9-CM to ICD-10-CA","SapBERT","756","has a reference match",2038,0.287,0.116,-0.005,0.203,0.272,0.36,0.904,"Q68","Other congenital musculoskeletal deformities","other congenital musculoskeletal anomalies","127","other congenital anomalies"
"10_9","ICD-9-CM to ICD-10-CA","SapBERT","757","has a reference match",2038,0.172,0.096,-0.071,0.107,0.16,0.222,0.801,"Q84","Other congenital malformations of integument","congenital anomalies of the integument","127","other congenital anomalies"
"10_9","ICD-9-CM to ICD-10-CA","SapBERT","758","has a reference match",2038,0.179,0.081,-0.03,0.126,0.174,0.224,0.662,"Q99","Other chromosome abnormalities, not elsewhere classified","chromosomal anomalies","127","other congenital anomalies"
"10_9","ICD-9-CM to ICD-10-CA","SapBERT","759","has a reference match",2038,0.274,0.121,-0.021,0.184,0.26,0.355,0.871,"Q89","Other congenital malformations, not elsewhere classified","other and unspecified congenital anomalies","127","other congenital anomalies"
"10_9","ICD-9-CM to ICD-10-CA","mpnet","140","has a reference match",2038,0.15,0.133,-0.135,0.067,0.117,0.194,1,"C00","Malignant neoplasm of lip","malignant neoplasm of lip","1","cancer of head and neck"
"10_9","ICD-9-CM to ICD-10-CA","mpnet","141","has a reference match",2038,0.154,0.14,-0.146,0.063,0.126,0.203,0.953,"C02","Malignant neoplasm of other and unspecified parts of tongue","malignant neoplasm of tongue","1","cancer of head and neck"
"10_9","ICD-9-CM to ICD-10-CA","mpnet","142","has a reference match",2038,0.121,0.147,-0.142,0.027,0.089,0.166,0.977,"C08","Malignant neoplasm of other and unspecified major salivary glands","malignant neoplasm of major salivary glands","1","cancer of head and neck"
"10_9","ICD-9-CM to ICD-10-CA","mpnet","143","has a reference match",2038,0.124,0.127,-0.098,0.043,0.096,0.162,1,"C03","Malignant neoplasm of gum","malignant neoplasm of gum","1","cancer of head and neck"
"10_9","ICD-9-CM to ICD-10-CA","mpnet","144","has a reference match",2038,0.154,0.129,-0.134,0.073,0.125,0.197,1,"C04","Malignant neoplasm of floor of mouth","malignant neoplasm of floor of mouth","1","cancer of head and neck"
"10_9","ICD-9-CM to ICD-10-CA","mpnet","145","has a reference match",2038,0.145,0.141,-0.137,0.057,0.113,0.19,1,"C06","Malignant neoplasm of other and unspecified parts of mouth","malignant neoplasm of other and unspecified parts of mouth","1","cancer of head and neck"
"10_9","ICD-9-CM to ICD-10-CA","mpnet","146","has a reference match",2038,0.129,0.143,-0.125,0.042,0.091,0.167,1,"C10","Malignant neoplasm of oropharynx","malignant neoplasm of oropharynx","1","cancer of head and neck"
"10_9","ICD-9-CM to ICD-10-CA","mpnet","147","has a reference match",2038,0.148,0.136,-0.168,0.054,0.122,0.207,1,"C11","Malignant neoplasm of nasopharynx","malignant neoplasm of nasopharynx","1","cancer of head and neck"
"10_9","ICD-9-CM to ICD-10-CA","mpnet","148","has a reference match",2038,0.146,0.126,-0.144,0.056,0.122,0.202,1,"C13","Malignant neoplasm of hypopharynx","malignant neoplasm of hypopharynx","1","cancer of head and neck"
"10_9","ICD-9-CM to ICD-10-CA","mpnet","149","has a reference match",2038,0.142,0.139,-0.141,0.051,0.11,0.188,0.992,"C14","Malignant neoplasm of other and ill-defined sites in the lip, oral cavity and pharynx","malignant neoplasm of other and illdefined sites within the lip oral cavity and pharynx","1","cancer of head and neck"
"10_9","ICD-9-CM to ICD-10-CA","mpnet","150","has a reference match",2038,0.123,0.133,-0.103,0.044,0.091,0.156,0.89,"C15","Malignant neoplasm of oesophagus","malignant neoplasm of esophagus","2","cancer of esophagus"
"10_9","ICD-9-CM to ICD-10-CA","mpnet","151","has a reference match",2038,0.141,0.142,-0.104,0.053,0.103,0.176,1,"C16","Malignant neoplasm of stomach","malignant neoplasm of stomach","3","cancer of stomach"
"10_9","ICD-9-CM to ICD-10-CA","mpnet","152","has a reference match",2038,0.108,0.134,-0.112,0.029,0.075,0.139,0.913,"C17","Malignant neoplasm of small intestine","malignant neoplasm of small intestine including duodenum","4","cancer of other gi organs peritoneum"
"10_9","ICD-9-CM to ICD-10-CA","mpnet","153","has a reference match",2038,0.139,0.131,-0.091,0.058,0.107,0.179,1,"C18","Malignant neoplasm of colon","malignant neoplasm of colon","5","colon cancer"
"10_9","ICD-9-CM to ICD-10-CA","mpnet","154","has a reference match",2038,0.139,0.118,-0.07,0.062,0.113,0.181,0.876,"C20","Malignant neoplasm of rectum","malignant neoplasm of rectum rectosigmoid junction and anus","6","cancer of rectum and anus"
"10_9","ICD-9-CM to ICD-10-CA","mpnet","155","has a reference match",2038,0.115,0.131,-0.119,0.032,0.084,0.155,1,"C22","Malignant neoplasm of liver and intrahepatic bile ducts","malignant neoplasm of liver and intrahepatic bile ducts","7","cancer of liver and intrahepatic bile duct"
"10_9","ICD-9-CM to ICD-10-CA","mpnet","156","has a reference match",2038,0.101,0.129,-0.133,0.016,0.069,0.146,0.885,"C22","Malignant neoplasm of liver and intrahepatic bile ducts","malignant neoplasm of gallbladder and extrahepatic bile ducts","4","cancer of other gi organs peritoneum"
"10_9","ICD-9-CM to ICD-10-CA","mpnet","157","has a reference match",2038,0.122,0.132,-0.075,0.044,0.088,0.155,1,"C25","Malignant neoplasm of pancreas","malignant neoplasm of pancreas","8","pancreas cancer"
"10_9","ICD-9-CM to ICD-10-CA","mpnet","158","has a reference match",2038,0.117,0.128,-0.095,0.034,0.086,0.159,1,"C48","Malignant neoplasm of retroperitoneum and peritoneum","malignant neoplasm of retroperitoneum and peritoneum","4","cancer of other gi organs peritoneum"
"10_9","ICD-9-CM to ICD-10-CA","mpnet","159","has a reference match",2038,0.158,0.144,-0.101,0.063,0.121,0.206,0.857,"C26","Malignant neoplasm of other and ill-defined digestive organs","malignant neoplasm of other and illdefined sites within the digestive organs and peritoneum","4","cancer of other gi organs peritoneum"
"10_9","ICD-9-CM to ICD-10-CA","mpnet","160","has a reference match",2038,0.127,0.14,-0.113,0.037,0.092,0.173,0.953,"C30","Malignant neoplasm of nasal cavity and middle ear","malignant neoplasm of nasal cavities middle ear and accessory sinuses","1","cancer of head and neck"
"10_9","ICD-9-CM to ICD-10-CA","mpnet","161","has a reference match",2038,0.15,0.138,-0.094,0.062,0.118,0.192,1,"C32","Malignant neoplasm of larynx","malignant neoplasm of larynx","1","cancer of head and neck"
"10_9","ICD-9-CM to ICD-10-CA","mpnet","162","has a reference match",2038,0.132,0.139,-0.103,0.046,0.093,0.17,0.948,"C34","Malignant neoplasm of bronchus and lung","malignant neoplasm of trachea bronchus and lung","9","lung and other respiratory cancer"
"10_9","ICD-9-CM to ICD-10-CA","mpnet","163","has a reference match",2038,0.146,0.127,-0.104,0.067,0.118,0.188,0.746,"C38","Malignant neoplasm of heart, mediastinum and pleura","malignant neoplasm of pleura","9","lung and other respiratory cancer"
"10_9","ICD-9-CM to ICD-10-CA","mpnet","164","has a reference match",2038,0.143,0.12,-0.087,0.06,0.119,0.197,0.81,"C37","Malignant neoplasm of thymus","malignant neoplasm of thymus heart and mediastinum","10","other cancers"
"10_9","ICD-9-CM to ICD-10-CA","mpnet","165","has a reference match",2038,0.166,0.141,-0.092,0.073,0.134,0.212,0.991,"C39","Malignant neoplasm of other and ill-defined sites in the respiratory system and intrathoracic organs","malignant neoplasm of other and illdefined sites within the respiratory system and intrathoracic organs","9","lung and other respiratory cancer"
"10_9","ICD-9-CM to ICD-10-CA","mpnet","170","has a reference match",2038,0.133,0.137,-0.108,0.041,0.097,0.181,0.973,"C41","Malignant neoplasm of bone and articular cartilage of other and unspecified sites","malignant neoplasm of bone and articular cartilage","11","cancer of bone and connective tissue"
"10_9","ICD-9-CM to ICD-10-CA","mpnet","171","has a reference match",2038,0.167,0.139,-0.124,0.079,0.132,0.223,0.982,"C49","Malignant neoplasm of other connective and soft tissue","malignant neoplasm of connective and other soft tissue","11","cancer of bone and connective tissue"
"10_9","ICD-9-CM to ICD-10-CA","mpnet","172","has a reference match",2038,0.19,0.118,-0.095,0.112,0.167,0.24,1,"C43","Malignant melanoma of skin","malignant melanoma of skin","12","skin melanoma"
"10_9","ICD-9-CM to ICD-10-CA","mpnet","174","has a reference match",2038,0.123,0.136,-0.098,0.041,0.09,0.152,0.959,"C50","Malignant neoplasm of breast","malignant neoplasm of female breast","13","breast cancer"
"10_9","ICD-9-CM to ICD-10-CA","mpnet","175","no reference match",2038,0.123,0.136,-0.091,0.042,0.086,0.154,0.867,"C50","Malignant neoplasm of breast","malignant neoplasm of male breast","13","breast cancer"
"10_9","ICD-9-CM to ICD-10-CA","mpnet","176","has a reference match",2038,0.201,0.112,-0.1,0.121,0.193,0.269,0.923,"C46","Kaposi's sarcoma","kaposis sarcoma","10","other cancers"
"10_9","ICD-9-CM to ICD-10-CA","mpnet","179","has a reference match",2038,0.145,0.146,-0.133,0.055,0.106,0.189,1,"C55","Malignant neoplasm of uterus, part unspecified","malignant neoplasm of uterus part unspecified","14","uterus cancer"
"10_9","ICD-9-CM to ICD-10-CA","mpnet","180","has a reference match",2038,0.127,0.136,-0.13,0.04,0.094,0.17,1,"C53","Malignant neoplasm of cervix uteri","malignant neoplasm of cervix uteri","15","cervix cancer"
"10_9","ICD-9-CM to ICD-10-CA","mpnet","181","has a reference match",2038,0.149,0.13,-0.072,0.06,0.112,0.199,1,"C58","Malignant neoplasm of placenta","malignant neoplasm of placenta","16","cancer of other female genital organs"
"10_9","ICD-9-CM to ICD-10-CA","mpnet","182","has a reference match",2038,0.14,0.145,-0.135,0.048,0.096,0.184,0.93,"C55","Malignant neoplasm of uterus, part unspecified","malignant neoplasm of body of uterus","14","uterus cancer"
"10_9","ICD-9-CM to ICD-10-CA","mpnet","183","has a reference match",2038,0.129,0.13,-0.132,0.047,0.101,0.168,0.825,"C56","Malignant neoplasm of ovary","malignant neoplasm of ovary and other uterine adnexa","16","cancer of other female genital organs"
"10_9","ICD-9-CM to ICD-10-CA","mpnet","184","has a reference match",2038,0.159,0.146,-0.074,0.062,0.119,0.206,1,"C57","Malignant neoplasm of other and unspecified female genital organs","malignant neoplasm of other and unspecified female genital organs","16","cancer of other female genital organs"
"10_9","ICD-9-CM to ICD-10-CA","mpnet","185","has a reference match",2038,0.115,0.132,-0.082,0.036,0.083,0.144,1,"C61","Malignant neoplasm of prostate","malignant neoplasm of prostate","17","prostate cancer"
"10_9","ICD-9-CM to ICD-10-CA","mpnet","186","has a reference match",2038,0.133,0.135,-0.11,0.05,0.098,0.168,1,"C62","Malignant neoplasm of testis","malignant neoplasm of testis","18","testis cancer"
"10_9","ICD-9-CM to ICD-10-CA","mpnet","187","has a reference match",2038,0.15,0.14,-0.105,0.065,0.113,0.188,0.942,"C60","Malignant neoplasm of penis","malignant neoplasm of penis and other male genital organs","19","cancer of other male genital organs"
"10_9","ICD-9-CM to ICD-10-CA","mpnet","188","has a reference match",2038,0.12,0.131,-0.129,0.041,0.087,0.15,1,"C67","Malignant neoplasm of bladder","malignant neoplasm of bladder","20","bladder cancer"
"10_9","ICD-9-CM to ICD-10-CA","mpnet","189","has a reference match",2038,0.138,0.145,-0.102,0.047,0.101,0.177,0.929,"C68","Malignant neoplasm of other and unspecified urinary organs","malignant neoplasm of kidney and other and unspecified urinary organs","21","cancer of kidney and other urinary organs"
"10_9","ICD-9-CM to ICD-10-CA","mpnet","190","has a reference match",2038,0.132,0.135,-0.09,0.046,0.099,0.171,0.806,"C69","Malignant neoplasm of eye and adnexa","malignant neoplasm of eye","10","other cancers"
"10_9","ICD-9-CM to ICD-10-CA","mpnet","191","has a reference match",2038,0.157,0.133,-0.094,0.077,0.127,0.197,1,"C71","Malignant neoplasm of brain","malignant neoplasm of brain","22","cancer of brain and nervous system"
"10_9","ICD-9-CM to ICD-10-CA","mpnet","192","has a reference match",2038,0.17,0.139,-0.086,0.079,0.135,0.22,0.861,"C72","Malignant neoplasm of spinal cord, cranial nerves and other parts of central nervous system","malignant neoplasm of other and unspecified parts of nervous system","22","cancer of brain and nervous system"
"10_9","ICD-9-CM to ICD-10-CA","mpnet","193","has a reference match",2038,0.12,0.128,-0.091,0.046,0.091,0.147,1,"C73","Malignant neoplasm of thyroid gland","malignant neoplasm of thyroid gland","23","thyroid cancer"
"10_9","ICD-9-CM to ICD-10-CA","mpnet","194","has a reference match",2038,0.125,0.142,-0.131,0.037,0.091,0.161,1,"C75","Malignant neoplasm of other endocrine glands and related structures","malignant neoplasm of other endocrine glands and related structures","10","other cancers"
"10_9","ICD-9-CM to ICD-10-CA","mpnet","195","has a reference match",2038,0.168,0.148,-0.07,0.076,0.131,0.208,0.97,"C76","Malignant neoplasm of other and ill-defined sites","malignant neoplasm of other and illdefined sites","10","other cancers"
"10_9","ICD-9-CM to ICD-10-CA","mpnet","196","has a reference match",2038,0.16,0.137,-0.088,0.07,0.129,0.207,1,"C77","Secondary and unspecified malignant neoplasm of lymph nodes","secondary and unspecified malignant neoplasm of lymph nodes","24","secondary malignancy"
"10_9","ICD-9-CM to ICD-10-CA","mpnet","197","has a reference match",2038,0.144,0.137,-0.1,0.059,0.11,0.183,0.995,"C78","Secondary malignant neoplasm of respiratory and digestive organs","secondary malignant neoplasm of respiratory and digestive systems","24","secondary malignancy"
"10_9","ICD-9-CM to ICD-10-CA","mpnet","198","has a reference match",2038,0.151,0.14,-0.101,0.067,0.117,0.186,0.976,"C79","Secondary malignant neoplasm of other and unspecified sites","secondary malignant neoplasm of other specified sites","24","secondary malignancy"
"10_9","ICD-9-CM to ICD-10-CA","mpnet","199","has a reference match",2038,0.156,0.14,-0.088,0.067,0.123,0.196,1,"C80","Malignant neoplasm without specification of site","malignant neoplasm without specification of site","25","malignant neoplasm without specification of site"
"10_9","ICD-9-CM to ICD-10-CA","mpnet","200","has a reference match",2038,0.145,0.12,-0.092,0.069,0.12,0.184,0.755,"C96","Other and unspecified malignant neoplasms of lymphoid, haematopoietic and related tissue","lymphosarcoma and reticulosarcoma and other specified malignant tumors of lymphatic tissue","26","nonhodgkins lymphoma"
"10_9","ICD-9-CM to ICD-10-CA","mpnet","201","has a reference match",2038,0.191,0.101,-0.059,0.118,0.189,0.261,0.849,"C81","Hodgkin lymphoma","hodgkins disease","27","hodgkins disease"
"10_9","ICD-9-CM to ICD-10-CA","mpnet","202","has a reference match",2038,0.176,0.14,-0.103,0.086,0.144,0.226,0.913,"C96","Other and unspecified malignant neoplasms of lymphoid, haematopoietic and related tissue","other malignant neoplasms of lymphoid and histiocytic tissue","26","nonhodgkins lymphoma"
"10_9","ICD-9-CM to ICD-10-CA","mpnet","203","has a reference match",2038,0.134,0.109,-0.082,0.061,0.11,0.179,0.852,"C90","Multiple myeloma and malignant plasma cell neoplasms","multiple myeloma and immunoproliferative neoplasms","28","multiple myeloma and leukemias"
"10_9","ICD-9-CM to ICD-10-CA","mpnet","204","has a reference match",2038,0.169,0.095,-0.092,0.107,0.159,0.22,0.919,"C91","Lymphoid leukaemia","lymphoid leukemia","28","multiple myeloma and leukemias"
"10_9","ICD-9-CM to ICD-10-CA","mpnet","205","has a reference match",2038,0.164,0.088,-0.069,0.106,0.158,0.216,0.915,"C92","Myeloid leukaemia","myeloid leukemia","28","multiple myeloma and leukemias"
"10_9","ICD-9-CM to ICD-10-CA","mpnet","206","has a reference match",2038,0.143,0.098,-0.104,0.081,0.13,0.195,0.934,"C93","Monocytic leukaemia","monocytic leukemia","28","multiple myeloma and leukemias"
"10_9","ICD-9-CM to ICD-10-CA","mpnet","207","has a reference match",2038,0.194,0.098,-0.101,0.126,0.187,0.256,0.791,"C94","Other leukaemias of specified cell type","other specified leukemia","28","multiple myeloma and leukemias"
"10_9","ICD-9-CM to ICD-10-CA","mpnet","208","has a reference match",2038,0.199,0.11,-0.079,0.127,0.183,0.254,0.901,"C95","Leukaemia of unspecified cell type","leukemia of unspecified cell type","28","multiple myeloma and leukemias"
"10_9","ICD-9-CM to ICD-10-CA","mpnet","209","no reference match",2038,0.15,0.111,-0.138,0.072,0.135,0.208,0.712,"D44","Neoplasm of uncertain or unknown behaviour of endocrine glands","neuroendocrine tumors","10","other cancers"
"10_9","ICD-9-CM to ICD-10-CA","mpnet","225","has a reference match",2038,0.176,0.135,-0.089,0.089,0.142,0.228,0.988,"D33","Benign neoplasm of brain and other parts of central nervous system","benign neoplasm of brain and other parts of nervous system","29","other and unspecified benign neoplasm"
"10_9","ICD-9-CM to ICD-10-CA","mpnet","230","has a reference match",2038,0.15,0.127,-0.067,0.067,0.118,0.192,0.969,"D01","Carcinoma in situ of other and unspecified digestive organs","carcinoma in situ of digestive organs","4","cancer of other gi organs peritoneum"
"10_9","ICD-9-CM to ICD-10-CA","mpnet","231","has a reference match",2038,0.152,0.129,-0.123,0.072,0.121,0.195,0.842,"C39","Malignant neoplasm of other and ill-defined sites in the respiratory system and intrathoracic organs","carcinoma in situ of respiratory system","9","lung and other respiratory cancer"
"10_9","ICD-9-CM to ICD-10-CA","mpnet","233","has a reference match",2038,0.129,0.118,-0.125,0.055,0.103,0.164,0.825,"D05","Carcinoma in situ of breast","carcinoma in situ of breast and genitourinary system","10","other cancers"
"10_9","ICD-9-CM to ICD-10-CA","mpnet","234","has a reference match",2038,0.157,0.126,-0.08,0.079,0.13,0.197,1,"D09","Carcinoma in situ of other and unspecified sites","carcinoma in situ of other and unspecified sites","10","other cancers"
"10_9","ICD-9-CM to ICD-10-CA","mpnet","237","has a reference match",2038,0.129,0.125,-0.093,0.045,0.103,0.175,0.91,"D44","Neoplasm of uncertain or unknown behaviour of endocrine glands","neoplasm of uncertain behavior of endocrine glands and nervous system","30","neoplasms of unspecified nature"
"10_9","ICD-9-CM to ICD-10-CA","mpnet","238","has a reference match",2038,0.178,0.14,-0.048,0.086,0.146,0.228,0.96,"D48","Neoplasm of uncertain or unknown behaviour of other and unspecified sites","neoplasm of uncertain behavior of other and unspecified sites and tissues","30","neoplasms of unspecified nature"
"10_9","ICD-9-CM to ICD-10-CA","mpnet","239","no reference match",2038,0.209,0.147,-0.049,0.108,0.176,0.267,0.856,"D36","Benign neoplasm of other and unspecified sites","neoplasms of unspecified nature","30","neoplasms of unspecified nature"
"10_9","ICD-9-CM to ICD-10-CA","mpnet","240","has a reference match",2038,0.138,0.066,-0.042,0.092,0.136,0.182,0.498,"E04","Other nontoxic goitre","simple and unspecified goiter","31","thyroid disorders"
"10_9","ICD-9-CM to ICD-10-CA","mpnet","241","has a reference match",2038,0.169,0.079,-0.114,0.115,0.174,0.224,0.604,"E04","Other nontoxic goitre","nontoxic nodular goiter","31","thyroid disorders"
"10_9","ICD-9-CM to ICD-10-CA","mpnet","242","has a reference match",2038,0.169,0.09,-0.046,0.104,0.166,0.227,0.694,"E05","Thyrotoxicosis [hyperthyroidism]","thyrotoxicosis with or without goiter","31","thyroid disorders"
"10_9","ICD-9-CM to ICD-10-CA","mpnet","243","has a reference match",2038,0.157,0.107,-0.076,0.082,0.141,0.216,0.799,"E03","Other hypothyroidism","congenital hypothyroidism","31","thyroid disorders"
"10_9","ICD-9-CM to ICD-10-CA","mpnet","244","has a reference match",2038,0.159,0.092,-0.081,0.097,0.152,0.209,0.823,"E03","Other hypothyroidism","acquired hypothyroidism","31","thyroid disorders"
"10_9","ICD-9-CM to ICD-10-CA","mpnet","245","has a reference match",2038,0.192,0.105,-0.079,0.11,0.189,0.262,1,"E06","Thyroiditis","thyroiditis","31","thyroid disorders"
"10_9","ICD-9-CM to ICD-10-CA","mpnet","246","has a reference match",2038,0.205,0.124,-0.05,0.113,0.193,0.28,1,"E07","Other disorders of thyroid","other disorders of thyroid","31","thyroid disorders"
"10_9","ICD-9-CM to ICD-10-CA","mpnet","249","no reference match",2038,0.185,0.095,-0.052,0.116,0.18,0.248,0.782,"E14","Unspecified diabetes mellitus","secondary diabetes mellitus","32","diabetes mellitus"
"10_9","ICD-9-CM to ICD-10-CA","mpnet","250","has a reference match",2038,0.211,0.109,-0.056,0.131,0.205,0.286,0.862,"E14","Unspecified diabetes mellitus","diabetes mellitus","32","diabetes mellitus"
"10_9","ICD-9-CM to ICD-10-CA","mpnet","251","has a reference match",2038,0.159,0.106,-0.105,0.083,0.156,0.223,0.749,"E16","Other disorders of pancreatic internal secretion","other disorders of pancreatic internal secretiondisorders of parathyroid gland","33","other endocrine disorders"
"10_9","ICD-9-CM to ICD-10-CA","mpnet","252","has a reference match",2038,0.183,0.111,-0.104,0.103,0.178,0.252,0.928,"E21","Hyperparathyroidism and other disorders of parathyroid gland","disorders of parathyroid gland","33","other endocrine disorders"
"10_9","ICD-9-CM to ICD-10-CA","mpnet","253","has a reference match",2038,0.157,0.101,-0.079,0.087,0.15,0.217,0.829,"E23","Hypofunction and other disorders of pituitary gland","disorders of the pituitary gland and its hypothalamic control","33","other endocrine disorders"
"10_9","ICD-9-CM to ICD-10-CA","mpnet","254","has a reference match",2038,0.197,0.111,-0.08,0.115,0.196,0.272,0.955,"E32","Diseases of thymus","diseases of thymus gland","33","other endocrine disorders"
"10_9","ICD-9-CM to ICD-10-CA","mpnet","255","has a reference match",2038,0.188,0.113,-0.078,0.108,0.184,0.259,0.951,"E27","Other disorders of adrenal gland","disorders of adrenal glands","33","other endocrine disorders"
"10_9","ICD-9-CM to ICD-10-CA","mpnet","256","has a reference match",2038,0.149,0.1,-0.073,0.08,0.14,0.209,1,"E28","Ovarian dysfunction","ovarian dysfunction","33","other endocrine disorders"
"10_9","ICD-9-CM to ICD-10-CA","mpnet","257","has a reference match",2038,0.167,0.101,-0.092,0.098,0.158,0.23,1,"E29","Testicular dysfunction","testicular dysfunction","33","other endocrine disorders"
"10_9","ICD-9-CM to ICD-10-CA","mpnet","258","has a reference match",2038,0.177,0.109,-0.091,0.094,0.167,0.248,0.973,"E31","Polyglandular dysfunction","polyglandular dysfunction and related disorders","33","other endocrine disorders"
"10_9","ICD-9-CM to ICD-10-CA","mpnet","259","has a reference match",2038,0.217,0.131,-0.098,0.121,0.208,0.302,1,"E34","Other endocrine disorders","other endocrine disorders","33","other endocrine disorders"
"10_9","ICD-9-CM to ICD-10-CA","mpnet","260","has a reference match",2038,0.06,0.062,-0.073,0.018,0.054,0.093,1,"E40","Kwashiorkor","kwashiorkor","34","nutritional deficiencies"
"10_9","ICD-9-CM to ICD-10-CA","mpnet","261","has a reference match",2038,0.106,0.084,-0.096,0.053,0.096,0.151,1,"E41","Nutritional marasmus","nutritional marasmus","34","nutritional deficiencies"
"10_9","ICD-9-CM to ICD-10-CA","mpnet","262","has a reference match",2038,0.168,0.108,-0.125,0.095,0.162,0.229,0.816,"E44","Protein-energy malnutrition of moderate and mild degree","other severe proteincalorie malnutrition","34","nutritional deficiencies"
"10_9","ICD-9-CM to ICD-10-CA","mpnet","263","has a reference match",2038,0.189,0.11,-0.128,0.12,0.183,0.253,0.878,"E44","Protein-energy malnutrition of moderate and mild degree","other and unspecified proteincalorie malnutrition","34","nutritional deficiencies"
"10_9","ICD-9-CM to ICD-10-CA","mpnet","268","has a reference match",2038,0.148,0.112,-0.103,0.067,0.141,0.219,1,"E55","Vitamin D deficiency","vitamin d deficiency","34","nutritional deficiencies"
"10_9","ICD-9-CM to ICD-10-CA","mpnet","270","has a reference match",2038,0.147,0.102,-0.109,0.072,0.137,0.207,0.783,"E72","Other disorders of amino-acid metabolism","disorders of aminoacid transport and metabolism","35","other nutritional endocrine immunity and metabolic disorders"
"10_9","ICD-9-CM to ICD-10-CA","mpnet","271","has a reference match",2038,0.184,0.114,-0.076,0.098,0.169,0.253,0.844,"E74","Other disorders of carbohydrate metabolism","disorders of carbohydrate transport and metabolism","35","other nutritional endocrine immunity and metabolic disorders"
"10_9","ICD-9-CM to ICD-10-CA","mpnet","272","has a reference match",2038,0.175,0.112,-0.091,0.091,0.167,0.245,0.836,"E78","Disorders of lipoprotein metabolism and other lipidaemias","disorders of lipoid metabolism","36","disorders of lipid metabolism"
"10_9","ICD-9-CM to ICD-10-CA","mpnet","273","has a reference match",2038,0.179,0.118,-0.093,0.093,0.166,0.245,0.8,"R77","Other abnormalities of plasma proteins","disorders of plasma protein metabolism","35","other nutritional endocrine immunity and metabolic disorders"
"10_9","ICD-9-CM to ICD-10-CA","mpnet","274","has a reference match",2038,0.178,0.101,-0.058,0.103,0.174,0.247,1,"M10","Gout","gout","37","gout and other crystal arthropathies"
"10_9","ICD-9-CM to ICD-10-CA","mpnet","275","has a reference match",2038,0.2,0.121,-0.075,0.115,0.186,0.273,1,"E83","Disorders of mineral metabolism","disorders of mineral metabolism","35","other nutritional endocrine immunity and metabolic disorders"
"10_9","ICD-9-CM to ICD-10-CA","mpnet","277","has a reference match",2038,0.238,0.129,-0.059,0.143,0.23,0.322,0.855,"E88","Other metabolic disorders","other and unspecified disorders of metabolism","35","other nutritional endocrine immunity and metabolic disorders"
"10_9","ICD-9-CM to ICD-10-CA","mpnet","278","has a reference match",2038,0.18,0.101,-0.072,0.11,0.174,0.238,0.651,"E68","Sequelae of hyperalimentation","overweight obesity and other hyperalimentation","35","other nutritional endocrine immunity and metabolic disorders"
"10_9","ICD-9-CM to ICD-10-CA","mpnet","279","has a reference match",2038,0.249,0.131,-0.042,0.151,0.249,0.349,0.926,"D89","Other disorders involving the immune mechanism, not elsewhere classified","disorders involving the immune mechanism","35","other nutritional endocrine immunity and metabolic disorders"
"10_9","ICD-9-CM to ICD-10-CA","mpnet","280","has a reference match",2038,0.146,0.102,-0.117,0.078,0.14,0.199,0.932,"D50","Iron deficiency anaemia","iron deficiency anemias","38","anemia"
"10_9","ICD-9-CM to ICD-10-CA","mpnet","282","has a reference match",2038,0.148,0.109,-0.083,0.073,0.138,0.203,0.929,"D58","Other hereditary haemolytic anaemias","hereditary hemolytic anemias","38","anemia"
"10_9","ICD-9-CM to ICD-10-CA","mpnet","283","has a reference match",2038,0.184,0.107,-0.082,0.111,0.172,0.245,0.927,"D59","Acquired haemolytic anaemia","acquired hemolytic anemias","38","anemia"
"10_9","ICD-9-CM to ICD-10-CA","mpnet","284","has a reference match",2038,0.148,0.095,-0.078,0.082,0.135,0.201,0.831,"D61","Other aplastic anaemias","aplastic anemia and other bone marrow failure syndromes","38","anemia"
"10_9","ICD-9-CM to ICD-10-CA","mpnet","285","has a reference match",2038,0.219,0.105,-0.074,0.145,0.215,0.282,0.833,"D64","Other anaemias","other and unspecified anemias","38","anemia"
"10_9","ICD-9-CM to ICD-10-CA","mpnet","286","has a reference match",2038,0.167,0.092,-0.1,0.105,0.161,0.223,0.963,"D68","Other coagulation defects","coagulation defects","39","other hematologic conditions"
"10_9","ICD-9-CM to ICD-10-CA","mpnet","287","has a reference match",2038,0.228,0.098,-0.033,0.159,0.222,0.288,0.984,"D69","Purpura and other haemorrhagic conditions","purpura and other hemorrhagic conditions","39","other hematologic conditions"
"10_9","ICD-9-CM to ICD-10-CA","mpnet","288","has a reference match",2038,0.192,0.112,-0.102,0.106,0.181,0.271,0.947,"D72","Other disorders of white blood cells","diseases of white blood cells","39","other hematologic conditions"
"10_9","ICD-9-CM to ICD-10-CA","mpnet","289","has a reference match",2038,0.266,0.127,-0.076,0.178,0.266,0.353,0.953,"D75","Other diseases of blood and blood-forming organs","other diseases of blood and bloodforming organs","39","other hematologic conditions"
"10_9","ICD-9-CM to ICD-10-CA","mpnet","290","has a reference match",2038,0.2,0.105,-0.069,0.127,0.186,0.266,0.798,"F03","Unspecified dementia","dementias","40","delirium dementia and other cognitive disorders"
"10_9","ICD-9-CM to ICD-10-CA","mpnet","291","has a reference match",2038,0.137,0.106,-0.08,0.066,0.116,0.183,0.871,"F10","Mental and behavioural disorders due to use of alcohol","alcoholinduced mental disorders","41","alcohol and substancerelated disorders"
"10_9","ICD-9-CM to ICD-10-CA","mpnet","292","has a reference match",2038,0.151,0.117,-0.056,0.073,0.124,0.201,0.78,"F19","Mental and behavioural disorders due to multiple drug use and use of other psychoactive substances","druginduced mental disorders","41","alcohol and substancerelated disorders"
"10_9","ICD-9-CM to ICD-10-CA","mpnet","294","has a reference match",2038,0.157,0.121,-0.089,0.078,0.139,0.209,0.756,"F54","Psychological and behavioural factors associated with disorders or diseases classified elsewhere","persistent mental disorders due to conditions classified elsewhere","40","delirium dementia and other cognitive disorders"
"10_9","ICD-9-CM to ICD-10-CA","mpnet","295","has a reference match",2038,0.183,0.115,-0.047,0.102,0.168,0.244,0.888,"F25","Schizoaffective disorders","schizophrenic disorders","42","schizophrenia and other psychotic disorders"
"10_9","ICD-9-CM to ICD-10-CA","mpnet","296","has a reference match",2038,0.117,0.108,-0.111,0.052,0.1,0.165,0.801,"F34","Persistent mood [affective] disorders","episodic mood disorders","43","mood and anxiety disorders"
"10_9","ICD-9-CM to ICD-10-CA","mpnet","297","has a reference match",2038,0.177,0.115,-0.061,0.1,0.16,0.233,0.876,"F22","Persistent delusional disorders","delusional disorders","42","schizophrenia and other psychotic disorders"
"10_9","ICD-9-CM to ICD-10-CA","mpnet","298","has a reference match",2038,0.186,0.121,-0.056,0.099,0.17,0.251,0.906,"F28","Other nonorganic psychotic disorders","other nonorganic psychoses","42","schizophrenia and other psychotic disorders"
"10_9","ICD-9-CM to ICD-10-CA","mpnet","299","has a reference match",2038,0.124,0.105,-0.121,0.053,0.105,0.178,1,"F84","Pervasive developmental disorders","pervasive developmental disorders","44","disorders usually diagnosed in infancy childhood or adolescence"
"10_9","ICD-9-CM to ICD-10-CA","mpnet","300","has a reference match",2038,0.142,0.101,-0.074,0.075,0.129,0.193,0.689,"F45","Somatoform disorders","anxiety dissociative and somatoform disorders","43","mood and anxiety disorders"
"10_9","ICD-9-CM to ICD-10-CA","mpnet","301","has a reference match",2038,0.169,0.114,-0.059,0.094,0.154,0.221,0.864,"F60","Specific personality disorders","personality disorders","45","personality disorders"
"10_9","ICD-9-CM to ICD-10-CA","mpnet","303","has a reference match",2038,0.168,0.095,-0.042,0.1,0.158,0.221,0.74,"F10","Mental and behavioural disorders due to use of alcohol","alcohol dependence syndrome","41","alcohol and substancerelated disorders"
"10_9","ICD-9-CM to ICD-10-CA","mpnet","304","has a reference match",2038,0.147,0.101,-0.058,0.075,0.13,0.197,0.734,"F55","Abuse of non-dependence-producing substances","drug dependence","41","alcohol and substancerelated disorders"
"10_9","ICD-9-CM to ICD-10-CA","mpnet","305","has a reference match",2038,0.125,0.096,-0.047,0.064,0.104,0.161,0.878,"F55","Abuse of non-dependence-producing substances","nondependent abuse of drugs","41","alcohol and substancerelated disorders"
"10_9","ICD-9-CM to ICD-10-CA","mpnet","306","has a reference match",2038,0.208,0.111,-0.023,0.127,0.198,0.272,0.654,"F06","Other mental disorders due to brain damage and dysfunction and to physical disease","physiological malfunction arising from mental factors","46","miscellaneous mental health disorders"
"10_9","ICD-9-CM to ICD-10-CA","mpnet","307","has a reference match",2038,0.243,0.126,-0.062,0.152,0.24,0.326,0.66,"G98","Other disorders of nervous system, not elsewhere classified","special symptoms or syndromes not elsewhere classified","46","miscellaneous mental health disorders"
"10_9","ICD-9-CM to ICD-10-CA","mpnet","308","has a reference match",2038,0.197,0.093,-0.061,0.133,0.196,0.258,0.758,"F43","Reaction to severe stress, and adjustment disorders","acute reaction to stress","43","mood and anxiety disorders"
"10_9","ICD-9-CM to ICD-10-CA","mpnet","309","has a reference match",2038,0.032,0.067,-0.17,-0.015,0.028,0.071,0.404,"Z46","Fitting and adjustment of other devices","adjustment reaction","47","adjustment disorders"
"10_9","ICD-9-CM to ICD-10-CA","mpnet","310","has a reference match",2038,0.206,0.115,-0.044,0.126,0.186,0.263,0.776,"F06","Other mental disorders due to brain damage and dysfunction and to physical disease","specific nonpsychotic mental disorders due to brain damage","46","miscellaneous mental health disorders"
"10_9","ICD-9-CM to ICD-10-CA","mpnet","311","has a reference match",2038,0.114,0.104,-0.109,0.044,0.097,0.163,0.677,"F33","Recurrent depressive disorder","depressive disorder not elsewhere classified","43","mood and anxiety disorders"
"10_9","ICD-9-CM to ICD-10-CA","mpnet","312","has a reference match",2038,0.142,0.085,-0.067,0.085,0.132,0.188,0.538,"F91","Conduct disorders","disturbance of conduct not elsewhere classified","48","attentiondeficit conduct and disruptive behavior disorders"
"10_9","ICD-9-CM to ICD-10-CA","mpnet","314","has a reference match",2038,0.204,0.1,-0.056,0.133,0.203,0.272,0.883,"F90","Hyperkinetic disorders","hyperkinetic syndrome of childhood","48","attentiondeficit conduct and disruptive behavior disorders"
"10_9","ICD-9-CM to ICD-10-CA","mpnet","315","has a reference match",2038,0.057,0.065,-0.131,0.016,0.05,0.091,0.351,"R62","Lack of expected normal physiological development","specific delays in development","49","developmental disorders"
"10_9","ICD-9-CM to ICD-10-CA","mpnet","316","has a reference match",2038,0.18,0.111,-0.069,0.106,0.166,0.243,0.702,"F54","Psychological and behavioural factors associated with disorders or diseases classified elsewhere","psychic factors associated with diseases classified elsewhere","46","miscellaneous mental health disorders"
"10_9","ICD-9-CM to ICD-10-CA","mpnet","317","has a reference match",2038,0.17,0.099,-0.073,0.104,0.159,0.225,0.853,"F70","Mild mental retardation","mild intellectual disabilities","49","developmental disorders"
"10_9","ICD-9-CM to ICD-10-CA","mpnet","318","has a reference match",2038,0.173,0.11,-0.072,0.097,0.162,0.24,0.79,"F78","Other mental retardation","other specified intellectual disabilities","49","developmental disorders"
"10_9","ICD-9-CM to ICD-10-CA","mpnet","319","has a reference match",2038,0.214,0.101,-0.031,0.144,0.204,0.276,0.897,"F79","Unspecified mental retardation","unspecified intellectual disabilities","49","developmental disorders"
"10_9","ICD-9-CM to ICD-10-CA","mpnet","327","no reference match",2038,0.146,0.099,-0.068,0.075,0.136,0.209,0.793,"F51","Nonorganic sleep disorders","organic sleep disorders","50","other nervous system conditions"
"10_9","ICD-9-CM to ICD-10-CA","mpnet","330","has a reference match",2038,0.164,0.106,-0.104,0.09,0.152,0.225,0.612,"G93","Other disorders of brain","cerebral degenerations usually manifest in childhood","50","other nervous system conditions"
"10_9","ICD-9-CM to ICD-10-CA","mpnet","331","has a reference match",2038,0.218,0.128,-0.084,0.12,0.199,0.296,0.795,"G31","Other degenerative diseases of nervous system, not elsewhere classified","other cerebral degenerations","40","delirium dementia and other cognitive disorders"
"10_9","ICD-9-CM to ICD-10-CA","mpnet","332","has a reference match",2038,0.197,0.117,-0.098,0.111,0.179,0.271,0.975,"G20","Parkinson's disease","parkinsons disease","51","parkinsons disease"
"10_9","ICD-9-CM to ICD-10-CA","mpnet","333","has a reference match",2038,0.238,0.121,-0.089,0.154,0.229,0.317,0.941,"G25","Other extrapyramidal and movement disorders","other extrapyramidal disease and abnormal movement disorders","50","other nervous system conditions"
"10_9","ICD-9-CM to ICD-10-CA","mpnet","334","has a reference match",2038,0.184,0.114,-0.113,0.096,0.175,0.257,0.625,"Q05","Spina bifida","spinocerebellar disease","50","other nervous system conditions"
"10_9","ICD-9-CM to ICD-10-CA","mpnet","335","has a reference match",2038,0.202,0.107,-0.099,0.119,0.199,0.284,0.474,"H83","Other diseases of inner ear","anterior horn cell disease","50","other nervous system conditions"
"10_9","ICD-9-CM to ICD-10-CA","mpnet","336","has a reference match",2038,0.232,0.123,-0.071,0.145,0.212,0.307,1,"G95","Other diseases of spinal cord","other diseases of spinal cord","50","other nervous system conditions"
"10_9","ICD-9-CM to ICD-10-CA","mpnet","337","has a reference match",2038,0.208,0.118,-0.079,0.126,0.2,0.284,0.991,"G90","Disorders of autonomic nervous system","disorders of the autonomic nervous system","50","other nervous system conditions"
"10_9","ICD-9-CM to ICD-10-CA","mpnet","338","no reference match",2038,0.161,0.088,-0.07,0.1,0.154,0.216,1,"R52","Pain, not elsewhere classified","pain not elsewhere classified","50","other nervous system conditions"
"10_9","ICD-9-CM to ICD-10-CA","mpnet","339","no reference match",2038,0.201,0.111,-0.045,0.117,0.193,0.274,1,"G44","Other headache syndromes","other headache syndromes","52","headache including migraine"
"10_9","ICD-9-CM to ICD-10-CA","mpnet","340","has a reference match",2038,0.187,0.108,-0.065,0.11,0.173,0.253,1,"G35","Multiple sclerosis","multiple sclerosis","53","multiple sclerosis"
"10_9","ICD-9-CM to ICD-10-CA","mpnet","341","has a reference match",2038,0.242,0.131,-0.061,0.148,0.227,0.321,1,"G37","Other demyelinating diseases of central nervous system","other demyelinating diseases of central nervous system","50","other nervous system conditions"
"10_9","ICD-9-CM to ICD-10-CA","mpnet","342","has a reference match",2038,0.187,0.105,-0.098,0.117,0.179,0.243,0.86,"G81","Hemiplegia","hemiplegia and hemiparesis","54","paralysis"
"10_9","ICD-9-CM to ICD-10-CA","mpnet","343","has a reference match",2038,0.2,0.108,-0.053,0.123,0.189,0.266,0.861,"G80","Cerebral palsy","infantile cerebral palsy","54","paralysis"
"10_9","ICD-9-CM to ICD-10-CA","mpnet","344","has a reference match",2038,0.235,0.117,-0.095,0.153,0.229,0.316,1,"G83","Other paralytic syndromes","other paralytic syndromes","54","paralysis"
"10_9","ICD-9-CM to ICD-10-CA","mpnet","345","has a reference match",2038,0.149,0.087,-0.077,0.093,0.141,0.194,0.776,"G40","Epilepsy","epilepsy and recurrent seizures","55","epilepsyconvulsions"
"10_9","ICD-9-CM to ICD-10-CA","mpnet","346","has a reference match",2038,0.17,0.091,-0.06,0.106,0.165,0.227,1,"G43","Migraine","migraine","52","headache including migraine"
"10_9","ICD-9-CM to ICD-10-CA","mpnet","347","has a reference match",2038,0.105,0.084,-0.122,0.049,0.094,0.147,0.507,"Y47","Sedatives, hypnotics and antianxiety drugs","cataplexy and narcolepsy","50","other nervous system conditions"
"10_9","ICD-9-CM to ICD-10-CA","mpnet","348","has a reference match",2038,0.247,0.13,-0.07,0.151,0.23,0.324,0.928,"G93","Other disorders of brain","other conditions of brain","50","other nervous system conditions"
"10_9","ICD-9-CM to ICD-10-CA","mpnet","353","has a reference match",2038,0.177,0.115,-0.095,0.1,0.167,0.24,1,"G54","Nerve root and plexus disorders","nerve root and plexus disorders","50","other nervous system conditions"
"10_9","ICD-9-CM to ICD-10-CA","mpnet","354","has a reference match",2038,0.215,0.11,-0.044,0.133,0.205,0.288,0.781,"G56","Mononeuropathies of upper limb","mononeuritis of upper limb and mononeuritis multiplex","50","other nervous system conditions"
"10_9","ICD-9-CM to ICD-10-CA","mpnet","355","has a reference match",2038,0.206,0.109,-0.081,0.125,0.193,0.275,0.793,"G57","Mononeuropathies of lower limb","mononeuritis of lower limb and unspecified site","50","other nervous system conditions"
"10_9","ICD-9-CM to ICD-10-CA","mpnet","356","has a reference match",2038,0.163,0.114,-0.096,0.081,0.15,0.224,0.935,"G60","Hereditary and idiopathic neuropathy","hereditary and idiopathic peripheral neuropathy","50","other nervous system conditions"
"10_9","ICD-9-CM to ICD-10-CA","mpnet","357","has a reference match",2038,0.214,0.114,-0.113,0.133,0.204,0.286,0.767,"G61","Inflammatory polyneuropathy","inflammatory and toxic neuropathy","50","other nervous system conditions"
"10_9","ICD-9-CM to ICD-10-CA","mpnet","358","has a reference match",2038,0.24,0.124,-0.108,0.154,0.232,0.322,0.768,"G70","Myasthenia gravis and other myoneural disorders","myoneural disorders","50","other nervous system conditions"
"10_9","ICD-9-CM to ICD-10-CA","mpnet","359","has a reference match",2038,0.166,0.118,-0.081,0.081,0.15,0.237,0.772,"G72","Other myopathies","muscular dystrophies and other myopathies","50","other nervous system conditions"
"10_9","ICD-9-CM to ICD-10-CA","mpnet","360","has a reference match",2038,0.242,0.126,-0.09,0.157,0.235,0.328,0.891,"H44","Disorders of globe","disorders of the globe","56","other eye disorders"
"10_9","ICD-9-CM to ICD-10-CA","mpnet","361","has a reference match",2038,0.176,0.104,-0.051,0.101,0.164,0.239,0.879,"H33","Retinal detachments and breaks","retinal detachments and defects","57","retinal detachments defects vascular occlusion and retinopathy"
"10_9","ICD-9-CM to ICD-10-CA","mpnet","362","has a reference match",2038,0.197,0.137,-0.089,0.097,0.178,0.277,1,"H35","Other retinal disorders","other retinal disorders","57","retinal detachments defects vascular occlusion and retinopathy"
"10_9","ICD-9-CM to ICD-10-CA","mpnet","363","has a reference match",2038,0.156,0.11,-0.107,0.081,0.149,0.224,0.764,"H31","Other disorders of choroid","chorioretinal inflammations scars and other disorders of choroid","56","other eye disorders"
"10_9","ICD-9-CM to ICD-10-CA","mpnet","364","has a reference match",2038,0.2,0.124,-0.117,0.117,0.194,0.277,0.983,"H21","Other disorders of iris and ciliary body","disorders of iris and ciliary body","56","other eye disorders"
"10_9","ICD-9-CM to ICD-10-CA","mpnet","365","has a reference match",2038,0.169,0.102,-0.047,0.099,0.158,0.222,1,"H40","Glaucoma","glaucoma","58","glaucoma"
"10_9","ICD-9-CM to ICD-10-CA","mpnet","366","has a reference match",2038,0.181,0.091,-0.028,0.12,0.172,0.225,0.771,"H26","Other cataract","cataract","59","cataract"
"10_9","ICD-9-CM to ICD-10-CA","mpnet","369","has a reference match",2038,0.18,0.092,-0.076,0.119,0.17,0.227,0.766,"H54","Visual impairment including blindness (binocular or monocular)","blindness and low vision","60","blindness and vision defects"
"10_9","ICD-9-CM to ICD-10-CA","mpnet","370","has a reference match",2038,0.184,0.123,-0.077,0.093,0.168,0.255,1,"H16","Keratitis","keratitis","56","other eye disorders"
"10_9","ICD-9-CM to ICD-10-CA","mpnet","371","has a reference match",2038,0.173,0.11,-0.092,0.099,0.166,0.232,0.824,"H17","Corneal scars and opacities","corneal opacity and other disorders of cornea","56","other eye disorders"
"10_9","ICD-9-CM to ICD-10-CA","mpnet","372","has a reference match",2038,0.185,0.119,-0.08,0.097,0.177,0.256,0.966,"H11","Other disorders of conjunctiva","disorders of conjunctiva","56","other eye disorders"
"10_9","ICD-9-CM to ICD-10-CA","mpnet","376","has a reference match",2038,0.209,0.105,-0.055,0.138,0.198,0.277,0.983,"H05","Disorders of orbit","disorders of the orbit","56","other eye disorders"
"10_9","ICD-9-CM to ICD-10-CA","mpnet","377","has a reference match",2038,0.178,0.123,-0.071,0.091,0.162,0.245,0.86,"H47","Other disorders of optic [2nd] nerve and visual pathways","disorders of optic nerve and visual pathways","56","other eye disorders"
"10_9","ICD-9-CM to ICD-10-CA","mpnet","379","has a reference match",2038,0.207,0.14,-0.086,0.106,0.189,0.285,0.884,"H35","Other retinal disorders","other disorders of eye","56","other eye disorders"
"10_9","ICD-9-CM to ICD-10-CA","mpnet","380","has a reference match",2038,0.213,0.113,-0.057,0.135,0.204,0.283,0.977,"H61","Other disorders of external ear","disorders of external ear","61","other ear and sense organ disorders"
"10_9","ICD-9-CM to ICD-10-CA","mpnet","381","has a reference match",2038,0.168,0.101,-0.111,0.102,0.161,0.225,0.814,"H65","Nonsuppurative otitis media","nonsuppurative otitis media and eustachian tube disorders","62","otitis media and related conditions"
"10_9","ICD-9-CM to ICD-10-CA","mpnet","382","has a reference match",2038,0.188,0.098,-0.044,0.121,0.179,0.245,1,"H66","Suppurative and unspecified otitis media","suppurative and unspecified otitis media","62","otitis media and related conditions"
"10_9","ICD-9-CM to ICD-10-CA","mpnet","383","has a reference match",2038,0.19,0.1,-0.096,0.119,0.187,0.254,1,"H70","Mastoiditis and related conditions","mastoiditis and related conditions","62","otitis media and related conditions"
"10_9","ICD-9-CM to ICD-10-CA","mpnet","384","has a reference match",2038,0.219,0.128,-0.105,0.13,0.218,0.302,1,"H73","Other disorders of tympanic membrane","other disorders of tympanic membrane","61","other ear and sense organ disorders"
"10_9","ICD-9-CM to ICD-10-CA","mpnet","386","has a reference match",2038,0.186,0.105,-0.048,0.112,0.171,0.249,0.844,"H81","Disorders of vestibular function","vertiginous syndromes and other disorders of vestibular system","63","conditions associated with dizziness or vertigo"
"10_9","ICD-9-CM to ICD-10-CA","mpnet","389","has a reference match",2038,0.165,0.081,-0.042,0.111,0.158,0.206,0.83,"H91","Other hearing loss","hearing loss","61","other ear and sense organ disorders"
"10_9","ICD-9-CM to ICD-10-CA","mpnet","393","has a reference match",2038,0.165,0.107,-0.053,0.083,0.156,0.232,0.721,"I31","Other diseases of pericardium","chronic rheumatic pericarditis","64","peri endo and myocarditis cardiomyopathy"
"10_9","ICD-9-CM to ICD-10-CA","mpnet","394","has a reference match",2038,0.175,0.103,-0.045,0.105,0.167,0.235,0.876,"I05","Rheumatic mitral valve diseases","diseases of mitral valve","65","heart valve disorders"
"10_9","ICD-9-CM to ICD-10-CA","mpnet","395","has a reference match",2038,0.18,0.108,-0.069,0.107,0.169,0.24,0.855,"I06","Rheumatic aortic valve diseases","diseases of aortic valve","65","heart valve disorders"
"10_9","ICD-9-CM to ICD-10-CA","mpnet","396","has a reference match",2038,0.19,0.108,-0.039,0.118,0.179,0.252,0.814,"I05","Rheumatic mitral valve diseases","diseases of mitral and aortic valves","65","heart valve disorders"
"10_9","ICD-9-CM to ICD-10-CA","mpnet","397","has a reference match",2038,0.227,0.12,-0.049,0.149,0.22,0.301,0.7,"I31","Other diseases of pericardium","diseases of other endocardial structures","65","heart valve disorders"
"10_9","ICD-9-CM to ICD-10-CA","mpnet","398","has a reference match",2038,0.19,0.121,-0.08,0.1,0.177,0.259,0.992,"I09","Other rheumatic heart diseases","other rheumatic heart disease","64","peri endo and myocarditis cardiomyopathy"
"10_9","ICD-9-CM to ICD-10-CA","mpnet","401","has a reference match",2038,0.136,0.083,-0.072,0.081,0.129,0.18,0.896,"I10","Essential (primary) hypertension","essential hypertension","66","hypertension"
"10_9","ICD-9-CM to ICD-10-CA","mpnet","402","has a reference match",2038,0.155,0.107,-0.068,0.086,0.137,0.199,1,"I11","Hypertensive heart disease","hypertensive heart disease","67","hypertension complications"
"10_9","ICD-9-CM to ICD-10-CA","mpnet","403","has a reference match",2038,0.123,0.11,-0.145,0.05,0.106,0.175,0.929,"I12","Hypertensive renal disease","hypertensive chronic kidney disease","67","hypertension complications"
"10_9","ICD-9-CM to ICD-10-CA","mpnet","404","has a reference match",2038,0.057,0.104,-0.179,-0.009,0.038,0.094,0.936,"I13","Hypertensive heart and renal disease","hypertensive heart and chronic kidney disease","67","hypertension complications"
"10_9","ICD-9-CM to ICD-10-CA","mpnet","405","has a reference match",2038,0.142,0.083,-0.107,0.089,0.135,0.184,1,"I15","Secondary hypertension","secondary hypertension","67","hypertension complications"
"10_9","ICD-9-CM to ICD-10-CA","mpnet","410","has a reference match",2038,0.16,0.101,-0.076,0.093,0.147,0.214,1,"I21","Acute myocardial infarction","acute myocardial infarction","68","acute myocardial infarction"
"10_9","ICD-9-CM to ICD-10-CA","mpnet","411","has a reference match",2038,0.175,0.098,-0.055,0.109,0.166,0.225,0.805,"I24","Other acute ischaemic heart diseases","other acute and subacute forms of ischemic heart disease","69","coronary atherosclerosis and other heart disease"
"10_9","ICD-9-CM to ICD-10-CA","mpnet","412","has a reference match",2038,0.124,0.087,-0.071,0.068,0.116,0.165,0.711,"I22","Subsequent myocardial infarction","old myocardial infarction","69","coronary atherosclerosis and other heart disease"
"10_9","ICD-9-CM to ICD-10-CA","mpnet","413","has a reference match",2038,0.152,0.103,-0.094,0.086,0.141,0.204,1,"I20","Angina pectoris","angina pectoris","69","coronary atherosclerosis and other heart disease"
"10_9","ICD-9-CM to ICD-10-CA","mpnet","414","has a reference match",2038,0.155,0.105,-0.094,0.08,0.14,0.208,0.748,"I25","Chronic ischaemic heart disease","other forms of chronic ischemic heart disease","69","coronary atherosclerosis and other heart disease"
"10_9","ICD-9-CM to ICD-10-CA","mpnet","415","has a reference match",2038,0.171,0.108,-0.076,0.099,0.158,0.219,0.788,"I27","Other pulmonary heart diseases","acute pulmonary heart disease","70","pulmonary heart disease"
"10_9","ICD-9-CM to ICD-10-CA","mpnet","416","has a reference match",2038,0.17,0.117,-0.076,0.089,0.158,0.235,0.837,"I27","Other pulmonary heart diseases","chronic pulmonary heart disease","70","pulmonary heart disease"
"10_9","ICD-9-CM to ICD-10-CA","mpnet","417","has a reference match",2038,0.224,0.122,-0.078,0.138,0.219,0.301,0.87,"I28","Other diseases of pulmonary vessels","other diseases of pulmonary circulation","70","pulmonary heart disease"
"10_9","ICD-9-CM to ICD-10-CA","mpnet","423","has a reference match",2038,0.208,0.108,-0.082,0.14,0.202,0.27,1,"I31","Other diseases of pericardium","other diseases of pericardium","64","peri endo and myocarditis cardiomyopathy"
"10_9","ICD-9-CM to ICD-10-CA","mpnet","424","has a reference match",2038,0.228,0.118,-0.052,0.151,0.222,0.297,0.734,"I39","Endocarditis and heart valve disorders in diseases classified elsewhere","other diseases of endocardium","65","heart valve disorders"
"10_9","ICD-9-CM to ICD-10-CA","mpnet","425","has a reference match",2038,0.212,0.111,-0.056,0.139,0.203,0.278,1,"I42","Cardiomyopathy","cardiomyopathy","64","peri endo and myocarditis cardiomyopathy"
"10_9","ICD-9-CM to ICD-10-CA","mpnet","426","has a reference match",2038,0.2,0.093,-0.042,0.135,0.195,0.259,0.95,"I45","Other conduction disorders","conduction disorders","71","conduction disorders"
"10_9","ICD-9-CM to ICD-10-CA","mpnet","427","has a reference match",2038,0.181,0.098,-0.088,0.119,0.175,0.234,0.755,"I49","Other cardiac arrhythmias","cardiac dysrhythmias","72","cardiac dysrhythmias arrest chf and ventricular fibrillation"
"10_9","ICD-9-CM to ICD-10-CA","mpnet","428","has a reference match",2038,0.179,0.106,-0.087,0.108,0.169,0.237,1,"I50","Heart failure","heart failure","72","cardiac dysrhythmias arrest chf and ventricular fibrillation"
"10_9","ICD-9-CM to ICD-10-CA","mpnet","429","has a reference match",2038,0.199,0.103,-0.09,0.134,0.19,0.254,0.904,"I51","Complications and ill-defined descriptions of heart disease","illdefined descriptions and complications of heart disease","73","other and illdefined heart disease"
"10_9","ICD-9-CM to ICD-10-CA","mpnet","430","has a reference match",2038,0.166,0.096,-0.107,0.1,0.159,0.217,0.954,"I60","Subarachnoid haemorrhage","subarachnoid hemorrhage","74","acute cerebrovascular disease"
"10_9","ICD-9-CM to ICD-10-CA","mpnet","431","has a reference match",2038,0.167,0.099,-0.106,0.101,0.157,0.218,0.972,"I61","Intracerebral haemorrhage","intracerebral hemorrhage","74","acute cerebrovascular disease"
"10_9","ICD-9-CM to ICD-10-CA","mpnet","432","has a reference match",2038,0.217,0.101,-0.055,0.15,0.207,0.268,0.817,"I62","Other nontraumatic intracranial haemorrhage","other and unspecified intracranial hemorrhage","74","acute cerebrovascular disease"
"10_9","ICD-9-CM to ICD-10-CA","mpnet","433","has a reference match",2038,0.125,0.092,-0.097,0.065,0.114,0.175,0.901,"I65","Occlusion and stenosis of precerebral arteries, not resulting in cerebral infarction","occlusion and stenosis of precerebral arteries","74","acute cerebrovascular disease"
"10_9","ICD-9-CM to ICD-10-CA","mpnet","434","has a reference match",2038,0.162,0.099,-0.067,0.096,0.15,0.21,0.824,"I66","Occlusion and stenosis of cerebral arteries, not resulting in cerebral infarction","occlusion of cerebral arteries","74","acute cerebrovascular disease"
"10_9","ICD-9-CM to ICD-10-CA","mpnet","435","has a reference match",2038,0.141,0.103,-0.107,0.068,0.129,0.2,0.846,"G45","Transient cerebral ischaemic attacks and related syndromes","transient cerebral ischemia","75","transient cerebral ischemia"
"10_9","ICD-9-CM to ICD-10-CA","mpnet","436","has a reference match",2038,0.193,0.104,-0.053,0.121,0.182,0.251,0.758,"I67","Other cerebrovascular diseases","acute but illdefined cerebrovascular disease","74","acute cerebrovascular disease"
"10_9","ICD-9-CM to ICD-10-CA","mpnet","437","has a reference match",2038,0.224,0.113,-0.034,0.14,0.212,0.293,0.912,"I67","Other cerebrovascular diseases","other and illdefined cerebrovascular disease","76","other and illdefined cerebrovascular disease"
"10_9","ICD-9-CM to ICD-10-CA","mpnet","438","has a reference match",2038,0.118,0.101,-0.131,0.05,0.107,0.173,0.842,"I69","Sequelae of cerebrovascular disease","late effects of cerebrovascular disease","76","other and illdefined cerebrovascular disease"
"10_9","ICD-9-CM to ICD-10-CA","mpnet","440","has a reference match",2038,0.172,0.101,-0.09,0.098,0.165,0.231,1,"I70","Atherosclerosis","atherosclerosis","77","other circulatory disease"
"10_9","ICD-9-CM to ICD-10-CA","mpnet","441","has a reference match",2038,0.137,0.083,-0.078,0.083,0.129,0.182,1,"I71","Aortic aneurysm and dissection","aortic aneurysm and dissection","77","other circulatory disease"
"10_9","ICD-9-CM to ICD-10-CA","mpnet","442","has a reference match",2038,0.181,0.084,-0.034,0.123,0.174,0.229,0.864,"I72","Other aneurysm and dissection","other aneurysm","77","other circulatory disease"
"10_9","ICD-9-CM to ICD-10-CA","mpnet","443","has a reference match",2038,0.227,0.122,-0.047,0.139,0.214,0.306,0.992,"I73","Other peripheral vascular diseases","other peripheral vascular disease","77","other circulatory disease"
"10_9","ICD-9-CM to ICD-10-CA","mpnet","444","has a reference match",2038,0.148,0.097,-0.074,0.08,0.133,0.196,1,"I74","Arterial embolism and thrombosis","arterial embolism and thrombosis","78","aortic and peripheral arterial embolism or thrombosis"
"10_9","ICD-9-CM to ICD-10-CA","mpnet","445","no reference match",2038,0.202,0.093,-0.067,0.14,0.201,0.261,0.658,"I70","Atherosclerosis","atheroembolism","78","aortic and peripheral arterial embolism or thrombosis"
"10_9","ICD-9-CM to ICD-10-CA","mpnet","446","has a reference match",2038,0.18,0.116,-0.091,0.092,0.17,0.26,0.991,"M30","Polyarteritis nodosa and related conditions","polyarteritis nodosa and allied conditions","77","other circulatory disease"
"10_9","ICD-9-CM to ICD-10-CA","mpnet","447","has a reference match",2038,0.237,0.133,-0.081,0.148,0.223,0.319,1,"I77","Other disorders of arteries and arterioles","other disorders of arteries and arterioles","77","other circulatory disease"
"10_9","ICD-9-CM to ICD-10-CA","mpnet","448","has a reference match",2038,0.222,0.112,-0.057,0.144,0.22,0.299,0.989,"I78","Diseases of capillaries","disease of capillaries","77","other circulatory disease"
"10_9","ICD-9-CM to ICD-10-CA","mpnet","453","has a reference match",2038,0.21,0.095,-0.056,0.149,0.203,0.258,1,"I82","Other venous embolism and thrombosis","other venous embolism and thrombosis","79","phlebitis thrombophlebitis and thromboembolism"
"10_9","ICD-9-CM to ICD-10-CA","mpnet","456","has a reference match",2038,0.176,0.1,-0.06,0.102,0.168,0.239,1,"I86","Varicose veins of other sites","varicose veins of other sites","80","other diseases of veins and lymphatics"
"10_9","ICD-9-CM to ICD-10-CA","mpnet","457","has a reference match",2038,0.202,0.107,-0.073,0.128,0.207,0.275,0.766,"I89","Other noninfective disorders of lymphatic vessels and lymph nodes","noninfectious disorders of lymphatic channels","80","other diseases of veins and lymphatics"
"10_9","ICD-9-CM to ICD-10-CA","mpnet","459","has a reference match",2038,0.262,0.128,-0.064,0.176,0.258,0.343,0.951,"I99","Other and unspecified disorders of circulatory system","other disorders of circulatory system","80","other diseases of veins and lymphatics"
"10_9","ICD-9-CM to ICD-10-CA","mpnet","472","has a reference match",2038,0.17,0.122,-0.106,0.086,0.168,0.25,0.899,"J31","Chronic rhinitis, nasopharyngitis and pharyngitis","chronic pharyngitis and nasopharyngitis","81","other upper respiratory disease"
"10_9","ICD-9-CM to ICD-10-CA","mpnet","473","has a reference match",2038,0.198,0.12,-0.07,0.109,0.191,0.272,1,"J32","Chronic sinusitis","chronic sinusitis","82","other upper respiratory infections"
"10_9","ICD-9-CM to ICD-10-CA","mpnet","474","has a reference match",2038,0.212,0.128,-0.096,0.122,0.21,0.302,0.984,"J35","Chronic diseases of tonsils and adenoids","chronic disease of tonsils and adenoids","83","acute and chronic tonsillitis"
"10_9","ICD-9-CM to ICD-10-CA","mpnet","476","has a reference match",2038,0.164,0.112,-0.102,0.088,0.158,0.236,1,"J37","Chronic laryngitis and laryngotracheitis","chronic laryngitis and laryngotracheitis","81","other upper respiratory disease"
"10_9","ICD-9-CM to ICD-10-CA","mpnet","477","has a reference match",2038,0.154,0.118,-0.106,0.069,0.14,0.22,0.689,"L50","Urticaria","allergic rhinitis","81","other upper respiratory disease"
"10_9","ICD-9-CM to ICD-10-CA","mpnet","478","has a reference match",2038,0.248,0.131,-0.06,0.15,0.24,0.334,1,"J39","Other diseases of upper respiratory tract","other diseases of upper respiratory tract","81","other upper respiratory disease"
"10_9","ICD-9-CM to ICD-10-CA","mpnet","491","has a reference match",2038,0.207,0.124,-0.029,0.116,0.193,0.279,0.895,"J42","Unspecified chronic bronchitis","chronic bronchitis","84","chronic obstructive pulmonary disease copd"
"10_9","ICD-9-CM to ICD-10-CA","mpnet","492","has a reference match",2038,0.213,0.104,-0.052,0.148,0.206,0.268,1,"J43","Emphysema","emphysema","84","chronic obstructive pulmonary disease copd"
"10_9","ICD-9-CM to ICD-10-CA","mpnet","493","has a reference match",2038,0.151,0.108,-0.105,0.074,0.141,0.213,1,"J45","Asthma","asthma","85","asthma"
"10_9","ICD-9-CM to ICD-10-CA","mpnet","494","has a reference match",2038,0.225,0.118,-0.035,0.142,0.216,0.291,1,"J47","Bronchiectasis","bronchiectasis","84","chronic obstructive pulmonary disease copd"
"10_9","ICD-9-CM to ICD-10-CA","mpnet","495","has a reference match",2038,0.158,0.103,-0.078,0.082,0.145,0.221,0.584,"L26","Exfoliative dermatitis","extrinsic allergic alveolitis","86","lung disease due to external agents"
"10_9","ICD-9-CM to ICD-10-CA","mpnet","496","has a reference match",2038,0.184,0.113,-0.08,0.105,0.183,0.251,0.651,"W80","Inhalation and ingestion of other objects causing obstruction of respiratory tract","chronic airway obstruction not elsewhere classified","84","chronic obstructive pulmonary disease copd"
"10_9","ICD-9-CM to ICD-10-CA","mpnet","500","has a reference match",2038,0.18,0.091,-0.052,0.118,0.166,0.227,0.971,"J60","Coalworker's pneumoconiosis","coal workers pneumoconiosis","86","lung disease due to external agents"
"10_9","ICD-9-CM to ICD-10-CA","mpnet","501","has a reference match",2038,0.259,0.107,-0.06,0.185,0.256,0.328,0.761,"J61","Pneumoconiosis due to asbestos and other mineral fibres","asbestosis","86","lung disease due to external agents"
"10_9","ICD-9-CM to ICD-10-CA","mpnet","502","has a reference match",2038,0.194,0.093,-0.046,0.129,0.19,0.253,0.891,"J62","Pneumoconiosis due to dust containing silica","pneumoconiosis due to other silica or silicates","86","lung disease due to external agents"
"10_9","ICD-9-CM to ICD-10-CA","mpnet","503","has a reference match",2038,0.199,0.104,-0.058,0.126,0.185,0.26,0.997,"J63","Pneumoconiosis due to other inorganic dusts","pneumoconiosis due to other inorganic dust","86","lung disease due to external agents"
"10_9","ICD-9-CM to ICD-10-CA","mpnet","504","has a reference match",2038,0.2,0.104,-0.082,0.128,0.186,0.255,0.848,"J63","Pneumoconiosis due to other inorganic dusts","pneumonopathy due to inhalation of other dust","86","lung disease due to external agents"
"10_9","ICD-9-CM to ICD-10-CA","mpnet","505","has a reference match",2038,0.254,0.115,-0.028,0.176,0.248,0.326,0.972,"J64","Unspecified pneumoconiosis","pneumoconiosis unspecified","86","lung disease due to external agents"
"10_9","ICD-9-CM to ICD-10-CA","mpnet","506","has a reference match",2038,0.179,0.114,-0.091,0.102,0.16,0.22,0.941,"J68","Respiratory conditions due to inhalation of chemicals, gases, fumes and vapours","respiratory conditions due to chemical fumes and vapors","86","lung disease due to external agents"
"10_9","ICD-9-CM to ICD-10-CA","mpnet","508","has a reference match",2038,0.249,0.123,-0.006,0.16,0.238,0.315,0.966,"J70","Respiratory conditions due to other external agents","respiratory conditions due to other and unspecified external agents","86","lung disease due to external agents"
"10_9","ICD-9-CM to ICD-10-CA","mpnet","512","has a reference match",2038,0.155,0.094,-0.077,0.092,0.144,0.208,0.738,"J93","Pneumothorax","pneumothorax and air leak","87","other lower respiratory disease"
"10_9","ICD-9-CM to ICD-10-CA","mpnet","514","has a reference match",2038,0.158,0.116,-0.086,0.075,0.149,0.225,0.64,"J98","Other respiratory disorders","pulmonary congestion and hypostasis","87","other lower respiratory disease"
"10_9","ICD-9-CM to ICD-10-CA","mpnet","515","no reference match",2038,0.138,0.098,-0.131,0.071,0.13,0.191,0.571,"J95","Postprocedural respiratory disorders, not elsewhere classified","postinflammatory pulmonary fibrosis","87","other lower respiratory disease"
"10_9","ICD-9-CM to ICD-10-CA","mpnet","516","has a reference match",2038,0.208,0.112,-0.073,0.128,0.199,0.274,0.655,"J39","Other diseases of upper respiratory tract","other alveolar and parietoalveolar pneumonopathy","87","other lower respiratory disease"
"10_9","ICD-9-CM to ICD-10-CA","mpnet","517","has a reference match",2038,0.206,0.109,-0.048,0.135,0.193,0.262,0.728,"J99","Respiratory disorders in diseases classified elsewhere","lung involvement in conditions classified elsewhere","87","other lower respiratory disease"
"10_9","ICD-9-CM to ICD-10-CA","mpnet","518","has a reference match",2038,0.227,0.127,-0.11,0.139,0.217,0.304,0.812,"J39","Other diseases of upper respiratory tract","other diseases of lung","88","respiratory failure pulmonary collapse"
"10_9","ICD-9-CM to ICD-10-CA","mpnet","523","has a reference match",2038,0.134,0.09,-0.091,0.075,0.129,0.185,0.944,"K05","Gingivitis and periodontal diseases","gingival and periodontal diseases","89","disorders of teeth and jaw"
"10_9","ICD-9-CM to ICD-10-CA","mpnet","525","has a reference match",2038,0.225,0.104,-0.042,0.155,0.22,0.288,0.933,"K08","Other disorders of teeth and supporting structures","other diseases and conditions of the teeth and supporting structures","89","disorders of teeth and jaw"
"10_9","ICD-9-CM to ICD-10-CA","mpnet","530","has a reference match",2038,0.204,0.111,-0.08,0.124,0.202,0.275,0.959,"K22","Other diseases of oesophagus","diseases of oesophagus","90","esophageal disorders"
"10_9","ICD-9-CM to ICD-10-CA","mpnet","531","has a reference match",2038,0.166,0.097,-0.062,0.102,0.154,0.213,1,"K25","Gastric ulcer","gastric ulcer","91","gasduo ulcer without hemorrhage"
"10_9","ICD-9-CM to ICD-10-CA","mpnet","532","has a reference match",2038,0.161,0.111,-0.061,0.086,0.147,0.218,1,"K26","Duodenal ulcer","duodenal ulcer","91","gasduo ulcer without hemorrhage"
"10_9","ICD-9-CM to ICD-10-CA","mpnet","533","has a reference match",2038,0.182,0.101,-0.05,0.115,0.173,0.243,1,"K27","Peptic ulcer, site unspecified","peptic ulcer site unspecified","91","gasduo ulcer without hemorrhage"
"10_9","ICD-9-CM to ICD-10-CA","mpnet","534","has a reference match",2038,0.171,0.097,-0.059,0.105,0.159,0.224,1,"K28","Gastrojejunal ulcer","gastrojejunal ulcer","91","gasduo ulcer without hemorrhage"
"10_9","ICD-9-CM to ICD-10-CA","mpnet","535","has a reference match",2038,0.183,0.113,-0.055,0.103,0.175,0.248,1,"K29","Gastritis and duodenitis","gastritis and duodenitis","92","gastritis and duodenitis"
"10_9","ICD-9-CM to ICD-10-CA","mpnet","537","has a reference match",2038,0.233,0.133,-0.058,0.142,0.231,0.312,1,"K31","Other diseases of stomach and duodenum","other diseases of stomach and duodenum","93","other disorders of stomach and duodenum"
"10_9","ICD-9-CM to ICD-10-CA","mpnet","555","has a reference match",2038,0.204,0.117,-0.08,0.12,0.194,0.275,0.841,"K50","Crohn's disease [regional enteritis]","regional enteritis","94","regional enteritis and ulcerative colitis"
"10_9","ICD-9-CM to ICD-10-CA","mpnet","556","has a reference match",2038,0.194,0.112,-0.044,0.111,0.18,0.26,1,"K51","Ulcerative colitis","ulcerative colitis","94","regional enteritis and ulcerative colitis"
"10_9","ICD-9-CM to ICD-10-CA","mpnet","557","has a reference match",2038,0.16,0.108,-0.076,0.084,0.146,0.226,0.904,"K55","Vascular disorders of intestine","vascular insufficiency of intestine","77","other circulatory disease"
"10_9","ICD-9-CM to ICD-10-CA","mpnet","558","has a reference match",2038,0.23,0.12,-0.06,0.14,0.218,0.304,0.912,"A09","Other gastroenteritis and colitis of infectious and unspecified origin","other and unspecified noninfectious gastroenteritis and colitis","95","noninfectious gastroenteritis"
"10_9","ICD-9-CM to ICD-10-CA","mpnet","562","has a reference match",2038,0.142,0.099,-0.068,0.075,0.127,0.191,0.878,"K57","Diverticular disease of intestine","diverticula of intestine","96","diverticulosis and diverticulitis"
"10_9","ICD-9-CM to ICD-10-CA","mpnet","564","has a reference match",2038,0.174,0.127,-0.099,0.083,0.165,0.252,0.871,"K59","Other functional intestinal disorders","functional digestive disorders not elsewhere classified","97","other gastrointestinal disorders"
"10_9","ICD-9-CM to ICD-10-CA","mpnet","571","has a reference match",2038,0.142,0.103,-0.099,0.071,0.138,0.205,0.753,"K74","Fibrosis and cirrhosis of liver","chronic liver disease and cirrhosis","98","hepatitis and other liver diseases"
"10_9","ICD-9-CM to ICD-10-CA","mpnet","572","has a reference match",2038,0.159,0.103,-0.095,0.081,0.152,0.225,0.686,"K76","Other diseases of liver","liver abscess and sequelae of chronic liver disease","98","hepatitis and other liver diseases"
"10_9","ICD-9-CM to ICD-10-CA","mpnet","573","has a reference match",2038,0.222,0.12,-0.116,0.142,0.218,0.297,1,"K76","Other diseases of liver","other diseases of liver","98","hepatitis and other liver diseases"
"10_9","ICD-9-CM to ICD-10-CA","mpnet","575","has a reference match",2038,0.205,0.127,-0.086,0.115,0.198,0.286,0.956,"K82","Other diseases of gallbladder","other disorders of gallbladder","99","biliary tract disease"
"10_9","ICD-9-CM to ICD-10-CA","mpnet","576","has a reference match",2038,0.21,0.126,-0.099,0.12,0.203,0.288,0.976,"K83","Other diseases of biliary tract","other disorders of biliary tract","99","biliary tract disease"
"10_9","ICD-9-CM to ICD-10-CA","mpnet","577","has a reference match",2038,0.176,0.107,-0.073,0.1,0.175,0.247,0.944,"K86","Other diseases of pancreas","diseases of pancreas","100","pancreatic disorders excluding diabetes"
"10_9","ICD-9-CM to ICD-10-CA","mpnet","579","has a reference match",2038,0.165,0.114,-0.12,0.085,0.158,0.233,1,"K90","Intestinal malabsorption","intestinal malabsorption","97","other gastrointestinal disorders"
"10_9","ICD-9-CM to ICD-10-CA","mpnet","581","has a reference match",2038,0.193,0.113,-0.074,0.119,0.191,0.259,1,"N04","Nephrotic syndrome","nephrotic syndrome","101","chronic kideny disease and related conditions"
"10_9","ICD-9-CM to ICD-10-CA","mpnet","582","has a reference match",2038,0.173,0.119,-0.128,0.082,0.168,0.252,0.762,"N03","Chronic nephritic syndrome","chronic glomerulonephritis","101","chronic kideny disease and related conditions"
"10_9","ICD-9-CM to ICD-10-CA","mpnet","583","has a reference match",2038,0.185,0.115,-0.102,0.103,0.18,0.257,0.79,"N05","Unspecified nephritic syndrome","nephritis and nephropathy not specified as acute or chronic","101","chronic kideny disease and related conditions"
"10_9","ICD-9-CM to ICD-10-CA","mpnet","585","has a reference match",2038,0.198,0.124,-0.077,0.106,0.189,0.28,1,"N18","Chronic kidney disease","chronic kidney disease","101","chronic kideny disease and related conditions"
"10_9","ICD-9-CM to ICD-10-CA","mpnet","586","has a reference match",2038,0.222,0.11,-0.099,0.15,0.215,0.283,0.945,"N19","Unspecified kidney failure","renal failure unspecified","101","chronic kideny disease and related conditions"
"10_9","ICD-9-CM to ICD-10-CA","mpnet","587","has a reference match",2038,0.225,0.112,-0.072,0.146,0.225,0.297,0.77,"N05","Unspecified nephritic syndrome","renal sclerosis unspecified","101","chronic kideny disease and related conditions"
"10_9","ICD-9-CM to ICD-10-CA","mpnet","588","has a reference match",2038,0.198,0.123,-0.092,0.109,0.191,0.273,0.923,"N25","Disorders resulting from impaired renal tubular function","disorders resulting from impaired renal function","102","other diseases of kidney and ureters"
"10_9","ICD-9-CM to ICD-10-CA","mpnet","590","has a reference match",2038,0.158,0.118,-0.12,0.073,0.131,0.226,0.736,"N26","Unspecified contracted kidney","infections of kidney","103","urinary tract infections"
"10_9","ICD-9-CM to ICD-10-CA","mpnet","595","has a reference match",2038,0.196,0.121,-0.084,0.112,0.186,0.268,1,"N30","Cystitis","cystitis","103","urinary tract infections"
"10_9","ICD-9-CM to ICD-10-CA","mpnet","596","has a reference match",2038,0.195,0.125,-0.106,0.109,0.185,0.267,1,"N32","Other disorders of bladder","other disorders of bladder","104","other diseases of bladder and urethra"
"10_9","ICD-9-CM to ICD-10-CA","mpnet","599","has a reference match",2038,0.23,0.137,-0.107,0.136,0.219,0.311,0.967,"N36","Other disorders of urethra","other disorders of urethra and urinary tract","104","other diseases of bladder and urethra"
"10_9","ICD-9-CM to ICD-10-CA","mpnet","600","has a reference match",2038,0.145,0.106,-0.104,0.074,0.134,0.21,1,"N40","Hyperplasia of prostate","hyperplasia of prostate","105","hyperplasia of prostate"
"10_9","ICD-9-CM to ICD-10-CA","mpnet","601","has a reference match",2038,0.158,0.115,-0.124,0.074,0.15,0.231,1,"N41","Inflammatory diseases of prostate","inflammatory diseases of prostate","106","other male genital disorders"
"10_9","ICD-9-CM to ICD-10-CA","mpnet","607","has a reference match",2038,0.204,0.117,-0.107,0.13,0.197,0.276,0.965,"N48","Other disorders of penis","disorders of penis","106","other male genital disorders"
"10_9","ICD-9-CM to ICD-10-CA","mpnet","610","has a reference match",2038,0.146,0.111,-0.087,0.063,0.137,0.217,0.97,"N60","Benign mammary dysplasia","benign mammary dysplasias","107","nonmalignant breast conditions"
"10_9","ICD-9-CM to ICD-10-CA","mpnet","614","has a reference match",2038,0.167,0.116,-0.116,0.085,0.156,0.233,0.777,"N83","Noninflammatory disorders of ovary, fallopian tube and broad ligament","inflammatory disease of ovary fallopian tube pelvic cellular tissue and peritoneum","108","other female genital disorders"
"10_9","ICD-9-CM to ICD-10-CA","mpnet","615","has a reference match",2038,0.203,0.129,-0.121,0.106,0.197,0.284,0.972,"N71","Inflammatory disease of uterus, except cervix","inflammatory diseases of uterus except cervix","108","other female genital disorders"
"10_9","ICD-9-CM to ICD-10-CA","mpnet","617","has a reference match",2038,0.177,0.102,-0.054,0.104,0.169,0.239,1,"N80","Endometriosis","endometriosis","108","other female genital disorders"
"10_9","ICD-9-CM to ICD-10-CA","mpnet","618","has a reference match",2038,0.168,0.097,-0.061,0.101,0.158,0.222,0.94,"N81","Female genital prolapse","genital prolapse","110","prolapse of female genital organs"
"10_9","ICD-9-CM to ICD-10-CA","mpnet","619","has a reference match",2038,0.193,0.102,-0.061,0.124,0.18,0.249,0.986,"N82","Fistulae involving female genital tract","fistula involving female genital tract","108","other female genital disorders"
"10_9","ICD-9-CM to ICD-10-CA","mpnet","621","has a reference match",2038,0.211,0.138,-0.078,0.104,0.202,0.302,0.814,"N85","Other noninflammatory disorders of uterus, except cervix","disorders of uterus not elsewhere classified","108","other female genital disorders"
"10_9","ICD-9-CM to ICD-10-CA","mpnet","625","has a reference match",2038,0.191,0.104,-0.067,0.121,0.178,0.243,0.907,"N94","Pain and other conditions associated with female genital organs and menstrual cycle","pain and other symptoms associated with female genital organs","108","other female genital disorders"
"10_9","ICD-9-CM to ICD-10-CA","mpnet","626","has a reference match",2038,0.235,0.111,-0.034,0.159,0.225,0.299,0.778,"N93","Other abnormal uterine and vaginal bleeding","disorders of menstruation and other abnormal bleeding from female genital tract","109","menstrual disorders"
"10_9","ICD-9-CM to ICD-10-CA","mpnet","627","has a reference match",2038,0.167,0.11,-0.09,0.079,0.16,0.241,0.865,"N95","Menopausal and other perimenopausal disorders","menopausal and postmenopausal disorders","111","menopausal disorders"
"10_9","ICD-9-CM to ICD-10-CA","mpnet","628","has a reference match",2038,0.139,0.094,-0.049,0.075,0.123,0.181,1,"N97","Female infertility","female infertility","112","female infertility"
"10_9","ICD-9-CM to ICD-10-CA","mpnet","629","has a reference match",2038,0.253,0.135,-0.071,0.161,0.248,0.335,0.842,"N50","Other disorders of male genital organs","other disorders of female genital organs","108","other female genital disorders"
"10_9","ICD-9-CM to ICD-10-CA","mpnet","691","has a reference match",2038,0.191,0.117,-0.074,0.103,0.18,0.264,0.873,"L20","Atopic dermatitis","atopic dermatitis and related conditions","113","allergic reactions"
"10_9","ICD-9-CM to ICD-10-CA","mpnet","694","has a reference match",2038,0.196,0.116,-0.086,0.115,0.189,0.267,0.778,"L13","Other bullous disorders","bullous dermatoses","114","other inflammatory condition of skin"
"10_9","ICD-9-CM to ICD-10-CA","mpnet","695","has a reference match",2038,0.259,0.123,-0.034,0.168,0.255,0.343,0.948,"L53","Other erythematous conditions","erythematous conditions","114","other inflammatory condition of skin"
"10_9","ICD-9-CM to ICD-10-CA","mpnet","696","has a reference match",2038,0.172,0.12,-0.12,0.085,0.161,0.246,0.897,"L40","Psoriasis","psoriasis and similar disorders","114","other inflammatory condition of skin"
"10_9","ICD-9-CM to ICD-10-CA","mpnet","701","has a reference match",2038,0.201,0.115,-0.078,0.122,0.195,0.272,0.852,"L91","Hypertrophic disorders of skin","other hypertrophic and atrophic conditions of skin","115","other skin disorders"
"10_9","ICD-9-CM to ICD-10-CA","mpnet","705","has a reference match",2038,0.188,0.123,-0.114,0.101,0.187,0.272,0.765,"L75","Apocrine sweat disorders","diseases of sweat glands","115","other skin disorders"
"10_9","ICD-9-CM to ICD-10-CA","mpnet","707","has a reference match",2038,0.212,0.115,-0.082,0.13,0.206,0.284,0.679,"L97","Ulcer of lower limb, not elsewhere classified","chronic ulcer of skin","116","chronic ulcer of skin"
"10_9","ICD-9-CM to ICD-10-CA","mpnet","710","has a reference match",2038,0.247,0.133,-0.062,0.145,0.239,0.342,0.865,"M36","Systemic disorders of connective tissue in diseases classified elsewhere","diffuse diseases of connective tissue","117","systemic lupus erythematosus and connective tissue disorders"
"10_9","ICD-9-CM to ICD-10-CA","mpnet","712","has a reference match",2038,0.178,0.106,-0.046,0.101,0.169,0.245,0.964,"M11","Other crystal arthropathies","crystal arthropathies","37","gout and other crystal arthropathies"
"10_9","ICD-9-CM to ICD-10-CA","mpnet","713","has a reference match",2038,0.249,0.134,-0.017,0.149,0.23,0.33,0.918,"M14","Arthropathies in other diseases classified elsewhere","arthropathy associated with other disorders classified elsewhere","118","joint disorders"
"10_9","ICD-9-CM to ICD-10-CA","mpnet","714","has a reference match",2038,0.178,0.117,-0.073,0.091,0.165,0.246,0.758,"M06","Other rheumatoid arthritis","rheumatoid arthritis and other inflammatory polyarthropathies","119","rheumatoid arthritis and related disease"
"10_9","ICD-9-CM to ICD-10-CA","mpnet","715","has a reference match",2038,0.19,0.121,-0.063,0.1,0.171,0.261,0.706,"M87","Osteonecrosis","osteoarthrosis and allied disorders","120","osteoarthritis"
"10_9","ICD-9-CM to ICD-10-CA","mpnet","716","has a reference match",2038,0.243,0.128,-0.045,0.152,0.224,0.313,0.9,"M12","Other specific arthropathies","other and unspecified arthropathies","118","joint disorders"
"10_9","ICD-9-CM to ICD-10-CA","mpnet","717","has a reference match",2038,0.189,0.103,-0.053,0.12,0.172,0.24,1,"M23","Internal derangement of knee","internal derangement of knee","118","joint disorders"
"10_9","ICD-9-CM to ICD-10-CA","mpnet","718","has a reference match",2038,0.099,0.075,-0.099,0.048,0.092,0.139,0.921,"M24","Other specific joint derangements","other derangement of joint","118","joint disorders"
"10_9","ICD-9-CM to ICD-10-CA","mpnet","719","has a reference match",2038,0.253,0.135,-0.043,0.155,0.236,0.34,0.879,"M25","Other joint disorders, not elsewhere classified","other and unspecified disorders of joint","118","joint disorders"
"10_9","ICD-9-CM to ICD-10-CA","mpnet","720","has a reference match",2038,0.165,0.113,-0.08,0.082,0.153,0.228,0.937,"M45","Ankylosing spondylitis","ankylosing spondylitis and other inflammatory spondylopathies","121","spondylosis intervertebral disc disorders other back problems"
"10_9","ICD-9-CM to ICD-10-CA","mpnet","721","has a reference match",2038,0.185,0.12,-0.081,0.098,0.165,0.247,0.928,"M47","Spondylosis","spondylosis and allied disorders","121","spondylosis intervertebral disc disorders other back problems"
"10_9","ICD-9-CM to ICD-10-CA","mpnet","722","has a reference match",2038,0.159,0.112,-0.084,0.078,0.146,0.222,0.966,"M51","Other intervertebral disc disorders","intervertebral disc disorders","121","spondylosis intervertebral disc disorders other back problems"
"10_9","ICD-9-CM to ICD-10-CA","mpnet","730","has a reference match",2038,0.165,0.106,-0.071,0.086,0.149,0.233,0.801,"M86","Osteomyelitis","osteomyelitis periostitis and other infections involving bone","122","infective arthritis and osteomyelitis"
"10_9","ICD-9-CM to ICD-10-CA","mpnet","731","has a reference match",2038,0.221,0.122,-0.042,0.132,0.207,0.295,0.755,"M90","Osteopathies in diseases classified elsewhere","osteitis deformans and osteopathies associated with other disorders classified elsewhere","123","osteoporosis and other bone disease"
"10_9","ICD-9-CM to ICD-10-CA","mpnet","732","has a reference match",2038,0.226,0.123,-0.093,0.134,0.215,0.306,0.882,"M93","Other osteochondropathies","osteochondropathies","123","osteoporosis and other bone disease"
"10_9","ICD-9-CM to ICD-10-CA","mpnet","733","has a reference match",2038,0.235,0.138,-0.076,0.131,0.223,0.321,0.909,"M94","Other disorders of cartilage","other disorders of bone and cartilage","123","osteoporosis and other bone disease"
"10_9","ICD-9-CM to ICD-10-CA","mpnet","735","has a reference match",2038,0.203,0.111,-0.035,0.124,0.188,0.267,0.873,"M20","Acquired deformities of fingers and toes","acquired deformities of toe","124","acquired foot deformities"
"10_9","ICD-9-CM to ICD-10-CA","mpnet","737","has a reference match",2038,0.091,0.079,-0.117,0.039,0.081,0.128,0.568,"M41","Scoliosis","curvature of spine","125","other acquired deformities"
"10_9","ICD-9-CM to ICD-10-CA","mpnet","740","has a reference match",2038,0.181,0.113,-0.07,0.098,0.166,0.253,0.831,"Q00","Anencephaly and similar malformations","anencephalus and similar anomalies","126","nervous system congenital anomalies"
"10_9","ICD-9-CM to ICD-10-CA","mpnet","741","has a reference match",2038,0.196,0.098,-0.062,0.128,0.196,0.262,1,"Q05","Spina bifida","spina bifida","126","nervous system congenital anomalies"
"10_9","ICD-9-CM to ICD-10-CA","mpnet","742","has a reference match",2038,0.219,0.143,-0.051,0.12,0.194,0.295,0.936,"Q07","Other congenital malformations of nervous system","other congenital anomalies of nervous system","126","nervous system congenital anomalies"
"10_9","ICD-9-CM to ICD-10-CA","mpnet","743","has a reference match",2038,0.167,0.129,-0.07,0.079,0.147,0.226,0.888,"Q15","Other congenital malformations of eye","congenital anomalies of eye","127","other congenital anomalies"
"10_9","ICD-9-CM to ICD-10-CA","mpnet","744","has a reference match",2038,0.185,0.126,-0.06,0.094,0.167,0.255,0.821,"Q18","Other congenital malformations of face and neck","congenital anomalies of ear face and neck","127","other congenital anomalies"
"10_9","ICD-9-CM to ICD-10-CA","mpnet","745","has a reference match",2038,0.155,0.107,-0.09,0.081,0.149,0.214,0.698,"Q21","Congenital malformations of cardiac septa","bulbus cordis anomalies and anomalies of cardiac septal closure","128","cardiac and circulatory congenital anomalies"
"10_9","ICD-9-CM to ICD-10-CA","mpnet","746","has a reference match",2038,0.196,0.133,-0.073,0.108,0.178,0.266,0.937,"Q24","Other congenital malformations of heart","other congenital anomalies of heart","128","cardiac and circulatory congenital anomalies"
"10_9","ICD-9-CM to ICD-10-CA","mpnet","747","has a reference match",2038,0.215,0.132,-0.068,0.126,0.198,0.287,0.943,"Q28","Other congenital malformations of circulatory system","other congenital anomalies of circulatory system","128","cardiac and circulatory congenital anomalies"
"10_9","ICD-9-CM to ICD-10-CA","mpnet","748","has a reference match",2038,0.199,0.125,-0.067,0.117,0.181,0.264,0.899,"Q34","Other congenital malformations of respiratory system","congenital anomalies of respiratory system","127","other congenital anomalies"
"10_9","ICD-9-CM to ICD-10-CA","mpnet","749","has a reference match",2038,0.122,0.101,-0.112,0.057,0.106,0.17,0.953,"Q37","Cleft palate with cleft lip","cleft palate and cleft lip","127","other congenital anomalies"
"10_9","ICD-9-CM to ICD-10-CA","mpnet","750","has a reference match",2038,0.215,0.129,-0.087,0.125,0.197,0.291,0.967,"Q40","Other congenital malformations of upper alimentary tract","other congenital anomalies of upper alimentary tract","129","digestive congenital anomalies"
"10_9","ICD-9-CM to ICD-10-CA","mpnet","751","has a reference match",2038,0.206,0.14,-0.084,0.107,0.191,0.287,0.953,"Q45","Other congenital malformations of digestive system","other congenital anomalies of digestive system","129","digestive congenital anomalies"
"10_9","ICD-9-CM to ICD-10-CA","mpnet","752","has a reference match",2038,0.207,0.133,-0.056,0.111,0.189,0.285,0.85,"Q55","Other congenital malformations of male genital organs","congenital anomalies of genital organs","130","genitourinary congenital anomalies"
"10_9","ICD-9-CM to ICD-10-CA","mpnet","753","has a reference match",2038,0.187,0.133,-0.114,0.097,0.164,0.26,0.912,"Q64","Other congenital malformations of urinary system","congenital anomalies of urinary system","130","genitourinary congenital anomalies"
"10_9","ICD-9-CM to ICD-10-CA","mpnet","754","has a reference match",2038,0.221,0.133,-0.039,0.123,0.197,0.293,0.947,"Q68","Other congenital musculoskeletal deformities","certain congenital musculoskeletal deformities","127","other congenital anomalies"
"10_9","ICD-9-CM to ICD-10-CA","mpnet","755","has a reference match",2038,0.212,0.134,-0.066,0.117,0.194,0.286,0.906,"Q74","Other congenital malformations of limb(s)","other congenital anomalies of limbs","127","other congenital anomalies"
"10_9","ICD-9-CM to ICD-10-CA","mpnet","756","has a reference match",2038,0.217,0.143,-0.067,0.113,0.198,0.299,0.957,"Q68","Other congenital musculoskeletal deformities","other congenital musculoskeletal anomalies","127","other congenital anomalies"
"10_9","ICD-9-CM to ICD-10-CA","mpnet","757","has a reference match",2038,0.221,0.124,-0.061,0.129,0.212,0.298,0.926,"Q84","Other congenital malformations of integument","congenital anomalies of the integument","127","other congenital anomalies"
"10_9","ICD-9-CM to ICD-10-CA","mpnet","758","has a reference match",2038,0.172,0.113,-0.055,0.089,0.162,0.241,0.777,"Q99","Other chromosome abnormalities, not elsewhere classified","chromosomal anomalies","127","other congenital anomalies"
"10_9","ICD-9-CM to ICD-10-CA","mpnet","759","has a reference match",2038,0.255,0.133,-0.032,0.164,0.238,0.333,0.841,"Q89","Other congenital malformations, not elsewhere classified","other and unspecified congenital anomalies","127","other congenital anomalies"
"8_9","ICD-9-CM to ICDA-8","ClinicalBERT","140","has a reference match",858,0.839,0.047,0.677,0.815,0.838,0.86,1,"140","malignant neoplasm of lip","malignant neoplasm of lip","1","cancer of head and neck"
"8_9","ICD-9-CM to ICDA-8","ClinicalBERT","141","has a reference match",858,0.863,0.044,0.694,0.839,0.864,0.885,1,"141","malignant neoplasm of tongue","malignant neoplasm of tongue","1","cancer of head and neck"
"8_9","ICD-9-CM to ICDA-8","ClinicalBERT","142","has a reference match",858,0.866,0.049,0.67,0.841,0.869,0.891,0.99,"142","malignant neoplasm of salivary gland","malignant neoplasm of major salivary glands","1","cancer of head and neck"
"8_9","ICD-9-CM to ICDA-8","ClinicalBERT","143","has a reference match",858,0.841,0.047,0.68,0.816,0.841,0.862,1,"143","malignant neoplasm of gum","malignant neoplasm of gum","1","cancer of head and neck"
"8_9","ICD-9-CM to ICDA-8","ClinicalBERT","144","has a reference match",858,0.865,0.045,0.685,0.839,0.867,0.889,1,"144","malignant neoplasm of floor of mouth","malignant neoplasm of floor of mouth","1","cancer of head and neck"
"8_9","ICD-9-CM to ICDA-8","ClinicalBERT","145","has a reference match",858,0.865,0.05,0.684,0.836,0.87,0.893,1,"145","malignant neoplasm of other and unspecified parts of mouth","malignant neoplasm of other and unspecified parts of mouth","1","cancer of head and neck"
"8_9","ICD-9-CM to ICDA-8","ClinicalBERT","146","has a reference match",858,0.849,0.056,0.627,0.818,0.854,0.882,1,"146","malignant neoplasm of oropharynx","malignant neoplasm of oropharynx","1","cancer of head and neck"
"8_9","ICD-9-CM to ICDA-8","ClinicalBERT","147","has a reference match",858,0.867,0.05,0.652,0.842,0.872,0.895,1,"147","malignant neoplasm of nasopharynx","malignant neoplasm of nasopharynx","1","cancer of head and neck"
"8_9","ICD-9-CM to ICDA-8","ClinicalBERT","148","has a reference match",858,0.858,0.05,0.663,0.83,0.86,0.885,1,"148","malignant neoplasm of hypopharynx","malignant neoplasm of hypopharynx","1","cancer of head and neck"
"8_9","ICD-9-CM to ICDA-8","ClinicalBERT","149","has a reference match",858,0.825,0.061,0.615,0.788,0.831,0.867,0.961,"210","benign neoplasm of buccal cavity and pharynx","malignant neoplasm of other and illdefined sites within the lip oral cavity and pharynx","1","cancer of head and neck"
"8_9","ICD-9-CM to ICDA-8","ClinicalBERT","150","has a reference match",858,0.869,0.045,0.679,0.845,0.871,0.893,1,"150","malignant neoplasm of esophagus","malignant neoplasm of esophagus","2","cancer of esophagus"
"8_9","ICD-9-CM to ICDA-8","ClinicalBERT","151","has a reference match",858,0.87,0.045,0.692,0.845,0.872,0.893,1,"151","malignant neoplasm of stomach","malignant neoplasm of stomach","3","cancer of stomach"
"8_9","ICD-9-CM to ICDA-8","ClinicalBERT","152","has a reference match",858,0.865,0.05,0.665,0.835,0.869,0.894,1,"152","malignant neoplasm of small intestine including duodenum","malignant neoplasm of small intestine including duodenum","4","cancer of other gi organs peritoneum"
"8_9","ICD-9-CM to ICDA-8","ClinicalBERT","153","has a reference match",858,0.857,0.055,0.618,0.827,0.862,0.889,0.986,"185","malignant neoplasm of prostate","malignant neoplasm of colon","5","colon cancer"
"8_9","ICD-9-CM to ICDA-8","ClinicalBERT","154","has a reference match",858,0.876,0.044,0.694,0.852,0.879,0.901,0.982,"154","malignant neoplasm of rectum and rectosigmoid junction","malignant neoplasm of rectum rectosigmoid junction and anus","6","cancer of rectum and anus"
"8_9","ICD-9-CM to ICDA-8","ClinicalBERT","155","has a reference match",858,0.874,0.045,0.695,0.851,0.876,0.899,0.995,"156","malignant neoplasm of gallbladder and bile ducts","malignant neoplasm of liver and intrahepatic bile ducts","7","cancer of liver and intrahepatic bile duct"
"8_9","ICD-9-CM to ICDA-8","ClinicalBERT","156","has a reference match",858,0.87,0.047,0.675,0.846,0.873,0.896,0.997,"156","malignant neoplasm of gallbladder and bile ducts","malignant neoplasm of gallbladder and extrahepatic bile ducts","4","cancer of other gi organs peritoneum"
"8_9","ICD-9-CM to ICDA-8","ClinicalBERT","157","has a reference match",858,0.867,0.048,0.665,0.841,0.87,0.893,1,"157","malignant neoplasm of pancreas","malignant neoplasm of pancreas","8","pancreas cancer"
"8_9","ICD-9-CM to ICDA-8","ClinicalBERT","158","has a reference match",858,0.835,0.064,0.582,0.798,0.843,0.878,0.982,"158","malignant neoplasm of peritoneum and retroperitoneal tissue","malignant neoplasm of retroperitoneum and peritoneum","4","cancer of other gi organs peritoneum"
"8_9","ICD-9-CM to ICDA-8","ClinicalBERT","159","has a reference match",858,0.829,0.064,0.608,0.788,0.834,0.875,0.967,"195","malignant neoplasm of illdefined sites","malignant neoplasm of other and illdefined sites within the digestive organs and peritoneum","4","cancer of other gi organs peritoneum"
"8_9","ICD-9-CM to ICDA-8","ClinicalBERT","160","has a reference match",858,0.868,0.049,0.671,0.842,0.872,0.895,0.995,"160","malignant neoplasm of nose nasal cavities middle ear and accessory sinuses","malignant neoplasm of nasal cavities middle ear and accessory sinuses","1","cancer of head and neck"
"8_9","ICD-9-CM to ICDA-8","ClinicalBERT","161","has a reference match",858,0.87,0.048,0.664,0.845,0.875,0.897,1,"161","malignant neoplasm of larynx","malignant neoplasm of larynx","1","cancer of head and neck"
"8_9","ICD-9-CM to ICDA-8","ClinicalBERT","162","has a reference match",858,0.859,0.056,0.64,0.827,0.866,0.893,1,"162","malignant neoplasm of trachea bronchus and lung","malignant neoplasm of trachea bronchus and lung","9","lung and other respiratory cancer"
"8_9","ICD-9-CM to ICDA-8","ClinicalBERT","163","has a reference match",858,0.826,0.065,0.595,0.787,0.832,0.867,0.972,"162","malignant neoplasm of trachea bronchus and lung","malignant neoplasm of pleura","9","lung and other respiratory cancer"
"8_9","ICD-9-CM to ICDA-8","ClinicalBERT","164","no reference match",858,0.868,0.05,0.66,0.844,0.871,0.896,0.984,"142","malignant neoplasm of salivary gland","malignant neoplasm of thymus heart and mediastinum","10","other cancers"
"8_9","ICD-9-CM to ICDA-8","ClinicalBERT","165","no reference match",858,0.824,0.067,0.601,0.781,0.831,0.87,0.965,"187","malignant neoplasm of other and unspecified male genital organs","malignant neoplasm of other and illdefined sites within the respiratory system and intrathoracic organs","9","lung and other respiratory cancer"
"8_9","ICD-9-CM to ICDA-8","ClinicalBERT","170","has a reference match",858,0.867,0.046,0.688,0.843,0.868,0.89,0.98,"171","malignant neoplasm of connective and other soft tissue","malignant neoplasm of bone and articular cartilage","11","cancer of bone and connective tissue"
"8_9","ICD-9-CM to ICDA-8","ClinicalBERT","171","has a reference match",858,0.86,0.047,0.677,0.833,0.862,0.885,1,"171","malignant neoplasm of connective and other soft tissue","malignant neoplasm of connective and other soft tissue","11","cancer of bone and connective tissue"
"8_9","ICD-9-CM to ICDA-8","ClinicalBERT","172","has a reference match",858,0.871,0.044,0.682,0.847,0.874,0.896,1,"172","malignant melanoma of skin","malignant melanoma of skin","12","skin melanoma"
"8_9","ICD-9-CM to ICDA-8","ClinicalBERT","174","has a reference match",858,0.864,0.046,0.686,0.84,0.865,0.885,0.989,"174","malignant neoplasm of breast","malignant neoplasm of female breast","13","breast cancer"
"8_9","ICD-9-CM to ICDA-8","ClinicalBERT","175","no reference match",858,0.865,0.048,0.676,0.839,0.869,0.888,0.988,"174","malignant neoplasm of breast","malignant neoplasm of male breast","13","breast cancer"
"8_9","ICD-9-CM to ICDA-8","ClinicalBERT","176","no reference match",858,0.854,0.047,0.676,0.824,0.861,0.889,0.946,"218","uterine fibroma","kaposis sarcoma","10","other cancers"
"8_9","ICD-9-CM to ICDA-8","ClinicalBERT","179","no reference match",858,0.856,0.04,0.712,0.833,0.857,0.879,0.985,"149","malignant neoplasm of pharynx unspecified","malignant neoplasm of uterus part unspecified","14","uterus cancer"
"8_9","ICD-9-CM to ICDA-8","ClinicalBERT","180","has a reference match",858,0.869,0.045,0.694,0.845,0.87,0.893,1,"180","malignant neoplasm of cervix uteri","malignant neoplasm of cervix uteri","15","cervix cancer"
"8_9","ICD-9-CM to ICDA-8","ClinicalBERT","181","has a reference match",858,0.86,0.049,0.665,0.835,0.864,0.885,0.981,"147","malignant neoplasm of nasopharynx","malignant neoplasm of placenta","16","cancer of other female genital organs"
"8_9","ICD-9-CM to ICDA-8","ClinicalBERT","182","has a reference match",858,0.861,0.049,0.658,0.836,0.864,0.888,0.988,"157","malignant neoplasm of pancreas","malignant neoplasm of body of uterus","14","uterus cancer"
"8_9","ICD-9-CM to ICDA-8","ClinicalBERT","183","has a reference match",858,0.863,0.05,0.665,0.837,0.866,0.89,0.984,"180","malignant neoplasm of cervix uteri","malignant neoplasm of ovary and other uterine adnexa","16","cancer of other female genital organs"
"8_9","ICD-9-CM to ICDA-8","ClinicalBERT","184","has a reference match",858,0.85,0.058,0.645,0.819,0.856,0.886,1,"184","malignant neoplasm of other and unspecified female genital organs","malignant neoplasm of other and unspecified female genital organs","16","cancer of other female genital organs"
"8_9","ICD-9-CM to ICDA-8","ClinicalBERT","185","has a reference match",858,0.862,0.05,0.643,0.837,0.866,0.888,1,"185","malignant neoplasm of prostate","malignant neoplasm of prostate","17","prostate cancer"
"8_9","ICD-9-CM to ICDA-8","ClinicalBERT","186","has a reference match",858,0.881,0.042,0.72,0.857,0.882,0.905,1,"186","malignant neoplasm of testis","malignant neoplasm of testis","18","testis cancer"
"8_9","ICD-9-CM to ICDA-8","ClinicalBERT","187","has a reference match",858,0.863,0.054,0.654,0.833,0.868,0.897,0.989,"187","malignant neoplasm of other and unspecified male genital organs","malignant neoplasm of penis and other male genital organs","19","cancer of other male genital organs"
"8_9","ICD-9-CM to ICDA-8","ClinicalBERT","188","has a reference match",858,0.872,0.046,0.681,0.847,0.875,0.895,1,"188","malignant neoplasm of bladder","malignant neoplasm of bladder","20","bladder cancer"
"8_9","ICD-9-CM to ICDA-8","ClinicalBERT","189","has a reference match",858,0.871,0.051,0.675,0.842,0.876,0.903,0.996,"189","malignant neoplasm of other and unspecified urinary organs","malignant neoplasm of kidney and other and unspecified urinary organs","21","cancer of kidney and other urinary organs"
"8_9","ICD-9-CM to ICDA-8","ClinicalBERT","190","has a reference match",858,0.867,0.046,0.687,0.843,0.868,0.891,1,"190","malignant neoplasm of eye","malignant neoplasm of eye","10","other cancers"
"8_9","ICD-9-CM to ICDA-8","ClinicalBERT","191","has a reference match",858,0.855,0.051,0.644,0.827,0.858,0.882,1,"191","malignant neoplasm of brain","malignant neoplasm of brain","22","cancer of brain and nervous system"
"8_9","ICD-9-CM to ICDA-8","ClinicalBERT","192","has a reference match",858,0.865,0.049,0.683,0.838,0.87,0.895,0.986,"192","malignant neoplasm of other parts of nervous system","malignant neoplasm of other and unspecified parts of nervous system","22","cancer of brain and nervous system"
"8_9","ICD-9-CM to ICDA-8","ClinicalBERT","193","has a reference match",858,0.869,0.048,0.667,0.845,0.872,0.895,1,"193","malignant neoplasm of thyroid gland","malignant neoplasm of thyroid gland","23","thyroid cancer"
"8_9","ICD-9-CM to ICDA-8","ClinicalBERT","194","has a reference match",858,0.862,0.047,0.694,0.836,0.864,0.892,0.972,"159","malignant neoplasm of unspecified digestive organs","malignant neoplasm of other endocrine glands and related structures","10","other cancers"
"8_9","ICD-9-CM to ICDA-8","ClinicalBERT","195","has a reference match",858,0.839,0.056,0.637,0.803,0.845,0.878,0.99,"195","malignant neoplasm of illdefined sites","malignant neoplasm of other and illdefined sites","10","other cancers"
"8_9","ICD-9-CM to ICDA-8","ClinicalBERT","196","has a reference match",858,0.822,0.062,0.61,0.785,0.826,0.861,1,"196","secondary and unspecified malignant neoplasm of lymph nodes","secondary and unspecified malignant neoplasm of lymph nodes","24","secondary malignancy"
"8_9","ICD-9-CM to ICDA-8","ClinicalBERT","197","has a reference match",858,0.867,0.047,0.685,0.84,0.871,0.896,1,"197","secondary malignant neoplasm of respiratory and digestive systems","secondary malignant neoplasm of respiratory and digestive systems","24","secondary malignancy"
"8_9","ICD-9-CM to ICDA-8","ClinicalBERT","198","has a reference match",858,0.853,0.049,0.662,0.824,0.86,0.884,0.968,"197","secondary malignant neoplasm of respiratory and digestive systems","secondary malignant neoplasm of other specified sites","24","secondary malignancy"
"8_9","ICD-9-CM to ICDA-8","ClinicalBERT","199","has a reference match",858,0.835,0.046,0.697,0.805,0.837,0.867,1,"199","malignant neoplasm without specification of site","malignant neoplasm without specification of site","25","malignant neoplasm without specification of site"
"8_9","ICD-9-CM to ICDA-8","ClinicalBERT","200","has a reference match",858,0.821,0.06,0.612,0.784,0.825,0.86,0.957,"187","malignant neoplasm of other and unspecified male genital organs","lymphosarcoma and reticulosarcoma and other specified malignant tumors of lymphatic tissue","26","nonhodgkins lymphoma"
"8_9","ICD-9-CM to ICDA-8","ClinicalBERT","201","has a reference match",858,0.852,0.054,0.697,0.811,0.858,0.896,1,"201","hodgkins disease","hodgkins disease","27","hodgkins disease"
"8_9","ICD-9-CM to ICDA-8","ClinicalBERT","202","has a reference match",858,0.846,0.046,0.683,0.82,0.846,0.875,0.967,"202","other neoplasms of lymphoid tissue","other malignant neoplasms of lymphoid and histiocytic tissue","26","nonhodgkins lymphoma"
"8_9","ICD-9-CM to ICDA-8","ClinicalBERT","203","has a reference match",858,0.849,0.05,0.632,0.821,0.855,0.881,0.951,"156","malignant neoplasm of gallbladder and bile ducts","multiple myeloma and immunoproliferative neoplasms","28","multiple myeloma and leukemias"
"8_9","ICD-9-CM to ICDA-8","ClinicalBERT","204","has a reference match",858,0.823,0.05,0.623,0.788,0.826,0.86,0.986,"204","lymphatic leukemia","lymphoid leukemia","28","multiple myeloma and leukemias"
"8_9","ICD-9-CM to ICDA-8","ClinicalBERT","205","has a reference match",858,0.816,0.046,0.629,0.787,0.819,0.849,1,"205","myeloid leukemia","myeloid leukemia","28","multiple myeloma and leukemias"
"8_9","ICD-9-CM to ICDA-8","ClinicalBERT","206","has a reference match",858,0.83,0.049,0.638,0.796,0.834,0.867,1,"206","monocytic leukemia","monocytic leukemia","28","multiple myeloma and leukemias"
"8_9","ICD-9-CM to ICDA-8","ClinicalBERT","207","has a reference match",858,0.818,0.066,0.621,0.767,0.823,0.875,0.94,"99",NA,"other specified leukemia","28","multiple myeloma and leukemias"
"8_9","ICD-9-CM to ICDA-8","ClinicalBERT","208","has a reference match",858,0.842,0.047,0.647,0.819,0.844,0.87,0.935,"190","malignant neoplasm of eye","leukemia of unspecified cell type","28","multiple myeloma and leukemias"
"8_9","ICD-9-CM to ICDA-8","ClinicalBERT","209","has a reference match",858,0.882,0.039,0.714,0.86,0.89,0.911,0.953,"194","malignant neoplasm of other endocrine glands","neuroendocrine tumors","10","other cancers"
"8_9","ICD-9-CM to ICDA-8","ClinicalBERT","225","has a reference match",858,0.869,0.048,0.677,0.842,0.874,0.898,0.985,"211","benign neoplasm of other parts of digestive system","benign neoplasm of brain and other parts of nervous system","29","other and unspecified benign neoplasm"
"8_9","ICD-9-CM to ICDA-8","ClinicalBERT","230","no reference match",858,0.87,0.043,0.698,0.847,0.872,0.894,0.964,"159","malignant neoplasm of unspecified digestive organs","carcinoma in situ of digestive organs","4","cancer of other gi organs peritoneum"
"8_9","ICD-9-CM to ICDA-8","ClinicalBERT","231","no reference match",858,0.862,0.042,0.688,0.84,0.864,0.888,0.954,"172","malignant melanoma of skin","carcinoma in situ of respiratory system","9","lung and other respiratory cancer"
"8_9","ICD-9-CM to ICDA-8","ClinicalBERT","233","no reference match",858,0.855,0.05,0.645,0.83,0.86,0.883,0.958,"193","malignant neoplasm of thyroid gland","carcinoma in situ of breast and genitourinary system","10","other cancers"
"8_9","ICD-9-CM to ICDA-8","ClinicalBERT","234","no reference match",858,0.843,0.055,0.627,0.811,0.848,0.877,0.958,"195","malignant neoplasm of illdefined sites","carcinoma in situ of other and unspecified sites","10","other cancers"
"8_9","ICD-9-CM to ICDA-8","ClinicalBERT","237","no reference match",858,0.859,0.053,0.65,0.829,0.865,0.894,0.982,"238","neoplasm of unspecified nature of eye brain and other parts of nervous system","neoplasm of uncertain behavior of endocrine glands and nervous system","30","neoplasms of unspecified nature"
"8_9","ICD-9-CM to ICDA-8","ClinicalBERT","238","no reference match",858,0.821,0.065,0.6,0.781,0.828,0.868,0.973,"237","neoplasm of unspecified nature of other genitourinary organs","neoplasm of uncertain behavior of other and unspecified sites and tissues","30","neoplasms of unspecified nature"
"8_9","ICD-9-CM to ICDA-8","ClinicalBERT","239","has a reference match",858,0.839,0.045,0.66,0.814,0.84,0.865,0.951,"230","neoplasm of unspecified nature of digestive organs","neoplasms of unspecified nature","30","neoplasms of unspecified nature"
"8_9","ICD-9-CM to ICDA-8","ClinicalBERT","240","has a reference match",858,0.863,0.035,0.73,0.846,0.869,0.889,0.932,"551","other hernia of abdominal cavity without mention of obstruction","simple and unspecified goiter","31","thyroid disorders"
"8_9","ICD-9-CM to ICDA-8","ClinicalBERT","241","has a reference match",858,0.88,0.041,0.717,0.856,0.886,0.911,1,"241","nontoxic nodular goiter","nontoxic nodular goiter","31","thyroid disorders"
"8_9","ICD-9-CM to ICDA-8","ClinicalBERT","242","has a reference match",858,0.861,0.048,0.693,0.828,0.869,0.899,1,"242","thyrotoxicosis with or without goiter","thyrotoxicosis with or without goiter","31","thyroid disorders"
"8_9","ICD-9-CM to ICDA-8","ClinicalBERT","243","has a reference match",858,0.838,0.057,0.676,0.796,0.841,0.882,0.978,"90",NA,"congenital hypothyroidism","31","thyroid disorders"
"8_9","ICD-9-CM to ICDA-8","ClinicalBERT","244","has a reference match",858,0.865,0.043,0.695,0.839,0.869,0.896,0.973,"283","acquired hemolytic anemias","acquired hypothyroidism","31","thyroid disorders"
"8_9","ICD-9-CM to ICDA-8","ClinicalBERT","245","has a reference match",858,0.843,0.064,0.669,0.794,0.851,0.894,1,"245","thyroiditis","thyroiditis","31","thyroid disorders"
"8_9","ICD-9-CM to ICDA-8","ClinicalBERT","246","has a reference match",858,0.862,0.047,0.684,0.83,0.87,0.895,0.966,"369","other inflammatory diseases of eye","other disorders of thyroid","31","thyroid disorders"
"8_9","ICD-9-CM to ICDA-8","ClinicalBERT","249","no reference match",858,0.86,0.052,0.695,0.824,0.867,0.9,0.955,"412","chronic ischemic heart disease","secondary diabetes mellitus","32","diabetes mellitus"
"8_9","ICD-9-CM to ICDA-8","ClinicalBERT","250","has a reference match",858,0.806,0.065,0.647,0.755,0.811,0.857,1,"250","diabetes mellitus","diabetes mellitus","32","diabetes mellitus"
"8_9","ICD-9-CM to ICDA-8","ClinicalBERT","251","has a reference match",858,0.863,0.038,0.715,0.84,0.871,0.89,0.941,"576","other diseases of gallbladder and biliary ducts","other disorders of pancreatic internal secretiondisorders of parathyroid gland","33","other endocrine disorders"
"8_9","ICD-9-CM to ICDA-8","ClinicalBERT","252","has a reference match",858,0.856,0.049,0.693,0.823,0.862,0.894,0.98,"252","diseases of parathyroid gland","disorders of parathyroid gland","33","other endocrine disorders"
"8_9","ICD-9-CM to ICDA-8","ClinicalBERT","253","has a reference match",858,0.82,0.061,0.586,0.785,0.829,0.867,0.93,"639","other toxemias of pregnancy and the puerperium","disorders of the pituitary gland and its hypothalamic control","33","other endocrine disorders"
"8_9","ICD-9-CM to ICDA-8","ClinicalBERT","254","has a reference match",858,0.851,0.045,0.698,0.821,0.856,0.884,1,"254","diseases of thymus gland","diseases of thymus gland","33","other endocrine disorders"
"8_9","ICD-9-CM to ICDA-8","ClinicalBERT","255","has a reference match",858,0.876,0.037,0.715,0.854,0.883,0.902,0.975,"255","diseases of adrenal glands","disorders of adrenal glands","33","other endocrine disorders"
"8_9","ICD-9-CM to ICDA-8","ClinicalBERT","256","has a reference match",858,0.86,0.053,0.698,0.823,0.87,0.902,1,"256","ovarian dysfunction","ovarian dysfunction","33","other endocrine disorders"
"8_9","ICD-9-CM to ICDA-8","ClinicalBERT","257","has a reference match",858,0.853,0.05,0.698,0.818,0.86,0.891,1,"257","testicular dysfunction","testicular dysfunction","33","other endocrine disorders"
"8_9","ICD-9-CM to ICDA-8","ClinicalBERT","258","has a reference match",858,0.861,0.037,0.723,0.84,0.865,0.89,0.953,"258","polyglandular dysfunction and other diseases of endocrine glands","polyglandular dysfunction and related disorders","33","other endocrine disorders"
"8_9","ICD-9-CM to ICDA-8","ClinicalBERT","259","no reference match",858,0.858,0.055,0.689,0.818,0.864,0.905,0.963,"127","other intestinal helminthiasis","other endocrine disorders","33","other endocrine disorders"
"8_9","ICD-9-CM to ICDA-8","ClinicalBERT","260","has a reference match",858,0.811,0.046,0.638,0.78,0.816,0.846,0.918,"101","vincents angina","kwashiorkor","34","nutritional deficiencies"
"8_9","ICD-9-CM to ICDA-8","ClinicalBERT","261","has a reference match",858,0.84,0.032,0.719,0.82,0.842,0.862,1,"268","nutritional marasmus","nutritional marasmus","34","nutritional deficiencies"
"8_9","ICD-9-CM to ICDA-8","ClinicalBERT","262","has a reference match",858,0.811,0.033,0.678,0.79,0.814,0.835,0.936,"267","protein malnutrition","other severe proteincalorie malnutrition","34","nutritional deficiencies"
"8_9","ICD-9-CM to ICDA-8","ClinicalBERT","263","no reference match",858,0.813,0.039,0.647,0.791,0.818,0.84,0.919,"267","protein malnutrition","other and unspecified proteincalorie malnutrition","34","nutritional deficiencies"
"8_9","ICD-9-CM to ICDA-8","ClinicalBERT","268","has a reference match",858,0.842,0.057,0.691,0.799,0.848,0.884,1,"265","vitamin d deficiency","vitamin d deficiency","34","nutritional deficiencies"
"8_9","ICD-9-CM to ICDA-8","ClinicalBERT","270","has a reference match",858,0.749,0.072,0.461,0.708,0.76,0.803,0.917,"536","disorders of function of stomach","disorders of aminoacid transport and metabolism","35","other nutritional endocrine immunity and metabolic disorders"
"8_9","ICD-9-CM to ICDA-8","ClinicalBERT","271","has a reference match",858,0.77,0.058,0.526,0.739,0.779,0.812,0.924,"520","disorders of tooth development and eruption","disorders of carbohydrate transport and metabolism","35","other nutritional endocrine immunity and metabolic disorders"
"8_9","ICD-9-CM to ICDA-8","ClinicalBERT","272","has a reference match",858,0.853,0.039,0.677,0.829,0.86,0.882,0.952,"520","disorders of tooth development and eruption","disorders of lipoid metabolism","36","disorders of lipid metabolism"
"8_9","ICD-9-CM to ICDA-8","ClinicalBERT","273","has a reference match",858,0.788,0.064,0.525,0.756,0.798,0.836,0.941,"536","disorders of function of stomach","disorders of plasma protein metabolism","35","other nutritional endocrine immunity and metabolic disorders"
"8_9","ICD-9-CM to ICDA-8","ClinicalBERT","274","has a reference match",858,0.806,0.081,0.589,0.744,0.811,0.869,1,"274","gout","gout","37","gout and other crystal arthropathies"
"8_9","ICD-9-CM to ICDA-8","ClinicalBERT","275","has a reference match",858,0.781,0.064,0.518,0.747,0.792,0.83,0.937,"536","disorders of function of stomach","disorders of mineral metabolism","35","other nutritional endocrine immunity and metabolic disorders"
"8_9","ICD-9-CM to ICDA-8","ClinicalBERT","277","has a reference match",858,0.809,0.057,0.581,0.776,0.818,0.851,0.953,"273","other and unspecified congenital disorders of metabolism","other and unspecified disorders of metabolism","35","other nutritional endocrine immunity and metabolic disorders"
"8_9","ICD-9-CM to ICDA-8","ClinicalBERT","278","has a reference match",858,0.858,0.036,0.707,0.837,0.863,0.884,0.935,"277","obesity not specified as of endocrine origin","overweight obesity and other hyperalimentation","35","other nutritional endocrine immunity and metabolic disorders"
"8_9","ICD-9-CM to ICDA-8","ClinicalBERT","279","has a reference match",858,0.851,0.042,0.667,0.827,0.858,0.882,0.932,"972","adverse effect of agents primarily affecting the autonomic nervous system","disorders involving the immune mechanism","35","other nutritional endocrine immunity and metabolic disorders"
"8_9","ICD-9-CM to ICDA-8","ClinicalBERT","280","has a reference match",858,0.867,0.05,0.678,0.831,0.872,0.904,1,"280","iron deficiency anemias","iron deficiency anemias","38","anemia"
"8_9","ICD-9-CM to ICDA-8","ClinicalBERT","282","has a reference match",858,0.849,0.05,0.668,0.814,0.856,0.887,1,"282","hereditary hemolytic anemias","hereditary hemolytic anemias","38","anemia"
"8_9","ICD-9-CM to ICDA-8","ClinicalBERT","283","has a reference match",858,0.862,0.045,0.672,0.834,0.867,0.895,1,"283","acquired hemolytic anemias","acquired hemolytic anemias","38","anemia"
"8_9","ICD-9-CM to ICDA-8","ClinicalBERT","284","has a reference match",858,0.837,0.047,0.648,0.813,0.842,0.868,0.929,"691","infantile eczema and related conditions","aplastic anemia and other bone marrow failure syndromes","38","anemia"
"8_9","ICD-9-CM to ICDA-8","ClinicalBERT","285","has a reference match",858,0.87,0.039,0.715,0.846,0.875,0.898,1,"285","other and unspecified anemias","other and unspecified anemias","38","anemia"
"8_9","ICD-9-CM to ICDA-8","ClinicalBERT","286","has a reference match",858,0.864,0.037,0.729,0.84,0.868,0.89,1,"286","coagulation defects","coagulation defects","39","other hematologic conditions"
"8_9","ICD-9-CM to ICDA-8","ClinicalBERT","287","has a reference match",858,0.864,0.034,0.714,0.845,0.868,0.887,1,"287","purpura and other hemorrhagic conditions","purpura and other hemorrhagic conditions","39","other hematologic conditions"
"8_9","ICD-9-CM to ICDA-8","ClinicalBERT","288","has a reference match",858,0.777,0.05,0.574,0.748,0.787,0.816,0.884,"448","diseases of capillaries","diseases of white blood cells","39","other hematologic conditions"
"8_9","ICD-9-CM to ICDA-8","ClinicalBERT","289","has a reference match",858,0.858,0.036,0.719,0.838,0.86,0.882,1,"289","other diseases of blood and bloodforming organs","other diseases of blood and bloodforming organs","39","other hematologic conditions"
"8_9","ICD-9-CM to ICDA-8","ClinicalBERT","290","has a reference match",858,0.84,0.063,0.672,0.791,0.846,0.89,0.957,"295","schizophrenia","dementias","40","delirium dementia and other cognitive disorders"
"8_9","ICD-9-CM to ICDA-8","ClinicalBERT","291","has a reference match",858,0.871,0.034,0.71,0.852,0.875,0.894,0.941,"290","senile and presenile dementia","alcoholinduced mental disorders","41","alcohol and substancerelated disorders"
"8_9","ICD-9-CM to ICDA-8","ClinicalBERT","292","has a reference match",858,0.876,0.034,0.723,0.858,0.88,0.9,0.95,"290","senile and presenile dementia","druginduced mental disorders","41","alcohol and substancerelated disorders"
"8_9","ICD-9-CM to ICDA-8","ClinicalBERT","294","has a reference match",858,0.849,0.04,0.677,0.828,0.852,0.878,0.94,"309","mental disorders not specified as psychotic associated with physical conditions","persistent mental disorders due to conditions classified elsewhere","40","delirium dementia and other cognitive disorders"
"8_9","ICD-9-CM to ICDA-8","ClinicalBERT","295","has a reference match",858,0.872,0.047,0.683,0.84,0.879,0.909,0.959,"713","osteoarthritis and allied conditions","schizophrenic disorders","42","schizophrenia and other psychotic disorders"
"8_9","ICD-9-CM to ICDA-8","ClinicalBERT","296","has a reference match",858,0.859,0.053,0.69,0.821,0.865,0.902,0.956,"122","hydatidosis","episodic mood disorders","43","mood and anxiety disorders"
"8_9","ICD-9-CM to ICDA-8","ClinicalBERT","297","has a reference match",858,0.861,0.04,0.702,0.835,0.868,0.891,0.951,"296","affective psychoses","delusional disorders","42","schizophrenia and other psychotic disorders"
"8_9","ICD-9-CM to ICDA-8","ClinicalBERT","298","has a reference match",858,0.85,0.046,0.678,0.819,0.853,0.884,0.958,"298","other psychoses","other nonorganic psychoses","42","schizophrenia and other psychotic disorders"
"8_9","ICD-9-CM to ICDA-8","ClinicalBERT","299","has a reference match",858,0.842,0.063,0.662,0.796,0.849,0.894,0.951,"728","vertebrogenic pain syndrome","pervasive developmental disorders","44","disorders usually diagnosed in infancy childhood or adolescence"
"8_9","ICD-9-CM to ICDA-8","ClinicalBERT","300","has a reference match",858,0.861,0.044,0.692,0.832,0.866,0.894,0.942,"713","osteoarthritis and allied conditions","anxiety dissociative and somatoform disorders","43","mood and anxiety disorders"
"8_9","ICD-9-CM to ICDA-8","ClinicalBERT","301","has a reference match",858,0.82,0.067,0.633,0.769,0.824,0.875,1,"301","personality disorders","personality disorders","45","personality disorders"
"8_9","ICD-9-CM to ICDA-8","ClinicalBERT","303","has a reference match",858,0.867,0.047,0.707,0.833,0.872,0.905,0.959,"303","alcoholism","alcohol dependence syndrome","41","alcohol and substancerelated disorders"
"8_9","ICD-9-CM to ICDA-8","ClinicalBERT","304","has a reference match",858,0.838,0.052,0.683,0.799,0.841,0.879,1,"304","drug dependence","drug dependence","41","alcohol and substancerelated disorders"
"8_9","ICD-9-CM to ICDA-8","ClinicalBERT","305","no reference match",858,0.818,0.053,0.571,0.792,0.828,0.857,0.926,"979","alcohol in combination with specified medicinal agents","nondependent abuse of drugs","41","alcohol and substancerelated disorders"
"8_9","ICD-9-CM to ICDA-8","ClinicalBERT","306","has a reference match",858,0.832,0.035,0.709,0.811,0.833,0.857,0.94,"324","late effects of intracranial abscess or pyogenic infection","physiological malfunction arising from mental factors","46","miscellaneous mental health disorders"
"8_9","ICD-9-CM to ICDA-8","ClinicalBERT","307","has a reference match",858,0.812,0.049,0.65,0.782,0.822,0.849,0.966,"306","special symptoms not elsewhere classified","special symptoms or syndromes not elsewhere classified","46","miscellaneous mental health disorders"
"8_9","ICD-9-CM to ICDA-8","ClinicalBERT","308","no reference match",858,0.786,0.055,0.582,0.751,0.793,0.826,0.904,"977","adverse effect of other and unspecified drugs","acute reaction to stress","43","mood and anxiety disorders"
"8_9","ICD-9-CM to ICDA-8","ClinicalBERT","309","has a reference match",858,0.784,0.045,0.62,0.753,0.787,0.817,0.908,"684","impetigo","adjustment reaction","47","adjustment disorders"
"8_9","ICD-9-CM to ICDA-8","ClinicalBERT","310","has a reference match",858,0.867,0.036,0.699,0.848,0.873,0.893,0.949,"293","psychosis associated with other cerebral condition","specific nonpsychotic mental disorders due to brain damage","46","miscellaneous mental health disorders"
"8_9","ICD-9-CM to ICDA-8","ClinicalBERT","311","has a reference match",858,0.829,0.054,0.66,0.795,0.838,0.874,0.928,"299","unspecified psychosis","depressive disorder not elsewhere classified","43","mood and anxiety disorders"
"8_9","ICD-9-CM to ICDA-8","ClinicalBERT","312","no reference match",858,0.806,0.037,0.645,0.783,0.812,0.832,0.892,"684","impetigo","disturbance of conduct not elsewhere classified","48","attentiondeficit conduct and disruptive behavior disorders"
"8_9","ICD-9-CM to ICDA-8","ClinicalBERT","314","has a reference match",858,0.849,0.046,0.65,0.823,0.855,0.88,0.947,"774","hemolytic disease of newborn with kernicterus","hyperkinetic syndrome of childhood","48","attentiondeficit conduct and disruptive behavior disorders"
"8_9","ICD-9-CM to ICDA-8","ClinicalBERT","315","no reference match",858,0.809,0.034,0.678,0.787,0.812,0.832,0.891,"314","profound mental retardation","specific delays in development","49","developmental disorders"
"8_9","ICD-9-CM to ICDA-8","ClinicalBERT","316","no reference match",858,0.809,0.054,0.57,0.779,0.815,0.849,0.918,"309","mental disorders not specified as psychotic associated with physical conditions","psychic factors associated with diseases classified elsewhere","46","miscellaneous mental health disorders"
"8_9","ICD-9-CM to ICDA-8","ClinicalBERT","317","has a reference match",858,0.802,0.042,0.637,0.776,0.807,0.832,0.903,"282","hereditary hemolytic anemias","mild intellectual disabilities","49","developmental disorders"
"8_9","ICD-9-CM to ICDA-8","ClinicalBERT","318","has a reference match",858,0.834,0.041,0.663,0.806,0.84,0.865,0.919,"333","other hereditary and familial diseases of nervous system","other specified intellectual disabilities","49","developmental disorders"
"8_9","ICD-9-CM to ICDA-8","ClinicalBERT","319","has a reference match",858,0.808,0.033,0.668,0.788,0.814,0.832,0.916,"315","unspecified mental retardation","unspecified intellectual disabilities","49","developmental disorders"
"8_9","ICD-9-CM to ICDA-8","ClinicalBERT","327","no reference match",858,0.825,0.068,0.627,0.772,0.832,0.882,0.954,"301","personality disorders","organic sleep disorders","50","other nervous system conditions"
"8_9","ICD-9-CM to ICDA-8","ClinicalBERT","330","no reference match",858,0.791,0.069,0.521,0.753,0.802,0.843,0.918,"636","renal disease arising during pregnancy and the puerperium","cerebral degenerations usually manifest in childhood","50","other nervous system conditions"
"8_9","ICD-9-CM to ICDA-8","ClinicalBERT","331","no reference match",858,0.835,0.055,0.677,0.796,0.84,0.879,0.966,"344","other cerebral paralysis","other cerebral degenerations","40","delirium dementia and other cognitive disorders"
"8_9","ICD-9-CM to ICDA-8","ClinicalBERT","332","has a reference match",858,0.833,0.07,0.654,0.778,0.838,0.889,0.964,"385","menieres disease","parkinsons disease","51","parkinsons disease"
"8_9","ICD-9-CM to ICDA-8","ClinicalBERT","333","no reference match",858,0.872,0.042,0.707,0.845,0.878,0.905,0.95,"127","other intestinal helminthiasis","other extrapyramidal disease and abnormal movement disorders","50","other nervous system conditions"
"8_9","ICD-9-CM to ICDA-8","ClinicalBERT","334","no reference match",858,0.876,0.043,0.705,0.849,0.884,0.909,0.957,"348","motor neurone disease","spinocerebellar disease","50","other nervous system conditions"
"8_9","ICD-9-CM to ICDA-8","ClinicalBERT","335","no reference match",858,0.866,0.05,0.691,0.83,0.873,0.905,0.96,"348","motor neurone disease","anterior horn cell disease","50","other nervous system conditions"
"8_9","ICD-9-CM to ICDA-8","ClinicalBERT","336","has a reference match",858,0.853,0.049,0.704,0.821,0.856,0.883,1,"349","other diseases of spinal cord","other diseases of spinal cord","50","other nervous system conditions"
"8_9","ICD-9-CM to ICDA-8","ClinicalBERT","337","has a reference match",858,0.828,0.048,0.605,0.803,0.834,0.863,0.945,"520","disorders of tooth development and eruption","disorders of the autonomic nervous system","50","other nervous system conditions"
"8_9","ICD-9-CM to ICDA-8","ClinicalBERT","338","no reference match",858,0.768,0.033,0.622,0.75,0.771,0.788,0.899,"306","special symptoms not elsewhere classified","pain not elsewhere classified","50","other nervous system conditions"
"8_9","ICD-9-CM to ICDA-8","ClinicalBERT","339","has a reference match",858,0.859,0.048,0.716,0.825,0.865,0.896,0.955,"39",NA,"other headache syndromes","52","headache including migraine"
"8_9","ICD-9-CM to ICDA-8","ClinicalBERT","340","has a reference match",858,0.848,0.057,0.68,0.804,0.858,0.894,1,"340","multiple sclerosis","multiple sclerosis","53","multiple sclerosis"
"8_9","ICD-9-CM to ICDA-8","ClinicalBERT","341","has a reference match",858,0.867,0.047,0.68,0.838,0.873,0.9,1,"341","other demyelinating diseases of central nervous system","other demyelinating diseases of central nervous system","50","other nervous system conditions"
"8_9","ICD-9-CM to ICDA-8","ClinicalBERT","342","has a reference match",858,0.828,0.043,0.606,0.805,0.835,0.856,0.916,"851","cerebral laceration and contusion","hemiplegia and hemiparesis","54","paralysis"
"8_9","ICD-9-CM to ICDA-8","ClinicalBERT","343","has a reference match",858,0.833,0.047,0.678,0.802,0.837,0.869,0.951,"742","congenital hydrocephalus","infantile cerebral palsy","54","paralysis"
"8_9","ICD-9-CM to ICDA-8","ClinicalBERT","344","has a reference match",858,0.845,0.045,0.708,0.815,0.85,0.878,0.952,"7",NA,"other paralytic syndromes","54","paralysis"
"8_9","ICD-9-CM to ICDA-8","ClinicalBERT","345","has a reference match",858,0.861,0.035,0.717,0.84,0.866,0.887,0.938,"451","phlebitis and thrombophlebitis","epilepsy and recurrent seizures","55","epilepsyconvulsions"
"8_9","ICD-9-CM to ICDA-8","ClinicalBERT","346","has a reference match",858,0.83,0.066,0.639,0.782,0.832,0.883,1,"346","migraine","migraine","52","headache including migraine"
"8_9","ICD-9-CM to ICDA-8","ClinicalBERT","347","has a reference match",858,0.863,0.038,0.711,0.843,0.868,0.891,0.94,"716","polymyositis and dermatomyositis","cataplexy and narcolepsy","50","other nervous system conditions"
"8_9","ICD-9-CM to ICDA-8","ClinicalBERT","348","has a reference match",858,0.861,0.035,0.716,0.842,0.865,0.883,0.967,"347","other diseases of brain","other conditions of brain","50","other nervous system conditions"
"8_9","ICD-9-CM to ICDA-8","ClinicalBERT","353","has a reference match",858,0.822,0.032,0.661,0.805,0.826,0.843,0.907,"917","superficial injury of foot and toe s","nerve root and plexus disorders","50","other nervous system conditions"
"8_9","ICD-9-CM to ICDA-8","ClinicalBERT","354","has a reference match",858,0.855,0.043,0.684,0.831,0.861,0.885,0.952,"354","polyneuritis and polyradiculitis","mononeuritis of upper limb and mononeuritis multiplex","50","other nervous system conditions"
"8_9","ICD-9-CM to ICDA-8","ClinicalBERT","355","has a reference match",858,0.844,0.055,0.657,0.806,0.852,0.886,0.942,"681","cellulitis of finger and toe","mononeuritis of lower limb and unspecified site","50","other nervous system conditions"
"8_9","ICD-9-CM to ICDA-8","ClinicalBERT","356","has a reference match",858,0.869,0.039,0.718,0.846,0.875,0.896,0.948,"446","polyarteritis nodosa and allied conditions","hereditary and idiopathic peripheral neuropathy","50","other nervous system conditions"
"8_9","ICD-9-CM to ICDA-8","ClinicalBERT","357","has a reference match",858,0.881,0.041,0.716,0.858,0.889,0.912,0.96,"44",NA,"inflammatory and toxic neuropathy","50","other nervous system conditions"
"8_9","ICD-9-CM to ICDA-8","ClinicalBERT","358","no reference match",858,0.868,0.053,0.699,0.828,0.876,0.911,0.965,"523","periodontal diseases","myoneural disorders","50","other nervous system conditions"
"8_9","ICD-9-CM to ICDA-8","ClinicalBERT","359","no reference match",858,0.843,0.045,0.635,0.819,0.85,0.875,0.929,"712","rheumatoid arthritis and allied conditions","muscular dystrophies and other myopathies","50","other nervous system conditions"
"8_9","ICD-9-CM to ICDA-8","ClinicalBERT","360","has a reference match",858,0.852,0.038,0.674,0.832,0.856,0.879,0.931,"520","disorders of tooth development and eruption","disorders of the globe","56","other eye disorders"
"8_9","ICD-9-CM to ICDA-8","ClinicalBERT","361","has a reference match",858,0.868,0.035,0.723,0.846,0.876,0.894,0.935,"360","conjunctivitis and ophthalmia","retinal detachments and defects","57","retinal detachments defects vascular occlusion and retinopathy"
"8_9","ICD-9-CM to ICDA-8","ClinicalBERT","362","has a reference match",858,0.864,0.053,0.711,0.824,0.871,0.908,0.972,"99",NA,"other retinal disorders","57","retinal detachments defects vascular occlusion and retinopathy"
"8_9","ICD-9-CM to ICDA-8","ClinicalBERT","363","has a reference match",858,0.87,0.038,0.695,0.848,0.876,0.896,0.941,"737","hallux valgus and varus","chorioretinal inflammations scars and other disorders of choroid","56","other eye disorders"
"8_9","ICD-9-CM to ICDA-8","ClinicalBERT","364","has a reference match",858,0.841,0.057,0.633,0.805,0.85,0.886,0.944,"367","inflammation of optic nerve and retina","disorders of iris and ciliary body","56","other eye disorders"
"8_9","ICD-9-CM to ICDA-8","ClinicalBERT","365","has a reference match",858,0.83,0.073,0.634,0.775,0.834,0.887,1,"375","glaucoma","glaucoma","58","glaucoma"
"8_9","ICD-9-CM to ICDA-8","ClinicalBERT","366","has a reference match",858,0.787,0.081,0.557,0.724,0.792,0.85,1,"374","cataract","cataract","59","cataract"
"8_9","ICD-9-CM to ICDA-8","ClinicalBERT","369","has a reference match",858,0.84,0.045,0.643,0.817,0.847,0.872,0.926,"790","nervousness and debility","blindness and low vision","60","blindness and vision defects"
"8_9","ICD-9-CM to ICDA-8","ClinicalBERT","370","has a reference match",858,0.82,0.077,0.619,0.759,0.824,0.882,1,"363","keratitis","keratitis","56","other eye disorders"
"8_9","ICD-9-CM to ICDA-8","ClinicalBERT","371","has a reference match",858,0.837,0.047,0.634,0.81,0.846,0.874,0.926,"367","inflammation of optic nerve and retina","corneal opacity and other disorders of cornea","56","other eye disorders"
"8_9","ICD-9-CM to ICDA-8","ClinicalBERT","372","has a reference match",858,0.815,0.038,0.662,0.794,0.82,0.841,0.917,"521","diseases of hard tissues of teeth","disorders of conjunctiva","56","other eye disorders"
"8_9","ICD-9-CM to ICDA-8","ClinicalBERT","376","has a reference match",858,0.839,0.045,0.634,0.812,0.845,0.872,0.941,"527","diseases of the salivary glands","disorders of the orbit","56","other eye disorders"
"8_9","ICD-9-CM to ICDA-8","ClinicalBERT","377","has a reference match",858,0.857,0.043,0.648,0.835,0.865,0.888,0.938,"520","disorders of tooth development and eruption","disorders of optic nerve and visual pathways","56","other eye disorders"
"8_9","ICD-9-CM to ICDA-8","ClinicalBERT","379","has a reference match",858,0.864,0.04,0.681,0.839,0.869,0.89,0.971,"369","other inflammatory diseases of eye","other disorders of eye","56","other eye disorders"
"8_9","ICD-9-CM to ICDA-8","ClinicalBERT","380","has a reference match",858,0.849,0.04,0.674,0.825,0.853,0.875,0.95,"255","diseases of adrenal glands","disorders of external ear","61","other ear and sense organ disorders"
"8_9","ICD-9-CM to ICDA-8","ClinicalBERT","381","has a reference match",858,0.862,0.045,0.703,0.832,0.869,0.896,0.949,"613","chronic salpingitis and oophoritis","nonsuppurative otitis media and eustachian tube disorders","62","otitis media and related conditions"
"8_9","ICD-9-CM to ICDA-8","ClinicalBERT","382","no reference match",858,0.879,0.036,0.716,0.861,0.884,0.905,0.954,"383","mastoiditis without mention of otitis media","suppurative and unspecified otitis media","62","otitis media and related conditions"
"8_9","ICD-9-CM to ICDA-8","ClinicalBERT","383","has a reference match",858,0.868,0.038,0.694,0.848,0.874,0.895,0.961,"678","mastitis and other disorders of lactation","mastoiditis and related conditions","62","otitis media and related conditions"
"8_9","ICD-9-CM to ICDA-8","ClinicalBERT","384","has a reference match",858,0.829,0.052,0.612,0.798,0.84,0.869,0.935,"569","other diseases of intestines and peritoneum","other disorders of tympanic membrane","61","other ear and sense organ disorders"
"8_9","ICD-9-CM to ICDA-8","ClinicalBERT","386","has a reference match",858,0.863,0.042,0.684,0.841,0.869,0.894,0.941,"258","polyglandular dysfunction and other diseases of endocrine glands","vertiginous syndromes and other disorders of vestibular system","63","conditions associated with dizziness or vertigo"
"8_9","ICD-9-CM to ICDA-8","ClinicalBERT","389","has a reference match",858,0.837,0.05,0.68,0.799,0.843,0.876,0.952,"379","blindness","hearing loss","61","other ear and sense organ disorders"
"8_9","ICD-9-CM to ICDA-8","ClinicalBERT","393","has a reference match",858,0.858,0.057,0.686,0.816,0.866,0.902,0.983,"491","chronic bronchitis","chronic rheumatic pericarditis","64","peri endo and myocarditis cardiomyopathy"
"8_9","ICD-9-CM to ICDA-8","ClinicalBERT","394","has a reference match",858,0.812,0.036,0.664,0.791,0.816,0.836,1,"394","diseases of mitral valve","diseases of mitral valve","65","heart valve disorders"
"8_9","ICD-9-CM to ICDA-8","ClinicalBERT","395","has a reference match",858,0.821,0.039,0.642,0.798,0.827,0.848,1,"395","diseases of aortic valve","diseases of aortic valve","65","heart valve disorders"
"8_9","ICD-9-CM to ICDA-8","ClinicalBERT","396","has a reference match",858,0.821,0.041,0.639,0.798,0.828,0.85,1,"396","diseases of mitral and aortic valves","diseases of mitral and aortic valves","65","heart valve disorders"
"8_9","ICD-9-CM to ICDA-8","ClinicalBERT","397","has a reference match",858,0.802,0.037,0.688,0.78,0.803,0.829,1,"397","diseases of other endocardial structures","diseases of other endocardial structures","65","heart valve disorders"
"8_9","ICD-9-CM to ICDA-8","ClinicalBERT","398","has a reference match",858,0.858,0.053,0.697,0.818,0.865,0.905,0.976,"717","other nonarticular rheumatism","other rheumatic heart disease","64","peri endo and myocarditis cardiomyopathy"
"8_9","ICD-9-CM to ICDA-8","ClinicalBERT","401","has a reference match",858,0.832,0.065,0.655,0.784,0.834,0.884,0.969,"401","essential benign hypertension","essential hypertension","66","hypertension"
"8_9","ICD-9-CM to ICDA-8","ClinicalBERT","402","has a reference match",858,0.828,0.07,0.65,0.774,0.835,0.884,1,"402","hypertensive heart disease","hypertensive heart disease","67","hypertension complications"
"8_9","ICD-9-CM to ICDA-8","ClinicalBERT","403","has a reference match",858,0.841,0.065,0.666,0.792,0.847,0.891,0.988,"404","hypertensive heart and renal disease","hypertensive chronic kidney disease","67","hypertension complications"
"8_9","ICD-9-CM to ICDA-8","ClinicalBERT","404","has a reference match",858,0.858,0.057,0.685,0.815,0.864,0.903,0.987,"404","hypertensive heart and renal disease","hypertensive heart and chronic kidney disease","67","hypertension complications"
"8_9","ICD-9-CM to ICDA-8","ClinicalBERT","405","no reference match",858,0.871,0.04,0.718,0.846,0.877,0.9,0.947,"414","asymptomatic ischemic heart disease","secondary hypertension","67","hypertension complications"
"8_9","ICD-9-CM to ICDA-8","ClinicalBERT","410","has a reference match",858,0.826,0.041,0.62,0.807,0.83,0.852,1,"410","acute myocardial infarction","acute myocardial infarction","68","acute myocardial infarction"
"8_9","ICD-9-CM to ICDA-8","ClinicalBERT","411","has a reference match",858,0.858,0.041,0.71,0.831,0.863,0.888,1,"411","other acute and subacute forms of ischemic heart disease","other acute and subacute forms of ischemic heart disease","69","coronary atherosclerosis and other heart disease"
"8_9","ICD-9-CM to ICDA-8","ClinicalBERT","412","has a reference match",858,0.861,0.035,0.673,0.84,0.865,0.885,0.941,"410","acute myocardial infarction","old myocardial infarction","69","coronary atherosclerosis and other heart disease"
"8_9","ICD-9-CM to ICDA-8","ClinicalBERT","413","has a reference match",858,0.842,0.063,0.668,0.792,0.846,0.893,1,"413","angina pectoris","angina pectoris","69","coronary atherosclerosis and other heart disease"
"8_9","ICD-9-CM to ICDA-8","ClinicalBERT","414","has a reference match",858,0.858,0.048,0.702,0.823,0.862,0.893,0.968,"714","other specified forms of arthritis","other forms of chronic ischemic heart disease","69","coronary atherosclerosis and other heart disease"
"8_9","ICD-9-CM to ICDA-8","ClinicalBERT","415","has a reference match",858,0.854,0.039,0.7,0.831,0.859,0.882,0.962,"422","acute myocarditis","acute pulmonary heart disease","70","pulmonary heart disease"
"8_9","ICD-9-CM to ICDA-8","ClinicalBERT","416","has a reference match",858,0.838,0.056,0.677,0.794,0.843,0.883,0.986,"412","chronic ischemic heart disease","chronic pulmonary heart disease","70","pulmonary heart disease"
"8_9","ICD-9-CM to ICDA-8","ClinicalBERT","417","no reference match",858,0.838,0.044,0.674,0.811,0.838,0.86,0.97,"458","other diseases of circulatory system","other diseases of pulmonary circulation","70","pulmonary heart disease"
"8_9","ICD-9-CM to ICDA-8","ClinicalBERT","423","has a reference match",858,0.842,0.041,0.672,0.819,0.845,0.868,0.954,"508","other diseases of upper respiratory tract","other diseases of pericardium","64","peri endo and myocarditis cardiomyopathy"
"8_9","ICD-9-CM to ICDA-8","ClinicalBERT","424","has a reference match",858,0.866,0.041,0.711,0.842,0.867,0.889,0.979,"625","other diseases of uterus","other diseases of endocardium","65","heart valve disorders"
"8_9","ICD-9-CM to ICDA-8","ClinicalBERT","425","has a reference match",858,0.867,0.052,0.715,0.83,0.873,0.907,1,"425","cardiomyopathy","cardiomyopathy","64","peri endo and myocarditis cardiomyopathy"
"8_9","ICD-9-CM to ICDA-8","ClinicalBERT","426","has a reference match",858,0.862,0.049,0.718,0.826,0.868,0.902,0.956,"425","cardiomyopathy","conduction disorders","71","conduction disorders"
"8_9","ICD-9-CM to ICDA-8","ClinicalBERT","427","has a reference match",858,0.862,0.041,0.697,0.835,0.869,0.894,0.953,"425","cardiomyopathy","cardiac dysrhythmias","72","cardiac dysrhythmias arrest chf and ventricular fibrillation"
"8_9","ICD-9-CM to ICDA-8","ClinicalBERT","428","has a reference match",858,0.848,0.041,0.704,0.819,0.852,0.879,0.948,"425","cardiomyopathy","heart failure","72","cardiac dysrhythmias arrest chf and ventricular fibrillation"
"8_9","ICD-9-CM to ICDA-8","ClinicalBERT","429","has a reference match",858,0.79,0.029,0.674,0.774,0.792,0.808,0.878,"429","illdefined heart disease","illdefined descriptions and complications of heart disease","73","other and illdefined heart disease"
"8_9","ICD-9-CM to ICDA-8","ClinicalBERT","430","has a reference match",858,0.861,0.037,0.685,0.838,0.864,0.886,1,"430","subarachnoid hemorrhage","subarachnoid hemorrhage","74","acute cerebrovascular disease"
"8_9","ICD-9-CM to ICDA-8","ClinicalBERT","431","has a reference match",858,0.853,0.036,0.676,0.832,0.856,0.879,0.968,"430","subarachnoid hemorrhage","intracerebral hemorrhage","74","acute cerebrovascular disease"
"8_9","ICD-9-CM to ICDA-8","ClinicalBERT","432","has a reference match",858,0.821,0.041,0.677,0.795,0.823,0.851,0.967,"853","other and unspecified intracranial hemorrhage following injury without mention of cerebral laceration or contusion","other and unspecified intracranial hemorrhage","74","acute cerebrovascular disease"
"8_9","ICD-9-CM to ICDA-8","ClinicalBERT","433","has a reference match",858,0.842,0.037,0.673,0.82,0.85,0.868,0.983,"432","occlusion of precerebral arteries","occlusion and stenosis of precerebral arteries","74","acute cerebrovascular disease"
"8_9","ICD-9-CM to ICDA-8","ClinicalBERT","434","has a reference match",858,0.85,0.035,0.712,0.83,0.857,0.874,0.992,"432","occlusion of precerebral arteries","occlusion of cerebral arteries","74","acute cerebrovascular disease"
"8_9","ICD-9-CM to ICDA-8","ClinicalBERT","435","has a reference match",858,0.846,0.038,0.692,0.822,0.849,0.873,1,"435","transient cerebral ischemia","transient cerebral ischemia","75","transient cerebral ischemia"
"8_9","ICD-9-CM to ICDA-8","ClinicalBERT","436","has a reference match",858,0.842,0.038,0.716,0.82,0.849,0.868,1,"436","acute but illdefined cerebrovascular disease","acute but illdefined cerebrovascular disease","74","acute cerebrovascular disease"
"8_9","ICD-9-CM to ICDA-8","ClinicalBERT","437","has a reference match",858,0.853,0.042,0.722,0.829,0.86,0.884,1,"438","other and illdefined cerebrovascular disease","other and illdefined cerebrovascular disease","76","other and illdefined cerebrovascular disease"
"8_9","ICD-9-CM to ICDA-8","ClinicalBERT","438","has a reference match",858,0.875,0.035,0.707,0.855,0.88,0.901,0.967,"44",NA,"late effects of cerebrovascular disease","76","other and illdefined cerebrovascular disease"
"8_9","ICD-9-CM to ICDA-8","ClinicalBERT","440","has a reference match",858,0.859,0.041,0.698,0.832,0.865,0.89,0.978,"440","arteriosclerosis","atherosclerosis","77","other circulatory disease"
"8_9","ICD-9-CM to ICDA-8","ClinicalBERT","441","has a reference match",858,0.829,0.044,0.617,0.803,0.834,0.86,0.931,"552","inguinal hernia with obstruction","aortic aneurysm and dissection","77","other circulatory disease"
"8_9","ICD-9-CM to ICDA-8","ClinicalBERT","442","has a reference match",858,0.816,0.038,0.671,0.793,0.819,0.841,1,"442","other aneurysm","other aneurysm","77","other circulatory disease"
"8_9","ICD-9-CM to ICDA-8","ClinicalBERT","443","has a reference match",858,0.845,0.056,0.695,0.804,0.85,0.89,1,"443","other peripheral vascular disease","other peripheral vascular disease","77","other circulatory disease"
"8_9","ICD-9-CM to ICDA-8","ClinicalBERT","444","has a reference match",858,0.855,0.046,0.622,0.831,0.862,0.886,1,"444","arterial embolism and thrombosis","arterial embolism and thrombosis","78","aortic and peripheral arterial embolism or thrombosis"
"8_9","ICD-9-CM to ICDA-8","ClinicalBERT","445","has a reference match",858,0.832,0.035,0.674,0.812,0.836,0.857,0.935,"444","arterial embolism and thrombosis","atheroembolism","78","aortic and peripheral arterial embolism or thrombosis"
"8_9","ICD-9-CM to ICDA-8","ClinicalBERT","446","has a reference match",858,0.885,0.042,0.705,0.86,0.892,0.916,1,"446","polyarteritis nodosa and allied conditions","polyarteritis nodosa and allied conditions","77","other circulatory disease"
"8_9","ICD-9-CM to ICDA-8","ClinicalBERT","447","has a reference match",858,0.869,0.038,0.706,0.849,0.873,0.892,0.993,"447","other diseases of arteries and arterioles","other disorders of arteries and arterioles","77","other circulatory disease"
"8_9","ICD-9-CM to ICDA-8","ClinicalBERT","448","has a reference match",858,0.836,0.048,0.648,0.806,0.841,0.872,0.982,"448","diseases of capillaries","disease of capillaries","77","other circulatory disease"
"8_9","ICD-9-CM to ICDA-8","ClinicalBERT","453","has a reference match",858,0.859,0.039,0.676,0.834,0.863,0.884,1,"453","other venous embolism and thrombosis","other venous embolism and thrombosis","79","phlebitis thrombophlebitis and thromboembolism"
"8_9","ICD-9-CM to ICDA-8","ClinicalBERT","456","has a reference match",858,0.828,0.052,0.625,0.795,0.838,0.869,1,"456","varicose veins of other sites","varicose veins of other sites","80","other diseases of veins and lymphatics"
"8_9","ICD-9-CM to ICDA-8","ClinicalBERT","457","has a reference match",858,0.854,0.045,0.664,0.824,0.862,0.888,0.972,"457","noninfective disease of lymphatic channels","noninfectious disorders of lymphatic channels","80","other diseases of veins and lymphatics"
"8_9","ICD-9-CM to ICDA-8","ClinicalBERT","459","has a reference match",858,0.859,0.044,0.678,0.834,0.863,0.887,0.981,"458","other diseases of circulatory system","other disorders of circulatory system","80","other diseases of veins and lymphatics"
"8_9","ICD-9-CM to ICDA-8","ClinicalBERT","472","has a reference match",858,0.879,0.041,0.702,0.855,0.884,0.907,1,"502","chronic pharyngitis and nasopharyngitis","chronic pharyngitis and nasopharyngitis","81","other upper respiratory disease"
"8_9","ICD-9-CM to ICDA-8","ClinicalBERT","473","has a reference match",858,0.845,0.068,0.662,0.794,0.85,0.902,1,"503","chronic sinusitis","chronic sinusitis","82","other upper respiratory infections"
"8_9","ICD-9-CM to ICDA-8","ClinicalBERT","474","has a reference match",858,0.876,0.044,0.691,0.848,0.884,0.911,0.969,"613","chronic salpingitis and oophoritis","chronic disease of tonsils and adenoids","83","acute and chronic tonsillitis"
"8_9","ICD-9-CM to ICDA-8","ClinicalBERT","476","has a reference match",858,0.875,0.044,0.698,0.846,0.882,0.907,0.986,"502","chronic pharyngitis and nasopharyngitis","chronic laryngitis and laryngotracheitis","81","other upper respiratory disease"
"8_9","ICD-9-CM to ICDA-8","ClinicalBERT","477","has a reference match",858,0.84,0.063,0.655,0.794,0.842,0.892,0.951,"4",NA,"allergic rhinitis","81","other upper respiratory disease"
"8_9","ICD-9-CM to ICDA-8","ClinicalBERT","478","has a reference match",858,0.856,0.044,0.664,0.831,0.859,0.883,1,"508","other diseases of upper respiratory tract","other diseases of upper respiratory tract","81","other upper respiratory disease"
"8_9","ICD-9-CM to ICDA-8","ClinicalBERT","491","has a reference match",858,0.849,0.064,0.667,0.801,0.854,0.902,1,"491","chronic bronchitis","chronic bronchitis","84","chronic obstructive pulmonary disease copd"
"8_9","ICD-9-CM to ICDA-8","ClinicalBERT","492","has a reference match",858,0.849,0.049,0.691,0.813,0.854,0.888,1,"492","emphysema","emphysema","84","chronic obstructive pulmonary disease copd"
"8_9","ICD-9-CM to ICDA-8","ClinicalBERT","493","has a reference match",858,0.824,0.071,0.637,0.77,0.824,0.879,1,"493","asthma","asthma","85","asthma"
"8_9","ICD-9-CM to ICDA-8","ClinicalBERT","494","has a reference match",858,0.875,0.041,0.72,0.849,0.881,0.907,1,"518","bronchiectasis","bronchiectasis","84","chronic obstructive pulmonary disease copd"
"8_9","ICD-9-CM to ICDA-8","ClinicalBERT","495","no reference match",858,0.861,0.039,0.7,0.839,0.864,0.889,0.936,"466","acute bronchitis and bronchiolitis","extrinsic allergic alveolitis","86","lung disease due to external agents"
"8_9","ICD-9-CM to ICDA-8","ClinicalBERT","496","no reference match",858,0.831,0.043,0.682,0.807,0.838,0.861,0.919,"76",NA,"chronic airway obstruction not elsewhere classified","84","chronic obstructive pulmonary disease copd"
"8_9","ICD-9-CM to ICDA-8","ClinicalBERT","500","has a reference match",858,0.865,0.036,0.706,0.848,0.868,0.889,0.943,"62",NA,"coal workers pneumoconiosis","86","lung disease due to external agents"
"8_9","ICD-9-CM to ICDA-8","ClinicalBERT","501","has a reference match",858,0.819,0.076,0.599,0.761,0.822,0.881,0.968,"493","asthma","asbestosis","86","lung disease due to external agents"
"8_9","ICD-9-CM to ICDA-8","ClinicalBERT","502","has a reference match",858,0.843,0.035,0.72,0.821,0.847,0.867,0.992,"515","pneumoconiosis due to silica and silicates","pneumoconiosis due to other silica or silicates","86","lung disease due to external agents"
"8_9","ICD-9-CM to ICDA-8","ClinicalBERT","503","has a reference match",858,0.826,0.038,0.677,0.802,0.828,0.851,0.96,"515","pneumoconiosis due to silica and silicates","pneumoconiosis due to other inorganic dust","86","lung disease due to external agents"
"8_9","ICD-9-CM to ICDA-8","ClinicalBERT","504","has a reference match",858,0.845,0.037,0.708,0.822,0.848,0.871,0.955,"515","pneumoconiosis due to silica and silicates","pneumonopathy due to inhalation of other dust","86","lung disease due to external agents"
"8_9","ICD-9-CM to ICDA-8","ClinicalBERT","505","has a reference match",858,0.812,0.045,0.664,0.786,0.815,0.843,0.965,"485","bronchopneumonia unspecified","pneumoconiosis unspecified","86","lung disease due to external agents"
"8_9","ICD-9-CM to ICDA-8","ClinicalBERT","506","has a reference match",858,0.8,0.057,0.556,0.768,0.808,0.841,0.931,"984","toxic effect of lead and its compounds including fumes","respiratory conditions due to chemical fumes and vapors","86","lung disease due to external agents"
"8_9","ICD-9-CM to ICDA-8","ClinicalBERT","508","no reference match",858,0.828,0.052,0.614,0.798,0.836,0.866,0.923,"231","neoplasm of unspecified nature of respiratory organs","respiratory conditions due to other and unspecified external agents","86","lung disease due to external agents"
"8_9","ICD-9-CM to ICDA-8","ClinicalBERT","512","has a reference match",858,0.813,0.038,0.676,0.787,0.812,0.84,0.93,"860","traumatic pneumothorax and hemothorax","pneumothorax and air leak","87","other lower respiratory disease"
"8_9","ICD-9-CM to ICDA-8","ClinicalBERT","514","has a reference match",858,0.783,0.033,0.668,0.76,0.785,0.805,1,"514","pulmonary congestion and hypostasis","pulmonary congestion and hypostasis","87","other lower respiratory disease"
"8_9","ICD-9-CM to ICDA-8","ClinicalBERT","515","no reference match",858,0.866,0.042,0.698,0.838,0.87,0.899,0.942,"716","polymyositis and dermatomyositis","postinflammatory pulmonary fibrosis","87","other lower respiratory disease"
"8_9","ICD-9-CM to ICDA-8","ClinicalBERT","516","no reference match",858,0.874,0.039,0.719,0.851,0.88,0.903,0.958,"517","other chronic interstitial pneumonia","other alveolar and parietoalveolar pneumonopathy","87","other lower respiratory disease"
"8_9","ICD-9-CM to ICDA-8","ClinicalBERT","517","no reference match",858,0.806,0.056,0.587,0.775,0.814,0.85,0.917,"237","neoplasm of unspecified nature of other genitourinary organs","lung involvement in conditions classified elsewhere","87","other lower respiratory disease"
"8_9","ICD-9-CM to ICDA-8","ClinicalBERT","518","has a reference match",858,0.851,0.046,0.685,0.823,0.853,0.878,0.987,"573","other diseases of liver","other diseases of lung","88","respiratory failure pulmonary collapse"
"8_9","ICD-9-CM to ICDA-8","ClinicalBERT","523","has a reference match",858,0.884,0.043,0.72,0.855,0.893,0.918,0.975,"523","periodontal diseases","gingival and periodontal diseases","89","disorders of teeth and jaw"
"8_9","ICD-9-CM to ICDA-8","ClinicalBERT","525","has a reference match",858,0.747,0.058,0.526,0.71,0.76,0.791,1,"525","other diseases and conditions of the teeth and supporting structures","other diseases and conditions of the teeth and supporting structures","89","disorders of teeth and jaw"
"8_9","ICD-9-CM to ICDA-8","ClinicalBERT","530","has a reference match",858,0.853,0.041,0.706,0.825,0.858,0.882,0.995,"530","diseases of esophagus","diseases of oesophagus","90","esophageal disorders"
"8_9","ICD-9-CM to ICDA-8","ClinicalBERT","531","has a reference match",858,0.846,0.053,0.683,0.806,0.852,0.887,0.971,"534","gastrojejunal ulcer","gastric ulcer","91","gasduo ulcer without hemorrhage"
"8_9","ICD-9-CM to ICDA-8","ClinicalBERT","532","has a reference match",858,0.865,0.038,0.727,0.843,0.869,0.892,0.974,"534","gastrojejunal ulcer","duodenal ulcer","91","gasduo ulcer without hemorrhage"
"8_9","ICD-9-CM to ICDA-8","ClinicalBERT","533","has a reference match",858,0.813,0.034,0.663,0.796,0.816,0.834,1,"533","peptic ulcer site unspecified","peptic ulcer site unspecified","91","gasduo ulcer without hemorrhage"
"8_9","ICD-9-CM to ICDA-8","ClinicalBERT","534","has a reference match",858,0.858,0.04,0.708,0.832,0.862,0.888,1,"534","gastrojejunal ulcer","gastrojejunal ulcer","91","gasduo ulcer without hemorrhage"
"8_9","ICD-9-CM to ICDA-8","ClinicalBERT","535","has a reference match",858,0.878,0.038,0.712,0.855,0.882,0.905,1,"535","gastritis and duodenitis","gastritis and duodenitis","92","gastritis and duodenitis"
"8_9","ICD-9-CM to ICDA-8","ClinicalBERT","537","has a reference match",858,0.861,0.043,0.674,0.838,0.863,0.889,1,"537","other diseases of stomach and duodenum","other diseases of stomach and duodenum","93","other disorders of stomach and duodenum"
"8_9","ICD-9-CM to ICDA-8","ClinicalBERT","555","no reference match",858,0.855,0.042,0.708,0.832,0.862,0.888,0.927,"518","bronchiectasis","regional enteritis","94","regional enteritis and ulcerative colitis"
"8_9","ICD-9-CM to ICDA-8","ClinicalBERT","556","has a reference match",858,0.872,0.049,0.691,0.84,0.878,0.91,0.966,"563","chronic enteritis and ulcerative colitis","ulcerative colitis","94","regional enteritis and ulcerative colitis"
"8_9","ICD-9-CM to ICDA-8","ClinicalBERT","557","no reference match",858,0.869,0.041,0.664,0.849,0.878,0.897,0.943,"562","diverticula of intestine","vascular insufficiency of intestine","77","other circulatory disease"
"8_9","ICD-9-CM to ICDA-8","ClinicalBERT","558","has a reference match",858,0.857,0.04,0.707,0.835,0.859,0.886,0.967,"136","other and unspecified infective and parasitic diseases","other and unspecified noninfectious gastroenteritis and colitis","95","noninfectious gastroenteritis"
"8_9","ICD-9-CM to ICDA-8","ClinicalBERT","562","has a reference match",858,0.878,0.036,0.706,0.857,0.882,0.904,1,"562","diverticula of intestine","diverticula of intestine","96","diverticulosis and diverticulitis"
"8_9","ICD-9-CM to ICDA-8","ClinicalBERT","564","has a reference match",858,0.84,0.044,0.7,0.813,0.85,0.873,0.924,"437","generalized ischemic cerebrovascular disease","functional digestive disorders not elsewhere classified","97","other gastrointestinal disorders"
"8_9","ICD-9-CM to ICDA-8","ClinicalBERT","571","has a reference match",858,0.854,0.042,0.662,0.83,0.858,0.883,0.962,"563","chronic enteritis and ulcerative colitis","chronic liver disease and cirrhosis","98","hepatitis and other liver diseases"
"8_9","ICD-9-CM to ICDA-8","ClinicalBERT","572","has a reference match",858,0.851,0.042,0.653,0.828,0.857,0.88,0.952,"572","suppurative hepatitis and liver abscess","liver abscess and sequelae of chronic liver disease","98","hepatitis and other liver diseases"
"8_9","ICD-9-CM to ICDA-8","ClinicalBERT","573","has a reference match",858,0.854,0.046,0.69,0.825,0.856,0.879,1,"573","other diseases of liver","other diseases of liver","98","hepatitis and other liver diseases"
"8_9","ICD-9-CM to ICDA-8","ClinicalBERT","575","has a reference match",858,0.873,0.041,0.724,0.848,0.877,0.898,0.974,"576","other diseases of gallbladder and biliary ducts","other disorders of gallbladder","99","biliary tract disease"
"8_9","ICD-9-CM to ICDA-8","ClinicalBERT","576","no reference match",858,0.861,0.043,0.665,0.835,0.867,0.889,0.976,"508","other diseases of upper respiratory tract","other disorders of biliary tract","99","biliary tract disease"
"8_9","ICD-9-CM to ICDA-8","ClinicalBERT","577","has a reference match",858,0.869,0.037,0.717,0.847,0.873,0.896,1,"577","diseases of pancreas","diseases of pancreas","100","pancreatic disorders excluding diabetes"
"8_9","ICD-9-CM to ICDA-8","ClinicalBERT","579","has a reference match",858,0.859,0.035,0.715,0.836,0.862,0.884,0.934,"562","diverticula of intestine","intestinal malabsorption","97","other gastrointestinal disorders"
"8_9","ICD-9-CM to ICDA-8","ClinicalBERT","581","has a reference match",858,0.863,0.048,0.706,0.83,0.87,0.901,1,"581","nephrotic syndrome","nephrotic syndrome","101","chronic kideny disease and related conditions"
"8_9","ICD-9-CM to ICDA-8","ClinicalBERT","582","has a reference match",858,0.846,0.064,0.669,0.798,0.853,0.896,0.987,"582","chronic nephritis","chronic glomerulonephritis","101","chronic kideny disease and related conditions"
"8_9","ICD-9-CM to ICDA-8","ClinicalBERT","583","has a reference match",858,0.858,0.036,0.723,0.838,0.862,0.884,0.928,"712","rheumatoid arthritis and allied conditions","nephritis and nephropathy not specified as acute or chronic","101","chronic kideny disease and related conditions"
"8_9","ICD-9-CM to ICDA-8","ClinicalBERT","585","no reference match",858,0.844,0.06,0.689,0.798,0.851,0.893,0.981,"582","chronic nephritis","chronic kidney disease","101","chronic kideny disease and related conditions"
"8_9","ICD-9-CM to ICDA-8","ClinicalBERT","586","no reference match",858,0.837,0.035,0.689,0.816,0.841,0.862,0.927,"65",NA,"renal failure unspecified","101","chronic kideny disease and related conditions"
"8_9","ICD-9-CM to ICDA-8","ClinicalBERT","587","has a reference match",858,0.824,0.049,0.682,0.792,0.833,0.862,0.949,"718","rheumatism unspecified","renal sclerosis unspecified","101","chronic kideny disease and related conditions"
"8_9","ICD-9-CM to ICDA-8","ClinicalBERT","588","no reference match",858,0.818,0.033,0.691,0.797,0.819,0.841,0.911,"324","late effects of intracranial abscess or pyogenic infection","disorders resulting from impaired renal function","102","other diseases of kidney and ureters"
"8_9","ICD-9-CM to ICDA-8","ClinicalBERT","590","has a reference match",858,0.852,0.036,0.676,0.832,0.855,0.876,1,"590","infections of kidney","infections of kidney","103","urinary tract infections"
"8_9","ICD-9-CM to ICDA-8","ClinicalBERT","595","has a reference match",858,0.812,0.079,0.604,0.752,0.815,0.875,1,"595","cystitis","cystitis","103","urinary tract infections"
"8_9","ICD-9-CM to ICDA-8","ClinicalBERT","596","has a reference match",858,0.874,0.04,0.71,0.849,0.88,0.9,0.977,"596","other diseases of bladder","other disorders of bladder","104","other diseases of bladder and urethra"
"8_9","ICD-9-CM to ICDA-8","ClinicalBERT","599","has a reference match",858,0.857,0.051,0.623,0.828,0.866,0.894,0.979,"569","other diseases of intestines and peritoneum","other disorders of urethra and urinary tract","104","other diseases of bladder and urethra"
"8_9","ICD-9-CM to ICDA-8","ClinicalBERT","600","has a reference match",858,0.845,0.054,0.656,0.804,0.854,0.891,1,"600","hyperplasia of prostate","hyperplasia of prostate","105","hyperplasia of prostate"
"8_9","ICD-9-CM to ICDA-8","ClinicalBERT","601","has a reference match",858,0.864,0.045,0.69,0.836,0.872,0.897,0.958,"369","other inflammatory diseases of eye","inflammatory diseases of prostate","106","other male genital disorders"
"8_9","ICD-9-CM to ICDA-8","ClinicalBERT","607","has a reference match",858,0.86,0.035,0.704,0.84,0.864,0.883,0.943,"255","diseases of adrenal glands","disorders of penis","106","other male genital disorders"
"8_9","ICD-9-CM to ICDA-8","ClinicalBERT","610","has a reference match",858,0.871,0.043,0.698,0.842,0.879,0.904,0.944,"500","hypertrophy of tonsils and adenoids","benign mammary dysplasias","107","nonmalignant breast conditions"
"8_9","ICD-9-CM to ICDA-8","ClinicalBERT","614","has a reference match",858,0.86,0.048,0.664,0.831,0.865,0.894,0.948,"367","inflammation of optic nerve and retina","inflammatory disease of ovary fallopian tube pelvic cellular tissue and peritoneum","108","other female genital disorders"
"8_9","ICD-9-CM to ICDA-8","ClinicalBERT","615","no reference match",858,0.866,0.046,0.67,0.84,0.871,0.899,0.964,"622","infective diseases of uterus except cervix vagina and vulva","inflammatory diseases of uterus except cervix","108","other female genital disorders"
"8_9","ICD-9-CM to ICDA-8","ClinicalBERT","617","no reference match",858,0.856,0.06,0.69,0.811,0.863,0.904,0.967,"133","acariasis","endometriosis","108","other female genital disorders"
"8_9","ICD-9-CM to ICDA-8","ClinicalBERT","618","has a reference match",858,0.857,0.045,0.708,0.827,0.863,0.892,0.955,"623","uterovaginal prolapse","genital prolapse","110","prolapse of female genital organs"
"8_9","ICD-9-CM to ICDA-8","ClinicalBERT","619","no reference match",858,0.838,0.058,0.589,0.803,0.845,0.883,0.936,"939","foreign body in genitourinary tract","fistula involving female genital tract","108","other female genital disorders"
"8_9","ICD-9-CM to ICDA-8","ClinicalBERT","621","has a reference match",858,0.836,0.04,0.687,0.816,0.844,0.862,0.925,"583","nephritis unqualified","disorders of uterus not elsewhere classified","108","other female genital disorders"
"8_9","ICD-9-CM to ICDA-8","ClinicalBERT","625","no reference match",858,0.801,0.059,0.568,0.766,0.809,0.847,0.913,"784","symptoms referable to upper gastrointestinal tract","pain and other symptoms associated with female genital organs","108","other female genital disorders"
"8_9","ICD-9-CM to ICDA-8","ClinicalBERT","626","has a reference match",858,0.827,0.059,0.585,0.795,0.837,0.874,0.941,"635","urinary infections arising during pregnancy and the puerperium","disorders of menstruation and other abnormal bleeding from female genital tract","109","menstrual disorders"
"8_9","ICD-9-CM to ICDA-8","ClinicalBERT","627","has a reference match",858,0.861,0.04,0.694,0.834,0.869,0.891,0.963,"627","menopausal symptoms","menopausal and postmenopausal disorders","111","menopausal disorders"
"8_9","ICD-9-CM to ICDA-8","ClinicalBERT","628","has a reference match",858,0.844,0.041,0.663,0.818,0.852,0.877,0.918,"638","hyperemesis gravidarum","female infertility","112","female infertility"
"8_9","ICD-9-CM to ICDA-8","ClinicalBERT","629","has a reference match",858,0.847,0.046,0.653,0.82,0.851,0.877,0.977,"629","other diseases of female genital organs","other disorders of female genital organs","108","other female genital disorders"
"8_9","ICD-9-CM to ICDA-8","ClinicalBERT","691","has a reference match",858,0.856,0.046,0.64,0.83,0.864,0.889,0.96,"691","infantile eczema and related conditions","atopic dermatitis and related conditions","113","allergic reactions"
"8_9","ICD-9-CM to ICDA-8","ClinicalBERT","694","has a reference match",858,0.855,0.036,0.681,0.837,0.861,0.88,0.943,"692","other eczema and dermatitis","bullous dermatoses","114","other inflammatory condition of skin"
"8_9","ICD-9-CM to ICDA-8","ClinicalBERT","695","has a reference match",858,0.756,0.038,0.644,0.73,0.758,0.783,1,"695","erythematous conditions","erythematous conditions","114","other inflammatory condition of skin"
"8_9","ICD-9-CM to ICDA-8","ClinicalBERT","696","has a reference match",858,0.868,0.04,0.683,0.849,0.875,0.895,1,"696","psoriasis and similar disorders","psoriasis and similar disorders","114","other inflammatory condition of skin"
"8_9","ICD-9-CM to ICDA-8","ClinicalBERT","701","has a reference match",858,0.832,0.053,0.624,0.8,0.842,0.873,1,"701","other hypertrophic and atrophic conditions of skin","other hypertrophic and atrophic conditions of skin","115","other skin disorders"
"8_9","ICD-9-CM to ICDA-8","ClinicalBERT","705","has a reference match",858,0.835,0.055,0.679,0.795,0.841,0.878,1,"705","diseases of sweat glands","diseases of sweat glands","115","other skin disorders"
"8_9","ICD-9-CM to ICDA-8","ClinicalBERT","707","has a reference match",858,0.859,0.036,0.693,0.838,0.867,0.884,1,"707","chronic ulcer of skin","chronic ulcer of skin","116","chronic ulcer of skin"
"8_9","ICD-9-CM to ICDA-8","ClinicalBERT","710","has a reference match",858,0.854,0.037,0.698,0.835,0.858,0.879,1,"734","diffuse diseases of connective tissue","diffuse diseases of connective tissue","117","systemic lupus erythematosus and connective tissue disorders"
"8_9","ICD-9-CM to ICDA-8","ClinicalBERT","712","no reference match",858,0.861,0.052,0.689,0.823,0.869,0.902,0.959,"126","ancylostomiasis","crystal arthropathies","37","gout and other crystal arthropathies"
"8_9","ICD-9-CM to ICDA-8","ClinicalBERT","713","no reference match",858,0.827,0.049,0.609,0.803,0.834,0.862,0.918,"292","psychosis associated with intracranial infection","arthropathy associated with other disorders classified elsewhere","118","joint disorders"
"8_9","ICD-9-CM to ICDA-8","ClinicalBERT","714","has a reference match",858,0.87,0.043,0.673,0.847,0.877,0.9,0.97,"712","rheumatoid arthritis and allied conditions","rheumatoid arthritis and other inflammatory polyarthropathies","119","rheumatoid arthritis and related disease"
"8_9","ICD-9-CM to ICDA-8","ClinicalBERT","715","has a reference match",858,0.869,0.053,0.694,0.83,0.877,0.91,0.978,"720","osteomyelitis and periostitis","osteoarthrosis and allied disorders","120","osteoarthritis"
"8_9","ICD-9-CM to ICDA-8","ClinicalBERT","716","has a reference match",858,0.868,0.036,0.708,0.848,0.872,0.892,0.964,"285","other and unspecified anemias","other and unspecified arthropathies","118","joint disorders"
"8_9","ICD-9-CM to ICDA-8","ClinicalBERT","717","has a reference match",858,0.85,0.045,0.663,0.822,0.852,0.883,0.979,"724","internal derangement of joint","internal derangement of knee","118","joint disorders"
"8_9","ICD-9-CM to ICDA-8","ClinicalBERT","718","has a reference match",858,0.869,0.032,0.72,0.852,0.874,0.891,0.947,"366","other inflammation of uveal tract","other derangement of joint","118","joint disorders"
"8_9","ICD-9-CM to ICDA-8","ClinicalBERT","719","has a reference match",858,0.851,0.046,0.678,0.824,0.857,0.885,0.959,"355","other and unspecified forms of neuralgia and neuritis","other and unspecified disorders of joint","118","joint disorders"
"8_9","ICD-9-CM to ICDA-8","ClinicalBERT","720","no reference match",858,0.872,0.041,0.679,0.851,0.879,0.902,0.956,"354","polyneuritis and polyradiculitis","ankylosing spondylitis and other inflammatory spondylopathies","121","spondylosis intervertebral disc disorders other back problems"
"8_9","ICD-9-CM to ICDA-8","ClinicalBERT","721","no reference match",858,0.872,0.041,0.708,0.846,0.879,0.904,0.964,"446","polyarteritis nodosa and allied conditions","spondylosis and allied disorders","121","spondylosis intervertebral disc disorders other back problems"
"8_9","ICD-9-CM to ICDA-8","ClinicalBERT","722","has a reference match",858,0.872,0.037,0.715,0.85,0.877,0.899,0.949,"430","subarachnoid hemorrhage","intervertebral disc disorders","121","spondylosis intervertebral disc disorders other back problems"
"8_9","ICD-9-CM to ICDA-8","ClinicalBERT","730","has a reference match",858,0.871,0.042,0.671,0.847,0.88,0.899,0.963,"732","infective myositis and other inflammatory diseases of tendon and fascia","osteomyelitis periostitis and other infections involving bone","122","infective arthritis and osteomyelitis"
"8_9","ICD-9-CM to ICDA-8","ClinicalBERT","731","has a reference match",858,0.79,0.058,0.562,0.76,0.799,0.83,0.902,"732","infective myositis and other inflammatory diseases of tendon and fascia","osteitis deformans and osteopathies associated with other disorders classified elsewhere","123","osteoporosis and other bone disease"
"8_9","ICD-9-CM to ICDA-8","ClinicalBERT","732","has a reference match",858,0.854,0.062,0.679,0.806,0.862,0.903,0.98,"722","osteochondrosis","osteochondropathies","123","osteoporosis and other bone disease"
"8_9","ICD-9-CM to ICDA-8","ClinicalBERT","733","has a reference match",858,0.869,0.04,0.703,0.848,0.875,0.895,0.97,"377","other diseases of retina and optic nerve","other disorders of bone and cartilage","123","osteoporosis and other bone disease"
"8_9","ICD-9-CM to ICDA-8","ClinicalBERT","735","has a reference match",858,0.821,0.05,0.663,0.787,0.825,0.858,0.924,"915","superficial injury of fingers","acquired deformities of toe","124","acquired foot deformities"
"8_9","ICD-9-CM to ICDA-8","ClinicalBERT","737","has a reference match",858,0.782,0.053,0.615,0.747,0.784,0.825,1,"735","curvature of spine","curvature of spine","125","other acquired deformities"
"8_9","ICD-9-CM to ICDA-8","ClinicalBERT","740","has a reference match",858,0.853,0.033,0.711,0.834,0.857,0.877,0.925,"737","hallux valgus and varus","anencephalus and similar anomalies","126","nervous system congenital anomalies"
"8_9","ICD-9-CM to ICDA-8","ClinicalBERT","741","has a reference match",858,0.801,0.057,0.61,0.762,0.806,0.844,1,"741","spina bifida","spina bifida","126","nervous system congenital anomalies"
"8_9","ICD-9-CM to ICDA-8","ClinicalBERT","742","has a reference match",858,0.83,0.045,0.684,0.798,0.834,0.859,1,"743","other congenital anomalies of nervous system","other congenital anomalies of nervous system","126","nervous system congenital anomalies"
"8_9","ICD-9-CM to ICDA-8","ClinicalBERT","743","has a reference match",858,0.837,0.037,0.693,0.816,0.84,0.86,1,"744","congenital anomalies of eye","congenital anomalies of eye","127","other congenital anomalies"
"8_9","ICD-9-CM to ICDA-8","ClinicalBERT","744","has a reference match",858,0.835,0.043,0.666,0.813,0.838,0.861,1,"745","congenital anomalies of ear face and neck","congenital anomalies of ear face and neck","127","other congenital anomalies"
"8_9","ICD-9-CM to ICDA-8","ClinicalBERT","745","no reference match",858,0.835,0.05,0.641,0.806,0.845,0.874,0.924,"524","dentofacial anomalies including malocclusion","bulbus cordis anomalies and anomalies of cardiac septal closure","128","cardiac and circulatory congenital anomalies"
"8_9","ICD-9-CM to ICDA-8","ClinicalBERT","746","has a reference match",858,0.833,0.04,0.695,0.807,0.835,0.856,0.977,"747","other congenital anomalies of circulatory system","other congenital anomalies of heart","128","cardiac and circulatory congenital anomalies"
"8_9","ICD-9-CM to ICDA-8","ClinicalBERT","747","has a reference match",858,0.843,0.041,0.702,0.818,0.845,0.867,1,"747","other congenital anomalies of circulatory system","other congenital anomalies of circulatory system","128","cardiac and circulatory congenital anomalies"
"8_9","ICD-9-CM to ICDA-8","ClinicalBERT","748","has a reference match",858,0.839,0.041,0.7,0.812,0.843,0.866,1,"748","congenital anomalies of respiratory system","congenital anomalies of respiratory system","127","other congenital anomalies"
"8_9","ICD-9-CM to ICDA-8","ClinicalBERT","749","has a reference match",858,0.857,0.035,0.714,0.836,0.861,0.881,1,"749","cleft palate and cleft lip","cleft palate and cleft lip","127","other congenital anomalies"
"8_9","ICD-9-CM to ICDA-8","ClinicalBERT","750","has a reference match",858,0.853,0.043,0.67,0.831,0.859,0.881,1,"750","other congenital anomalies of upper alimentary tract","other congenital anomalies of upper alimentary tract","129","digestive congenital anomalies"
"8_9","ICD-9-CM to ICDA-8","ClinicalBERT","751","has a reference match",858,0.848,0.042,0.71,0.819,0.851,0.875,1,"751","other congenital anomalies of digestive system","other congenital anomalies of digestive system","129","digestive congenital anomalies"
"8_9","ICD-9-CM to ICDA-8","ClinicalBERT","752","has a reference match",858,0.83,0.043,0.661,0.807,0.834,0.857,1,"752","congenital anomalies of genital organs","congenital anomalies of genital organs","130","genitourinary congenital anomalies"
"8_9","ICD-9-CM to ICDA-8","ClinicalBERT","753","has a reference match",858,0.845,0.042,0.69,0.82,0.849,0.874,1,"753","congenital anomalies of urinary system","congenital anomalies of urinary system","130","genitourinary congenital anomalies"
"8_9","ICD-9-CM to ICDA-8","ClinicalBERT","754","has a reference match",858,0.824,0.04,0.666,0.798,0.827,0.851,0.941,"756","other congenital anomalies of musculoskeletal system","certain congenital musculoskeletal deformities","127","other congenital anomalies"
"8_9","ICD-9-CM to ICDA-8","ClinicalBERT","755","has a reference match",858,0.83,0.041,0.677,0.807,0.832,0.855,1,"755","other congenital anomalies of limbs","other congenital anomalies of limbs","127","other congenital anomalies"
"8_9","ICD-9-CM to ICDA-8","ClinicalBERT","756","has a reference match",858,0.836,0.046,0.688,0.803,0.838,0.87,0.977,"756","other congenital anomalies of musculoskeletal system","other congenital musculoskeletal anomalies","127","other congenital anomalies"
"8_9","ICD-9-CM to ICDA-8","ClinicalBERT","757","has a reference match",858,0.811,0.053,0.613,0.783,0.819,0.847,0.954,"745","congenital anomalies of ear face and neck","congenital anomalies of the integument","127","other congenital anomalies"
"8_9","ICD-9-CM to ICDA-8","ClinicalBERT","758","has a reference match",858,0.85,0.041,0.708,0.823,0.86,0.883,0.926,"455","hemorrhoids","chromosomal anomalies","127","other congenital anomalies"
"8_9","ICD-9-CM to ICDA-8","ClinicalBERT","759","has a reference match",858,0.823,0.038,0.666,0.803,0.828,0.844,1,"758","other and unspecified congenital anomalies","other and unspecified congenital anomalies","127","other congenital anomalies"
"8_9","ICD-9-CM to ICDA-8","SapBERT","140","has a reference match",858,0.217,0.093,-0.007,0.162,0.203,0.251,1,"140","malignant neoplasm of lip","malignant neoplasm of lip","1","cancer of head and neck"
"8_9","ICD-9-CM to ICDA-8","SapBERT","141","has a reference match",858,0.181,0.103,-0.001,0.117,0.164,0.224,1,"141","malignant neoplasm of tongue","malignant neoplasm of tongue","1","cancer of head and neck"
"8_9","ICD-9-CM to ICDA-8","SapBERT","142","has a reference match",858,0.187,0.09,0.013,0.127,0.178,0.231,0.84,"142","malignant neoplasm of salivary gland","malignant neoplasm of major salivary glands","1","cancer of head and neck"
"8_9","ICD-9-CM to ICDA-8","SapBERT","143","has a reference match",858,0.198,0.099,-0.07,0.137,0.189,0.238,1,"143","malignant neoplasm of gum","malignant neoplasm of gum","1","cancer of head and neck"
"8_9","ICD-9-CM to ICDA-8","SapBERT","144","has a reference match",858,0.159,0.094,-0.016,0.103,0.147,0.191,1,"144","malignant neoplasm of floor of mouth","malignant neoplasm of floor of mouth","1","cancer of head and neck"
"8_9","ICD-9-CM to ICDA-8","SapBERT","145","has a reference match",858,0.221,0.127,-0.022,0.127,0.192,0.303,1,"145","malignant neoplasm of other and unspecified parts of mouth","malignant neoplasm of other and unspecified parts of mouth","1","cancer of head and neck"
"8_9","ICD-9-CM to ICDA-8","SapBERT","146","has a reference match",858,0.183,0.1,-0.051,0.125,0.169,0.221,1,"146","malignant neoplasm of oropharynx","malignant neoplasm of oropharynx","1","cancer of head and neck"
"8_9","ICD-9-CM to ICDA-8","SapBERT","147","has a reference match",858,0.174,0.096,-0.019,0.116,0.165,0.216,1,"147","malignant neoplasm of nasopharynx","malignant neoplasm of nasopharynx","1","cancer of head and neck"
"8_9","ICD-9-CM to ICDA-8","SapBERT","148","has a reference match",858,0.179,0.097,-0.012,0.122,0.166,0.217,1,"148","malignant neoplasm of hypopharynx","malignant neoplasm of hypopharynx","1","cancer of head and neck"
"8_9","ICD-9-CM to ICDA-8","SapBERT","149","has a reference match",858,0.247,0.111,-0.002,0.16,0.233,0.325,0.693,"145","malignant neoplasm of other and unspecified parts of mouth","malignant neoplasm of other and illdefined sites within the lip oral cavity and pharynx","1","cancer of head and neck"
"8_9","ICD-9-CM to ICDA-8","SapBERT","150","has a reference match",858,0.184,0.1,-0.068,0.127,0.174,0.221,1,"150","malignant neoplasm of esophagus","malignant neoplasm of esophagus","2","cancer of esophagus"
"8_9","ICD-9-CM to ICDA-8","SapBERT","151","has a reference match",858,0.22,0.103,-0.027,0.159,0.205,0.262,1,"151","malignant neoplasm of stomach","malignant neoplasm of stomach","3","cancer of stomach"
"8_9","ICD-9-CM to ICDA-8","SapBERT","152","has a reference match",858,0.207,0.094,-0.032,0.147,0.197,0.253,1,"152","malignant neoplasm of small intestine including duodenum","malignant neoplasm of small intestine including duodenum","4","cancer of other gi organs peritoneum"
"8_9","ICD-9-CM to ICDA-8","SapBERT","153","has a reference match",858,0.188,0.095,-0.008,0.131,0.175,0.222,0.708,"153","malignant neoplasm of large intestine except rectum","malignant neoplasm of colon","5","colon cancer"
"8_9","ICD-9-CM to ICDA-8","SapBERT","154","has a reference match",858,0.182,0.085,-0.056,0.133,0.176,0.218,0.941,"154","malignant neoplasm of rectum and rectosigmoid junction","malignant neoplasm of rectum rectosigmoid junction and anus","6","cancer of rectum and anus"
"8_9","ICD-9-CM to ICDA-8","SapBERT","155","has a reference match",858,0.213,0.092,-0.099,0.157,0.204,0.257,0.825,"156","malignant neoplasm of gallbladder and bile ducts","malignant neoplasm of liver and intrahepatic bile ducts","7","cancer of liver and intrahepatic bile duct"
"8_9","ICD-9-CM to ICDA-8","SapBERT","156","has a reference match",858,0.225,0.09,-0.054,0.173,0.218,0.27,0.927,"156","malignant neoplasm of gallbladder and bile ducts","malignant neoplasm of gallbladder and extrahepatic bile ducts","4","cancer of other gi organs peritoneum"
"8_9","ICD-9-CM to ICDA-8","SapBERT","157","has a reference match",858,0.199,0.1,-0.052,0.141,0.187,0.233,1,"157","malignant neoplasm of pancreas","malignant neoplasm of pancreas","8","pancreas cancer"
"8_9","ICD-9-CM to ICDA-8","SapBERT","158","has a reference match",858,0.187,0.094,-0.084,0.132,0.177,0.228,0.964,"158","malignant neoplasm of peritoneum and retroperitoneal tissue","malignant neoplasm of retroperitoneum and peritoneum","4","cancer of other gi organs peritoneum"
"8_9","ICD-9-CM to ICDA-8","SapBERT","159","has a reference match",858,0.251,0.134,-0.086,0.152,0.223,0.341,0.725,"159","malignant neoplasm of unspecified digestive organs","malignant neoplasm of other and illdefined sites within the digestive organs and peritoneum","4","cancer of other gi organs peritoneum"
"8_9","ICD-9-CM to ICDA-8","SapBERT","160","has a reference match",858,0.195,0.091,-0.03,0.138,0.188,0.241,0.989,"160","malignant neoplasm of nose nasal cavities middle ear and accessory sinuses","malignant neoplasm of nasal cavities middle ear and accessory sinuses","1","cancer of head and neck"
"8_9","ICD-9-CM to ICDA-8","SapBERT","161","has a reference match",858,0.187,0.1,-0.028,0.129,0.171,0.222,1,"161","malignant neoplasm of larynx","malignant neoplasm of larynx","1","cancer of head and neck"
"8_9","ICD-9-CM to ICDA-8","SapBERT","162","has a reference match",858,0.194,0.097,-0.088,0.13,0.175,0.232,1,"162","malignant neoplasm of trachea bronchus and lung","malignant neoplasm of trachea bronchus and lung","9","lung and other respiratory cancer"
"8_9","ICD-9-CM to ICDA-8","SapBERT","163","has a reference match",858,0.176,0.096,-0.109,0.116,0.173,0.227,0.623,"511","pleurisy","malignant neoplasm of pleura","9","lung and other respiratory cancer"
"8_9","ICD-9-CM to ICDA-8","SapBERT","164","no reference match",858,0.206,0.087,-0.052,0.149,0.198,0.257,0.624,"162","malignant neoplasm of trachea bronchus and lung","malignant neoplasm of thymus heart and mediastinum","10","other cancers"
"8_9","ICD-9-CM to ICDA-8","SapBERT","165","no reference match",858,0.245,0.128,-0.025,0.149,0.228,0.334,0.823,"163","malignant neoplasm of other and unspecified respiratory organs","malignant neoplasm of other and illdefined sites within the respiratory system and intrathoracic organs","9","lung and other respiratory cancer"
"8_9","ICD-9-CM to ICDA-8","SapBERT","170","has a reference match",858,0.226,0.091,-0.024,0.169,0.215,0.265,0.711,"213","benign neoplasm of bone and cartilage","malignant neoplasm of bone and articular cartilage","11","cancer of bone and connective tissue"
"8_9","ICD-9-CM to ICDA-8","SapBERT","171","has a reference match",858,0.227,0.108,-0.009,0.153,0.212,0.285,1,"171","malignant neoplasm of connective and other soft tissue","malignant neoplasm of connective and other soft tissue","11","cancer of bone and connective tissue"
"8_9","ICD-9-CM to ICDA-8","SapBERT","172","has a reference match",858,0.177,0.098,-0.02,0.111,0.169,0.226,1,"172","malignant melanoma of skin","malignant melanoma of skin","12","skin melanoma"
"8_9","ICD-9-CM to ICDA-8","SapBERT","174","has a reference match",858,0.228,0.093,-0.083,0.172,0.218,0.265,0.891,"174","malignant neoplasm of breast","malignant neoplasm of female breast","13","breast cancer"
"8_9","ICD-9-CM to ICDA-8","SapBERT","175","no reference match",858,0.197,0.095,-0.074,0.138,0.185,0.239,0.774,"174","malignant neoplasm of breast","malignant neoplasm of male breast","13","breast cancer"
"8_9","ICD-9-CM to ICDA-8","SapBERT","176","no reference match",858,0.228,0.093,0.002,0.161,0.222,0.29,0.539,"200","lymphosarcoma and reticulumcell sarcoma","kaposis sarcoma","10","other cancers"
"8_9","ICD-9-CM to ICDA-8","SapBERT","179","no reference match",858,0.212,0.099,-0.08,0.152,0.201,0.257,0.793,"182","other malignant neoplasm of uterus","malignant neoplasm of uterus part unspecified","14","uterus cancer"
"8_9","ICD-9-CM to ICDA-8","SapBERT","180","has a reference match",858,0.198,0.097,-0.025,0.138,0.188,0.236,1,"180","malignant neoplasm of cervix uteri","malignant neoplasm of cervix uteri","15","cervix cancer"
"8_9","ICD-9-CM to ICDA-8","SapBERT","181","has a reference match",858,0.201,0.092,-0.076,0.144,0.194,0.245,0.594,"770","conditions of placenta","malignant neoplasm of placenta","16","cancer of other female genital organs"
"8_9","ICD-9-CM to ICDA-8","SapBERT","182","has a reference match",858,0.189,0.099,-0.101,0.128,0.178,0.229,0.665,"182","other malignant neoplasm of uterus","malignant neoplasm of body of uterus","14","uterus cancer"
"8_9","ICD-9-CM to ICDA-8","SapBERT","183","has a reference match",858,0.239,0.105,-0.009,0.167,0.225,0.298,0.66,"182","other malignant neoplasm of uterus","malignant neoplasm of ovary and other uterine adnexa","16","cancer of other female genital organs"
"8_9","ICD-9-CM to ICDA-8","SapBERT","184","has a reference match",858,0.224,0.139,-0.013,0.119,0.198,0.316,1,"184","malignant neoplasm of other and unspecified female genital organs","malignant neoplasm of other and unspecified female genital organs","16","cancer of other female genital organs"
"8_9","ICD-9-CM to ICDA-8","SapBERT","185","has a reference match",858,0.203,0.101,-0.058,0.141,0.191,0.245,1,"185","malignant neoplasm of prostate","malignant neoplasm of prostate","17","prostate cancer"
"8_9","ICD-9-CM to ICDA-8","SapBERT","186","has a reference match",858,0.179,0.092,-0.003,0.121,0.167,0.213,1,"186","malignant neoplasm of testis","malignant neoplasm of testis","18","testis cancer"
"8_9","ICD-9-CM to ICDA-8","SapBERT","187","has a reference match",858,0.201,0.102,-0.054,0.132,0.181,0.25,0.815,"187","malignant neoplasm of other and unspecified male genital organs","malignant neoplasm of penis and other male genital organs","19","cancer of other male genital organs"
"8_9","ICD-9-CM to ICDA-8","SapBERT","188","has a reference match",858,0.208,0.099,-0.03,0.149,0.197,0.246,1,"188","malignant neoplasm of bladder","malignant neoplasm of bladder","20","bladder cancer"
"8_9","ICD-9-CM to ICDA-8","SapBERT","189","has a reference match",858,0.237,0.12,-0.008,0.15,0.216,0.3,0.886,"189","malignant neoplasm of other and unspecified urinary organs","malignant neoplasm of kidney and other and unspecified urinary organs","21","cancer of kidney and other urinary organs"
"8_9","ICD-9-CM to ICDA-8","SapBERT","190","has a reference match",858,0.189,0.106,-0.119,0.128,0.175,0.226,1,"190","malignant neoplasm of eye","malignant neoplasm of eye","10","other cancers"
"8_9","ICD-9-CM to ICDA-8","SapBERT","191","has a reference match",858,0.198,0.097,-0.012,0.136,0.18,0.239,1,"191","malignant neoplasm of brain","malignant neoplasm of brain","22","cancer of brain and nervous system"
"8_9","ICD-9-CM to ICDA-8","SapBERT","192","has a reference match",858,0.232,0.134,-0.052,0.133,0.205,0.319,0.971,"192","malignant neoplasm of other parts of nervous system","malignant neoplasm of other and unspecified parts of nervous system","22","cancer of brain and nervous system"
"8_9","ICD-9-CM to ICDA-8","SapBERT","193","has a reference match",858,0.206,0.098,-0.064,0.149,0.195,0.25,1,"193","malignant neoplasm of thyroid gland","malignant neoplasm of thyroid gland","23","thyroid cancer"
"8_9","ICD-9-CM to ICDA-8","SapBERT","194","has a reference match",858,0.242,0.126,-0.018,0.147,0.219,0.334,0.972,"194","malignant neoplasm of other endocrine glands","malignant neoplasm of other endocrine glands and related structures","10","other cancers"
"8_9","ICD-9-CM to ICDA-8","SapBERT","195","has a reference match",858,0.279,0.117,-0.005,0.196,0.258,0.355,0.844,"195","malignant neoplasm of illdefined sites","malignant neoplasm of other and illdefined sites","10","other cancers"
"8_9","ICD-9-CM to ICDA-8","SapBERT","196","has a reference match",858,0.198,0.095,-0.07,0.139,0.194,0.252,1,"196","secondary and unspecified malignant neoplasm of lymph nodes","secondary and unspecified malignant neoplasm of lymph nodes","24","secondary malignancy"
"8_9","ICD-9-CM to ICDA-8","SapBERT","197","has a reference match",858,0.24,0.105,-0.006,0.169,0.229,0.302,1,"197","secondary malignant neoplasm of respiratory and digestive systems","secondary malignant neoplasm of respiratory and digestive systems","24","secondary malignancy"
"8_9","ICD-9-CM to ICDA-8","SapBERT","198","has a reference match",858,0.236,0.124,0.002,0.143,0.214,0.311,0.911,"198","other secondary malignant neoplasm","secondary malignant neoplasm of other specified sites","24","secondary malignancy"
"8_9","ICD-9-CM to ICDA-8","SapBERT","199","has a reference match",858,0.244,0.105,-0.038,0.181,0.238,0.297,1,"199","malignant neoplasm without specification of site","malignant neoplasm without specification of site","25","malignant neoplasm without specification of site"
"8_9","ICD-9-CM to ICDA-8","SapBERT","200","has a reference match",858,0.223,0.095,-0.025,0.16,0.216,0.279,0.819,"200","lymphosarcoma and reticulumcell sarcoma","lymphosarcoma and reticulosarcoma and other specified malignant tumors of lymphatic tissue","26","nonhodgkins lymphoma"
"8_9","ICD-9-CM to ICDA-8","SapBERT","201","has a reference match",858,0.234,0.102,-0.056,0.159,0.239,0.301,1,"201","hodgkins disease","hodgkins disease","27","hodgkins disease"
"8_9","ICD-9-CM to ICDA-8","SapBERT","202","has a reference match",858,0.219,0.107,-0.016,0.14,0.201,0.289,0.858,"202","other neoplasms of lymphoid tissue","other malignant neoplasms of lymphoid and histiocytic tissue","26","nonhodgkins lymphoma"
"8_9","ICD-9-CM to ICDA-8","SapBERT","203","has a reference match",858,0.243,0.083,-0.09,0.193,0.243,0.294,0.819,"203","multiple myeloma","multiple myeloma and immunoproliferative neoplasms","28","multiple myeloma and leukemias"
"8_9","ICD-9-CM to ICDA-8","SapBERT","204","has a reference match",858,0.179,0.073,-0.024,0.133,0.176,0.214,0.884,"204","lymphatic leukemia","lymphoid leukemia","28","multiple myeloma and leukemias"
"8_9","ICD-9-CM to ICDA-8","SapBERT","205","has a reference match",858,0.208,0.089,-0.025,0.152,0.207,0.256,1,"205","myeloid leukemia","myeloid leukemia","28","multiple myeloma and leukemias"
"8_9","ICD-9-CM to ICDA-8","SapBERT","206","has a reference match",858,0.219,0.091,-0.026,0.159,0.216,0.274,1,"206","monocytic leukemia","monocytic leukemia","28","multiple myeloma and leukemias"
"8_9","ICD-9-CM to ICDA-8","SapBERT","207","has a reference match",858,0.258,0.108,0.009,0.18,0.237,0.326,0.902,"207","other and unspecified leukemia","other specified leukemia","28","multiple myeloma and leukemias"
"8_9","ICD-9-CM to ICDA-8","SapBERT","208","has a reference match",858,0.197,0.087,-0.059,0.145,0.196,0.246,0.806,"205","myeloid leukemia","leukemia of unspecified cell type","28","multiple myeloma and leukemias"
"8_9","ICD-9-CM to ICDA-8","SapBERT","209","has a reference match",858,0.218,0.081,-0.112,0.169,0.221,0.268,0.61,"194","malignant neoplasm of other endocrine glands","neuroendocrine tumors","10","other cancers"
"8_9","ICD-9-CM to ICDA-8","SapBERT","225","has a reference match",858,0.219,0.099,-0.046,0.157,0.211,0.268,0.994,"225","benign neoplasm of brain and other parts of nervous","benign neoplasm of brain and other parts of nervous system","29","other and unspecified benign neoplasm"
"8_9","ICD-9-CM to ICDA-8","SapBERT","230","no reference match",858,0.215,0.097,-0.053,0.153,0.213,0.269,0.713,"159","malignant neoplasm of unspecified digestive organs","carcinoma in situ of digestive organs","4","cancer of other gi organs peritoneum"
"8_9","ICD-9-CM to ICDA-8","SapBERT","231","no reference match",858,0.24,0.092,-0.032,0.18,0.243,0.295,0.725,"212","benign neoplasm of respiratory system","carcinoma in situ of respiratory system","9","lung and other respiratory cancer"
"8_9","ICD-9-CM to ICDA-8","SapBERT","233","no reference match",858,0.26,0.085,-0.022,0.206,0.256,0.308,0.57,"786","symptoms referable to genitourinary system","carcinoma in situ of breast and genitourinary system","10","other cancers"
"8_9","ICD-9-CM to ICDA-8","SapBERT","234","no reference match",858,0.268,0.117,-0.036,0.184,0.25,0.345,0.676,"228","benign neoplasm of other and unspecified organs and tissues","carcinoma in situ of other and unspecified sites","10","other cancers"
"8_9","ICD-9-CM to ICDA-8","SapBERT","237","no reference match",858,0.209,0.095,-0.048,0.144,0.205,0.265,0.737,"226","benign neoplasm of endocrine glands","neoplasm of uncertain behavior of endocrine glands and nervous system","30","neoplasms of unspecified nature"
"8_9","ICD-9-CM to ICDA-8","SapBERT","238","no reference match",858,0.23,0.129,-0.048,0.139,0.203,0.31,0.783,"228","benign neoplasm of other and unspecified organs and tissues","neoplasm of uncertain behavior of other and unspecified sites and tissues","30","neoplasms of unspecified nature"
"8_9","ICD-9-CM to ICDA-8","SapBERT","239","has a reference match",858,0.191,0.114,-0.109,0.117,0.185,0.259,0.734,"239","neoplasm of unspecified nature of other and unspecified organs","neoplasms of unspecified nature","30","neoplasms of unspecified nature"
"8_9","ICD-9-CM to ICDA-8","SapBERT","240","has a reference match",858,0.264,0.083,-0.014,0.21,0.264,0.311,0.914,"240","simple goiter","simple and unspecified goiter","31","thyroid disorders"
"8_9","ICD-9-CM to ICDA-8","SapBERT","241","has a reference match",858,0.221,0.093,-0.089,0.16,0.218,0.279,1,"241","nontoxic nodular goiter","nontoxic nodular goiter","31","thyroid disorders"
"8_9","ICD-9-CM to ICDA-8","SapBERT","242","has a reference match",858,0.274,0.09,0.004,0.215,0.268,0.331,1,"242","thyrotoxicosis with or without goiter","thyrotoxicosis with or without goiter","31","thyroid disorders"
"8_9","ICD-9-CM to ICDA-8","SapBERT","243","has a reference match",858,0.22,0.099,-0.006,0.148,0.216,0.286,0.611,"243","cretinism of congenital origin","congenital hypothyroidism","31","thyroid disorders"
"8_9","ICD-9-CM to ICDA-8","SapBERT","244","has a reference match",858,0.231,0.087,-0.028,0.171,0.23,0.289,0.614,"244","myxedema","acquired hypothyroidism","31","thyroid disorders"
"8_9","ICD-9-CM to ICDA-8","SapBERT","245","has a reference match",858,0.241,0.109,-0.059,0.168,0.234,0.314,1,"245","thyroiditis","thyroiditis","31","thyroid disorders"
"8_9","ICD-9-CM to ICDA-8","SapBERT","246","has a reference match",858,0.236,0.124,-0.073,0.148,0.212,0.304,0.965,"246","other diseases of thyroid gland","other disorders of thyroid","31","thyroid disorders"
"8_9","ICD-9-CM to ICDA-8","SapBERT","249","no reference match",858,0.234,0.079,0.01,0.182,0.236,0.283,0.75,"250","diabetes mellitus","secondary diabetes mellitus","32","diabetes mellitus"
"8_9","ICD-9-CM to ICDA-8","SapBERT","250","has a reference match",858,0.242,0.099,-0.074,0.176,0.251,0.311,1,"250","diabetes mellitus","diabetes mellitus","32","diabetes mellitus"
"8_9","ICD-9-CM to ICDA-8","SapBERT","251","has a reference match",858,0.222,0.094,0.003,0.158,0.213,0.278,0.765,"251","disorders of pancreatic internal secretion other than diabetes mellitus","other disorders of pancreatic internal secretiondisorders of parathyroid gland","33","other endocrine disorders"
"8_9","ICD-9-CM to ICDA-8","SapBERT","252","has a reference match",858,0.181,0.094,-0.116,0.123,0.176,0.225,0.979,"252","diseases of parathyroid gland","disorders of parathyroid gland","33","other endocrine disorders"
"8_9","ICD-9-CM to ICDA-8","SapBERT","253","has a reference match",858,0.168,0.09,-0.098,0.11,0.163,0.215,0.849,"253","diseases of pituitary gland","disorders of the pituitary gland and its hypothalamic control","33","other endocrine disorders"
"8_9","ICD-9-CM to ICDA-8","SapBERT","254","has a reference match",858,0.204,0.096,-0.096,0.142,0.203,0.26,1,"254","diseases of thymus gland","diseases of thymus gland","33","other endocrine disorders"
"8_9","ICD-9-CM to ICDA-8","SapBERT","255","has a reference match",858,0.196,0.095,-0.019,0.136,0.193,0.248,0.979,"255","diseases of adrenal glands","disorders of adrenal glands","33","other endocrine disorders"
"8_9","ICD-9-CM to ICDA-8","SapBERT","256","has a reference match",858,0.18,0.094,-0.15,0.116,0.173,0.231,1,"256","ovarian dysfunction","ovarian dysfunction","33","other endocrine disorders"
"8_9","ICD-9-CM to ICDA-8","SapBERT","257","has a reference match",858,0.196,0.09,-0.116,0.142,0.19,0.248,1,"257","testicular dysfunction","testicular dysfunction","33","other endocrine disorders"
"8_9","ICD-9-CM to ICDA-8","SapBERT","258","has a reference match",858,0.279,0.096,-0.066,0.22,0.281,0.334,0.844,"258","polyglandular dysfunction and other diseases of endocrine glands","polyglandular dysfunction and related disorders","33","other endocrine disorders"
"8_9","ICD-9-CM to ICDA-8","SapBERT","259","no reference match",858,0.241,0.126,-0.045,0.151,0.217,0.32,0.76,"258","polyglandular dysfunction and other diseases of endocrine glands","other endocrine disorders","33","other endocrine disorders"
"8_9","ICD-9-CM to ICDA-8","SapBERT","260","has a reference match",858,0.265,0.102,-0.017,0.194,0.26,0.328,0.727,"267","protein malnutrition","kwashiorkor","34","nutritional deficiencies"
"8_9","ICD-9-CM to ICDA-8","SapBERT","261","has a reference match",858,0.268,0.096,-0.06,0.201,0.265,0.33,1,"268","nutritional marasmus","nutritional marasmus","34","nutritional deficiencies"
"8_9","ICD-9-CM to ICDA-8","SapBERT","262","has a reference match",858,0.259,0.092,-0.019,0.193,0.254,0.316,0.67,"269","other nutritional deficiency","other severe proteincalorie malnutrition","34","nutritional deficiencies"
"8_9","ICD-9-CM to ICDA-8","SapBERT","263","no reference match",858,0.253,0.095,0.04,0.184,0.242,0.311,0.79,"267","protein malnutrition","other and unspecified proteincalorie malnutrition","34","nutritional deficiencies"
"8_9","ICD-9-CM to ICDA-8","SapBERT","268","has a reference match",858,0.213,0.097,-0.071,0.149,0.211,0.273,1,"265","vitamin d deficiency","vitamin d deficiency","34","nutritional deficiencies"
"8_9","ICD-9-CM to ICDA-8","SapBERT","270","has a reference match",858,0.208,0.089,-0.069,0.149,0.206,0.264,0.828,"270","congenital disorders of aminoacid metabolism","disorders of aminoacid transport and metabolism","35","other nutritional endocrine immunity and metabolic disorders"
"8_9","ICD-9-CM to ICDA-8","SapBERT","271","has a reference match",858,0.217,0.088,-0.049,0.161,0.215,0.273,0.842,"271","congenital disorders of carbohydrate metabolism","disorders of carbohydrate transport and metabolism","35","other nutritional endocrine immunity and metabolic disorders"
"8_9","ICD-9-CM to ICDA-8","SapBERT","272","has a reference match",858,0.205,0.093,-0.12,0.145,0.2,0.257,0.837,"272","congenital disorders of lipid metabolism","disorders of lipoid metabolism","36","disorders of lipid metabolism"
"8_9","ICD-9-CM to ICDA-8","SapBERT","273","has a reference match",858,0.192,0.088,-0.091,0.138,0.185,0.241,0.76,"275","plasma protein abnormalities","disorders of plasma protein metabolism","35","other nutritional endocrine immunity and metabolic disorders"
"8_9","ICD-9-CM to ICDA-8","SapBERT","274","has a reference match",858,0.275,0.1,0.009,0.208,0.272,0.338,1,"274","gout","gout","37","gout and other crystal arthropathies"
"8_9","ICD-9-CM to ICDA-8","SapBERT","275","has a reference match",858,0.198,0.096,-0.115,0.138,0.194,0.25,0.572,"252","diseases of parathyroid gland","disorders of mineral metabolism","35","other nutritional endocrine immunity and metabolic disorders"
"8_9","ICD-9-CM to ICDA-8","SapBERT","277","has a reference match",858,0.236,0.132,-0.058,0.136,0.215,0.313,0.947,"279","other and unspecified metabolic diseases","other and unspecified disorders of metabolism","35","other nutritional endocrine immunity and metabolic disorders"
"8_9","ICD-9-CM to ICDA-8","SapBERT","278","has a reference match",858,0.259,0.079,0.013,0.207,0.261,0.308,0.708,"277","obesity not specified as of endocrine origin","overweight obesity and other hyperalimentation","35","other nutritional endocrine immunity and metabolic disorders"
"8_9","ICD-9-CM to ICDA-8","SapBERT","279","has a reference match",858,0.163,0.098,-0.081,0.093,0.162,0.229,0.474,"254","diseases of thymus gland","disorders involving the immune mechanism","35","other nutritional endocrine immunity and metabolic disorders"
"8_9","ICD-9-CM to ICDA-8","SapBERT","280","has a reference match",858,0.182,0.104,-0.043,0.11,0.17,0.241,1,"280","iron deficiency anemias","iron deficiency anemias","38","anemia"
"8_9","ICD-9-CM to ICDA-8","SapBERT","282","has a reference match",858,0.178,0.084,-0.034,0.123,0.17,0.223,1,"282","hereditary hemolytic anemias","hereditary hemolytic anemias","38","anemia"
"8_9","ICD-9-CM to ICDA-8","SapBERT","283","has a reference match",858,0.213,0.086,-0.014,0.155,0.21,0.261,1,"283","acquired hemolytic anemias","acquired hemolytic anemias","38","anemia"
"8_9","ICD-9-CM to ICDA-8","SapBERT","284","has a reference match",858,0.245,0.083,-0.004,0.189,0.242,0.29,0.736,"284","aplastic anemia","aplastic anemia and other bone marrow failure syndromes","38","anemia"
"8_9","ICD-9-CM to ICDA-8","SapBERT","285","has a reference match",858,0.216,0.101,-0.022,0.148,0.205,0.271,1,"285","other and unspecified anemias","other and unspecified anemias","38","anemia"
"8_9","ICD-9-CM to ICDA-8","SapBERT","286","has a reference match",858,0.206,0.089,-0.062,0.149,0.203,0.263,1,"286","coagulation defects","coagulation defects","39","other hematologic conditions"
"8_9","ICD-9-CM to ICDA-8","SapBERT","287","has a reference match",858,0.245,0.088,-0.017,0.191,0.24,0.295,1,"287","purpura and other hemorrhagic conditions","purpura and other hemorrhagic conditions","39","other hematologic conditions"
"8_9","ICD-9-CM to ICDA-8","SapBERT","288","has a reference match",858,0.197,0.087,-0.058,0.134,0.194,0.25,0.517,"204","lymphatic leukemia","diseases of white blood cells","39","other hematologic conditions"
"8_9","ICD-9-CM to ICDA-8","SapBERT","289","has a reference match",858,0.268,0.104,0.027,0.194,0.254,0.33,1,"289","other diseases of blood and bloodforming organs","other diseases of blood and bloodforming organs","39","other hematologic conditions"
"8_9","ICD-9-CM to ICDA-8","SapBERT","290","has a reference match",858,0.235,0.106,-0.088,0.166,0.236,0.303,0.709,"290","senile and presenile dementia","dementias","40","delirium dementia and other cognitive disorders"
"8_9","ICD-9-CM to ICDA-8","SapBERT","291","has a reference match",858,0.24,0.089,-0.037,0.181,0.237,0.295,0.803,"291","alcoholic psychosis","alcoholinduced mental disorders","41","alcohol and substancerelated disorders"
"8_9","ICD-9-CM to ICDA-8","SapBERT","292","has a reference match",858,0.201,0.085,-0.044,0.142,0.2,0.252,0.578,"304","drug dependence","druginduced mental disorders","41","alcohol and substancerelated disorders"
"8_9","ICD-9-CM to ICDA-8","SapBERT","294","has a reference match",858,0.265,0.101,-0.041,0.194,0.258,0.332,0.692,"309","mental disorders not specified as psychotic associated with physical conditions","persistent mental disorders due to conditions classified elsewhere","40","delirium dementia and other cognitive disorders"
"8_9","ICD-9-CM to ICDA-8","SapBERT","295","has a reference match",858,0.236,0.09,-0.013,0.174,0.234,0.291,0.905,"295","schizophrenia","schizophrenic disorders","42","schizophrenia and other psychotic disorders"
"8_9","ICD-9-CM to ICDA-8","SapBERT","296","has a reference match",858,0.229,0.097,-0.072,0.164,0.234,0.296,0.635,"296","affective psychoses","episodic mood disorders","43","mood and anxiety disorders"
"8_9","ICD-9-CM to ICDA-8","SapBERT","297","has a reference match",858,0.214,0.09,-0.063,0.155,0.212,0.27,0.591,"297","paranoid states","delusional disorders","42","schizophrenia and other psychotic disorders"
"8_9","ICD-9-CM to ICDA-8","SapBERT","298","has a reference match",858,0.271,0.104,0.013,0.198,0.255,0.343,0.846,"298","other psychoses","other nonorganic psychoses","42","schizophrenia and other psychotic disorders"
"8_9","ICD-9-CM to ICDA-8","SapBERT","299","has a reference match",858,0.233,0.086,-0.038,0.174,0.232,0.286,0.608,"308","behavior disorders of childhood","pervasive developmental disorders","44","disorders usually diagnosed in infancy childhood or adolescence"
"8_9","ICD-9-CM to ICDA-8","SapBERT","300","has a reference match",858,0.244,0.085,0.005,0.191,0.247,0.3,0.542,"296","affective psychoses","anxiety dissociative and somatoform disorders","43","mood and anxiety disorders"
"8_9","ICD-9-CM to ICDA-8","SapBERT","301","has a reference match",858,0.184,0.095,-0.088,0.12,0.179,0.234,1,"301","personality disorders","personality disorders","45","personality disorders"
"8_9","ICD-9-CM to ICDA-8","SapBERT","303","has a reference match",858,0.219,0.095,-0.053,0.158,0.216,0.279,0.843,"303","alcoholism","alcohol dependence syndrome","41","alcohol and substancerelated disorders"
"8_9","ICD-9-CM to ICDA-8","SapBERT","304","has a reference match",858,0.192,0.092,-0.065,0.134,0.193,0.25,1,"304","drug dependence","drug dependence","41","alcohol and substancerelated disorders"
"8_9","ICD-9-CM to ICDA-8","SapBERT","305","no reference match",858,0.18,0.075,-0.057,0.131,0.18,0.228,0.72,"304","drug dependence","nondependent abuse of drugs","41","alcohol and substancerelated disorders"
"8_9","ICD-9-CM to ICDA-8","SapBERT","306","has a reference match",858,0.229,0.083,-0.05,0.175,0.22,0.273,0.68,"305","physical disorders of presumably psychogenic origin","physiological malfunction arising from mental factors","46","miscellaneous mental health disorders"
"8_9","ICD-9-CM to ICDA-8","SapBERT","307","has a reference match",858,0.288,0.106,0.016,0.222,0.281,0.352,0.971,"306","special symptoms not elsewhere classified","special symptoms or syndromes not elsewhere classified","46","miscellaneous mental health disorders"
"8_9","ICD-9-CM to ICDA-8","SapBERT","308","no reference match",858,0.198,0.079,-0.005,0.146,0.196,0.253,0.476,"307","transient situational disturbances","acute reaction to stress","43","mood and anxiety disorders"
"8_9","ICD-9-CM to ICDA-8","SapBERT","309","has a reference match",858,0.185,0.082,-0.088,0.13,0.182,0.236,0.483,"307","transient situational disturbances","adjustment reaction","47","adjustment disorders"
"8_9","ICD-9-CM to ICDA-8","SapBERT","310","has a reference match",858,0.248,0.087,0.044,0.19,0.241,0.291,0.627,"347","other diseases of brain","specific nonpsychotic mental disorders due to brain damage","46","miscellaneous mental health disorders"
"8_9","ICD-9-CM to ICDA-8","SapBERT","311","has a reference match",858,0.254,0.091,-0.04,0.194,0.257,0.314,0.539,"306","special symptoms not elsewhere classified","depressive disorder not elsewhere classified","43","mood and anxiety disorders"
"8_9","ICD-9-CM to ICDA-8","SapBERT","312","no reference match",858,0.247,0.101,-0.038,0.178,0.238,0.309,0.629,"306","special symptoms not elsewhere classified","disturbance of conduct not elsewhere classified","48","attentiondeficit conduct and disruptive behavior disorders"
"8_9","ICD-9-CM to ICDA-8","SapBERT","314","has a reference match",858,0.22,0.087,-0.023,0.161,0.217,0.278,0.597,"308","behavior disorders of childhood","hyperkinetic syndrome of childhood","48","attentiondeficit conduct and disruptive behavior disorders"
"8_9","ICD-9-CM to ICDA-8","SapBERT","315","no reference match",858,0.193,0.095,-0.067,0.124,0.185,0.249,0.664,"315","unspecified mental retardation","specific delays in development","49","developmental disorders"
"8_9","ICD-9-CM to ICDA-8","SapBERT","316","no reference match",858,0.267,0.107,0.012,0.191,0.254,0.341,0.693,"309","mental disorders not specified as psychotic associated with physical conditions","psychic factors associated with diseases classified elsewhere","46","miscellaneous mental health disorders"
"8_9","ICD-9-CM to ICDA-8","SapBERT","317","has a reference match",858,0.194,0.098,-0.057,0.129,0.188,0.242,0.936,"311","mild mental retardation","mild intellectual disabilities","49","developmental disorders"
"8_9","ICD-9-CM to ICDA-8","SapBERT","318","has a reference match",858,0.262,0.11,0.04,0.182,0.244,0.334,0.595,"347","other diseases of brain","other specified intellectual disabilities","49","developmental disorders"
"8_9","ICD-9-CM to ICDA-8","SapBERT","319","has a reference match",858,0.189,0.094,-0.081,0.132,0.177,0.229,0.883,"315","unspecified mental retardation","unspecified intellectual disabilities","49","developmental disorders"
"8_9","ICD-9-CM to ICDA-8","SapBERT","327","no reference match",858,0.251,0.079,0.035,0.197,0.253,0.302,0.518,"305","physical disorders of presumably psychogenic origin","organic sleep disorders","50","other nervous system conditions"
"8_9","ICD-9-CM to ICDA-8","SapBERT","330","no reference match",858,0.208,0.092,-0.063,0.142,0.203,0.267,0.559,"290","senile and presenile dementia","cerebral degenerations usually manifest in childhood","50","other nervous system conditions"
"8_9","ICD-9-CM to ICDA-8","SapBERT","331","no reference match",858,0.26,0.109,-0.029,0.183,0.255,0.325,0.791,"347","other diseases of brain","other cerebral degenerations","40","delirium dementia and other cognitive disorders"
"8_9","ICD-9-CM to ICDA-8","SapBERT","332","has a reference match",858,0.224,0.099,0.011,0.15,0.219,0.289,0.592,"342","paralysis agitans","parkinsons disease","51","parkinsons disease"
"8_9","ICD-9-CM to ICDA-8","SapBERT","333","no reference match",858,0.258,0.104,-0.003,0.186,0.243,0.32,0.574,"994","effects of other external causes","other extrapyramidal disease and abnormal movement disorders","50","other nervous system conditions"
"8_9","ICD-9-CM to ICDA-8","SapBERT","334","no reference match",858,0.255,0.095,-0.017,0.195,0.251,0.323,0.744,"332","hereditary ataxia","spinocerebellar disease","50","other nervous system conditions"
"8_9","ICD-9-CM to ICDA-8","SapBERT","335","no reference match",858,0.243,0.094,0.007,0.173,0.246,0.31,0.573,"348","motor neurone disease","anterior horn cell disease","50","other nervous system conditions"
"8_9","ICD-9-CM to ICDA-8","SapBERT","336","has a reference match",858,0.218,0.125,-0.053,0.127,0.193,0.292,1,"349","other diseases of spinal cord","other diseases of spinal cord","50","other nervous system conditions"
"8_9","ICD-9-CM to ICDA-8","SapBERT","337","has a reference match",858,0.197,0.092,-0.013,0.135,0.191,0.246,0.932,"358","diseases of peripheral autonomic nervous system","disorders of the autonomic nervous system","50","other nervous system conditions"
"8_9","ICD-9-CM to ICDA-8","SapBERT","338","no reference match",858,0.248,0.087,-0.027,0.187,0.243,0.297,0.64,"355","other and unspecified forms of neuralgia and neuritis","pain not elsewhere classified","50","other nervous system conditions"
"8_9","ICD-9-CM to ICDA-8","SapBERT","339","has a reference match",858,0.262,0.094,0.041,0.192,0.253,0.326,0.716,"791","headache","other headache syndromes","52","headache including migraine"
"8_9","ICD-9-CM to ICDA-8","SapBERT","340","has a reference match",858,0.246,0.103,-0.021,0.171,0.244,0.312,1,"340","multiple sclerosis","multiple sclerosis","53","multiple sclerosis"
"8_9","ICD-9-CM to ICDA-8","SapBERT","341","has a reference match",858,0.2,0.121,-0.049,0.114,0.176,0.271,1,"341","other demyelinating diseases of central nervous system","other demyelinating diseases of central nervous system","50","other nervous system conditions"
"8_9","ICD-9-CM to ICDA-8","SapBERT","342","has a reference match",858,0.254,0.08,0.001,0.2,0.249,0.305,0.569,"344","other cerebral paralysis","hemiplegia and hemiparesis","54","paralysis"
"8_9","ICD-9-CM to ICDA-8","SapBERT","343","has a reference match",858,0.244,0.09,0.019,0.184,0.242,0.294,0.823,"343","cerebral spastic infantile paralysis","infantile cerebral palsy","54","paralysis"
"8_9","ICD-9-CM to ICDA-8","SapBERT","344","has a reference match",858,0.276,0.099,0.011,0.207,0.262,0.342,0.71,"344","other cerebral paralysis","other paralytic syndromes","54","paralysis"
"8_9","ICD-9-CM to ICDA-8","SapBERT","345","has a reference match",858,0.244,0.082,0.012,0.187,0.243,0.298,0.769,"345","epilepsy","epilepsy and recurrent seizures","55","epilepsyconvulsions"
"8_9","ICD-9-CM to ICDA-8","SapBERT","346","has a reference match",858,0.251,0.093,0.016,0.187,0.246,0.304,1,"346","migraine","migraine","52","headache including migraine"
"8_9","ICD-9-CM to ICDA-8","SapBERT","347","has a reference match",858,0.232,0.082,0,0.171,0.228,0.288,0.48,"392","chorea","cataplexy and narcolepsy","50","other nervous system conditions"
"8_9","ICD-9-CM to ICDA-8","SapBERT","348","has a reference match",858,0.26,0.126,-0.02,0.17,0.239,0.332,0.92,"347","other diseases of brain","other conditions of brain","50","other nervous system conditions"
"8_9","ICD-9-CM to ICDA-8","SapBERT","353","has a reference match",858,0.226,0.092,0.001,0.164,0.219,0.273,0.608,"358","diseases of peripheral autonomic nervous system","nerve root and plexus disorders","50","other nervous system conditions"
"8_9","ICD-9-CM to ICDA-8","SapBERT","354","has a reference match",858,0.271,0.089,0.023,0.215,0.264,0.327,0.651,"354","polyneuritis and polyradiculitis","mononeuritis of upper limb and mononeuritis multiplex","50","other nervous system conditions"
"8_9","ICD-9-CM to ICDA-8","SapBERT","355","has a reference match",858,0.244,0.085,0.007,0.186,0.24,0.297,0.598,"945","burn confined to lower limbs","mononeuritis of lower limb and unspecified site","50","other nervous system conditions"
"8_9","ICD-9-CM to ICDA-8","SapBERT","356","has a reference match",858,0.241,0.08,0.015,0.19,0.236,0.283,0.669,"330","hereditary neuromuscular disorders","hereditary and idiopathic peripheral neuropathy","50","other nervous system conditions"
"8_9","ICD-9-CM to ICDA-8","SapBERT","357","has a reference match",858,0.268,0.09,0.052,0.209,0.265,0.321,0.679,"355","other and unspecified forms of neuralgia and neuritis","inflammatory and toxic neuropathy","50","other nervous system conditions"
"8_9","ICD-9-CM to ICDA-8","SapBERT","358","no reference match",858,0.237,0.092,-0.087,0.178,0.237,0.292,0.685,"330","hereditary neuromuscular disorders","myoneural disorders","50","other nervous system conditions"
"8_9","ICD-9-CM to ICDA-8","SapBERT","359","no reference match",858,0.25,0.095,-0.079,0.187,0.245,0.299,0.726,"733","other diseases of muscle tendon and fascia","muscular dystrophies and other myopathies","50","other nervous system conditions"
"8_9","ICD-9-CM to ICDA-8","SapBERT","360","has a reference match",858,0.204,0.098,-0.084,0.138,0.193,0.259,0.657,"744","congenital anomalies of eye","disorders of the globe","56","other eye disorders"
"8_9","ICD-9-CM to ICDA-8","SapBERT","361","has a reference match",858,0.227,0.083,-0.068,0.171,0.229,0.281,0.836,"376","detachment of retina","retinal detachments and defects","57","retinal detachments defects vascular occlusion and retinopathy"
"8_9","ICD-9-CM to ICDA-8","SapBERT","362","has a reference match",858,0.229,0.113,-0.058,0.149,0.21,0.297,0.858,"377","other diseases of retina and optic nerve","other retinal disorders","57","retinal detachments defects vascular occlusion and retinopathy"
"8_9","ICD-9-CM to ICDA-8","SapBERT","363","has a reference match",858,0.264,0.087,-0.057,0.209,0.261,0.318,0.733,"365","choroiditis","chorioretinal inflammations scars and other disorders of choroid","56","other eye disorders"
"8_9","ICD-9-CM to ICDA-8","SapBERT","364","has a reference match",858,0.203,0.09,-0.111,0.145,0.197,0.253,0.571,"364","iritis","disorders of iris and ciliary body","56","other eye disorders"
"8_9","ICD-9-CM to ICDA-8","SapBERT","365","has a reference match",858,0.25,0.095,-0.028,0.186,0.245,0.314,1,"375","glaucoma","glaucoma","58","glaucoma"
"8_9","ICD-9-CM to ICDA-8","SapBERT","366","has a reference match",858,0.23,0.098,-0.057,0.16,0.228,0.293,1,"374","cataract","cataract","59","cataract"
"8_9","ICD-9-CM to ICDA-8","SapBERT","369","has a reference match",858,0.231,0.085,-0.03,0.17,0.222,0.281,0.841,"379","blindness","blindness and low vision","60","blindness and vision defects"
"8_9","ICD-9-CM to ICDA-8","SapBERT","370","has a reference match",858,0.228,0.099,-0.013,0.164,0.221,0.282,1,"363","keratitis","keratitis","56","other eye disorders"
"8_9","ICD-9-CM to ICDA-8","SapBERT","371","has a reference match",858,0.26,0.085,-0.032,0.206,0.258,0.312,0.746,"371","corneal opacity","corneal opacity and other disorders of cornea","56","other eye disorders"
"8_9","ICD-9-CM to ICDA-8","SapBERT","372","has a reference match",858,0.172,0.105,-0.158,0.101,0.161,0.23,0.752,"360","conjunctivitis and ophthalmia","disorders of conjunctiva","56","other eye disorders"
"8_9","ICD-9-CM to ICDA-8","SapBERT","376","has a reference match",858,0.168,0.091,-0.101,0.106,0.158,0.217,0.56,"378","other diseases of eye","disorders of the orbit","56","other eye disorders"
"8_9","ICD-9-CM to ICDA-8","SapBERT","377","has a reference match",858,0.196,0.091,-0.02,0.137,0.186,0.243,0.693,"367","inflammation of optic nerve and retina","disorders of optic nerve and visual pathways","56","other eye disorders"
"8_9","ICD-9-CM to ICDA-8","SapBERT","379","has a reference match",858,0.219,0.125,-0.051,0.132,0.194,0.288,0.976,"378","other diseases of eye","other disorders of eye","56","other eye disorders"
"8_9","ICD-9-CM to ICDA-8","SapBERT","380","has a reference match",858,0.228,0.091,-0.05,0.165,0.222,0.291,0.597,"703","diseases of nail","disorders of external ear","61","other ear and sense organ disorders"
"8_9","ICD-9-CM to ICDA-8","SapBERT","381","has a reference match",858,0.26,0.089,0.006,0.197,0.257,0.319,0.644,"381","otitis media without mention of mastoiditis","nonsuppurative otitis media and eustachian tube disorders","62","otitis media and related conditions"
"8_9","ICD-9-CM to ICDA-8","SapBERT","382","no reference match",858,0.24,0.101,-0.007,0.171,0.229,0.3,0.716,"380","otitis externa","suppurative and unspecified otitis media","62","otitis media and related conditions"
"8_9","ICD-9-CM to ICDA-8","SapBERT","383","has a reference match",858,0.275,0.095,-0.022,0.214,0.272,0.33,0.787,"383","mastoiditis without mention of otitis media","mastoiditis and related conditions","62","otitis media and related conditions"
"8_9","ICD-9-CM to ICDA-8","SapBERT","384","has a reference match",858,0.235,0.113,-0.036,0.151,0.215,0.303,0.756,"387","other diseases of ear and mastoid process","other disorders of tympanic membrane","61","other ear and sense organ disorders"
"8_9","ICD-9-CM to ICDA-8","SapBERT","386","has a reference match",858,0.272,0.08,0.051,0.215,0.271,0.322,0.556,"258","polyglandular dysfunction and other diseases of endocrine glands","vertiginous syndromes and other disorders of vestibular system","63","conditions associated with dizziness or vertigo"
"8_9","ICD-9-CM to ICDA-8","SapBERT","389","has a reference match",858,0.21,0.093,-0.05,0.146,0.202,0.265,0.688,"388","deaf mutism","hearing loss","61","other ear and sense organ disorders"
"8_9","ICD-9-CM to ICDA-8","SapBERT","393","has a reference match",858,0.212,0.106,-0.039,0.142,0.207,0.271,0.753,"423","chronic disease of pericardium nonrheumatic","chronic rheumatic pericarditis","64","peri endo and myocarditis cardiomyopathy"
"8_9","ICD-9-CM to ICDA-8","SapBERT","394","has a reference match",858,0.195,0.095,-0.096,0.134,0.189,0.247,1,"394","diseases of mitral valve","diseases of mitral valve","65","heart valve disorders"
"8_9","ICD-9-CM to ICDA-8","SapBERT","395","has a reference match",858,0.206,0.09,0.007,0.145,0.203,0.255,1,"395","diseases of aortic valve","diseases of aortic valve","65","heart valve disorders"
"8_9","ICD-9-CM to ICDA-8","SapBERT","396","has a reference match",858,0.234,0.089,-0.029,0.179,0.231,0.285,1,"396","diseases of mitral and aortic valves","diseases of mitral and aortic valves","65","heart valve disorders"
"8_9","ICD-9-CM to ICDA-8","SapBERT","397","has a reference match",858,0.259,0.106,0.035,0.184,0.242,0.326,1,"397","diseases of other endocardial structures","diseases of other endocardial structures","65","heart valve disorders"
"8_9","ICD-9-CM to ICDA-8","SapBERT","398","has a reference match",858,0.269,0.117,0.018,0.184,0.251,0.338,0.972,"398","other heart disease specified as rheumatic","other rheumatic heart disease","64","peri endo and myocarditis cardiomyopathy"
"8_9","ICD-9-CM to ICDA-8","SapBERT","401","has a reference match",858,0.234,0.09,-0.026,0.174,0.226,0.291,0.855,"401","essential benign hypertension","essential hypertension","66","hypertension"
"8_9","ICD-9-CM to ICDA-8","SapBERT","402","has a reference match",858,0.243,0.099,-0.023,0.184,0.234,0.29,1,"402","hypertensive heart disease","hypertensive heart disease","67","hypertension complications"
"8_9","ICD-9-CM to ICDA-8","SapBERT","403","has a reference match",858,0.206,0.091,-0.012,0.149,0.196,0.249,0.881,"403","hypertensive renal disease","hypertensive chronic kidney disease","67","hypertension complications"
"8_9","ICD-9-CM to ICDA-8","SapBERT","404","has a reference match",858,0.23,0.093,-0.018,0.173,0.22,0.272,0.913,"404","hypertensive heart and renal disease","hypertensive heart and chronic kidney disease","67","hypertension complications"
"8_9","ICD-9-CM to ICDA-8","SapBERT","405","no reference match",858,0.219,0.085,0,0.165,0.214,0.271,0.793,"400","malignant hypertension","secondary hypertension","67","hypertension complications"
"8_9","ICD-9-CM to ICDA-8","SapBERT","410","has a reference match",858,0.225,0.103,-0.042,0.157,0.219,0.282,1,"410","acute myocardial infarction","acute myocardial infarction","68","acute myocardial infarction"
"8_9","ICD-9-CM to ICDA-8","SapBERT","411","has a reference match",858,0.251,0.116,-0.048,0.164,0.23,0.326,1,"411","other acute and subacute forms of ischemic heart disease","other acute and subacute forms of ischemic heart disease","69","coronary atherosclerosis and other heart disease"
"8_9","ICD-9-CM to ICDA-8","SapBERT","412","has a reference match",858,0.215,0.091,-0.038,0.162,0.213,0.262,0.713,"412","chronic ischemic heart disease","old myocardial infarction","69","coronary atherosclerosis and other heart disease"
"8_9","ICD-9-CM to ICDA-8","SapBERT","413","has a reference match",858,0.25,0.11,-0.039,0.173,0.252,0.316,1,"413","angina pectoris","angina pectoris","69","coronary atherosclerosis and other heart disease"
"8_9","ICD-9-CM to ICDA-8","SapBERT","414","has a reference match",858,0.241,0.116,-0.056,0.161,0.218,0.312,0.835,"411","other acute and subacute forms of ischemic heart disease","other forms of chronic ischemic heart disease","69","coronary atherosclerosis and other heart disease"
"8_9","ICD-9-CM to ICDA-8","SapBERT","415","has a reference match",858,0.255,0.104,-0.023,0.187,0.244,0.315,0.783,"426","pulmonary heart disease","acute pulmonary heart disease","70","pulmonary heart disease"
"8_9","ICD-9-CM to ICDA-8","SapBERT","416","has a reference match",858,0.241,0.103,-0.079,0.181,0.235,0.289,0.877,"426","pulmonary heart disease","chronic pulmonary heart disease","70","pulmonary heart disease"
"8_9","ICD-9-CM to ICDA-8","SapBERT","417","no reference match",858,0.246,0.122,-0.039,0.157,0.218,0.322,0.798,"458","other diseases of circulatory system","other diseases of pulmonary circulation","70","pulmonary heart disease"
"8_9","ICD-9-CM to ICDA-8","SapBERT","423","has a reference match",858,0.211,0.117,-0.091,0.13,0.195,0.281,0.783,"393","diseases of pericardium","other diseases of pericardium","64","peri endo and myocarditis cardiomyopathy"
"8_9","ICD-9-CM to ICDA-8","SapBERT","424","has a reference match",858,0.243,0.116,-0.012,0.159,0.221,0.311,0.927,"397","diseases of other endocardial structures","other diseases of endocardium","65","heart valve disorders"
"8_9","ICD-9-CM to ICDA-8","SapBERT","425","has a reference match",858,0.253,0.101,-0.078,0.196,0.254,0.307,1,"425","cardiomyopathy","cardiomyopathy","64","peri endo and myocarditis cardiomyopathy"
"8_9","ICD-9-CM to ICDA-8","SapBERT","426","has a reference match",858,0.245,0.085,0.018,0.186,0.247,0.302,0.555,"286","coagulation defects","conduction disorders","71","conduction disorders"
"8_9","ICD-9-CM to ICDA-8","SapBERT","427","has a reference match",858,0.225,0.08,-0.036,0.17,0.228,0.277,0.525,"427","symptomatic heart disease","cardiac dysrhythmias","72","cardiac dysrhythmias arrest chf and ventricular fibrillation"
"8_9","ICD-9-CM to ICDA-8","SapBERT","428","has a reference match",858,0.252,0.088,-0.02,0.198,0.246,0.301,0.707,"427","symptomatic heart disease","heart failure","72","cardiac dysrhythmias arrest chf and ventricular fibrillation"
"8_9","ICD-9-CM to ICDA-8","SapBERT","429","has a reference match",858,0.27,0.091,0.014,0.213,0.269,0.327,0.755,"429","illdefined heart disease","illdefined descriptions and complications of heart disease","73","other and illdefined heart disease"
"8_9","ICD-9-CM to ICDA-8","SapBERT","430","has a reference match",858,0.195,0.103,-0.066,0.124,0.192,0.26,1,"430","subarachnoid hemorrhage","subarachnoid hemorrhage","74","acute cerebrovascular disease"
"8_9","ICD-9-CM to ICDA-8","SapBERT","431","has a reference match",858,0.201,0.091,-0.014,0.14,0.194,0.251,0.9,"431","cerebral hemorrhage","intracerebral hemorrhage","74","acute cerebrovascular disease"
"8_9","ICD-9-CM to ICDA-8","SapBERT","432","has a reference match",858,0.23,0.11,-0.037,0.15,0.208,0.303,0.845,"853","other and unspecified intracranial hemorrhage following injury without mention of cerebral laceration or contusion","other and unspecified intracranial hemorrhage","74","acute cerebrovascular disease"
"8_9","ICD-9-CM to ICDA-8","SapBERT","433","has a reference match",858,0.232,0.082,-0.025,0.176,0.227,0.282,0.849,"432","occlusion of precerebral arteries","occlusion and stenosis of precerebral arteries","74","acute cerebrovascular disease"
"8_9","ICD-9-CM to ICDA-8","SapBERT","434","has a reference match",858,0.202,0.085,-0.041,0.144,0.197,0.248,0.695,"432","occlusion of precerebral arteries","occlusion of cerebral arteries","74","acute cerebrovascular disease"
"8_9","ICD-9-CM to ICDA-8","SapBERT","435","has a reference match",858,0.239,0.097,0.025,0.171,0.236,0.298,1,"435","transient cerebral ischemia","transient cerebral ischemia","75","transient cerebral ischemia"
"8_9","ICD-9-CM to ICDA-8","SapBERT","436","has a reference match",858,0.276,0.091,0.044,0.222,0.26,0.324,1,"436","acute but illdefined cerebrovascular disease","acute but illdefined cerebrovascular disease","74","acute cerebrovascular disease"
"8_9","ICD-9-CM to ICDA-8","SapBERT","437","has a reference match",858,0.304,0.101,0.07,0.234,0.291,0.363,1,"438","other and illdefined cerebrovascular disease","other and illdefined cerebrovascular disease","76","other and illdefined cerebrovascular disease"
"8_9","ICD-9-CM to ICDA-8","SapBERT","438","has a reference match",858,0.23,0.089,-0.054,0.173,0.222,0.277,0.703,"66",NA,"late effects of cerebrovascular disease","76","other and illdefined cerebrovascular disease"
"8_9","ICD-9-CM to ICDA-8","SapBERT","440","has a reference match",858,0.233,0.097,-0.043,0.164,0.226,0.3,0.856,"440","arteriosclerosis","atherosclerosis","77","other circulatory disease"
"8_9","ICD-9-CM to ICDA-8","SapBERT","441","has a reference match",858,0.226,0.082,0,0.171,0.222,0.276,0.7,"441","aortic aneurysm nonsyphilitic","aortic aneurysm and dissection","77","other circulatory disease"
"8_9","ICD-9-CM to ICDA-8","SapBERT","442","has a reference match",858,0.239,0.087,-0.045,0.18,0.235,0.285,1,"442","other aneurysm","other aneurysm","77","other circulatory disease"
"8_9","ICD-9-CM to ICDA-8","SapBERT","443","has a reference match",858,0.249,0.111,0.018,0.17,0.233,0.319,1,"443","other peripheral vascular disease","other peripheral vascular disease","77","other circulatory disease"
"8_9","ICD-9-CM to ICDA-8","SapBERT","444","has a reference match",858,0.25,0.091,0.009,0.189,0.243,0.302,1,"444","arterial embolism and thrombosis","arterial embolism and thrombosis","78","aortic and peripheral arterial embolism or thrombosis"
"8_9","ICD-9-CM to ICDA-8","SapBERT","445","has a reference match",858,0.231,0.099,-0.019,0.16,0.227,0.29,0.675,"434","cerebral embolism","atheroembolism","78","aortic and peripheral arterial embolism or thrombosis"
"8_9","ICD-9-CM to ICDA-8","SapBERT","446","has a reference match",858,0.275,0.09,0.015,0.215,0.277,0.328,1,"446","polyarteritis nodosa and allied conditions","polyarteritis nodosa and allied conditions","77","other circulatory disease"
"8_9","ICD-9-CM to ICDA-8","SapBERT","447","has a reference match",858,0.236,0.106,-0.035,0.169,0.223,0.296,0.984,"447","other diseases of arteries and arterioles","other disorders of arteries and arterioles","77","other circulatory disease"
"8_9","ICD-9-CM to ICDA-8","SapBERT","448","has a reference match",858,0.225,0.102,-0.062,0.157,0.22,0.294,0.994,"448","diseases of capillaries","disease of capillaries","77","other circulatory disease"
"8_9","ICD-9-CM to ICDA-8","SapBERT","453","has a reference match",858,0.24,0.108,0.013,0.166,0.224,0.309,1,"453","other venous embolism and thrombosis","other venous embolism and thrombosis","79","phlebitis thrombophlebitis and thromboembolism"
"8_9","ICD-9-CM to ICDA-8","SapBERT","456","has a reference match",858,0.203,0.1,-0.052,0.135,0.198,0.26,1,"456","varicose veins of other sites","varicose veins of other sites","80","other diseases of veins and lymphatics"
"8_9","ICD-9-CM to ICDA-8","SapBERT","457","has a reference match",858,0.237,0.087,0.01,0.18,0.239,0.292,0.984,"457","noninfective disease of lymphatic channels","noninfectious disorders of lymphatic channels","80","other diseases of veins and lymphatics"
"8_9","ICD-9-CM to ICDA-8","SapBERT","459","has a reference match",858,0.243,0.125,-0.019,0.153,0.214,0.323,0.983,"458","other diseases of circulatory system","other disorders of circulatory system","80","other diseases of veins and lymphatics"
"8_9","ICD-9-CM to ICDA-8","SapBERT","472","has a reference match",858,0.271,0.095,0.012,0.208,0.265,0.329,1,"502","chronic pharyngitis and nasopharyngitis","chronic pharyngitis and nasopharyngitis","81","other upper respiratory disease"
"8_9","ICD-9-CM to ICDA-8","SapBERT","473","has a reference match",858,0.234,0.096,0.007,0.168,0.227,0.293,1,"503","chronic sinusitis","chronic sinusitis","82","other upper respiratory infections"
"8_9","ICD-9-CM to ICDA-8","SapBERT","474","has a reference match",858,0.272,0.092,-0.061,0.216,0.274,0.332,0.643,"500","hypertrophy of tonsils and adenoids","chronic disease of tonsils and adenoids","83","acute and chronic tonsillitis"
"8_9","ICD-9-CM to ICDA-8","SapBERT","476","has a reference match",858,0.259,0.096,-0.063,0.199,0.253,0.316,0.889,"506","chronic laryngitis","chronic laryngitis and laryngotracheitis","81","other upper respiratory disease"
"8_9","ICD-9-CM to ICDA-8","SapBERT","477","has a reference match",858,0.214,0.089,-0.026,0.15,0.209,0.272,0.697,"507","hay fever","allergic rhinitis","81","other upper respiratory disease"
"8_9","ICD-9-CM to ICDA-8","SapBERT","478","has a reference match",858,0.265,0.133,-0.031,0.166,0.238,0.346,1,"508","other diseases of upper respiratory tract","other diseases of upper respiratory tract","81","other upper respiratory disease"
"8_9","ICD-9-CM to ICDA-8","SapBERT","491","has a reference match",858,0.25,0.103,-0.085,0.187,0.245,0.31,1,"491","chronic bronchitis","chronic bronchitis","84","chronic obstructive pulmonary disease copd"
"8_9","ICD-9-CM to ICDA-8","SapBERT","492","has a reference match",858,0.242,0.098,-0.032,0.173,0.241,0.306,1,"492","emphysema","emphysema","84","chronic obstructive pulmonary disease copd"
"8_9","ICD-9-CM to ICDA-8","SapBERT","493","has a reference match",858,0.26,0.101,-0.09,0.198,0.262,0.321,1,"493","asthma","asthma","85","asthma"
"8_9","ICD-9-CM to ICDA-8","SapBERT","494","has a reference match",858,0.218,0.098,-0.09,0.155,0.216,0.273,1,"518","bronchiectasis","bronchiectasis","84","chronic obstructive pulmonary disease copd"
"8_9","ICD-9-CM to ICDA-8","SapBERT","495","no reference match",858,0.233,0.095,-0.034,0.171,0.229,0.288,0.603,"507","hay fever","extrinsic allergic alveolitis","86","lung disease due to external agents"
"8_9","ICD-9-CM to ICDA-8","SapBERT","496","no reference match",858,0.265,0.089,-0.007,0.206,0.259,0.321,0.632,"776","anoxic and hypoxic conditions not elsewhere classifiable","chronic airway obstruction not elsewhere classified","84","chronic obstructive pulmonary disease copd"
"8_9","ICD-9-CM to ICDA-8","SapBERT","500","has a reference match",858,0.222,0.096,-0.056,0.156,0.217,0.28,0.726,"515","pneumoconiosis due to silica and silicates","coal workers pneumoconiosis","86","lung disease due to external agents"
"8_9","ICD-9-CM to ICDA-8","SapBERT","501","has a reference match",858,0.25,0.093,-0.055,0.183,0.25,0.313,0.596,"515","pneumoconiosis due to silica and silicates","asbestosis","86","lung disease due to external agents"
"8_9","ICD-9-CM to ICDA-8","SapBERT","502","has a reference match",858,0.242,0.084,-0.017,0.186,0.239,0.29,0.89,"515","pneumoconiosis due to silica and silicates","pneumoconiosis due to other silica or silicates","86","lung disease due to external agents"
"8_9","ICD-9-CM to ICDA-8","SapBERT","503","has a reference match",858,0.232,0.088,0.004,0.167,0.227,0.286,0.743,"516","other pneumoconioses and related diseases","pneumoconiosis due to other inorganic dust","86","lung disease due to external agents"
"8_9","ICD-9-CM to ICDA-8","SapBERT","504","has a reference match",858,0.241,0.102,-0.003,0.167,0.232,0.306,0.767,"516","other pneumoconioses and related diseases","pneumonopathy due to inhalation of other dust","86","lung disease due to external agents"
"8_9","ICD-9-CM to ICDA-8","SapBERT","505","has a reference match",858,0.248,0.101,-0.116,0.179,0.243,0.309,0.731,"515","pneumoconiosis due to silica and silicates","pneumoconiosis unspecified","86","lung disease due to external agents"
"8_9","ICD-9-CM to ICDA-8","SapBERT","506","has a reference match",858,0.226,0.085,-0.023,0.172,0.221,0.27,0.73,"987","toxic effect of other gases fumes or vapors","respiratory conditions due to chemical fumes and vapors","86","lung disease due to external agents"
"8_9","ICD-9-CM to ICDA-8","SapBERT","508","no reference match",858,0.259,0.131,-0.008,0.16,0.234,0.352,0.763,"519","other diseases of respiratory system","respiratory conditions due to other and unspecified external agents","86","lung disease due to external agents"
"8_9","ICD-9-CM to ICDA-8","SapBERT","512","has a reference match",858,0.226,0.091,-0.042,0.168,0.22,0.282,0.738,"512","spontaneous pneumothorax","pneumothorax and air leak","87","other lower respiratory disease"
"8_9","ICD-9-CM to ICDA-8","SapBERT","514","has a reference match",858,0.261,0.095,0.003,0.195,0.259,0.321,1,"514","pulmonary congestion and hypostasis","pulmonary congestion and hypostasis","87","other lower respiratory disease"
"8_9","ICD-9-CM to ICDA-8","SapBERT","515","no reference match",858,0.24,0.1,-0.053,0.175,0.235,0.304,0.555,"10",NA,"postinflammatory pulmonary fibrosis","87","other lower respiratory disease"
"8_9","ICD-9-CM to ICDA-8","SapBERT","516","no reference match",858,0.263,0.107,-0.015,0.186,0.252,0.337,0.685,"516","other pneumoconioses and related diseases","other alveolar and parietoalveolar pneumonopathy","87","other lower respiratory disease"
"8_9","ICD-9-CM to ICDA-8","SapBERT","517","no reference match",858,0.247,0.122,-0.021,0.153,0.225,0.329,0.663,"517","other chronic interstitial pneumonia","lung involvement in conditions classified elsewhere","87","other lower respiratory disease"
"8_9","ICD-9-CM to ICDA-8","SapBERT","518","has a reference match",858,0.231,0.137,-0.033,0.134,0.2,0.298,0.804,"519","other diseases of respiratory system","other diseases of lung","88","respiratory failure pulmonary collapse"
"8_9","ICD-9-CM to ICDA-8","SapBERT","523","has a reference match",858,0.233,0.094,-0.02,0.169,0.231,0.289,0.845,"523","periodontal diseases","gingival and periodontal diseases","89","disorders of teeth and jaw"
"8_9","ICD-9-CM to ICDA-8","SapBERT","525","has a reference match",858,0.258,0.131,0.029,0.163,0.225,0.323,1,"525","other diseases and conditions of the teeth and supporting structures","other diseases and conditions of the teeth and supporting structures","89","disorders of teeth and jaw"
"8_9","ICD-9-CM to ICDA-8","SapBERT","530","has a reference match",858,0.203,0.1,-0.119,0.142,0.202,0.261,0.959,"530","diseases of esophagus","diseases of oesophagus","90","esophageal disorders"
"8_9","ICD-9-CM to ICDA-8","SapBERT","531","has a reference match",858,0.211,0.088,-0.054,0.157,0.208,0.258,0.962,"531","ulcer of stomach","gastric ulcer","91","gasduo ulcer without hemorrhage"
"8_9","ICD-9-CM to ICDA-8","SapBERT","532","has a reference match",858,0.2,0.087,-0.043,0.144,0.196,0.252,0.922,"532","ulcer of duodenum","duodenal ulcer","91","gasduo ulcer without hemorrhage"
"8_9","ICD-9-CM to ICDA-8","SapBERT","533","has a reference match",858,0.226,0.093,-0.111,0.171,0.224,0.282,1,"533","peptic ulcer site unspecified","peptic ulcer site unspecified","91","gasduo ulcer without hemorrhage"
"8_9","ICD-9-CM to ICDA-8","SapBERT","534","has a reference match",858,0.195,0.087,-0.07,0.139,0.192,0.248,1,"534","gastrojejunal ulcer","gastrojejunal ulcer","91","gasduo ulcer without hemorrhage"
"8_9","ICD-9-CM to ICDA-8","SapBERT","535","has a reference match",858,0.264,0.102,-0.001,0.194,0.26,0.324,1,"535","gastritis and duodenitis","gastritis and duodenitis","92","gastritis and duodenitis"
"8_9","ICD-9-CM to ICDA-8","SapBERT","537","has a reference match",858,0.243,0.129,-0.006,0.154,0.215,0.311,1,"537","other diseases of stomach and duodenum","other diseases of stomach and duodenum","93","other disorders of stomach and duodenum"
"8_9","ICD-9-CM to ICDA-8","SapBERT","555","no reference match",858,0.259,0.097,0.031,0.192,0.254,0.316,0.721,"563","chronic enteritis and ulcerative colitis","regional enteritis","94","regional enteritis and ulcerative colitis"
"8_9","ICD-9-CM to ICDA-8","SapBERT","556","has a reference match",858,0.237,0.088,-0.035,0.175,0.236,0.291,0.824,"563","chronic enteritis and ulcerative colitis","ulcerative colitis","94","regional enteritis and ulcerative colitis"
"8_9","ICD-9-CM to ICDA-8","SapBERT","557","no reference match",858,0.216,0.086,-0.011,0.159,0.211,0.267,0.534,"560","intestinal obstruction without mention of hernia","vascular insufficiency of intestine","77","other circulatory disease"
"8_9","ICD-9-CM to ICDA-8","SapBERT","558","has a reference match",858,0.262,0.122,0.018,0.169,0.235,0.343,0.921,"561","gastroenteritis and colitis except ulcerative of noninfectious origin","other and unspecified noninfectious gastroenteritis and colitis","95","noninfectious gastroenteritis"
"8_9","ICD-9-CM to ICDA-8","SapBERT","562","has a reference match",858,0.208,0.092,-0.1,0.151,0.209,0.261,1,"562","diverticula of intestine","diverticula of intestine","96","diverticulosis and diverticulitis"
"8_9","ICD-9-CM to ICDA-8","SapBERT","564","has a reference match",858,0.271,0.109,-0.015,0.198,0.255,0.337,0.708,"564","functional disorders of intestines","functional digestive disorders not elsewhere classified","97","other gastrointestinal disorders"
"8_9","ICD-9-CM to ICDA-8","SapBERT","571","has a reference match",858,0.254,0.092,-0.049,0.193,0.254,0.313,0.879,"571","cirrhosis of liver","chronic liver disease and cirrhosis","98","hepatitis and other liver diseases"
"8_9","ICD-9-CM to ICDA-8","SapBERT","572","has a reference match",858,0.238,0.08,0.005,0.185,0.238,0.286,0.757,"572","suppurative hepatitis and liver abscess","liver abscess and sequelae of chronic liver disease","98","hepatitis and other liver diseases"
"8_9","ICD-9-CM to ICDA-8","SapBERT","573","has a reference match",858,0.24,0.115,0.007,0.16,0.218,0.302,1,"573","other diseases of liver","other diseases of liver","98","hepatitis and other liver diseases"
"8_9","ICD-9-CM to ICDA-8","SapBERT","575","has a reference match",858,0.226,0.121,-0.032,0.139,0.206,0.295,0.89,"576","other diseases of gallbladder and biliary ducts","other disorders of gallbladder","99","biliary tract disease"
"8_9","ICD-9-CM to ICDA-8","SapBERT","576","no reference match",858,0.244,0.122,-0.003,0.158,0.221,0.317,0.868,"576","other diseases of gallbladder and biliary ducts","other disorders of biliary tract","99","biliary tract disease"
"8_9","ICD-9-CM to ICDA-8","SapBERT","577","has a reference match",858,0.209,0.104,-0.075,0.138,0.205,0.268,1,"577","diseases of pancreas","diseases of pancreas","100","pancreatic disorders excluding diabetes"
"8_9","ICD-9-CM to ICDA-8","SapBERT","579","has a reference match",858,0.222,0.09,-0.01,0.157,0.216,0.279,0.658,"564","functional disorders of intestines","intestinal malabsorption","97","other gastrointestinal disorders"
"8_9","ICD-9-CM to ICDA-8","SapBERT","581","has a reference match",858,0.241,0.09,0.01,0.183,0.237,0.291,1,"581","nephrotic syndrome","nephrotic syndrome","101","chronic kideny disease and related conditions"
"8_9","ICD-9-CM to ICDA-8","SapBERT","582","has a reference match",858,0.205,0.093,-0.034,0.143,0.198,0.249,0.88,"582","chronic nephritis","chronic glomerulonephritis","101","chronic kideny disease and related conditions"
"8_9","ICD-9-CM to ICDA-8","SapBERT","583","has a reference match",858,0.288,0.094,0.049,0.224,0.281,0.344,0.81,"583","nephritis unqualified","nephritis and nephropathy not specified as acute or chronic","101","chronic kideny disease and related conditions"
"8_9","ICD-9-CM to ICDA-8","SapBERT","585","no reference match",858,0.225,0.098,-0.094,0.161,0.224,0.286,0.818,"582","chronic nephritis","chronic kidney disease","101","chronic kideny disease and related conditions"
"8_9","ICD-9-CM to ICDA-8","SapBERT","586","no reference match",858,0.214,0.084,-0.009,0.16,0.209,0.262,0.603,"792","uremia","renal failure unspecified","101","chronic kideny disease and related conditions"
"8_9","ICD-9-CM to ICDA-8","SapBERT","587","has a reference match",858,0.203,0.099,-0.039,0.141,0.198,0.255,0.889,"584","renal sclerosis unqualified","renal sclerosis unspecified","101","chronic kideny disease and related conditions"
"8_9","ICD-9-CM to ICDA-8","SapBERT","588","no reference match",858,0.194,0.089,-0.046,0.133,0.189,0.246,0.547,"582","chronic nephritis","disorders resulting from impaired renal function","102","other diseases of kidney and ureters"
"8_9","ICD-9-CM to ICDA-8","SapBERT","590","has a reference match",858,0.231,0.099,0,0.164,0.218,0.278,1,"590","infections of kidney","infections of kidney","103","urinary tract infections"
"8_9","ICD-9-CM to ICDA-8","SapBERT","595","has a reference match",858,0.232,0.098,-0.013,0.164,0.224,0.287,1,"595","cystitis","cystitis","103","urinary tract infections"
"8_9","ICD-9-CM to ICDA-8","SapBERT","596","has a reference match",858,0.24,0.122,-0.016,0.154,0.22,0.315,0.972,"596","other diseases of bladder","other disorders of bladder","104","other diseases of bladder and urethra"
"8_9","ICD-9-CM to ICDA-8","SapBERT","599","has a reference match",858,0.232,0.133,-0.007,0.129,0.205,0.315,0.848,"599","other diseases of urinary tract","other disorders of urethra and urinary tract","104","other diseases of bladder and urethra"
"8_9","ICD-9-CM to ICDA-8","SapBERT","600","has a reference match",858,0.214,0.096,-0.097,0.143,0.214,0.275,1,"600","hyperplasia of prostate","hyperplasia of prostate","105","hyperplasia of prostate"
"8_9","ICD-9-CM to ICDA-8","SapBERT","601","has a reference match",858,0.244,0.099,-0.094,0.174,0.242,0.307,0.848,"601","prostatitis","inflammatory diseases of prostate","106","other male genital disorders"
"8_9","ICD-9-CM to ICDA-8","SapBERT","607","has a reference match",858,0.165,0.089,-0.138,0.106,0.159,0.215,0.626,"703","diseases of nail","disorders of penis","106","other male genital disorders"
"8_9","ICD-9-CM to ICDA-8","SapBERT","610","has a reference match",858,0.209,0.103,-0.195,0.138,0.203,0.281,0.661,"217","benign neoplasm of breast","benign mammary dysplasias","107","nonmalignant breast conditions"
"8_9","ICD-9-CM to ICDA-8","SapBERT","614","has a reference match",858,0.23,0.094,-0.045,0.165,0.223,0.287,0.653,"614","salpingitis and oophoritis unqualified","inflammatory disease of ovary fallopian tube pelvic cellular tissue and peritoneum","108","other female genital disorders"
"8_9","ICD-9-CM to ICDA-8","SapBERT","615","no reference match",858,0.253,0.106,-0.047,0.183,0.242,0.318,0.759,"622","infective diseases of uterus except cervix vagina and vulva","inflammatory diseases of uterus except cervix","108","other female genital disorders"
"8_9","ICD-9-CM to ICDA-8","SapBERT","617","no reference match",858,0.242,0.096,-0.041,0.177,0.243,0.311,0.551,"631","ectopic pregnancy","endometriosis","108","other female genital disorders"
"8_9","ICD-9-CM to ICDA-8","SapBERT","618","has a reference match",858,0.247,0.085,0.002,0.192,0.242,0.298,0.81,"623","uterovaginal prolapse","genital prolapse","110","prolapse of female genital organs"
"8_9","ICD-9-CM to ICDA-8","SapBERT","619","no reference match",858,0.13,0.075,-0.04,0.076,0.121,0.172,0.467,"939","foreign body in genitourinary tract","fistula involving female genital tract","108","other female genital disorders"
"8_9","ICD-9-CM to ICDA-8","SapBERT","621","has a reference match",858,0.241,0.119,-0.092,0.16,0.229,0.315,0.848,"625","other diseases of uterus","disorders of uterus not elsewhere classified","108","other female genital disorders"
"8_9","ICD-9-CM to ICDA-8","SapBERT","625","no reference match",858,0.231,0.093,-0.002,0.165,0.225,0.282,0.728,"629","other diseases of female genital organs","pain and other symptoms associated with female genital organs","108","other female genital disorders"
"8_9","ICD-9-CM to ICDA-8","SapBERT","626","has a reference match",858,0.213,0.09,-0.039,0.154,0.207,0.262,0.683,"626","disorders of menstruation","disorders of menstruation and other abnormal bleeding from female genital tract","109","menstrual disorders"
"8_9","ICD-9-CM to ICDA-8","SapBERT","627","has a reference match",858,0.265,0.095,-0.16,0.212,0.27,0.322,0.806,"627","menopausal symptoms","menopausal and postmenopausal disorders","111","menopausal disorders"
"8_9","ICD-9-CM to ICDA-8","SapBERT","628","has a reference match",858,0.216,0.085,-0.083,0.162,0.212,0.262,0.908,"628","sterility female","female infertility","112","female infertility"
"8_9","ICD-9-CM to ICDA-8","SapBERT","629","has a reference match",858,0.247,0.132,-0.014,0.149,0.22,0.327,0.978,"629","other diseases of female genital organs","other disorders of female genital organs","108","other female genital disorders"
"8_9","ICD-9-CM to ICDA-8","SapBERT","691","has a reference match",858,0.25,0.095,-0.074,0.191,0.251,0.306,0.705,"691","infantile eczema and related conditions","atopic dermatitis and related conditions","113","allergic reactions"
"8_9","ICD-9-CM to ICDA-8","SapBERT","694","has a reference match",858,0.227,0.107,-0.05,0.154,0.223,0.296,0.752,"694","pemphigus","bullous dermatoses","114","other inflammatory condition of skin"
"8_9","ICD-9-CM to ICDA-8","SapBERT","695","has a reference match",858,0.227,0.108,-0.059,0.151,0.222,0.297,1,"695","erythematous conditions","erythematous conditions","114","other inflammatory condition of skin"
"8_9","ICD-9-CM to ICDA-8","SapBERT","696","has a reference match",858,0.245,0.097,-0.065,0.18,0.242,0.306,1,"696","psoriasis and similar disorders","psoriasis and similar disorders","114","other inflammatory condition of skin"
"8_9","ICD-9-CM to ICDA-8","SapBERT","701","has a reference match",858,0.265,0.099,0.038,0.194,0.255,0.329,1,"701","other hypertrophic and atrophic conditions of skin","other hypertrophic and atrophic conditions of skin","115","other skin disorders"
"8_9","ICD-9-CM to ICDA-8","SapBERT","705","has a reference match",858,0.234,0.105,-0.015,0.159,0.223,0.298,1,"705","diseases of sweat glands","diseases of sweat glands","115","other skin disorders"
"8_9","ICD-9-CM to ICDA-8","SapBERT","707","has a reference match",858,0.207,0.086,-0.026,0.155,0.202,0.253,1,"707","chronic ulcer of skin","chronic ulcer of skin","116","chronic ulcer of skin"
"8_9","ICD-9-CM to ICDA-8","SapBERT","710","has a reference match",858,0.25,0.1,-0.059,0.185,0.251,0.312,1,"734","diffuse diseases of connective tissue","diffuse diseases of connective tissue","117","systemic lupus erythematosus and connective tissue disorders"
"8_9","ICD-9-CM to ICDA-8","SapBERT","712","no reference match",858,0.256,0.085,-0.008,0.196,0.254,0.311,0.578,"713","osteoarthritis and allied conditions","crystal arthropathies","37","gout and other crystal arthropathies"
"8_9","ICD-9-CM to ICDA-8","SapBERT","713","no reference match",858,0.244,0.119,-0.023,0.161,0.224,0.314,0.795,"729","other diseases of joint","arthropathy associated with other disorders classified elsewhere","118","joint disorders"
"8_9","ICD-9-CM to ICDA-8","SapBERT","714","has a reference match",858,0.247,0.097,-0.015,0.19,0.238,0.298,0.82,"712","rheumatoid arthritis and allied conditions","rheumatoid arthritis and other inflammatory polyarthropathies","119","rheumatoid arthritis and related disease"
"8_9","ICD-9-CM to ICDA-8","SapBERT","715","has a reference match",858,0.282,0.091,-0.012,0.227,0.278,0.329,0.928,"713","osteoarthritis and allied conditions","osteoarthrosis and allied disorders","120","osteoarthritis"
"8_9","ICD-9-CM to ICDA-8","SapBERT","716","has a reference match",858,0.244,0.12,-0.031,0.162,0.224,0.315,0.844,"729","other diseases of joint","other and unspecified arthropathies","118","joint disorders"
"8_9","ICD-9-CM to ICDA-8","SapBERT","717","has a reference match",858,0.213,0.086,-0.014,0.159,0.21,0.259,0.837,"724","internal derangement of joint","internal derangement of knee","118","joint disorders"
"8_9","ICD-9-CM to ICDA-8","SapBERT","718","has a reference match",858,0.234,0.107,-0.024,0.155,0.217,0.3,0.768,"724","internal derangement of joint","other derangement of joint","118","joint disorders"
"8_9","ICD-9-CM to ICDA-8","SapBERT","719","has a reference match",858,0.234,0.128,-0.032,0.146,0.212,0.305,0.953,"729","other diseases of joint","other and unspecified disorders of joint","118","joint disorders"
"8_9","ICD-9-CM to ICDA-8","SapBERT","720","no reference match",858,0.26,0.097,0.007,0.198,0.261,0.321,0.576,"727","ankylosis of joint","ankylosing spondylitis and other inflammatory spondylopathies","121","spondylosis intervertebral disc disorders other back problems"
"8_9","ICD-9-CM to ICDA-8","SapBERT","721","no reference match",858,0.264,0.094,-0.021,0.204,0.268,0.324,0.566,"728","vertebrogenic pain syndrome","spondylosis and allied disorders","121","spondylosis intervertebral disc disorders other back problems"
"8_9","ICD-9-CM to ICDA-8","SapBERT","722","has a reference match",858,0.2,0.103,-0.159,0.132,0.2,0.268,0.805,"725","displacement of intervertebral disc","intervertebral disc disorders","121","spondylosis intervertebral disc disorders other back problems"
"8_9","ICD-9-CM to ICDA-8","SapBERT","730","has a reference match",858,0.253,0.094,0.037,0.192,0.244,0.308,0.927,"720","osteomyelitis and periostitis","osteomyelitis periostitis and other infections involving bone","122","infective arthritis and osteomyelitis"
"8_9","ICD-9-CM to ICDA-8","SapBERT","731","has a reference match",858,0.269,0.104,-0.014,0.199,0.252,0.336,0.73,"723","other diseases of bone","osteitis deformans and osteopathies associated with other disorders classified elsewhere","123","osteoporosis and other bone disease"
"8_9","ICD-9-CM to ICDA-8","SapBERT","732","has a reference match",858,0.269,0.094,-0.044,0.208,0.269,0.329,0.868,"722","osteochondrosis","osteochondropathies","123","osteoporosis and other bone disease"
"8_9","ICD-9-CM to ICDA-8","SapBERT","733","has a reference match",858,0.268,0.124,-0.02,0.175,0.24,0.341,0.829,"723","other diseases of bone","other disorders of bone and cartilage","123","osteoporosis and other bone disease"
"8_9","ICD-9-CM to ICDA-8","SapBERT","735","has a reference match",858,0.162,0.073,-0.043,0.112,0.154,0.199,0.514,"754","clubfoot congenital","acquired deformities of toe","124","acquired foot deformities"
"8_9","ICD-9-CM to ICDA-8","SapBERT","737","has a reference match",858,0.187,0.092,-0.065,0.121,0.186,0.25,1,"735","curvature of spine","curvature of spine","125","other acquired deformities"
"8_9","ICD-9-CM to ICDA-8","SapBERT","740","has a reference match",858,0.246,0.087,0.002,0.185,0.25,0.305,0.767,"740","anencephalus","anencephalus and similar anomalies","126","nervous system congenital anomalies"
"8_9","ICD-9-CM to ICDA-8","SapBERT","741","has a reference match",858,0.235,0.099,0.009,0.167,0.231,0.296,1,"741","spina bifida","spina bifida","126","nervous system congenital anomalies"
"8_9","ICD-9-CM to ICDA-8","SapBERT","742","has a reference match",858,0.221,0.12,-0.038,0.139,0.195,0.292,1,"743","other congenital anomalies of nervous system","other congenital anomalies of nervous system","126","nervous system congenital anomalies"
"8_9","ICD-9-CM to ICDA-8","SapBERT","743","has a reference match",858,0.138,0.098,-0.114,0.076,0.129,0.181,1,"744","congenital anomalies of eye","congenital anomalies of eye","127","other congenital anomalies"
"8_9","ICD-9-CM to ICDA-8","SapBERT","744","has a reference match",858,0.213,0.082,-0.019,0.166,0.206,0.253,1,"745","congenital anomalies of ear face and neck","congenital anomalies of ear face and neck","127","other congenital anomalies"
"8_9","ICD-9-CM to ICDA-8","SapBERT","745","no reference match",858,0.247,0.083,-0.032,0.191,0.245,0.3,0.526,"745","congenital anomalies of ear face and neck","bulbus cordis anomalies and anomalies of cardiac septal closure","128","cardiac and circulatory congenital anomalies"
"8_9","ICD-9-CM to ICDA-8","SapBERT","746","has a reference match",858,0.231,0.111,-0.036,0.153,0.208,0.293,0.795,"746","congenital anomalies of heart","other congenital anomalies of heart","128","cardiac and circulatory congenital anomalies"
"8_9","ICD-9-CM to ICDA-8","SapBERT","747","has a reference match",858,0.236,0.114,-0.029,0.154,0.213,0.308,1,"747","other congenital anomalies of circulatory system","other congenital anomalies of circulatory system","128","cardiac and circulatory congenital anomalies"
"8_9","ICD-9-CM to ICDA-8","SapBERT","748","has a reference match",858,0.173,0.103,-0.097,0.11,0.163,0.223,1,"748","congenital anomalies of respiratory system","congenital anomalies of respiratory system","127","other congenital anomalies"
"8_9","ICD-9-CM to ICDA-8","SapBERT","749","has a reference match",858,0.24,0.081,0.039,0.184,0.241,0.29,1,"749","cleft palate and cleft lip","cleft palate and cleft lip","127","other congenital anomalies"
"8_9","ICD-9-CM to ICDA-8","SapBERT","750","has a reference match",858,0.244,0.115,0.001,0.157,0.224,0.321,1,"750","other congenital anomalies of upper alimentary tract","other congenital anomalies of upper alimentary tract","129","digestive congenital anomalies"
"8_9","ICD-9-CM to ICDA-8","SapBERT","751","has a reference match",858,0.22,0.126,-0.03,0.13,0.191,0.301,1,"751","other congenital anomalies of digestive system","other congenital anomalies of digestive system","129","digestive congenital anomalies"
"8_9","ICD-9-CM to ICDA-8","SapBERT","752","has a reference match",858,0.171,0.094,-0.055,0.114,0.162,0.213,1,"752","congenital anomalies of genital organs","congenital anomalies of genital organs","130","genitourinary congenital anomalies"
"8_9","ICD-9-CM to ICDA-8","SapBERT","753","has a reference match",858,0.17,0.093,-0.014,0.112,0.159,0.212,1,"753","congenital anomalies of urinary system","congenital anomalies of urinary system","130","genitourinary congenital anomalies"
"8_9","ICD-9-CM to ICDA-8","SapBERT","754","has a reference match",858,0.203,0.094,-0.05,0.143,0.188,0.245,0.726,"738","other deformities","certain congenital musculoskeletal deformities","127","other congenital anomalies"
"8_9","ICD-9-CM to ICDA-8","SapBERT","755","has a reference match",858,0.259,0.102,-0.007,0.189,0.244,0.32,1,"755","other congenital anomalies of limbs","other congenital anomalies of limbs","127","other congenital anomalies"
"8_9","ICD-9-CM to ICDA-8","SapBERT","756","has a reference match",858,0.265,0.113,0.034,0.185,0.237,0.335,0.975,"756","other congenital anomalies of musculoskeletal system","other congenital musculoskeletal anomalies","127","other congenital anomalies"
"8_9","ICD-9-CM to ICDA-8","SapBERT","757","has a reference match",858,0.161,0.093,-0.048,0.102,0.149,0.203,0.713,"757","congenital anomalies of skin hair and nails","congenital anomalies of the integument","127","other congenital anomalies"
"8_9","ICD-9-CM to ICDA-8","SapBERT","758","has a reference match",858,0.176,0.083,-0.098,0.12,0.174,0.224,0.555,"758","other and unspecified congenital anomalies","chromosomal anomalies","127","other congenital anomalies"
"8_9","ICD-9-CM to ICDA-8","SapBERT","759","has a reference match",858,0.253,0.122,-0.037,0.171,0.228,0.329,1,"758","other and unspecified congenital anomalies","other and unspecified congenital anomalies","127","other congenital anomalies"
"8_9","ICD-9-CM to ICDA-8","mpnet","140","has a reference match",858,0.181,0.15,-0.08,0.087,0.143,0.23,1,"140","malignant neoplasm of lip","malignant neoplasm of lip","1","cancer of head and neck"
"8_9","ICD-9-CM to ICDA-8","mpnet","141","has a reference match",858,0.191,0.154,-0.094,0.092,0.162,0.243,1,"141","malignant neoplasm of tongue","malignant neoplasm of tongue","1","cancer of head and neck"
"8_9","ICD-9-CM to ICDA-8","mpnet","142","has a reference match",858,0.152,0.165,-0.143,0.048,0.115,0.198,0.975,"142","malignant neoplasm of salivary gland","malignant neoplasm of major salivary glands","1","cancer of head and neck"
"8_9","ICD-9-CM to ICDA-8","mpnet","143","has a reference match",858,0.155,0.144,-0.116,0.062,0.122,0.198,1,"143","malignant neoplasm of gum","malignant neoplasm of gum","1","cancer of head and neck"
"8_9","ICD-9-CM to ICDA-8","mpnet","144","has a reference match",858,0.193,0.144,-0.073,0.105,0.166,0.238,1,"144","malignant neoplasm of floor of mouth","malignant neoplasm of floor of mouth","1","cancer of head and neck"
"8_9","ICD-9-CM to ICDA-8","mpnet","145","has a reference match",858,0.18,0.158,-0.088,0.083,0.145,0.226,1,"145","malignant neoplasm of other and unspecified parts of mouth","malignant neoplasm of other and unspecified parts of mouth","1","cancer of head and neck"
"8_9","ICD-9-CM to ICDA-8","mpnet","146","has a reference match",858,0.162,0.161,-0.123,0.063,0.118,0.201,1,"146","malignant neoplasm of oropharynx","malignant neoplasm of oropharynx","1","cancer of head and neck"
"8_9","ICD-9-CM to ICDA-8","mpnet","147","has a reference match",858,0.185,0.146,-0.102,0.088,0.155,0.235,1,"147","malignant neoplasm of nasopharynx","malignant neoplasm of nasopharynx","1","cancer of head and neck"
"8_9","ICD-9-CM to ICDA-8","mpnet","148","has a reference match",858,0.174,0.136,-0.111,0.084,0.148,0.228,1,"148","malignant neoplasm of hypopharynx","malignant neoplasm of hypopharynx","1","cancer of head and neck"
"8_9","ICD-9-CM to ICDA-8","mpnet","149","has a reference match",858,0.166,0.155,-0.096,0.061,0.132,0.215,0.846,"145","malignant neoplasm of other and unspecified parts of mouth","malignant neoplasm of other and illdefined sites within the lip oral cavity and pharynx","1","cancer of head and neck"
"8_9","ICD-9-CM to ICDA-8","mpnet","150","has a reference match",858,0.152,0.156,-0.099,0.057,0.113,0.182,1,"150","malignant neoplasm of esophagus","malignant neoplasm of esophagus","2","cancer of esophagus"
"8_9","ICD-9-CM to ICDA-8","mpnet","151","has a reference match",858,0.177,0.166,-0.096,0.073,0.132,0.209,1,"151","malignant neoplasm of stomach","malignant neoplasm of stomach","3","cancer of stomach"
"8_9","ICD-9-CM to ICDA-8","mpnet","152","has a reference match",858,0.141,0.157,-0.105,0.052,0.092,0.166,1,"152","malignant neoplasm of small intestine including duodenum","malignant neoplasm of small intestine including duodenum","4","cancer of other gi organs peritoneum"
"8_9","ICD-9-CM to ICDA-8","mpnet","153","has a reference match",858,0.174,0.151,-0.101,0.078,0.133,0.213,0.795,"151","malignant neoplasm of stomach","malignant neoplasm of colon","5","colon cancer"
"8_9","ICD-9-CM to ICDA-8","mpnet","154","has a reference match",858,0.168,0.132,-0.072,0.083,0.141,0.207,0.972,"154","malignant neoplasm of rectum and rectosigmoid junction","malignant neoplasm of rectum rectosigmoid junction and anus","6","cancer of rectum and anus"
"8_9","ICD-9-CM to ICDA-8","mpnet","155","has a reference match",858,0.149,0.15,-0.103,0.055,0.11,0.187,0.956,"155","malignant neoplasm of liver and intrahepatic bile ducts specified as primary","malignant neoplasm of liver and intrahepatic bile ducts","7","cancer of liver and intrahepatic bile duct"
"8_9","ICD-9-CM to ICDA-8","mpnet","156","has a reference match",858,0.132,0.147,-0.122,0.035,0.095,0.177,0.95,"156","malignant neoplasm of gallbladder and bile ducts","malignant neoplasm of gallbladder and extrahepatic bile ducts","4","cancer of other gi organs peritoneum"
"8_9","ICD-9-CM to ICDA-8","mpnet","157","has a reference match",858,0.156,0.153,-0.073,0.064,0.117,0.183,1,"157","malignant neoplasm of pancreas","malignant neoplasm of pancreas","8","pancreas cancer"
"8_9","ICD-9-CM to ICDA-8","mpnet","158","has a reference match",858,0.148,0.143,-0.095,0.054,0.109,0.195,0.978,"158","malignant neoplasm of peritoneum and retroperitoneal tissue","malignant neoplasm of retroperitoneum and peritoneum","4","cancer of other gi organs peritoneum"
"8_9","ICD-9-CM to ICDA-8","mpnet","159","has a reference match",858,0.189,0.165,-0.101,0.081,0.147,0.241,0.853,"159","malignant neoplasm of unspecified digestive organs","malignant neoplasm of other and illdefined sites within the digestive organs and peritoneum","4","cancer of other gi organs peritoneum"
"8_9","ICD-9-CM to ICDA-8","mpnet","160","has a reference match",858,0.162,0.15,-0.089,0.062,0.128,0.208,0.989,"160","malignant neoplasm of nose nasal cavities middle ear and accessory sinuses","malignant neoplasm of nasal cavities middle ear and accessory sinuses","1","cancer of head and neck"
"8_9","ICD-9-CM to ICDA-8","mpnet","161","has a reference match",858,0.186,0.154,-0.081,0.091,0.152,0.224,1,"161","malignant neoplasm of larynx","malignant neoplasm of larynx","1","cancer of head and neck"
"8_9","ICD-9-CM to ICDA-8","mpnet","162","has a reference match",858,0.166,0.157,-0.098,0.071,0.123,0.199,1,"162","malignant neoplasm of trachea bronchus and lung","malignant neoplasm of trachea bronchus and lung","9","lung and other respiratory cancer"
"8_9","ICD-9-CM to ICDA-8","mpnet","163","has a reference match",858,0.18,0.139,-0.065,0.097,0.151,0.214,0.696,"162","malignant neoplasm of trachea bronchus and lung","malignant neoplasm of pleura","9","lung and other respiratory cancer"
"8_9","ICD-9-CM to ICDA-8","mpnet","164","no reference match",858,0.174,0.125,-0.058,0.09,0.146,0.217,0.658,"193","malignant neoplasm of thyroid gland","malignant neoplasm of thymus heart and mediastinum","10","other cancers"
"8_9","ICD-9-CM to ICDA-8","mpnet","165","no reference match",858,0.189,0.157,-0.079,0.088,0.149,0.232,0.898,"163","malignant neoplasm of other and unspecified respiratory organs","malignant neoplasm of other and illdefined sites within the respiratory system and intrathoracic organs","9","lung and other respiratory cancer"
"8_9","ICD-9-CM to ICDA-8","mpnet","170","has a reference match",858,0.17,0.146,-0.122,0.069,0.143,0.22,0.883,"213","benign neoplasm of bone and cartilage","malignant neoplasm of bone and articular cartilage","11","cancer of bone and connective tissue"
"8_9","ICD-9-CM to ICDA-8","mpnet","171","has a reference match",858,0.199,0.153,-0.093,0.096,0.174,0.248,1,"171","malignant neoplasm of connective and other soft tissue","malignant neoplasm of connective and other soft tissue","11","cancer of bone and connective tissue"
"8_9","ICD-9-CM to ICDA-8","mpnet","172","has a reference match",858,0.221,0.129,-0.055,0.134,0.201,0.275,1,"172","malignant melanoma of skin","malignant melanoma of skin","12","skin melanoma"
"8_9","ICD-9-CM to ICDA-8","mpnet","174","has a reference match",858,0.156,0.154,-0.075,0.072,0.116,0.177,0.959,"174","malignant neoplasm of breast","malignant neoplasm of female breast","13","breast cancer"
"8_9","ICD-9-CM to ICDA-8","mpnet","175","no reference match",858,0.156,0.151,-0.102,0.07,0.119,0.18,0.867,"174","malignant neoplasm of breast","malignant neoplasm of male breast","13","breast cancer"
"8_9","ICD-9-CM to ICDA-8","mpnet","176","no reference match",858,0.241,0.104,-0.069,0.172,0.231,0.306,0.532,"135","sarcoidosis","kaposis sarcoma","10","other cancers"
"8_9","ICD-9-CM to ICDA-8","mpnet","179","no reference match",858,0.178,0.166,-0.067,0.076,0.127,0.219,0.942,"234","neoplasm of unspecified nature of uterus","malignant neoplasm of uterus part unspecified","14","uterus cancer"
"8_9","ICD-9-CM to ICDA-8","mpnet","180","has a reference match",858,0.16,0.15,-0.096,0.064,0.126,0.204,1,"180","malignant neoplasm of cervix uteri","malignant neoplasm of cervix uteri","15","cervix cancer"
"8_9","ICD-9-CM to ICDA-8","mpnet","181","has a reference match",858,0.17,0.144,-0.064,0.079,0.128,0.214,0.736,"182","other malignant neoplasm of uterus","malignant neoplasm of placenta","16","cancer of other female genital organs"
"8_9","ICD-9-CM to ICDA-8","mpnet","182","has a reference match",858,0.173,0.166,-0.062,0.068,0.124,0.211,0.913,"234","neoplasm of unspecified nature of uterus","malignant neoplasm of body of uterus","14","uterus cancer"
"8_9","ICD-9-CM to ICDA-8","mpnet","183","has a reference match",858,0.153,0.147,-0.092,0.057,0.119,0.19,0.789,"220","benign neoplasm of ovary","malignant neoplasm of ovary and other uterine adnexa","16","cancer of other female genital organs"
"8_9","ICD-9-CM to ICDA-8","mpnet","184","has a reference match",858,0.193,0.164,-0.069,0.086,0.158,0.234,1,"184","malignant neoplasm of other and unspecified female genital organs","malignant neoplasm of other and unspecified female genital organs","16","cancer of other female genital organs"
"8_9","ICD-9-CM to ICDA-8","mpnet","185","has a reference match",858,0.15,0.15,-0.096,0.062,0.112,0.175,1,"185","malignant neoplasm of prostate","malignant neoplasm of prostate","17","prostate cancer"
"8_9","ICD-9-CM to ICDA-8","mpnet","186","has a reference match",858,0.171,0.146,-0.07,0.081,0.137,0.2,1,"186","malignant neoplasm of testis","malignant neoplasm of testis","18","testis cancer"
"8_9","ICD-9-CM to ICDA-8","mpnet","187","has a reference match",858,0.185,0.153,-0.083,0.092,0.144,0.217,0.941,"187","malignant neoplasm of other and unspecified male genital organs","malignant neoplasm of penis and other male genital organs","19","cancer of other male genital organs"
"8_9","ICD-9-CM to ICDA-8","mpnet","188","has a reference match",858,0.151,0.148,-0.086,0.059,0.111,0.18,1,"188","malignant neoplasm of bladder","malignant neoplasm of bladder","20","bladder cancer"
"8_9","ICD-9-CM to ICDA-8","mpnet","189","has a reference match",858,0.171,0.161,-0.088,0.073,0.129,0.202,0.929,"189","malignant neoplasm of other and unspecified urinary organs","malignant neoplasm of kidney and other and unspecified urinary organs","21","cancer of kidney and other urinary organs"
"8_9","ICD-9-CM to ICDA-8","mpnet","190","has a reference match",858,0.167,0.151,-0.079,0.078,0.125,0.196,1,"190","malignant neoplasm of eye","malignant neoplasm of eye","10","other cancers"
"8_9","ICD-9-CM to ICDA-8","mpnet","191","has a reference match",858,0.187,0.15,-0.076,0.096,0.153,0.217,1,"191","malignant neoplasm of brain","malignant neoplasm of brain","22","cancer of brain and nervous system"
"8_9","ICD-9-CM to ICDA-8","mpnet","192","has a reference match",858,0.199,0.153,-0.097,0.099,0.165,0.246,0.977,"192","malignant neoplasm of other parts of nervous system","malignant neoplasm of other and unspecified parts of nervous system","22","cancer of brain and nervous system"
"8_9","ICD-9-CM to ICDA-8","mpnet","193","has a reference match",858,0.146,0.146,-0.075,0.061,0.105,0.168,1,"193","malignant neoplasm of thyroid gland","malignant neoplasm of thyroid gland","23","thyroid cancer"
"8_9","ICD-9-CM to ICDA-8","mpnet","194","has a reference match",858,0.148,0.162,-0.091,0.045,0.105,0.179,0.974,"194","malignant neoplasm of other endocrine glands","malignant neoplasm of other endocrine glands and related structures","10","other cancers"
"8_9","ICD-9-CM to ICDA-8","mpnet","195","has a reference match",858,0.192,0.164,-0.063,0.091,0.147,0.233,0.972,"195","malignant neoplasm of illdefined sites","malignant neoplasm of other and illdefined sites","10","other cancers"
"8_9","ICD-9-CM to ICDA-8","mpnet","196","has a reference match",858,0.197,0.149,-0.088,0.101,0.166,0.236,1,"196","secondary and unspecified malignant neoplasm of lymph nodes","secondary and unspecified malignant neoplasm of lymph nodes","24","secondary malignancy"
"8_9","ICD-9-CM to ICDA-8","mpnet","197","has a reference match",858,0.175,0.159,-0.105,0.073,0.138,0.221,1,"197","secondary malignant neoplasm of respiratory and digestive systems","secondary malignant neoplasm of respiratory and digestive systems","24","secondary malignancy"
"8_9","ICD-9-CM to ICDA-8","mpnet","198","has a reference match",858,0.179,0.159,-0.086,0.081,0.14,0.219,0.893,"198","other secondary malignant neoplasm","secondary malignant neoplasm of other specified sites","24","secondary malignancy"
"8_9","ICD-9-CM to ICDA-8","mpnet","199","has a reference match",858,0.177,0.155,-0.091,0.082,0.141,0.207,1,"199","malignant neoplasm without specification of site","malignant neoplasm without specification of site","25","malignant neoplasm without specification of site"
"8_9","ICD-9-CM to ICDA-8","mpnet","200","has a reference match",858,0.174,0.13,-0.059,0.091,0.146,0.212,0.903,"200","lymphosarcoma and reticulumcell sarcoma","lymphosarcoma and reticulosarcoma and other specified malignant tumors of lymphatic tissue","26","nonhodgkins lymphoma"
"8_9","ICD-9-CM to ICDA-8","mpnet","201","has a reference match",858,0.223,0.098,-0.032,0.152,0.221,0.289,1,"201","hodgkins disease","hodgkins disease","27","hodgkins disease"
"8_9","ICD-9-CM to ICDA-8","mpnet","202","has a reference match",858,0.211,0.15,-0.057,0.11,0.179,0.259,0.916,"202","other neoplasms of lymphoid tissue","other malignant neoplasms of lymphoid and histiocytic tissue","26","nonhodgkins lymphoma"
"8_9","ICD-9-CM to ICDA-8","mpnet","203","has a reference match",858,0.164,0.116,-0.053,0.086,0.137,0.215,0.835,"203","multiple myeloma","multiple myeloma and immunoproliferative neoplasms","28","multiple myeloma and leukemias"
"8_9","ICD-9-CM to ICDA-8","mpnet","204","has a reference match",858,0.194,0.094,-0.061,0.135,0.184,0.243,0.902,"204","lymphatic leukemia","lymphoid leukemia","28","multiple myeloma and leukemias"
"8_9","ICD-9-CM to ICDA-8","mpnet","205","has a reference match",858,0.191,0.091,-0.039,0.139,0.18,0.236,1,"205","myeloid leukemia","myeloid leukemia","28","multiple myeloma and leukemias"
"8_9","ICD-9-CM to ICDA-8","mpnet","206","has a reference match",858,0.171,0.097,-0.043,0.11,0.156,0.22,1,"206","monocytic leukemia","monocytic leukemia","28","multiple myeloma and leukemias"
"8_9","ICD-9-CM to ICDA-8","mpnet","207","has a reference match",858,0.207,0.099,-0.045,0.139,0.194,0.262,0.889,"207","other and unspecified leukemia","other specified leukemia","28","multiple myeloma and leukemias"
"8_9","ICD-9-CM to ICDA-8","mpnet","208","has a reference match",858,0.222,0.111,-0.044,0.151,0.204,0.271,0.857,"207","other and unspecified leukemia","leukemia of unspecified cell type","28","multiple myeloma and leukemias"
"8_9","ICD-9-CM to ICDA-8","mpnet","209","has a reference match",858,0.164,0.12,-0.091,0.081,0.144,0.222,0.725,"226","benign neoplasm of endocrine glands","neuroendocrine tumors","10","other cancers"
"8_9","ICD-9-CM to ICDA-8","mpnet","225","has a reference match",858,0.202,0.15,-0.083,0.107,0.17,0.256,0.989,"225","benign neoplasm of brain and other parts of nervous","benign neoplasm of brain and other parts of nervous system","29","other and unspecified benign neoplasm"
"8_9","ICD-9-CM to ICDA-8","mpnet","230","no reference match",858,0.175,0.146,-0.084,0.078,0.137,0.228,0.829,"159","malignant neoplasm of unspecified digestive organs","carcinoma in situ of digestive organs","4","cancer of other gi organs peritoneum"
"8_9","ICD-9-CM to ICDA-8","mpnet","231","no reference match",858,0.174,0.142,-0.071,0.079,0.141,0.223,0.847,"163","malignant neoplasm of other and unspecified respiratory organs","carcinoma in situ of respiratory system","9","lung and other respiratory cancer"
"8_9","ICD-9-CM to ICDA-8","mpnet","233","no reference match",858,0.152,0.13,-0.103,0.072,0.126,0.195,0.669,"237","neoplasm of unspecified nature of other genitourinary organs","carcinoma in situ of breast and genitourinary system","10","other cancers"
"8_9","ICD-9-CM to ICDA-8","mpnet","234","no reference match",858,0.175,0.136,-0.063,0.087,0.148,0.22,0.799,"195","malignant neoplasm of illdefined sites","carcinoma in situ of other and unspecified sites","10","other cancers"
"8_9","ICD-9-CM to ICDA-8","mpnet","237","no reference match",858,0.138,0.139,-0.12,0.049,0.099,0.18,0.781,"226","benign neoplasm of endocrine glands","neoplasm of uncertain behavior of endocrine glands and nervous system","30","neoplasms of unspecified nature"
"8_9","ICD-9-CM to ICDA-8","mpnet","238","no reference match",858,0.197,0.149,-0.048,0.107,0.163,0.239,0.817,"239","neoplasm of unspecified nature of other and unspecified organs","neoplasm of uncertain behavior of other and unspecified sites and tissues","30","neoplasms of unspecified nature"
"8_9","ICD-9-CM to ICDA-8","mpnet","239","has a reference match",858,0.24,0.159,-0.073,0.137,0.21,0.294,0.89,"239","neoplasm of unspecified nature of other and unspecified organs","neoplasms of unspecified nature","30","neoplasms of unspecified nature"
"8_9","ICD-9-CM to ICDA-8","mpnet","240","has a reference match",858,0.15,0.07,-0.026,0.109,0.147,0.186,0.859,"240","simple goiter","simple and unspecified goiter","31","thyroid disorders"
"8_9","ICD-9-CM to ICDA-8","mpnet","241","has a reference match",858,0.195,0.079,-0.04,0.147,0.193,0.244,1,"241","nontoxic nodular goiter","nontoxic nodular goiter","31","thyroid disorders"
"8_9","ICD-9-CM to ICDA-8","mpnet","242","has a reference match",858,0.185,0.091,-0.055,0.127,0.182,0.239,1,"242","thyrotoxicosis with or without goiter","thyrotoxicosis with or without goiter","31","thyroid disorders"
"8_9","ICD-9-CM to ICDA-8","mpnet","243","has a reference match",858,0.152,0.099,-0.037,0.085,0.135,0.194,0.601,"246","other diseases of thyroid gland","congenital hypothyroidism","31","thyroid disorders"
"8_9","ICD-9-CM to ICDA-8","mpnet","244","has a reference match",858,0.164,0.086,-0.024,0.109,0.154,0.205,0.661,"246","other diseases of thyroid gland","acquired hypothyroidism","31","thyroid disorders"
"8_9","ICD-9-CM to ICDA-8","mpnet","245","has a reference match",858,0.219,0.111,-0.03,0.142,0.216,0.287,1,"245","thyroiditis","thyroiditis","31","thyroid disorders"
"8_9","ICD-9-CM to ICDA-8","mpnet","246","has a reference match",858,0.211,0.111,-0.043,0.132,0.196,0.273,0.933,"246","other diseases of thyroid gland","other disorders of thyroid","31","thyroid disorders"
"8_9","ICD-9-CM to ICDA-8","mpnet","249","no reference match",858,0.205,0.087,-0.01,0.143,0.205,0.261,0.786,"250","diabetes mellitus","secondary diabetes mellitus","32","diabetes mellitus"
"8_9","ICD-9-CM to ICDA-8","mpnet","250","has a reference match",858,0.228,0.106,-0.014,0.147,0.222,0.299,1,"250","diabetes mellitus","diabetes mellitus","32","diabetes mellitus"
"8_9","ICD-9-CM to ICDA-8","mpnet","251","has a reference match",858,0.174,0.102,-0.052,0.102,0.169,0.234,0.743,"252","diseases of parathyroid gland","other disorders of pancreatic internal secretiondisorders of parathyroid gland","33","other endocrine disorders"
"8_9","ICD-9-CM to ICDA-8","mpnet","252","has a reference match",858,0.195,0.104,-0.044,0.129,0.186,0.252,0.975,"252","diseases of parathyroid gland","disorders of parathyroid gland","33","other endocrine disorders"
"8_9","ICD-9-CM to ICDA-8","mpnet","253","has a reference match",858,0.159,0.091,-0.04,0.094,0.146,0.203,0.851,"253","diseases of pituitary gland","disorders of the pituitary gland and its hypothalamic control","33","other endocrine disorders"
"8_9","ICD-9-CM to ICDA-8","mpnet","254","has a reference match",858,0.22,0.105,-0.046,0.143,0.216,0.286,1,"254","diseases of thymus gland","diseases of thymus gland","33","other endocrine disorders"
"8_9","ICD-9-CM to ICDA-8","mpnet","255","has a reference match",858,0.194,0.104,-0.047,0.122,0.185,0.252,0.971,"255","diseases of adrenal glands","disorders of adrenal glands","33","other endocrine disorders"
"8_9","ICD-9-CM to ICDA-8","mpnet","256","has a reference match",858,0.156,0.098,-0.06,0.089,0.145,0.212,1,"256","ovarian dysfunction","ovarian dysfunction","33","other endocrine disorders"
"8_9","ICD-9-CM to ICDA-8","mpnet","257","has a reference match",858,0.182,0.09,-0.062,0.122,0.176,0.235,1,"257","testicular dysfunction","testicular dysfunction","33","other endocrine disorders"
"8_9","ICD-9-CM to ICDA-8","mpnet","258","has a reference match",858,0.189,0.096,-0.057,0.119,0.175,0.251,0.813,"258","polyglandular dysfunction and other diseases of endocrine glands","polyglandular dysfunction and related disorders","33","other endocrine disorders"
"8_9","ICD-9-CM to ICDA-8","mpnet","259","no reference match",858,0.218,0.119,-0.024,0.134,0.197,0.29,0.657,"277","obesity not specified as of endocrine origin","other endocrine disorders","33","other endocrine disorders"
"8_9","ICD-9-CM to ICDA-8","mpnet","260","has a reference match",858,0.068,0.059,-0.093,0.026,0.062,0.104,0.295,"51",NA,"kwashiorkor","34","nutritional deficiencies"
"8_9","ICD-9-CM to ICDA-8","mpnet","261","has a reference match",858,0.118,0.078,-0.066,0.067,0.105,0.157,1,"268","nutritional marasmus","nutritional marasmus","34","nutritional deficiencies"
"8_9","ICD-9-CM to ICDA-8","mpnet","262","has a reference match",858,0.179,0.094,-0.047,0.118,0.168,0.229,0.807,"267","protein malnutrition","other severe proteincalorie malnutrition","34","nutritional deficiencies"
"8_9","ICD-9-CM to ICDA-8","mpnet","263","no reference match",858,0.2,0.094,-0.018,0.139,0.191,0.246,0.845,"267","protein malnutrition","other and unspecified proteincalorie malnutrition","34","nutritional deficiencies"
"8_9","ICD-9-CM to ICDA-8","mpnet","268","has a reference match",858,0.164,0.103,-0.044,0.096,0.152,0.222,1,"265","vitamin d deficiency","vitamin d deficiency","34","nutritional deficiencies"
"8_9","ICD-9-CM to ICDA-8","mpnet","270","has a reference match",858,0.146,0.091,-0.051,0.081,0.138,0.201,0.816,"270","congenital disorders of aminoacid metabolism","disorders of aminoacid transport and metabolism","35","other nutritional endocrine immunity and metabolic disorders"
"8_9","ICD-9-CM to ICDA-8","mpnet","271","has a reference match",858,0.182,0.1,-0.023,0.11,0.166,0.243,0.747,"271","congenital disorders of carbohydrate metabolism","disorders of carbohydrate transport and metabolism","35","other nutritional endocrine immunity and metabolic disorders"
"8_9","ICD-9-CM to ICDA-8","mpnet","272","has a reference match",858,0.178,0.103,-0.04,0.104,0.16,0.243,0.79,"272","congenital disorders of lipid metabolism","disorders of lipoid metabolism","36","disorders of lipid metabolism"
"8_9","ICD-9-CM to ICDA-8","mpnet","273","has a reference match",858,0.183,0.103,-0.034,0.109,0.17,0.24,0.824,"275","plasma protein abnormalities","disorders of plasma protein metabolism","35","other nutritional endocrine immunity and metabolic disorders"
"8_9","ICD-9-CM to ICDA-8","mpnet","274","has a reference match",858,0.215,0.109,-0.053,0.139,0.217,0.285,1,"274","gout","gout","37","gout and other crystal arthropathies"
"8_9","ICD-9-CM to ICDA-8","mpnet","275","has a reference match",858,0.205,0.102,-0.018,0.134,0.19,0.261,0.654,"273","other and unspecified congenital disorders of metabolism","disorders of mineral metabolism","35","other nutritional endocrine immunity and metabolic disorders"
"8_9","ICD-9-CM to ICDA-8","mpnet","277","has a reference match",858,0.24,0.113,0.003,0.159,0.228,0.311,0.86,"273","other and unspecified congenital disorders of metabolism","other and unspecified disorders of metabolism","35","other nutritional endocrine immunity and metabolic disorders"
"8_9","ICD-9-CM to ICDA-8","mpnet","278","has a reference match",858,0.179,0.095,-0.033,0.113,0.167,0.234,0.637,"278","other hyperalimentation","overweight obesity and other hyperalimentation","35","other nutritional endocrine immunity and metabolic disorders"
"8_9","ICD-9-CM to ICDA-8","mpnet","279","has a reference match",858,0.266,0.117,-0.029,0.173,0.264,0.358,0.579,"695","erythematous conditions","disorders involving the immune mechanism","35","other nutritional endocrine immunity and metabolic disorders"
"8_9","ICD-9-CM to ICDA-8","mpnet","280","has a reference match",858,0.157,0.102,-0.083,0.098,0.149,0.199,1,"280","iron deficiency anemias","iron deficiency anemias","38","anemia"
"8_9","ICD-9-CM to ICDA-8","mpnet","282","has a reference match",858,0.156,0.108,-0.086,0.087,0.14,0.204,1,"282","hereditary hemolytic anemias","hereditary hemolytic anemias","38","anemia"
"8_9","ICD-9-CM to ICDA-8","mpnet","283","has a reference match",858,0.204,0.111,-0.066,0.132,0.197,0.265,1,"283","acquired hemolytic anemias","acquired hemolytic anemias","38","anemia"
"8_9","ICD-9-CM to ICDA-8","mpnet","284","has a reference match",858,0.161,0.094,-0.042,0.1,0.153,0.206,0.848,"284","aplastic anemia","aplastic anemia and other bone marrow failure syndromes","38","anemia"
"8_9","ICD-9-CM to ICDA-8","mpnet","285","has a reference match",858,0.23,0.104,0.013,0.165,0.217,0.282,1,"285","other and unspecified anemias","other and unspecified anemias","38","anemia"
"8_9","ICD-9-CM to ICDA-8","mpnet","286","has a reference match",858,0.171,0.09,-0.035,0.112,0.164,0.221,1,"286","coagulation defects","coagulation defects","39","other hematologic conditions"
"8_9","ICD-9-CM to ICDA-8","mpnet","287","has a reference match",858,0.255,0.099,0.008,0.186,0.249,0.312,1,"287","purpura and other hemorrhagic conditions","purpura and other hemorrhagic conditions","39","other hematologic conditions"
"8_9","ICD-9-CM to ICDA-8","mpnet","288","has a reference match",858,0.216,0.106,-0.049,0.138,0.204,0.291,0.652,"289","other diseases of blood and bloodforming organs","diseases of white blood cells","39","other hematologic conditions"
"8_9","ICD-9-CM to ICDA-8","mpnet","289","has a reference match",858,0.295,0.114,-0.018,0.215,0.293,0.363,1,"289","other diseases of blood and bloodforming organs","other diseases of blood and bloodforming organs","39","other hematologic conditions"
"8_9","ICD-9-CM to ICDA-8","mpnet","290","has a reference match",858,0.21,0.106,-0.005,0.131,0.192,0.267,0.68,"290","senile and presenile dementia","dementias","40","delirium dementia and other cognitive disorders"
"8_9","ICD-9-CM to ICDA-8","mpnet","291","has a reference match",858,0.124,0.089,-0.072,0.066,0.11,0.166,0.736,"291","alcoholic psychosis","alcoholinduced mental disorders","41","alcohol and substancerelated disorders"
"8_9","ICD-9-CM to ICDA-8","mpnet","292","has a reference match",858,0.137,0.097,-0.037,0.073,0.121,0.178,0.683,"304","drug dependence","druginduced mental disorders","41","alcohol and substancerelated disorders"
"8_9","ICD-9-CM to ICDA-8","mpnet","294","has a reference match",858,0.14,0.098,-0.054,0.074,0.129,0.189,0.703,"309","mental disorders not specified as psychotic associated with physical conditions","persistent mental disorders due to conditions classified elsewhere","40","delirium dementia and other cognitive disorders"
"8_9","ICD-9-CM to ICDA-8","mpnet","295","has a reference match",858,0.175,0.105,-0.032,0.106,0.163,0.226,0.748,"298","other psychoses","schizophrenic disorders","42","schizophrenia and other psychotic disorders"
"8_9","ICD-9-CM to ICDA-8","mpnet","296","has a reference match",858,0.109,0.089,-0.075,0.053,0.097,0.145,0.695,"296","affective psychoses","episodic mood disorders","43","mood and anxiety disorders"
"8_9","ICD-9-CM to ICDA-8","mpnet","297","has a reference match",858,0.172,0.101,-0.031,0.104,0.156,0.215,0.755,"301","personality disorders","delusional disorders","42","schizophrenia and other psychotic disorders"
"8_9","ICD-9-CM to ICDA-8","mpnet","298","has a reference match",858,0.173,0.109,-0.017,0.095,0.157,0.225,0.856,"298","other psychoses","other nonorganic psychoses","42","schizophrenia and other psychotic disorders"
"8_9","ICD-9-CM to ICDA-8","mpnet","299","has a reference match",858,0.103,0.091,-0.097,0.043,0.084,0.144,0.581,"308","behavior disorders of childhood","pervasive developmental disorders","44","disorders usually diagnosed in infancy childhood or adolescence"
"8_9","ICD-9-CM to ICDA-8","mpnet","300","has a reference match",858,0.124,0.084,-0.083,0.067,0.115,0.162,0.532,"790","nervousness and debility","anxiety dissociative and somatoform disorders","43","mood and anxiety disorders"
"8_9","ICD-9-CM to ICDA-8","mpnet","301","has a reference match",858,0.161,0.105,-0.062,0.093,0.146,0.207,1,"301","personality disorders","personality disorders","45","personality disorders"
"8_9","ICD-9-CM to ICDA-8","mpnet","303","has a reference match",858,0.166,0.084,-0.021,0.111,0.156,0.212,0.7,"291","alcoholic psychosis","alcohol dependence syndrome","41","alcohol and substancerelated disorders"
"8_9","ICD-9-CM to ICDA-8","mpnet","304","has a reference match",858,0.148,0.092,-0.026,0.087,0.135,0.188,1,"304","drug dependence","drug dependence","41","alcohol and substancerelated disorders"
"8_9","ICD-9-CM to ICDA-8","mpnet","305","no reference match",858,0.104,0.074,-0.1,0.056,0.09,0.137,0.7,"304","drug dependence","nondependent abuse of drugs","41","alcohol and substancerelated disorders"
"8_9","ICD-9-CM to ICDA-8","mpnet","306","has a reference match",858,0.198,0.101,-0.01,0.128,0.185,0.252,0.647,"294","psychosis associated with other physical conditions","physiological malfunction arising from mental factors","46","miscellaneous mental health disorders"
"8_9","ICD-9-CM to ICDA-8","mpnet","307","has a reference match",858,0.236,0.108,-0.036,0.16,0.229,0.302,0.914,"306","special symptoms not elsewhere classified","special symptoms or syndromes not elsewhere classified","46","miscellaneous mental health disorders"
"8_9","ICD-9-CM to ICDA-8","mpnet","308","no reference match",858,0.195,0.09,-0.014,0.138,0.196,0.256,0.494,"790","nervousness and debility","acute reaction to stress","43","mood and anxiety disorders"
"8_9","ICD-9-CM to ICDA-8","mpnet","309","has a reference match",858,0.022,0.061,-0.12,-0.019,0.016,0.057,0.292,"724","internal derangement of joint","adjustment reaction","47","adjustment disorders"
"8_9","ICD-9-CM to ICDA-8","mpnet","310","has a reference match",858,0.196,0.111,-0.028,0.122,0.175,0.249,0.677,"347","other diseases of brain","specific nonpsychotic mental disorders due to brain damage","46","miscellaneous mental health disorders"
"8_9","ICD-9-CM to ICDA-8","mpnet","311","has a reference match",858,0.094,0.084,-0.065,0.037,0.082,0.131,0.542,"309","mental disorders not specified as psychotic associated with physical conditions","depressive disorder not elsewhere classified","43","mood and anxiety disorders"
"8_9","ICD-9-CM to ICDA-8","mpnet","312","no reference match",858,0.114,0.064,-0.072,0.071,0.11,0.154,0.493,"307","transient situational disturbances","disturbance of conduct not elsewhere classified","48","attentiondeficit conduct and disruptive behavior disorders"
"8_9","ICD-9-CM to ICDA-8","mpnet","314","has a reference match",858,0.212,0.086,-0.035,0.153,0.206,0.266,0.533,"308","behavior disorders of childhood","hyperkinetic syndrome of childhood","48","attentiondeficit conduct and disruptive behavior disorders"
"8_9","ICD-9-CM to ICDA-8","mpnet","315","no reference match",858,0.05,0.061,-0.109,0.011,0.042,0.077,0.335,"650","delivery without mention of complication","specific delays in development","49","developmental disorders"
"8_9","ICD-9-CM to ICDA-8","mpnet","316","no reference match",858,0.177,0.098,-0.04,0.112,0.167,0.233,0.627,"294","psychosis associated with other physical conditions","psychic factors associated with diseases classified elsewhere","46","miscellaneous mental health disorders"
"8_9","ICD-9-CM to ICDA-8","mpnet","317","has a reference match",858,0.158,0.1,-0.073,0.093,0.146,0.202,0.853,"311","mild mental retardation","mild intellectual disabilities","49","developmental disorders"
"8_9","ICD-9-CM to ICDA-8","mpnet","318","has a reference match",858,0.15,0.103,-0.068,0.081,0.138,0.2,0.674,"315","unspecified mental retardation","other specified intellectual disabilities","49","developmental disorders"
"8_9","ICD-9-CM to ICDA-8","mpnet","319","has a reference match",858,0.206,0.098,0.001,0.141,0.197,0.25,0.897,"315","unspecified mental retardation","unspecified intellectual disabilities","49","developmental disorders"
"8_9","ICD-9-CM to ICDA-8","mpnet","327","no reference match",858,0.132,0.082,-0.048,0.074,0.121,0.184,0.447,"967","adverse effect of other sedatives and hypnotics","organic sleep disorders","50","other nervous system conditions"
"8_9","ICD-9-CM to ICDA-8","mpnet","330","no reference match",858,0.159,0.108,-0.075,0.084,0.152,0.216,0.641,"347","other diseases of brain","cerebral degenerations usually manifest in childhood","50","other nervous system conditions"
"8_9","ICD-9-CM to ICDA-8","mpnet","331","no reference match",858,0.224,0.125,-0.041,0.133,0.208,0.29,0.819,"347","other diseases of brain","other cerebral degenerations","40","delirium dementia and other cognitive disorders"
"8_9","ICD-9-CM to ICDA-8","mpnet","332","has a reference match",858,0.208,0.111,-0.069,0.124,0.191,0.278,0.629,"348","motor neurone disease","parkinsons disease","51","parkinsons disease"
"8_9","ICD-9-CM to ICDA-8","mpnet","333","no reference match",858,0.245,0.097,-0.01,0.178,0.233,0.304,0.604,"341","other demyelinating diseases of central nervous system","other extrapyramidal disease and abnormal movement disorders","50","other nervous system conditions"
"8_9","ICD-9-CM to ICDA-8","mpnet","334","no reference match",858,0.2,0.106,-0.099,0.122,0.192,0.269,0.625,"741","spina bifida","spinocerebellar disease","50","other nervous system conditions"
"8_9","ICD-9-CM to ICDA-8","mpnet","335","no reference match",858,0.225,0.09,-0.062,0.162,0.226,0.284,0.453,"387","other diseases of ear and mastoid process","anterior horn cell disease","50","other nervous system conditions"
"8_9","ICD-9-CM to ICDA-8","mpnet","336","has a reference match",858,0.252,0.118,-0.062,0.174,0.237,0.313,1,"349","other diseases of spinal cord","other diseases of spinal cord","50","other nervous system conditions"
"8_9","ICD-9-CM to ICDA-8","mpnet","337","has a reference match",858,0.205,0.109,-0.021,0.128,0.195,0.266,0.885,"358","diseases of peripheral autonomic nervous system","disorders of the autonomic nervous system","50","other nervous system conditions"
"8_9","ICD-9-CM to ICDA-8","mpnet","338","no reference match",858,0.171,0.086,-0.059,0.11,0.169,0.225,0.511,"306","special symptoms not elsewhere classified","pain not elsewhere classified","50","other nervous system conditions"
"8_9","ICD-9-CM to ICDA-8","mpnet","339","has a reference match",858,0.215,0.103,-0.013,0.139,0.206,0.281,0.621,"356","other diseases of cranial nerves","other headache syndromes","52","headache including migraine"
"8_9","ICD-9-CM to ICDA-8","mpnet","340","has a reference match",858,0.201,0.11,-0.023,0.117,0.188,0.269,1,"340","multiple sclerosis","multiple sclerosis","53","multiple sclerosis"
"8_9","ICD-9-CM to ICDA-8","mpnet","341","has a reference match",858,0.259,0.119,-0.072,0.177,0.245,0.321,1,"341","other demyelinating diseases of central nervous system","other demyelinating diseases of central nervous system","50","other nervous system conditions"
"8_9","ICD-9-CM to ICDA-8","mpnet","342","has a reference match",858,0.197,0.109,-0.083,0.119,0.193,0.265,0.623,"344","other cerebral paralysis","hemiplegia and hemiparesis","54","paralysis"
"8_9","ICD-9-CM to ICDA-8","mpnet","343","has a reference match",858,0.21,0.098,-0.008,0.144,0.195,0.267,0.728,"343","cerebral spastic infantile paralysis","infantile cerebral palsy","54","paralysis"
"8_9","ICD-9-CM to ICDA-8","mpnet","344","has a reference match",858,0.235,0.106,-0.004,0.16,0.225,0.303,0.651,"344","other cerebral paralysis","other paralytic syndromes","54","paralysis"
"8_9","ICD-9-CM to ICDA-8","mpnet","345","has a reference match",858,0.148,0.088,-0.039,0.09,0.136,0.191,0.776,"345","epilepsy","epilepsy and recurrent seizures","55","epilepsyconvulsions"
"8_9","ICD-9-CM to ICDA-8","mpnet","346","has a reference match",858,0.196,0.097,-0.022,0.129,0.19,0.249,1,"346","migraine","migraine","52","headache including migraine"
"8_9","ICD-9-CM to ICDA-8","mpnet","347","has a reference match",858,0.101,0.077,-0.068,0.047,0.089,0.143,0.514,"967","adverse effect of other sedatives and hypnotics","cataplexy and narcolepsy","50","other nervous system conditions"
"8_9","ICD-9-CM to ICDA-8","mpnet","348","has a reference match",858,0.256,0.12,0.011,0.168,0.236,0.324,0.905,"347","other diseases of brain","other conditions of brain","50","other nervous system conditions"
"8_9","ICD-9-CM to ICDA-8","mpnet","353","has a reference match",858,0.196,0.099,-0.055,0.132,0.184,0.243,0.632,"959","other nerve injury including nerve injury in several parts","nerve root and plexus disorders","50","other nervous system conditions"
"8_9","ICD-9-CM to ICDA-8","mpnet","354","has a reference match",858,0.249,0.112,-0.025,0.175,0.242,0.326,0.677,"354","polyneuritis and polyradiculitis","mononeuritis of upper limb and mononeuritis multiplex","50","other nervous system conditions"
"8_9","ICD-9-CM to ICDA-8","mpnet","355","has a reference match",858,0.241,0.108,-0.05,0.17,0.237,0.307,0.623,"354","polyneuritis and polyradiculitis","mononeuritis of lower limb and unspecified site","50","other nervous system conditions"
"8_9","ICD-9-CM to ICDA-8","mpnet","356","has a reference match",858,0.176,0.11,-0.045,0.103,0.164,0.229,0.714,"333","other hereditary and familial diseases of nervous system","hereditary and idiopathic peripheral neuropathy","50","other nervous system conditions"
"8_9","ICD-9-CM to ICDA-8","mpnet","357","has a reference match",858,0.234,0.12,-0.036,0.157,0.233,0.305,0.661,"959","other nerve injury including nerve injury in several parts","inflammatory and toxic neuropathy","50","other nervous system conditions"
"8_9","ICD-9-CM to ICDA-8","mpnet","358","no reference match",858,0.256,0.103,-0.018,0.184,0.254,0.323,0.584,"330","hereditary neuromuscular disorders","myoneural disorders","50","other nervous system conditions"
"8_9","ICD-9-CM to ICDA-8","mpnet","359","no reference match",858,0.171,0.104,-0.078,0.095,0.158,0.238,0.643,"330","hereditary neuromuscular disorders","muscular dystrophies and other myopathies","50","other nervous system conditions"
"8_9","ICD-9-CM to ICDA-8","mpnet","360","has a reference match",858,0.248,0.102,-0.022,0.171,0.242,0.323,0.642,"305","physical disorders of presumably psychogenic origin","disorders of the globe","56","other eye disorders"
"8_9","ICD-9-CM to ICDA-8","mpnet","361","has a reference match",858,0.188,0.1,-0.071,0.116,0.181,0.25,0.801,"376","detachment of retina","retinal detachments and defects","57","retinal detachments defects vascular occlusion and retinopathy"
"8_9","ICD-9-CM to ICDA-8","mpnet","362","has a reference match",858,0.208,0.116,-0.042,0.127,0.188,0.271,0.866,"377","other diseases of retina and optic nerve","other retinal disorders","57","retinal detachments defects vascular occlusion and retinopathy"
"8_9","ICD-9-CM to ICDA-8","mpnet","363","has a reference match",858,0.177,0.103,-0.084,0.106,0.17,0.233,0.733,"365","choroiditis","chorioretinal inflammations scars and other disorders of choroid","56","other eye disorders"
"8_9","ICD-9-CM to ICDA-8","mpnet","364","has a reference match",858,0.22,0.104,-0.038,0.147,0.212,0.283,0.705,"378","other diseases of eye","disorders of iris and ciliary body","56","other eye disorders"
"8_9","ICD-9-CM to ICDA-8","mpnet","365","has a reference match",858,0.184,0.104,-0.029,0.114,0.168,0.237,1,"375","glaucoma","glaucoma","58","glaucoma"
"8_9","ICD-9-CM to ICDA-8","mpnet","366","has a reference match",858,0.203,0.095,-0.008,0.138,0.189,0.255,1,"374","cataract","cataract","59","cataract"
"8_9","ICD-9-CM to ICDA-8","mpnet","369","has a reference match",858,0.178,0.096,-0.024,0.114,0.171,0.229,0.712,"379","blindness","blindness and low vision","60","blindness and vision defects"
"8_9","ICD-9-CM to ICDA-8","mpnet","370","has a reference match",858,0.218,0.121,-0.048,0.131,0.208,0.294,1,"363","keratitis","keratitis","56","other eye disorders"
"8_9","ICD-9-CM to ICDA-8","mpnet","371","has a reference match",858,0.191,0.096,-0.038,0.13,0.18,0.239,0.84,"371","corneal opacity","corneal opacity and other disorders of cornea","56","other eye disorders"
"8_9","ICD-9-CM to ICDA-8","mpnet","372","has a reference match",858,0.205,0.105,-0.065,0.134,0.201,0.268,0.782,"360","conjunctivitis and ophthalmia","disorders of conjunctiva","56","other eye disorders"
"8_9","ICD-9-CM to ICDA-8","mpnet","376","has a reference match",858,0.214,0.085,-0.027,0.158,0.205,0.267,0.576,"921","contusion of eye and orbit","disorders of the orbit","56","other eye disorders"
"8_9","ICD-9-CM to ICDA-8","mpnet","377","has a reference match",858,0.185,0.11,-0.03,0.108,0.168,0.247,0.812,"377","other diseases of retina and optic nerve","disorders of optic nerve and visual pathways","56","other eye disorders"
"8_9","ICD-9-CM to ICDA-8","mpnet","379","has a reference match",858,0.221,0.119,-0.034,0.14,0.2,0.282,0.936,"378","other diseases of eye","other disorders of eye","56","other eye disorders"
"8_9","ICD-9-CM to ICDA-8","mpnet","380","has a reference match",858,0.23,0.095,-0.002,0.168,0.223,0.283,0.723,"380","otitis externa","disorders of external ear","61","other ear and sense organ disorders"
"8_9","ICD-9-CM to ICDA-8","mpnet","381","has a reference match",858,0.182,0.099,-0.04,0.117,0.173,0.236,0.667,"382","otitis media with mastoiditis","nonsuppurative otitis media and eustachian tube disorders","62","otitis media and related conditions"
"8_9","ICD-9-CM to ICDA-8","mpnet","382","no reference match",858,0.208,0.097,-0.048,0.141,0.197,0.26,0.731,"382","otitis media with mastoiditis","suppurative and unspecified otitis media","62","otitis media and related conditions"
"8_9","ICD-9-CM to ICDA-8","mpnet","383","has a reference match",858,0.214,0.103,-0.039,0.144,0.209,0.275,0.789,"383","mastoiditis without mention of otitis media","mastoiditis and related conditions","62","otitis media and related conditions"
"8_9","ICD-9-CM to ICDA-8","mpnet","384","has a reference match",858,0.242,0.103,-0.043,0.171,0.233,0.311,0.564,"356","other diseases of cranial nerves","other disorders of tympanic membrane","61","other ear and sense organ disorders"
"8_9","ICD-9-CM to ICDA-8","mpnet","386","has a reference match",858,0.194,0.094,-0.083,0.129,0.183,0.257,0.542,"745","congenital anomalies of ear face and neck","vertiginous syndromes and other disorders of vestibular system","63","conditions associated with dizziness or vertigo"
"8_9","ICD-9-CM to ICDA-8","mpnet","389","has a reference match",858,0.177,0.082,-0.034,0.123,0.169,0.214,0.783,"389","other deafness","hearing loss","61","other ear and sense organ disorders"
"8_9","ICD-9-CM to ICDA-8","mpnet","393","has a reference match",858,0.192,0.111,-0.055,0.116,0.177,0.248,0.79,"423","chronic disease of pericardium nonrheumatic","chronic rheumatic pericarditis","64","peri endo and myocarditis cardiomyopathy"
"8_9","ICD-9-CM to ICDA-8","mpnet","394","has a reference match",858,0.193,0.102,-0.071,0.128,0.179,0.241,1,"394","diseases of mitral valve","diseases of mitral valve","65","heart valve disorders"
"8_9","ICD-9-CM to ICDA-8","mpnet","395","has a reference match",858,0.2,0.108,-0.027,0.13,0.183,0.244,1,"395","diseases of aortic valve","diseases of aortic valve","65","heart valve disorders"
"8_9","ICD-9-CM to ICDA-8","mpnet","396","has a reference match",858,0.208,0.107,-0.07,0.142,0.195,0.257,1,"396","diseases of mitral and aortic valves","diseases of mitral and aortic valves","65","heart valve disorders"
"8_9","ICD-9-CM to ICDA-8","mpnet","397","has a reference match",858,0.25,0.113,-0.017,0.176,0.232,0.305,1,"397","diseases of other endocardial structures","diseases of other endocardial structures","65","heart valve disorders"
"8_9","ICD-9-CM to ICDA-8","mpnet","398","has a reference match",858,0.211,0.124,-0.041,0.125,0.188,0.272,0.942,"398","other heart disease specified as rheumatic","other rheumatic heart disease","64","peri endo and myocarditis cardiomyopathy"
"8_9","ICD-9-CM to ICDA-8","mpnet","401","has a reference match",858,0.145,0.086,-0.05,0.087,0.133,0.19,0.824,"401","essential benign hypertension","essential hypertension","66","hypertension"
"8_9","ICD-9-CM to ICDA-8","mpnet","402","has a reference match",858,0.166,0.119,-0.026,0.091,0.139,0.21,1,"402","hypertensive heart disease","hypertensive heart disease","67","hypertension complications"
"8_9","ICD-9-CM to ICDA-8","mpnet","403","has a reference match",858,0.136,0.114,-0.071,0.061,0.111,0.185,0.929,"403","hypertensive renal disease","hypertensive chronic kidney disease","67","hypertension complications"
"8_9","ICD-9-CM to ICDA-8","mpnet","404","has a reference match",858,0.063,0.116,-0.135,-0.011,0.04,0.102,0.936,"404","hypertensive heart and renal disease","hypertensive heart and chronic kidney disease","67","hypertension complications"
"8_9","ICD-9-CM to ICDA-8","mpnet","405","no reference match",858,0.156,0.085,-0.052,0.099,0.145,0.196,0.702,"401","essential benign hypertension","secondary hypertension","67","hypertension complications"
"8_9","ICD-9-CM to ICDA-8","mpnet","410","has a reference match",858,0.171,0.112,-0.052,0.099,0.159,0.221,1,"410","acute myocardial infarction","acute myocardial infarction","68","acute myocardial infarction"
"8_9","ICD-9-CM to ICDA-8","mpnet","411","has a reference match",858,0.186,0.113,-0.061,0.112,0.173,0.238,1,"411","other acute and subacute forms of ischemic heart disease","other acute and subacute forms of ischemic heart disease","69","coronary atherosclerosis and other heart disease"
"8_9","ICD-9-CM to ICDA-8","mpnet","412","has a reference match",858,0.142,0.093,-0.056,0.087,0.127,0.177,0.706,"410","acute myocardial infarction","old myocardial infarction","69","coronary atherosclerosis and other heart disease"
"8_9","ICD-9-CM to ICDA-8","mpnet","413","has a reference match",858,0.171,0.112,-0.102,0.098,0.15,0.219,1,"413","angina pectoris","angina pectoris","69","coronary atherosclerosis and other heart disease"
"8_9","ICD-9-CM to ICDA-8","mpnet","414","has a reference match",858,0.161,0.117,-0.07,0.087,0.142,0.21,0.822,"412","chronic ischemic heart disease","other forms of chronic ischemic heart disease","69","coronary atherosclerosis and other heart disease"
"8_9","ICD-9-CM to ICDA-8","mpnet","415","has a reference match",858,0.192,0.12,-0.049,0.111,0.172,0.239,0.852,"426","pulmonary heart disease","acute pulmonary heart disease","70","pulmonary heart disease"
"8_9","ICD-9-CM to ICDA-8","mpnet","416","has a reference match",858,0.19,0.126,-0.075,0.099,0.17,0.25,0.905,"426","pulmonary heart disease","chronic pulmonary heart disease","70","pulmonary heart disease"
"8_9","ICD-9-CM to ICDA-8","mpnet","417","no reference match",858,0.252,0.121,-0.033,0.167,0.243,0.322,0.745,"519","other diseases of respiratory system","other diseases of pulmonary circulation","70","pulmonary heart disease"
"8_9","ICD-9-CM to ICDA-8","mpnet","423","has a reference match",858,0.235,0.107,-0.054,0.163,0.219,0.286,0.968,"393","diseases of pericardium","other diseases of pericardium","64","peri endo and myocarditis cardiomyopathy"
"8_9","ICD-9-CM to ICDA-8","mpnet","424","has a reference match",858,0.253,0.119,-0.017,0.178,0.234,0.31,0.894,"397","diseases of other endocardial structures","other diseases of endocardium","65","heart valve disorders"
"8_9","ICD-9-CM to ICDA-8","mpnet","425","has a reference match",858,0.231,0.114,0,0.147,0.215,0.296,1,"425","cardiomyopathy","cardiomyopathy","64","peri endo and myocarditis cardiomyopathy"
"8_9","ICD-9-CM to ICDA-8","mpnet","426","has a reference match",858,0.194,0.081,-0.042,0.137,0.195,0.248,0.466,"780","certain symptoms referable to nervous system and special senses","conduction disorders","71","conduction disorders"
"8_9","ICD-9-CM to ICDA-8","mpnet","427","has a reference match",858,0.181,0.094,-0.061,0.114,0.168,0.228,0.633,"425","cardiomyopathy","cardiac dysrhythmias","72","cardiac dysrhythmias arrest chf and ventricular fibrillation"
"8_9","ICD-9-CM to ICDA-8","mpnet","428","has a reference match",858,0.198,0.11,-0.01,0.116,0.182,0.26,0.725,"425","cardiomyopathy","heart failure","72","cardiac dysrhythmias arrest chf and ventricular fibrillation"
"8_9","ICD-9-CM to ICDA-8","mpnet","429","has a reference match",858,0.197,0.107,-0.039,0.125,0.184,0.245,0.841,"429","illdefined heart disease","illdefined descriptions and complications of heart disease","73","other and illdefined heart disease"
"8_9","ICD-9-CM to ICDA-8","mpnet","430","has a reference match",858,0.178,0.111,-0.059,0.102,0.159,0.232,1,"430","subarachnoid hemorrhage","subarachnoid hemorrhage","74","acute cerebrovascular disease"
"8_9","ICD-9-CM to ICDA-8","mpnet","431","has a reference match",858,0.186,0.112,-0.02,0.11,0.167,0.239,0.808,"431","cerebral hemorrhage","intracerebral hemorrhage","74","acute cerebrovascular disease"
"8_9","ICD-9-CM to ICDA-8","mpnet","432","has a reference match",858,0.236,0.113,0.005,0.163,0.217,0.287,0.905,"853","other and unspecified intracranial hemorrhage following injury without mention of cerebral laceration or contusion","other and unspecified intracranial hemorrhage","74","acute cerebrovascular disease"
"8_9","ICD-9-CM to ICDA-8","mpnet","433","has a reference match",858,0.133,0.099,-0.067,0.065,0.118,0.183,0.96,"432","occlusion of precerebral arteries","occlusion and stenosis of precerebral arteries","74","acute cerebrovascular disease"
"8_9","ICD-9-CM to ICDA-8","mpnet","434","has a reference match",858,0.174,0.109,-0.032,0.099,0.154,0.225,0.806,"432","occlusion of precerebral arteries","occlusion of cerebral arteries","74","acute cerebrovascular disease"
"8_9","ICD-9-CM to ICDA-8","mpnet","435","has a reference match",858,0.146,0.119,-0.093,0.062,0.13,0.203,1,"435","transient cerebral ischemia","transient cerebral ischemia","75","transient cerebral ischemia"
"8_9","ICD-9-CM to ICDA-8","mpnet","436","has a reference match",858,0.205,0.116,-0.04,0.128,0.186,0.268,1,"436","acute but illdefined cerebrovascular disease","acute but illdefined cerebrovascular disease","74","acute cerebrovascular disease"
"8_9","ICD-9-CM to ICDA-8","mpnet","437","has a reference match",858,0.234,0.12,-0.035,0.153,0.212,0.298,1,"438","other and illdefined cerebrovascular disease","other and illdefined cerebrovascular disease","76","other and illdefined cerebrovascular disease"
"8_9","ICD-9-CM to ICDA-8","mpnet","438","has a reference match",858,0.125,0.116,-0.113,0.048,0.115,0.187,0.695,"436","acute but illdefined cerebrovascular disease","late effects of cerebrovascular disease","76","other and illdefined cerebrovascular disease"
"8_9","ICD-9-CM to ICDA-8","mpnet","440","has a reference match",858,0.186,0.109,-0.068,0.114,0.173,0.242,0.656,"412","chronic ischemic heart disease","atherosclerosis","77","other circulatory disease"
"8_9","ICD-9-CM to ICDA-8","mpnet","441","has a reference match",858,0.156,0.088,-0.046,0.093,0.146,0.21,0.688,"441","aortic aneurysm nonsyphilitic","aortic aneurysm and dissection","77","other circulatory disease"
"8_9","ICD-9-CM to ICDA-8","mpnet","442","has a reference match",858,0.205,0.09,-0.009,0.142,0.2,0.256,1,"442","other aneurysm","other aneurysm","77","other circulatory disease"
"8_9","ICD-9-CM to ICDA-8","mpnet","443","has a reference match",858,0.25,0.119,-0.013,0.172,0.235,0.316,1,"443","other peripheral vascular disease","other peripheral vascular disease","77","other circulatory disease"
"8_9","ICD-9-CM to ICDA-8","mpnet","444","has a reference match",858,0.159,0.112,-0.059,0.083,0.133,0.214,1,"444","arterial embolism and thrombosis","arterial embolism and thrombosis","78","aortic and peripheral arterial embolism or thrombosis"
"8_9","ICD-9-CM to ICDA-8","mpnet","445","has a reference match",858,0.202,0.089,0.001,0.14,0.191,0.255,0.538,"425","cardiomyopathy","atheroembolism","78","aortic and peripheral arterial embolism or thrombosis"
"8_9","ICD-9-CM to ICDA-8","mpnet","446","has a reference match",858,0.218,0.111,-0.035,0.149,0.211,0.288,1,"446","polyarteritis nodosa and allied conditions","polyarteritis nodosa and allied conditions","77","other circulatory disease"
"8_9","ICD-9-CM to ICDA-8","mpnet","447","has a reference match",858,0.254,0.12,-0.001,0.173,0.234,0.314,0.957,"447","other diseases of arteries and arterioles","other disorders of arteries and arterioles","77","other circulatory disease"
"8_9","ICD-9-CM to ICDA-8","mpnet","448","has a reference match",858,0.25,0.1,-0.039,0.185,0.246,0.311,0.989,"448","diseases of capillaries","disease of capillaries","77","other circulatory disease"
"8_9","ICD-9-CM to ICDA-8","mpnet","453","has a reference match",858,0.226,0.107,-0.049,0.151,0.214,0.281,1,"453","other venous embolism and thrombosis","other venous embolism and thrombosis","79","phlebitis thrombophlebitis and thromboembolism"
"8_9","ICD-9-CM to ICDA-8","mpnet","456","has a reference match",858,0.194,0.099,-0.035,0.127,0.187,0.256,1,"456","varicose veins of other sites","varicose veins of other sites","80","other diseases of veins and lymphatics"
"8_9","ICD-9-CM to ICDA-8","mpnet","457","has a reference match",858,0.224,0.099,-0.047,0.159,0.228,0.293,0.975,"457","noninfective disease of lymphatic channels","noninfectious disorders of lymphatic channels","80","other diseases of veins and lymphatics"
"8_9","ICD-9-CM to ICDA-8","mpnet","459","has a reference match",858,0.277,0.119,0.001,0.198,0.265,0.344,0.954,"458","other diseases of circulatory system","other disorders of circulatory system","80","other diseases of veins and lymphatics"
"8_9","ICD-9-CM to ICDA-8","mpnet","472","has a reference match",858,0.201,0.124,-0.049,0.111,0.189,0.276,1,"502","chronic pharyngitis and nasopharyngitis","chronic pharyngitis and nasopharyngitis","81","other upper respiratory disease"
"8_9","ICD-9-CM to ICDA-8","mpnet","473","has a reference match",858,0.229,0.126,-0.049,0.141,0.218,0.298,1,"503","chronic sinusitis","chronic sinusitis","82","other upper respiratory infections"
"8_9","ICD-9-CM to ICDA-8","mpnet","474","has a reference match",858,0.243,0.119,-0.048,0.155,0.236,0.325,0.723,"500","hypertrophy of tonsils and adenoids","chronic disease of tonsils and adenoids","83","acute and chronic tonsillitis"
"8_9","ICD-9-CM to ICDA-8","mpnet","476","has a reference match",858,0.186,0.111,-0.076,0.109,0.18,0.259,0.896,"506","chronic laryngitis","chronic laryngitis and laryngotracheitis","81","other upper respiratory disease"
"8_9","ICD-9-CM to ICDA-8","mpnet","477","has a reference match",858,0.172,0.128,-0.106,0.081,0.153,0.254,0.689,"708","urticaria","allergic rhinitis","81","other upper respiratory disease"
"8_9","ICD-9-CM to ICDA-8","mpnet","478","has a reference match",858,0.276,0.136,-0.042,0.178,0.264,0.36,1,"508","other diseases of upper respiratory tract","other diseases of upper respiratory tract","81","other upper respiratory disease"
"8_9","ICD-9-CM to ICDA-8","mpnet","491","has a reference match",858,0.241,0.133,-0.052,0.146,0.226,0.318,1,"491","chronic bronchitis","chronic bronchitis","84","chronic obstructive pulmonary disease copd"
"8_9","ICD-9-CM to ICDA-8","mpnet","492","has a reference match",858,0.24,0.104,-0.001,0.168,0.228,0.294,1,"492","emphysema","emphysema","84","chronic obstructive pulmonary disease copd"
"8_9","ICD-9-CM to ICDA-8","mpnet","493","has a reference match",858,0.162,0.115,-0.09,0.085,0.15,0.228,1,"493","asthma","asthma","85","asthma"
"8_9","ICD-9-CM to ICDA-8","mpnet","494","has a reference match",858,0.26,0.122,-0.001,0.178,0.247,0.325,1,"518","bronchiectasis","bronchiectasis","84","chronic obstructive pulmonary disease copd"
"8_9","ICD-9-CM to ICDA-8","mpnet","495","no reference match",858,0.173,0.106,-0.069,0.094,0.167,0.239,0.543,"708","urticaria","extrinsic allergic alveolitis","86","lung disease due to external agents"
"8_9","ICD-9-CM to ICDA-8","mpnet","496","no reference match",858,0.191,0.112,-0.068,0.117,0.182,0.248,0.64,"491","chronic bronchitis","chronic airway obstruction not elsewhere classified","84","chronic obstructive pulmonary disease copd"
"8_9","ICD-9-CM to ICDA-8","mpnet","500","has a reference match",858,0.201,0.095,-0.036,0.133,0.189,0.258,0.659,"516","other pneumoconioses and related diseases","coal workers pneumoconiosis","86","lung disease due to external agents"
"8_9","ICD-9-CM to ICDA-8","mpnet","501","has a reference match",858,0.283,0.1,-0.01,0.217,0.272,0.35,0.661,"492","emphysema","asbestosis","86","lung disease due to external agents"
"8_9","ICD-9-CM to ICDA-8","mpnet","502","has a reference match",858,0.212,0.091,-0.03,0.15,0.204,0.268,0.985,"515","pneumoconiosis due to silica and silicates","pneumoconiosis due to other silica or silicates","86","lung disease due to external agents"
"8_9","ICD-9-CM to ICDA-8","mpnet","503","has a reference match",858,0.217,0.105,-0.025,0.14,0.203,0.284,0.747,"515","pneumoconiosis due to silica and silicates","pneumoconiosis due to other inorganic dust","86","lung disease due to external agents"
"8_9","ICD-9-CM to ICDA-8","mpnet","504","has a reference match",858,0.211,0.105,-0.013,0.139,0.206,0.269,0.634,"515","pneumoconiosis due to silica and silicates","pneumonopathy due to inhalation of other dust","86","lung disease due to external agents"
"8_9","ICD-9-CM to ICDA-8","mpnet","505","has a reference match",858,0.296,0.108,-0.024,0.221,0.287,0.368,0.854,"516","other pneumoconioses and related diseases","pneumoconiosis unspecified","86","lung disease due to external agents"
"8_9","ICD-9-CM to ICDA-8","mpnet","506","has a reference match",858,0.165,0.103,-0.062,0.105,0.154,0.207,0.755,"987","toxic effect of other gases fumes or vapors","respiratory conditions due to chemical fumes and vapors","86","lung disease due to external agents"
"8_9","ICD-9-CM to ICDA-8","mpnet","508","no reference match",858,0.262,0.123,-0.035,0.178,0.262,0.331,0.799,"783","symptoms referable to respiratory system","respiratory conditions due to other and unspecified external agents","86","lung disease due to external agents"
"8_9","ICD-9-CM to ICDA-8","mpnet","512","has a reference match",858,0.174,0.094,-0.044,0.112,0.161,0.229,0.776,"512","spontaneous pneumothorax","pneumothorax and air leak","87","other lower respiratory disease"
"8_9","ICD-9-CM to ICDA-8","mpnet","514","has a reference match",858,0.179,0.122,-0.075,0.096,0.17,0.244,1,"514","pulmonary congestion and hypostasis","pulmonary congestion and hypostasis","87","other lower respiratory disease"
"8_9","ICD-9-CM to ICDA-8","mpnet","515","no reference match",858,0.162,0.099,-0.091,0.097,0.149,0.218,0.545,"514","pulmonary congestion and hypostasis","postinflammatory pulmonary fibrosis","87","other lower respiratory disease"
"8_9","ICD-9-CM to ICDA-8","mpnet","516","no reference match",858,0.232,0.112,-0.044,0.154,0.22,0.297,0.67,"516","other pneumoconioses and related diseases","other alveolar and parietoalveolar pneumonopathy","87","other lower respiratory disease"
"8_9","ICD-9-CM to ICDA-8","mpnet","517","no reference match",858,0.205,0.111,-0.044,0.131,0.193,0.26,0.672,"519","other diseases of respiratory system","lung involvement in conditions classified elsewhere","87","other lower respiratory disease"
"8_9","ICD-9-CM to ICDA-8","mpnet","518","has a reference match",858,0.257,0.127,-0.038,0.168,0.238,0.327,0.87,"519","other diseases of respiratory system","other diseases of lung","88","respiratory failure pulmonary collapse"
"8_9","ICD-9-CM to ICDA-8","mpnet","523","has a reference match",858,0.151,0.091,-0.047,0.087,0.142,0.197,0.865,"523","periodontal diseases","gingival and periodontal diseases","89","disorders of teeth and jaw"
"8_9","ICD-9-CM to ICDA-8","mpnet","525","has a reference match",858,0.246,0.104,-0.042,0.183,0.236,0.297,1,"525","other diseases and conditions of the teeth and supporting structures","other diseases and conditions of the teeth and supporting structures","89","disorders of teeth and jaw"
"8_9","ICD-9-CM to ICDA-8","mpnet","530","has a reference match",858,0.228,0.106,-0.026,0.154,0.22,0.294,0.865,"530","diseases of esophagus","diseases of oesophagus","90","esophageal disorders"
"8_9","ICD-9-CM to ICDA-8","mpnet","531","has a reference match",858,0.199,0.102,-0.052,0.131,0.184,0.248,0.881,"531","ulcer of stomach","gastric ulcer","91","gasduo ulcer without hemorrhage"
"8_9","ICD-9-CM to ICDA-8","mpnet","532","has a reference match",858,0.204,0.116,-0.046,0.124,0.187,0.261,0.966,"532","ulcer of duodenum","duodenal ulcer","91","gasduo ulcer without hemorrhage"
"8_9","ICD-9-CM to ICDA-8","mpnet","533","has a reference match",858,0.215,0.098,-0.042,0.15,0.204,0.267,1,"533","peptic ulcer site unspecified","peptic ulcer site unspecified","91","gasduo ulcer without hemorrhage"
"8_9","ICD-9-CM to ICDA-8","mpnet","534","has a reference match",858,0.207,0.101,-0.014,0.138,0.193,0.258,1,"534","gastrojejunal ulcer","gastrojejunal ulcer","91","gasduo ulcer without hemorrhage"
"8_9","ICD-9-CM to ICDA-8","mpnet","535","has a reference match",858,0.218,0.117,-0.024,0.136,0.204,0.277,1,"535","gastritis and duodenitis","gastritis and duodenitis","92","gastritis and duodenitis"
"8_9","ICD-9-CM to ICDA-8","mpnet","537","has a reference match",858,0.269,0.13,-0.036,0.179,0.256,0.34,1,"537","other diseases of stomach and duodenum","other diseases of stomach and duodenum","93","other disorders of stomach and duodenum"
"8_9","ICD-9-CM to ICDA-8","mpnet","555","no reference match",858,0.239,0.114,-0.021,0.158,0.229,0.311,0.712,"8",NA,"regional enteritis","94","regional enteritis and ulcerative colitis"
"8_9","ICD-9-CM to ICDA-8","mpnet","556","has a reference match",858,0.225,0.113,-0.058,0.144,0.22,0.296,0.776,"563","chronic enteritis and ulcerative colitis","ulcerative colitis","94","regional enteritis and ulcerative colitis"
"8_9","ICD-9-CM to ICDA-8","mpnet","557","no reference match",858,0.182,0.105,-0.049,0.104,0.168,0.248,0.626,"564","functional disorders of intestines","vascular insufficiency of intestine","77","other circulatory disease"
"8_9","ICD-9-CM to ICDA-8","mpnet","558","has a reference match",858,0.259,0.123,-0.021,0.175,0.243,0.34,0.876,"561","gastroenteritis and colitis except ulcerative of noninfectious origin","other and unspecified noninfectious gastroenteritis and colitis","95","noninfectious gastroenteritis"
"8_9","ICD-9-CM to ICDA-8","mpnet","562","has a reference match",858,0.166,0.105,-0.094,0.095,0.151,0.212,1,"562","diverticula of intestine","diverticula of intestine","96","diverticulosis and diverticulitis"
"8_9","ICD-9-CM to ICDA-8","mpnet","564","has a reference match",858,0.177,0.116,-0.068,0.099,0.159,0.242,0.844,"564","functional disorders of intestines","functional digestive disorders not elsewhere classified","97","other gastrointestinal disorders"
"8_9","ICD-9-CM to ICDA-8","mpnet","571","has a reference match",858,0.164,0.098,-0.052,0.095,0.154,0.22,0.807,"571","cirrhosis of liver","chronic liver disease and cirrhosis","98","hepatitis and other liver diseases"
"8_9","ICD-9-CM to ICDA-8","mpnet","572","has a reference match",858,0.201,0.104,-0.104,0.13,0.194,0.267,0.789,"572","suppurative hepatitis and liver abscess","liver abscess and sequelae of chronic liver disease","98","hepatitis and other liver diseases"
"8_9","ICD-9-CM to ICDA-8","mpnet","573","has a reference match",858,0.255,0.112,-0.061,0.18,0.247,0.312,1,"573","other diseases of liver","other diseases of liver","98","hepatitis and other liver diseases"
"8_9","ICD-9-CM to ICDA-8","mpnet","575","has a reference match",858,0.23,0.112,-0.047,0.155,0.216,0.294,0.856,"576","other diseases of gallbladder and biliary ducts","other disorders of gallbladder","99","biliary tract disease"
"8_9","ICD-9-CM to ICDA-8","mpnet","576","no reference match",858,0.234,0.114,-0.094,0.159,0.224,0.304,0.829,"576","other diseases of gallbladder and biliary ducts","other disorders of biliary tract","99","biliary tract disease"
"8_9","ICD-9-CM to ICDA-8","mpnet","577","has a reference match",858,0.2,0.105,-0.054,0.125,0.199,0.261,1,"577","diseases of pancreas","diseases of pancreas","100","pancreatic disorders excluding diabetes"
"8_9","ICD-9-CM to ICDA-8","mpnet","579","has a reference match",858,0.174,0.113,-0.063,0.097,0.165,0.24,0.612,"564","functional disorders of intestines","intestinal malabsorption","97","other gastrointestinal disorders"
"8_9","ICD-9-CM to ICDA-8","mpnet","581","has a reference match",858,0.214,0.1,-0.028,0.151,0.206,0.269,1,"581","nephrotic syndrome","nephrotic syndrome","101","chronic kideny disease and related conditions"
"8_9","ICD-9-CM to ICDA-8","mpnet","582","has a reference match",858,0.198,0.112,-0.08,0.116,0.188,0.271,0.833,"582","chronic nephritis","chronic glomerulonephritis","101","chronic kideny disease and related conditions"
"8_9","ICD-9-CM to ICDA-8","mpnet","583","has a reference match",858,0.205,0.112,-0.072,0.124,0.196,0.272,0.826,"583","nephritis unqualified","nephritis and nephropathy not specified as acute or chronic","101","chronic kideny disease and related conditions"
"8_9","ICD-9-CM to ICDA-8","mpnet","585","no reference match",858,0.22,0.12,-0.032,0.129,0.205,0.293,0.781,"582","chronic nephritis","chronic kidney disease","101","chronic kideny disease and related conditions"
"8_9","ICD-9-CM to ICDA-8","mpnet","586","no reference match",858,0.243,0.102,-0.013,0.174,0.235,0.3,0.687,"866","injury to kidney","renal failure unspecified","101","chronic kideny disease and related conditions"
"8_9","ICD-9-CM to ICDA-8","mpnet","587","has a reference match",858,0.246,0.098,-0.014,0.182,0.242,0.304,0.867,"584","renal sclerosis unqualified","renal sclerosis unspecified","101","chronic kideny disease and related conditions"
"8_9","ICD-9-CM to ICDA-8","mpnet","588","no reference match",858,0.202,0.113,-0.051,0.116,0.188,0.271,0.732,"593","other diseases of kidney and ureter","disorders resulting from impaired renal function","102","other diseases of kidney and ureters"
"8_9","ICD-9-CM to ICDA-8","mpnet","590","has a reference match",858,0.199,0.122,-0.066,0.105,0.184,0.28,1,"590","infections of kidney","infections of kidney","103","urinary tract infections"
"8_9","ICD-9-CM to ICDA-8","mpnet","595","has a reference match",858,0.248,0.112,-0.032,0.17,0.235,0.323,1,"595","cystitis","cystitis","103","urinary tract infections"
"8_9","ICD-9-CM to ICDA-8","mpnet","596","has a reference match",858,0.211,0.11,-0.019,0.129,0.2,0.27,0.937,"596","other diseases of bladder","other disorders of bladder","104","other diseases of bladder and urethra"
"8_9","ICD-9-CM to ICDA-8","mpnet","599","has a reference match",858,0.251,0.121,-0.03,0.169,0.236,0.329,0.869,"599","other diseases of urinary tract","other disorders of urethra and urinary tract","104","other diseases of bladder and urethra"
"8_9","ICD-9-CM to ICDA-8","mpnet","600","has a reference match",858,0.163,0.104,-0.097,0.093,0.152,0.217,1,"600","hyperplasia of prostate","hyperplasia of prostate","105","hyperplasia of prostate"
"8_9","ICD-9-CM to ICDA-8","mpnet","601","has a reference match",858,0.197,0.109,-0.104,0.117,0.19,0.266,0.784,"602","other diseases of prostate","inflammatory diseases of prostate","106","other male genital disorders"
"8_9","ICD-9-CM to ICDA-8","mpnet","607","has a reference match",858,0.222,0.095,-0.016,0.156,0.21,0.282,0.738,"607","other diseases of male genital organs","disorders of penis","106","other male genital disorders"
"8_9","ICD-9-CM to ICDA-8","mpnet","610","has a reference match",858,0.156,0.105,-0.135,0.084,0.144,0.216,0.695,"217","benign neoplasm of breast","benign mammary dysplasias","107","nonmalignant breast conditions"
"8_9","ICD-9-CM to ICDA-8","mpnet","614","has a reference match",858,0.196,0.116,-0.063,0.111,0.193,0.26,0.743,"615","other diseases of ovary and fallopian tube","inflammatory disease of ovary fallopian tube pelvic cellular tissue and peritoneum","108","other female genital disorders"
"8_9","ICD-9-CM to ICDA-8","mpnet","615","no reference match",858,0.237,0.123,-0.041,0.148,0.231,0.311,0.811,"625","other diseases of uterus","inflammatory diseases of uterus except cervix","108","other female genital disorders"
"8_9","ICD-9-CM to ICDA-8","mpnet","617","no reference match",858,0.201,0.097,-0.023,0.136,0.19,0.251,0.704,"625","other diseases of uterus","endometriosis","108","other female genital disorders"
"8_9","ICD-9-CM to ICDA-8","mpnet","618","has a reference match",858,0.196,0.097,-0.025,0.127,0.187,0.252,0.764,"623","uterovaginal prolapse","genital prolapse","110","prolapse of female genital organs"
"8_9","ICD-9-CM to ICDA-8","mpnet","619","no reference match",858,0.224,0.105,-0.052,0.158,0.216,0.29,0.715,"565","anal fissure and fistula","fistula involving female genital tract","108","other female genital disorders"
"8_9","ICD-9-CM to ICDA-8","mpnet","621","has a reference match",858,0.221,0.127,-0.029,0.126,0.207,0.294,0.862,"625","other diseases of uterus","disorders of uterus not elsewhere classified","108","other female genital disorders"
"8_9","ICD-9-CM to ICDA-8","mpnet","625","no reference match",858,0.22,0.103,-0.005,0.151,0.206,0.268,0.756,"629","other diseases of female genital organs","pain and other symptoms associated with female genital organs","108","other female genital disorders"
"8_9","ICD-9-CM to ICDA-8","mpnet","626","has a reference match",858,0.254,0.104,-0.003,0.181,0.247,0.315,0.77,"626","disorders of menstruation","disorders of menstruation and other abnormal bleeding from female genital tract","109","menstrual disorders"
"8_9","ICD-9-CM to ICDA-8","mpnet","627","has a reference match",858,0.168,0.1,-0.039,0.094,0.156,0.226,0.675,"626","disorders of menstruation","menopausal and postmenopausal disorders","111","menopausal disorders"
"8_9","ICD-9-CM to ICDA-8","mpnet","628","has a reference match",858,0.147,0.095,-0.049,0.085,0.129,0.185,0.624,"256","ovarian dysfunction","female infertility","112","female infertility"
"8_9","ICD-9-CM to ICDA-8","mpnet","629","has a reference match",858,0.281,0.118,0.026,0.198,0.266,0.348,0.959,"629","other diseases of female genital organs","other disorders of female genital organs","108","other female genital disorders"
"8_9","ICD-9-CM to ICDA-8","mpnet","691","has a reference match",858,0.2,0.119,-0.085,0.121,0.19,0.272,0.704,"692","other eczema and dermatitis","atopic dermatitis and related conditions","113","allergic reactions"
"8_9","ICD-9-CM to ICDA-8","mpnet","694","has a reference match",858,0.219,0.106,-0.026,0.144,0.212,0.282,0.709,"702","other dermatoses","bullous dermatoses","114","other inflammatory condition of skin"
"8_9","ICD-9-CM to ICDA-8","mpnet","695","has a reference match",858,0.278,0.116,-0.014,0.197,0.274,0.356,1,"695","erythematous conditions","erythematous conditions","114","other inflammatory condition of skin"
"8_9","ICD-9-CM to ICDA-8","mpnet","696","has a reference match",858,0.179,0.114,-0.069,0.098,0.167,0.243,1,"696","psoriasis and similar disorders","psoriasis and similar disorders","114","other inflammatory condition of skin"
"8_9","ICD-9-CM to ICDA-8","mpnet","701","has a reference match",858,0.212,0.107,-0.034,0.134,0.203,0.279,1,"701","other hypertrophic and atrophic conditions of skin","other hypertrophic and atrophic conditions of skin","115","other skin disorders"
"8_9","ICD-9-CM to ICDA-8","mpnet","705","has a reference match",858,0.21,0.117,-0.049,0.126,0.207,0.284,1,"705","diseases of sweat glands","diseases of sweat glands","115","other skin disorders"
"8_9","ICD-9-CM to ICDA-8","mpnet","707","has a reference match",858,0.246,0.116,-0.053,0.164,0.237,0.314,1,"707","chronic ulcer of skin","chronic ulcer of skin","116","chronic ulcer of skin"
"8_9","ICD-9-CM to ICDA-8","mpnet","710","has a reference match",858,0.279,0.122,-0.061,0.203,0.272,0.357,1,"734","diffuse diseases of connective tissue","diffuse diseases of connective tissue","117","systemic lupus erythematosus and connective tissue disorders"
"8_9","ICD-9-CM to ICDA-8","mpnet","712","no reference match",858,0.195,0.098,-0.041,0.123,0.187,0.256,0.579,"723","other diseases of bone","crystal arthropathies","37","gout and other crystal arthropathies"
"8_9","ICD-9-CM to ICDA-8","mpnet","713","no reference match",858,0.26,0.121,-0.04,0.171,0.259,0.335,0.714,"729","other diseases of joint","arthropathy associated with other disorders classified elsewhere","118","joint disorders"
"8_9","ICD-9-CM to ICDA-8","mpnet","714","has a reference match",858,0.203,0.116,-0.073,0.12,0.195,0.267,0.847,"712","rheumatoid arthritis and allied conditions","rheumatoid arthritis and other inflammatory polyarthropathies","119","rheumatoid arthritis and related disease"
"8_9","ICD-9-CM to ICDA-8","mpnet","715","has a reference match",858,0.21,0.12,-0.07,0.12,0.2,0.281,0.935,"713","osteoarthritis and allied conditions","osteoarthrosis and allied disorders","120","osteoarthritis"
"8_9","ICD-9-CM to ICDA-8","mpnet","716","has a reference match",858,0.261,0.125,-0.019,0.171,0.249,0.341,0.683,"729","other diseases of joint","other and unspecified arthropathies","118","joint disorders"
"8_9","ICD-9-CM to ICDA-8","mpnet","717","has a reference match",858,0.21,0.117,-0.039,0.127,0.184,0.275,0.705,"724","internal derangement of joint","internal derangement of knee","118","joint disorders"
"8_9","ICD-9-CM to ICDA-8","mpnet","718","has a reference match",858,0.106,0.082,-0.075,0.051,0.091,0.15,0.876,"724","internal derangement of joint","other derangement of joint","118","joint disorders"
"8_9","ICD-9-CM to ICDA-8","mpnet","719","has a reference match",858,0.283,0.124,-0.042,0.195,0.277,0.362,0.889,"729","other diseases of joint","other and unspecified disorders of joint","118","joint disorders"
"8_9","ICD-9-CM to ICDA-8","mpnet","720","no reference match",858,0.191,0.111,-0.088,0.112,0.182,0.259,0.636,"727","ankylosis of joint","ankylosing spondylitis and other inflammatory spondylopathies","121","spondylosis intervertebral disc disorders other back problems"
"8_9","ICD-9-CM to ICDA-8","mpnet","721","no reference match",858,0.209,0.115,-0.065,0.128,0.198,0.275,0.654,"722","osteochondrosis","spondylosis and allied disorders","121","spondylosis intervertebral disc disorders other back problems"
"8_9","ICD-9-CM to ICDA-8","mpnet","722","has a reference match",858,0.169,0.108,-0.066,0.09,0.159,0.228,0.798,"725","displacement of intervertebral disc","intervertebral disc disorders","121","spondylosis intervertebral disc disorders other back problems"
"8_9","ICD-9-CM to ICDA-8","mpnet","730","has a reference match",858,0.211,0.113,-0.052,0.129,0.212,0.283,0.921,"720","osteomyelitis and periostitis","osteomyelitis periostitis and other infections involving bone","122","infective arthritis and osteomyelitis"
"8_9","ICD-9-CM to ICDA-8","mpnet","731","has a reference match",858,0.243,0.111,-0.025,0.17,0.234,0.314,0.883,"721","osteitis deformans","osteitis deformans and osteopathies associated with other disorders classified elsewhere","123","osteoporosis and other bone disease"
"8_9","ICD-9-CM to ICDA-8","mpnet","732","has a reference match",858,0.253,0.116,-0.025,0.17,0.255,0.326,0.896,"722","osteochondrosis","osteochondropathies","123","osteoporosis and other bone disease"
"8_9","ICD-9-CM to ICDA-8","mpnet","733","has a reference match",858,0.263,0.119,-0.06,0.184,0.248,0.338,0.816,"723","other diseases of bone","other disorders of bone and cartilage","123","osteoporosis and other bone disease"
"8_9","ICD-9-CM to ICDA-8","mpnet","735","has a reference match",858,0.23,0.113,-0.016,0.148,0.215,0.298,0.699,"928","contusion of foot and toe s","acquired deformities of toe","124","acquired foot deformities"
"8_9","ICD-9-CM to ICDA-8","mpnet","737","has a reference match",858,0.102,0.085,-0.13,0.046,0.087,0.14,1,"735","curvature of spine","curvature of spine","125","other acquired deformities"
"8_9","ICD-9-CM to ICDA-8","mpnet","740","has a reference match",858,0.179,0.109,-0.045,0.102,0.152,0.237,0.792,"740","anencephalus","anencephalus and similar anomalies","126","nervous system congenital anomalies"
"8_9","ICD-9-CM to ICDA-8","mpnet","741","has a reference match",858,0.216,0.097,-0.044,0.155,0.213,0.278,1,"741","spina bifida","spina bifida","126","nervous system congenital anomalies"
"8_9","ICD-9-CM to ICDA-8","mpnet","742","has a reference match",858,0.22,0.125,-0.012,0.14,0.203,0.271,1,"743","other congenital anomalies of nervous system","other congenital anomalies of nervous system","126","nervous system congenital anomalies"
"8_9","ICD-9-CM to ICDA-8","mpnet","743","has a reference match",858,0.169,0.112,-0.029,0.099,0.151,0.212,1,"744","congenital anomalies of eye","congenital anomalies of eye","127","other congenital anomalies"
"8_9","ICD-9-CM to ICDA-8","mpnet","744","has a reference match",858,0.191,0.113,-0.071,0.117,0.178,0.244,1,"745","congenital anomalies of ear face and neck","congenital anomalies of ear face and neck","127","other congenital anomalies"
"8_9","ICD-9-CM to ICDA-8","mpnet","745","no reference match",858,0.168,0.091,-0.067,0.112,0.16,0.213,0.669,"746","congenital anomalies of heart","bulbus cordis anomalies and anomalies of cardiac septal closure","128","cardiac and circulatory congenital anomalies"
"8_9","ICD-9-CM to ICDA-8","mpnet","746","has a reference match",858,0.201,0.119,-0.028,0.123,0.182,0.257,0.951,"746","congenital anomalies of heart","other congenital anomalies of heart","128","cardiac and circulatory congenital anomalies"
"8_9","ICD-9-CM to ICDA-8","mpnet","747","has a reference match",858,0.22,0.118,-0.036,0.145,0.203,0.274,1,"747","other congenital anomalies of circulatory system","other congenital anomalies of circulatory system","128","cardiac and circulatory congenital anomalies"
"8_9","ICD-9-CM to ICDA-8","mpnet","748","has a reference match",858,0.199,0.115,-0.041,0.124,0.174,0.246,1,"748","congenital anomalies of respiratory system","congenital anomalies of respiratory system","127","other congenital anomalies"
"8_9","ICD-9-CM to ICDA-8","mpnet","749","has a reference match",858,0.128,0.089,-0.1,0.072,0.115,0.169,1,"749","cleft palate and cleft lip","cleft palate and cleft lip","127","other congenital anomalies"
"8_9","ICD-9-CM to ICDA-8","mpnet","750","has a reference match",858,0.226,0.117,-0.021,0.15,0.212,0.283,1,"750","other congenital anomalies of upper alimentary tract","other congenital anomalies of upper alimentary tract","129","digestive congenital anomalies"
"8_9","ICD-9-CM to ICDA-8","mpnet","751","has a reference match",858,0.215,0.129,-0.047,0.131,0.194,0.272,1,"751","other congenital anomalies of digestive system","other congenital anomalies of digestive system","129","digestive congenital anomalies"
"8_9","ICD-9-CM to ICDA-8","mpnet","752","has a reference match",858,0.219,0.125,-0.058,0.139,0.205,0.277,1,"752","congenital anomalies of genital organs","congenital anomalies of genital organs","130","genitourinary congenital anomalies"
"8_9","ICD-9-CM to ICDA-8","mpnet","753","has a reference match",858,0.187,0.124,-0.029,0.104,0.163,0.245,1,"753","congenital anomalies of urinary system","congenital anomalies of urinary system","130","genitourinary congenital anomalies"
"8_9","ICD-9-CM to ICDA-8","mpnet","754","has a reference match",858,0.229,0.118,0.004,0.144,0.217,0.293,0.909,"756","other congenital anomalies of musculoskeletal system","certain congenital musculoskeletal deformities","127","other congenital anomalies"
"8_9","ICD-9-CM to ICDA-8","mpnet","755","has a reference match",858,0.221,0.121,-0.032,0.139,0.211,0.286,1,"755","other congenital anomalies of limbs","other congenital anomalies of limbs","127","other congenital anomalies"
"8_9","ICD-9-CM to ICDA-8","mpnet","756","has a reference match",858,0.226,0.123,-0.023,0.142,0.221,0.293,0.972,"756","other congenital anomalies of musculoskeletal system","other congenital musculoskeletal anomalies","127","other congenital anomalies"
"8_9","ICD-9-CM to ICDA-8","mpnet","757","has a reference match",858,0.237,0.11,-0.055,0.167,0.232,0.297,0.72,"750","other congenital anomalies of upper alimentary tract","congenital anomalies of the integument","127","other congenital anomalies"
"8_9","ICD-9-CM to ICDA-8","mpnet","758","has a reference match",858,0.17,0.104,-0.033,0.092,0.157,0.224,0.666,"758","other and unspecified congenital anomalies","chromosomal anomalies","127","other congenital anomalies"
"8_9","ICD-9-CM to ICDA-8","mpnet","759","has a reference match",858,0.256,0.118,0.01,0.179,0.243,0.31,1,"758","other and unspecified congenital anomalies","other and unspecified congenital anomalies","127","other congenital anomalies"
