"track","track_label","icd9","group","partners","mean","sd","min","q1","median","q3","max","total","icd9_label","ccs_id","ccs_category"
"10_9","ICD-9-CM to ICD-10-CA","175","no reference match",24,31.1666666666667,41.7223396178643,7,8,10.5,22.5,131,748,"malignant neoplasm of male breast","13","breast cancer"
"10_9","ICD-9-CM to ICD-10-CA","209","no reference match",124,37.5403225806452,68.6214310539725,7,11.75,17,31.75,506,4655,"neuroendocrine tumors","10","other cancers"
"10_9","ICD-9-CM to ICD-10-CA","239","no reference match",585,127.211965811966,406.54184715317,7,14,34,91,4862,74419,"neoplasms of unspecified nature","30","neoplasms of unspecified nature"
"10_9","ICD-9-CM to ICD-10-CA","249","no reference match",161,45.5527950310559,144.598707662842,7,12,18,38,1783,7334,"secondary diabetes mellitus","32","diabetes mellitus"
"10_9","ICD-9-CM to ICD-10-CA","327","no reference match",349,79.8825214899714,272.190709129009,7,12,23,49,3108,27879,"organic sleep disorders","50","other nervous system conditions"
"10_9","ICD-9-CM to ICD-10-CA","338","no reference match",827,265.802902055623,909.13827096326,7,18,49,181.5,13431,219819,"pain not elsewhere classified","50","other nervous system conditions"
"10_9","ICD-9-CM to ICD-10-CA","339","no reference match",58,16.0172413793103,9.59073269672407,7,9.25,15,17.75,54,929,"other headache syndromes","52","headache including migraine"
"10_9","ICD-9-CM to ICD-10-CA","445","no reference match",2,11.5,6.36396103067893,7,9.25,11.5,13.75,16,23,"atheroembolism","78","aortic and peripheral arterial embolism or thrombosis"
"10_9","ICD-9-CM to ICD-10-CA","515","no reference match",306,88.2352941176471,346.895406633878,7,13,24,53.75,5194,27000,"postinflammatory pulmonary fibrosis","87","other lower respiratory disease"
"10_9","ICD-9-CM to ICD-10-CA","140","has a reference match",13,15.0769230769231,10.5313938493561,7,8,11,16,43,196,"malignant neoplasm of lip","1","cancer of head and neck"
"10_9","ICD-9-CM to ICD-10-CA","141","has a reference match",116,40.7155172413793,90.6665947816248,7,10,17.5,33.25,858,4723,"malignant neoplasm of tongue","1","cancer of head and neck"
"10_9","ICD-9-CM to ICD-10-CA","142","has a reference match",43,37.046511627907,45.3551873908136,7,11,19,34.5,180,1593,"malignant neoplasm of major salivary glands","1","cancer of head and neck"
"10_9","ICD-9-CM to ICD-10-CA","143","has a reference match",8,12.625,5.47559520574182,8,9,11.5,13.25,25,101,"malignant neoplasm of gum","1","cancer of head and neck"
"10_9","ICD-9-CM to ICD-10-CA","144","has a reference match",19,23.4736842105263,17.1346576046348,7,11,16,33.5,62,446,"malignant neoplasm of floor of mouth","1","cancer of head and neck"
"10_9","ICD-9-CM to ICD-10-CA","145","has a reference match",96,30.6458333333333,39.5325260264897,7,10,18,29.25,225,2942,"malignant neoplasm of other and unspecified parts of mouth","1","cancer of head and neck"
"10_9","ICD-9-CM to ICD-10-CA","146","has a reference match",91,34.2967032967033,43.9571747412548,7,11,17,35.5,230,3121,"malignant neoplasm of oropharynx","1","cancer of head and neck"
"10_9","ICD-9-CM to ICD-10-CA","147","has a reference match",58,23.2758620689655,34.5079665876697,7,8,12.5,23,230,1350,"malignant neoplasm of nasopharynx","1","cancer of head and neck"
"10_9","ICD-9-CM to ICD-10-CA","148","has a reference match",33,23.1818181818182,22.4644921841316,7,10,15,28,110,765,"malignant neoplasm of hypopharynx","1","cancer of head and neck"
"10_9","ICD-9-CM to ICD-10-CA","149","has a reference match",40,19.675,16.9862500955241,7,9,11,24.25,90,787,"malignant neoplasm of other and illdefined sites within the lip oral cavity and pharynx","1","cancer of head and neck"
"10_9","ICD-9-CM to ICD-10-CA","150","has a reference match",272,128.988970588235,443.828808154691,7,13,25,71.75,5855,35085,"malignant neoplasm of esophagus","2","cancer of esophagus"
"10_9","ICD-9-CM to ICD-10-CA","151","has a reference match",270,120.474074074074,419.710093424466,7,12,30.5,92.5,5651,32528,"malignant neoplasm of stomach","3","cancer of stomach"
"10_9","ICD-9-CM to ICD-10-CA","152","has a reference match",129,38.4031007751938,66.2959179762229,7,11,19,34,532,4954,"malignant neoplasm of small intestine including duodenum","4","cancer of other gi organs peritoneum"
"10_9","ICD-9-CM to ICD-10-CA","153","has a reference match",490,345.35306122449,1501.33151666966,7,18,44,156.5,23624,169223,"malignant neoplasm of colon","5","colon cancer"
"10_9","ICD-9-CM to ICD-10-CA","154","has a reference match",414,193.608695652174,679.665115887752,7,14,29,97.75,8601,80154,"malignant neoplasm of rectum rectosigmoid junction and anus","6","cancer of rectum and anus"
"10_9","ICD-9-CM to ICD-10-CA","155","has a reference match",275,118.010909090909,381.426284922084,7,12,30,96.5,4579,32453,"malignant neoplasm of liver and intrahepatic bile ducts","7","cancer of liver and intrahepatic bile duct"
"10_9","ICD-9-CM to ICD-10-CA","156","has a reference match",156,75.0384615384615,164.444318828706,7,13,23.5,61,1004,11706,"malignant neoplasm of gallbladder and extrahepatic bile ducts","4","cancer of other gi organs peritoneum"
"10_9","ICD-9-CM to ICD-10-CA","157","has a reference match",315,209.812698412698,943.950544473324,7,14,33,117,13417,66091,"malignant neoplasm of pancreas","8","pancreas cancer"
"10_9","ICD-9-CM to ICD-10-CA","158","has a reference match",82,40.7560975609756,50.1281225068767,7,11,24,44.75,291,3342,"malignant neoplasm of retroperitoneum and peritoneum","4","cancer of other gi organs peritoneum"
"10_9","ICD-9-CM to ICD-10-CA","159","has a reference match",158,59.9050632911392,138.573477852036,7,11,26,48.5,1128,9465,"malignant neoplasm of other and illdefined sites within the digestive organs and peritoneum","4","cancer of other gi organs peritoneum"
"10_9","ICD-9-CM to ICD-10-CA","160","has a reference match",40,19.25,25.4082058216814,7,8,10,18,151,770,"malignant neoplasm of nasal cavities middle ear and accessory sinuses","1","cancer of head and neck"
"10_9","ICD-9-CM to ICD-10-CA","161","has a reference match",109,45.0733944954128,104.377671305095,7,11,20,39,1002,4913,"malignant neoplasm of larynx","1","cancer of head and neck"
"10_9","ICD-9-CM to ICD-10-CA","162","has a reference match",602,437.647840531561,2746.06365601725,7,16,46,155.25,53951,263464,"malignant neoplasm of trachea bronchus and lung","9","lung and other respiratory cancer"
"10_9","ICD-9-CM to ICD-10-CA","163","has a reference match",49,38.4897959183673,70.2567085910009,8,11,15,25,445,1886,"malignant neoplasm of pleura","9","lung and other respiratory cancer"
"10_9","ICD-9-CM to ICD-10-CA","164","has a reference match",36,20.25,16.9997899146683,7,8.75,14,21.5,75,729,"malignant neoplasm of thymus heart and mediastinum","10","other cancers"
"10_9","ICD-9-CM to ICD-10-CA","165","has a reference match",10,21.4,17.895995827745,7,9.25,15.5,28,65,214,"malignant neoplasm of other and illdefined sites within the respiratory system and intrathoracic organs","9","lung and other respiratory cancer"
"10_9","ICD-9-CM to ICD-10-CA","170","has a reference match",186,88.2849462365591,295.964697473428,7,10.25,18.5,46,3104,16421,"malignant neoplasm of bone and articular cartilage","11","cancer of bone and connective tissue"
"10_9","ICD-9-CM to ICD-10-CA","171","has a reference match",209,66.5311004784689,197.922042343489,7,11,20,46,2258,13905,"malignant neoplasm of connective and other soft tissue","11","cancer of bone and connective tissue"
"10_9","ICD-9-CM to ICD-10-CA","172","has a reference match",209,61.933014354067,212.552878739813,7,10,17,40,1766,12944,"malignant melanoma of skin","12","skin melanoma"
"10_9","ICD-9-CM to ICD-10-CA","174","has a reference match",477,217.72536687631,1183.30791064413,7,15,31,86,20107,103855,"malignant neoplasm of female breast","13","breast cancer"
"10_9","ICD-9-CM to ICD-10-CA","176","has a reference match",37,19.027027027027,16.989353670406,7,8,16,21,93,704,"kaposis sarcoma","10","other cancers"
"10_9","ICD-9-CM to ICD-10-CA","179","has a reference match",106,54.377358490566,109.625288430326,7,12,21,50.25,920,5764,"malignant neoplasm of uterus part unspecified","14","uterus cancer"
"10_9","ICD-9-CM to ICD-10-CA","180","has a reference match",182,100.296703296703,298.680523514998,7,15,27,75.5,3658,18254,"malignant neoplasm of cervix uteri","15","cervix cancer"
"10_9","ICD-9-CM to ICD-10-CA","181","has a reference match",7,31.1428571428571,50.8901711906093,7,9,11,18,146,218,"malignant neoplasm of placenta","16","cancer of other female genital organs"
"10_9","ICD-9-CM to ICD-10-CA","182","has a reference match",244,120.83606557377,420.188236490347,7,13,26.5,79,5642,29484,"malignant neoplasm of body of uterus","14","uterus cancer"
"10_9","ICD-9-CM to ICD-10-CA","183","has a reference match",299,170.464882943144,676.657176246095,7,12.5,28,95.5,9106,50969,"malignant neoplasm of ovary and other uterine adnexa","16","cancer of other female genital organs"
"10_9","ICD-9-CM to ICD-10-CA","184","has a reference match",95,51.5473684210526,119.986060220579,7,11,20,39,1093,4897,"malignant neoplasm of other and unspecified female genital organs","16","cancer of other female genital organs"
"10_9","ICD-9-CM to ICD-10-CA","185","has a reference match",435,215.967816091954,1126.89592373251,7,16,35,108,20064,93946,"malignant neoplasm of prostate","17","prostate cancer"
"10_9","ICD-9-CM to ICD-10-CA","186","has a reference match",95,39.7578947368421,98.8184145761836,7,10,16,26,855,3777,"malignant neoplasm of testis","18","testis cancer"
"10_9","ICD-9-CM to ICD-10-CA","187","has a reference match",33,32.8181818181818,53.9052725537206,9,11,18,26,311,1083,"malignant neoplasm of penis and other male genital organs","19","cancer of other male genital organs"
"10_9","ICD-9-CM to ICD-10-CA","188","has a reference match",326,150.398773006135,616.063124037212,7,12.25,25,79.25,9670,49030,"malignant neoplasm of bladder","20","bladder cancer"
"10_9","ICD-9-CM to ICD-10-CA","189","has a reference match",339,135.330383480826,542.383008946298,7,14,27,75.5,7387,45877,"malignant neoplasm of kidney and other and unspecified urinary organs","21","cancer of kidney and other urinary organs"
"10_9","ICD-9-CM to ICD-10-CA","190","has a reference match",17,22.2352941176471,19.3956483900536,7,7,14,38,62,378,"malignant neoplasm of eye","10","other cancers"
"10_9","ICD-9-CM to ICD-10-CA","191","has a reference match",316,100.221518987342,444.187378213333,7,12,21,61,7101,31670,"malignant neoplasm of brain","22","cancer of brain and nervous system"
"10_9","ICD-9-CM to ICD-10-CA","192","has a reference match",49,24.0204081632653,30.6638289873144,7,9,12,22,142,1177,"malignant neoplasm of other and unspecified parts of nervous system","22","cancer of brain and nervous system"
"10_9","ICD-9-CM to ICD-10-CA","193","has a reference match",128,59.0078125,176.752484801109,7,10.75,20,37.25,1782,7553,"malignant neoplasm of thyroid gland","23","thyroid cancer"
"10_9","ICD-9-CM to ICD-10-CA","194","has a reference match",94,29.7127659574468,51.9287399117902,7,9,11,21.75,333,2793,"malignant neoplasm of other endocrine glands and related structures","10","other cancers"
"10_9","ICD-9-CM to ICD-10-CA","195","has a reference match",192,38.9427083333333,65.6111969195267,7,10.75,19,34.25,470,7477,"malignant neoplasm of other and illdefined sites","10","other cancers"
"10_9","ICD-9-CM to ICD-10-CA","196","has a reference match",38,24.9736842105263,25.0194376782417,7,9,15,24.5,101,949,"secondary and unspecified malignant neoplasm of lymph nodes","24","secondary malignancy"
"10_9","ICD-9-CM to ICD-10-CA","197","has a reference match",302,121.639072847682,462.227107815128,7,13,25,73,6068,36735,"secondary malignant neoplasm of respiratory and digestive systems","24","secondary malignancy"
"10_9","ICD-9-CM to ICD-10-CA","198","has a reference match",290,108.762068965517,424.889403817833,7,14,27,65.5,5608,31541,"secondary malignant neoplasm of other specified sites","24","secondary malignancy"
"10_9","ICD-9-CM to ICD-10-CA","199","has a reference match",430,156.220930232558,625.468126805421,7,14,32,102.5,8750,67175,"malignant neoplasm without specification of site","25","malignant neoplasm without specification of site"
"10_9","ICD-9-CM to ICD-10-CA","200","has a reference match",176,51.8863636363636,142.134940456952,7,11,17.5,42,1634,9132,"lymphosarcoma and reticulosarcoma and other specified malignant tumors of lymphatic tissue","26","nonhodgkins lymphoma"
"10_9","ICD-9-CM to ICD-10-CA","201","has a reference match",191,47.3193717277487,123.278792266801,7,10,18,37,1467,9038,"hodgkins disease","27","hodgkins disease"
"10_9","ICD-9-CM to ICD-10-CA","202","has a reference match",608,213.789473684211,787.81955369273,7,15,40,120.25,11252,129984,"other malignant neoplasms of lymphoid and histiocytic tissue","26","nonhodgkins lymphoma"
"10_9","ICD-9-CM to ICD-10-CA","203","has a reference match",416,163.033653846154,758.333918135547,7,14,27.5,81,13900,67822,"multiple myeloma and immunoproliferative neoplasms","28","multiple myeloma and leukemias"
"10_9","ICD-9-CM to ICD-10-CA","204","has a reference match",397,104.614609571788,444.987685776912,7,13,28,67,7880,41532,"lymphoid leukemia","28","multiple myeloma and leukemias"
"10_9","ICD-9-CM to ICD-10-CA","205","has a reference match",408,122.970588235294,519.580022349034,7,13,27,77.25,8384,50172,"myeloid leukemia","28","multiple myeloma and leukemias"
"10_9","ICD-9-CM to ICD-10-CA","206","has a reference match",138,38.7246376811594,109.243501409616,7,10,14,27.75,1095,5344,"monocytic leukemia","28","multiple myeloma and leukemias"
"10_9","ICD-9-CM to ICD-10-CA","207","has a reference match",10,12.6,6.81827609362432,7,10.25,11,12,31,126,"other specified leukemia","28","multiple myeloma and leukemias"
"10_9","ICD-9-CM to ICD-10-CA","208","has a reference match",328,74.484756097561,260.540346085144,7,10.75,19.5,42,3258,24431,"leukemia of unspecified cell type","28","multiple myeloma and leukemias"
"10_9","ICD-9-CM to ICD-10-CA","225","has a reference match",153,43.5424836601307,109.114798729071,7,10,17,33,1063,6662,"benign neoplasm of brain and other parts of nervous system","29","other and unspecified benign neoplasm"
"10_9","ICD-9-CM to ICD-10-CA","230","has a reference match",277,103.938628158845,286.091945521565,7,13,25,70,2738,28791,"carcinoma in situ of digestive organs","4","cancer of other gi organs peritoneum"
"10_9","ICD-9-CM to ICD-10-CA","231","has a reference match",192,81.6197916666667,311.304746608029,7,12,20.5,46,3647,15671,"carcinoma in situ of respiratory system","9","lung and other respiratory cancer"
"10_9","ICD-9-CM to ICD-10-CA","233","has a reference match",253,77.1541501976285,217.891455685812,7,12,19,53,1913,19520,"carcinoma in situ of breast and genitourinary system","10","other cancers"
"10_9","ICD-9-CM to ICD-10-CA","234","has a reference match",60,26.1,34.285293580954,7,9,14.5,28,175,1566,"carcinoma in situ of other and unspecified sites","10","other cancers"
"10_9","ICD-9-CM to ICD-10-CA","237","has a reference match",141,36.063829787234,62.217155737667,7,9,16,32,404,5085,"neoplasm of uncertain behavior of endocrine glands and nervous system","30","neoplasms of unspecified nature"
"10_9","ICD-9-CM to ICD-10-CA","238","has a reference match",411,67.9416058394161,149.439053557451,7,12,23,60,1601,27924,"neoplasm of uncertain behavior of other and unspecified sites and tissues","30","neoplasms of unspecified nature"
"10_9","ICD-9-CM to ICD-10-CA","240","has a reference match",29,31.6896551724138,44.246148701066,7,8,16,34,226,919,"simple and unspecified goiter","31","thyroid disorders"
"10_9","ICD-9-CM to ICD-10-CA","241","has a reference match",90,48.3,117.301441124513,7,8,12,25.75,752,4347,"nontoxic nodular goiter","31","thyroid disorders"
"10_9","ICD-9-CM to ICD-10-CA","242","has a reference match",275,42.76,117.98763018178,7,10,17,35,1635,11759,"thyrotoxicosis with or without goiter","31","thyroid disorders"
"10_9","ICD-9-CM to ICD-10-CA","243","has a reference match",10,10.6,4.2478752858864,7,7,9.5,12,19,106,"congenital hypothyroidism","31","thyroid disorders"
"10_9","ICD-9-CM to ICD-10-CA","244","has a reference match",555,109.018018018018,276.685102389253,7,15,32,94.5,3267,60505,"acquired hypothyroidism","31","thyroid disorders"
"10_9","ICD-9-CM to ICD-10-CA","245","has a reference match",34,15,11.908743922773,7,8,10,17,53,510,"thyroiditis","31","thyroid disorders"
"10_9","ICD-9-CM to ICD-10-CA","246","has a reference match",143,29.7692307692308,43.0755465265276,7,9,15,25.5,274,4257,"other disorders of thyroid","31","thyroid disorders"
"10_9","ICD-9-CM to ICD-10-CA","250","has a reference match",1074,822.932960893855,6268.62887579525,7,22,73,329.75,187210,883830,"diabetes mellitus","32","diabetes mellitus"
"10_9","ICD-9-CM to ICD-10-CA","251","has a reference match",406,99.935960591133,470.422401034433,7,12,25,61,8774,40574,"other disorders of pancreatic internal secretiondisorders of parathyroid gland","33","other endocrine disorders"
"10_9","ICD-9-CM to ICD-10-CA","252","has a reference match",164,52.7256097560976,127.822889653058,7,10,16,33.25,985,8647,"disorders of parathyroid gland","33","other endocrine disorders"
"10_9","ICD-9-CM to ICD-10-CA","253","has a reference match",213,37.6431924882629,76.2895082498585,7,10,17,35,701,8018,"disorders of the pituitary gland and its hypothalamic control","33","other endocrine disorders"
"10_9","ICD-9-CM to ICD-10-CA","254","has a reference match",6,14.5,10.3682206766639,8,8.5,10.5,14,35,87,"diseases of thymus gland","33","other endocrine disorders"
"10_9","ICD-9-CM to ICD-10-CA","255","has a reference match",324,47.9783950617284,113.261046027579,7,11.75,19,42,1473,15545,"disorders of adrenal glands","33","other endocrine disorders"
"10_9","ICD-9-CM to ICD-10-CA","256","has a reference match",42,18.4047619047619,13.9547343549613,7,9.25,13,20.75,81,773,"ovarian dysfunction","33","other endocrine disorders"
"10_9","ICD-9-CM to ICD-10-CA","257","has a reference match",41,17.1463414634146,15.6069871781996,7,8,13,16,81,703,"testicular dysfunction","33","other endocrine disorders"
"10_9","ICD-9-CM to ICD-10-CA","258","has a reference match",10,11,6.73300329224139,7,7,8,10.75,28,110,"polyglandular dysfunction and related disorders","33","other endocrine disorders"
"10_9","ICD-9-CM to ICD-10-CA","259","has a reference match",62,19.0161290322581,19.043945671451,7,9,12.5,20.25,113,1179,"other endocrine disorders","33","other endocrine disorders"
"10_9","ICD-9-CM to ICD-10-CA","260","has a reference match",NA,NA,NA,NA,NA,NA,NA,NA,NA,"kwashiorkor","34","nutritional deficiencies"
"10_9","ICD-9-CM to ICD-10-CA","261","has a reference match",NA,NA,NA,NA,NA,NA,NA,NA,NA,"nutritional marasmus","34","nutritional deficiencies"
"10_9","ICD-9-CM to ICD-10-CA","262","has a reference match",22,13.2727272727273,7.05881291909906,7,8.25,11,14.75,33,292,"other severe proteincalorie malnutrition","34","nutritional deficiencies"
"10_9","ICD-9-CM to ICD-10-CA","263","has a reference match",531,151.007532956686,384.417756176665,7,13,33,108,4213,80185,"other and unspecified proteincalorie malnutrition","34","nutritional deficiencies"
"10_9","ICD-9-CM to ICD-10-CA","268","has a reference match",50,19.72,19.7029366919176,7,9.25,15,20,129,986,"vitamin d deficiency","34","nutritional deficiencies"
"10_9","ICD-9-CM to ICD-10-CA","270","has a reference match",56,18.6964285714286,19.6939489025595,7,9,12.5,19,113,1047,"disorders of aminoacid transport and metabolism","35","other nutritional endocrine immunity and metabolic disorders"
"10_9","ICD-9-CM to ICD-10-CA","271","has a reference match",22,18.8636363636364,17.5967947691387,7,9,14,18.75,88,415,"disorders of carbohydrate transport and metabolism","35","other nutritional endocrine immunity and metabolic disorders"
"10_9","ICD-9-CM to ICD-10-CA","272","has a reference match",460,105.245652173913,363.328060288247,7,12.75,27,81.25,5732,48413,"disorders of lipoid metabolism","36","disorders of lipid metabolism"
"10_9","ICD-9-CM to ICD-10-CA","273","has a reference match",171,30.4970760233918,47.9070637391393,7,9,16,31,390,5215,"disorders of plasma protein metabolism","35","other nutritional endocrine immunity and metabolic disorders"
"10_9","ICD-9-CM to ICD-10-CA","274","has a reference match",362,93.2044198895028,308.098164344381,7,12,25,60.5,3540,33740,"gout","37","gout and other crystal arthropathies"
"10_9","ICD-9-CM to ICD-10-CA","275","has a reference match",444,109.112612612613,348.465006677769,7,13.75,29,77.25,4795,48446,"disorders of mineral metabolism","35","other nutritional endocrine immunity and metabolic disorders"
"10_9","ICD-9-CM to ICD-10-CA","277","has a reference match",316,71.0158227848101,293.753254198178,7,12,23,56.25,4985,22441,"other and unspecified disorders of metabolism","35","other nutritional endocrine immunity and metabolic disorders"
"10_9","ICD-9-CM to ICD-10-CA","278","has a reference match",408,102.595588235294,402.548009473837,7,12,25,71.25,6586,41859,"overweight obesity and other hyperalimentation","35","other nutritional endocrine immunity and metabolic disorders"
"10_9","ICD-9-CM to ICD-10-CA","279","has a reference match",181,25.0828729281768,29.3896955587118,7,9,15,27,215,4540,"disorders involving the immune mechanism","35","other nutritional endocrine immunity and metabolic disorders"
"10_9","ICD-9-CM to ICD-10-CA","280","has a reference match",483,104.062111801242,308.748908095726,7,12,29,77.5,3991,50262,"iron deficiency anemias","38","anemia"
"10_9","ICD-9-CM to ICD-10-CA","282","has a reference match",138,29.2173913043478,88.6554669048849,7,8.25,14,21.75,1019,4032,"hereditary hemolytic anemias","38","anemia"
"10_9","ICD-9-CM to ICD-10-CA","283","has a reference match",174,37.6264367816092,85.9463039247666,7,11,17,31,907,6547,"acquired hemolytic anemias","38","anemia"
"10_9","ICD-9-CM to ICD-10-CA","284","has a reference match",367,69.267029972752,199.739405575153,7,13,24,56,3049,25421,"aplastic anemia and other bone marrow failure syndromes","38","anemia"
"10_9","ICD-9-CM to ICD-10-CA","285","has a reference match",842,332.137767220903,1255.26855165123,7,18,48,209.5,21741,279660,"other and unspecified anemias","38","anemia"
"10_9","ICD-9-CM to ICD-10-CA","286","has a reference match",570,127.059649122807,439.409245478721,7,14,30.5,85.75,5495,72424,"coagulation defects","39","other hematologic conditions"
"10_9","ICD-9-CM to ICD-10-CA","287","has a reference match",456,79.3640350877193,261.42548187163,7,12.75,27.5,62.25,4575,36190,"purpura and other hemorrhagic conditions","39","other hematologic conditions"
"10_9","ICD-9-CM to ICD-10-CA","288","has a reference match",487,116.868583162218,397.540684537826,7,13,32,77,6474,56915,"diseases of white blood cells","39","other hematologic conditions"
"10_9","ICD-9-CM to ICD-10-CA","289","has a reference match",356,45.9719101123596,85.7123541821118,7,11,19,41.5,904,16366,"other diseases of blood and bloodforming organs","39","other hematologic conditions"
"10_9","ICD-9-CM to ICD-10-CA","290","has a reference match",729,429.23182441701,1860.38324799633,7,19,51,196,34933,312910,"dementias","40","delirium dementia and other cognitive disorders"
"10_9","ICD-9-CM to ICD-10-CA","291","has a reference match",359,126.281337047354,892.908358584179,7,11.5,23,61.5,16554,45335,"alcoholinduced mental disorders","41","alcohol and substancerelated disorders"
"10_9","ICD-9-CM to ICD-10-CA","292","has a reference match",275,98.7636363636364,364.523284510376,7,11.5,19,43,4615,27160,"druginduced mental disorders","41","alcohol and substancerelated disorders"
"10_9","ICD-9-CM to ICD-10-CA","294","has a reference match",604,280.276490066225,1161.07826367207,7,17,42.5,134.5,20931,169287,"persistent mental disorders due to conditions classified elsewhere","40","delirium dementia and other cognitive disorders"
"10_9","ICD-9-CM to ICD-10-CA","295","has a reference match",717,480.966527196653,4044.31247708258,7,18,46,144,98409,344853,"schizophrenic disorders","42","schizophrenia and other psychotic disorders"
"10_9","ICD-9-CM to ICD-10-CA","296","has a reference match",889,517.645669291339,3322.01992603115,7,20,53,175,65169,460187,"episodic mood disorders","43","mood and anxiety disorders"
"10_9","ICD-9-CM to ICD-10-CA","297","has a reference match",277,82.6137184115523,286.148788624752,7,14,22,52,4140,22884,"delusional disorders","42","schizophrenia and other psychotic disorders"
"10_9","ICD-9-CM to ICD-10-CA","298","has a reference match",797,368.864491844417,1490.36593655067,7,18,49,162,25380,293985,"other nonorganic psychoses","42","schizophrenia and other psychotic disorders"
"10_9","ICD-9-CM to ICD-10-CA","299","has a reference match",143,48.4055944055944,152.005524258502,7,10,15,37,1728,6922,"pervasive developmental disorders","44","disorders usually diagnosed in infancy childhood or adolescence"
"10_9","ICD-9-CM to ICD-10-CA","300","has a reference match",981,280.718654434251,1006.65922650861,7,18,57,193,18348,275385,"anxiety dissociative and somatoform disorders","43","mood and anxiety disorders"
"10_9","ICD-9-CM to ICD-10-CA","301","has a reference match",459,215.854030501089,1213.56656616937,7,13,27,78,23027,99077,"personality disorders","45","personality disorders"
"10_9","ICD-9-CM to ICD-10-CA","303","has a reference match",435,125.204597701149,797.786116987552,7,12,24,63.5,16022,54464,"alcohol dependence syndrome","41","alcohol and substancerelated disorders"
"10_9","ICD-9-CM to ICD-10-CA","304","has a reference match",532,127.65037593985,407.456348614454,7,14,30,79.5,5972,67910,"drug dependence","41","alcohol and substancerelated disorders"
"10_9","ICD-9-CM to ICD-10-CA","305","has a reference match",677,225.805022156573,1285.9295409985,7,16,39,118,29925,152870,"nondependent abuse of drugs","41","alcohol and substancerelated disorders"
"10_9","ICD-9-CM to ICD-10-CA","306","has a reference match",22,14.6818181818182,9.09937917105894,7,8,12.5,17.75,43,323,"physiological malfunction arising from mental factors","46","miscellaneous mental health disorders"
"10_9","ICD-9-CM to ICD-10-CA","307","has a reference match",400,98.075,567.098307704673,7,12,22,60.5,10850,39230,"special symptoms or syndromes not elsewhere classified","46","miscellaneous mental health disorders"
"10_9","ICD-9-CM to ICD-10-CA","308","has a reference match",330,36.5030303030303,70.7835112290565,7,11,17,35,740,12046,"acute reaction to stress","43","mood and anxiety disorders"
"10_9","ICD-9-CM to ICD-10-CA","309","has a reference match",684,172.144736842105,896.489448020163,7,16,36,96.25,19509,117747,"adjustment reaction","47","adjustment disorders"
"10_9","ICD-9-CM to ICD-10-CA","310","has a reference match",54,22.0185185185185,22.8510275899082,7,10,14.5,23.5,149,1189,"specific nonpsychotic mental disorders due to brain damage","46","miscellaneous mental health disorders"
"10_9","ICD-9-CM to ICD-10-CA","311","has a reference match",877,349.446978335234,1710.55617500162,7,18,49,164,31953,306465,"depressive disorder not elsewhere classified","43","mood and anxiety disorders"
"10_9","ICD-9-CM to ICD-10-CA","312","has a reference match",159,47.8616352201258,82.9157325765234,7,10,18,41.5,603,7610,"disturbance of conduct not elsewhere classified","48","attentiondeficit conduct and disruptive behavior disorders"
"10_9","ICD-9-CM to ICD-10-CA","314","has a reference match",178,73.4831460674157,232.661904619628,7,11,18,39.75,2699,13080,"hyperkinetic syndrome of childhood","48","attentiondeficit conduct and disruptive behavior disorders"
"10_9","ICD-9-CM to ICD-10-CA","315","has a reference match",70,20.9428571428571,17.5300038561515,7,9.25,16,24.75,96,1466,"specific delays in development","49","developmental disorders"
"10_9","ICD-9-CM to ICD-10-CA","316","has a reference match",NA,NA,NA,NA,NA,NA,NA,NA,NA,"psychic factors associated with diseases classified elsewhere","46","miscellaneous mental health disorders"
"10_9","ICD-9-CM to ICD-10-CA","317","has a reference match",40,34.2,42.0086682141699,7,9,17,40,198,1368,"mild intellectual disabilities","49","developmental disorders"
"10_9","ICD-9-CM to ICD-10-CA","318","has a reference match",61,23.4098360655738,24.6308594038592,7,9,14,25,136,1428,"other specified intellectual disabilities","49","developmental disorders"
"10_9","ICD-9-CM to ICD-10-CA","319","has a reference match",97,45.8041237113402,68.9454251526853,7,11,19,39,419,4443,"unspecified intellectual disabilities","49","developmental disorders"
"10_9","ICD-9-CM to ICD-10-CA","330","has a reference match",42,22.452380952381,25.4483718209857,7,9,13,26.25,147,943,"cerebral degenerations usually manifest in childhood","50","other nervous system conditions"
"10_9","ICD-9-CM to ICD-10-CA","331","has a reference match",448,122.332589285714,343.684963973243,7,14,31,81.25,3800,54805,"other cerebral degenerations","40","delirium dementia and other cognitive disorders"
"10_9","ICD-9-CM to ICD-10-CA","332","has a reference match",422,145.075829383886,599.425293987792,7,13,30,97,10620,61222,"parkinsons disease","51","parkinsons disease"
"10_9","ICD-9-CM to ICD-10-CA","333","has a reference match",342,53.8070175438597,105.62137412483,7,11,21,45,1189,18402,"other extrapyramidal disease and abnormal movement disorders","50","other nervous system conditions"
"10_9","ICD-9-CM to ICD-10-CA","334","has a reference match",132,25.219696969697,33.2626178535658,7,8.75,14,26.5,231,3329,"spinocerebellar disease","50","other nervous system conditions"
"10_9","ICD-9-CM to ICD-10-CA","335","has a reference match",170,58.1176470588235,178.329023199088,7,11,18,43,2090,9880,"anterior horn cell disease","50","other nervous system conditions"
"10_9","ICD-9-CM to ICD-10-CA","336","has a reference match",212,42.4150943396226,79.463827405102,7,11,19,37,737,8992,"other diseases of spinal cord","50","other nervous system conditions"
"10_9","ICD-9-CM to ICD-10-CA","337","has a reference match",90,21.1222222222222,30.6325918002297,7,9,13,21.75,258,1901,"disorders of the autonomic nervous system","50","other nervous system conditions"
"10_9","ICD-9-CM to ICD-10-CA","340","has a reference match",336,83.8779761904762,384.024019759585,7,12,23,58,6559,28183,"multiple sclerosis","53","multiple sclerosis"
"10_9","ICD-9-CM to ICD-10-CA","341","has a reference match",112,27.7410714285714,42.1361468874098,7,10,15,23,267,3107,"other demyelinating diseases of central nervous system","50","other nervous system conditions"
"10_9","ICD-9-CM to ICD-10-CA","342","has a reference match",112,27.4732142857143,48.4561582883102,7,9,15,22.25,338,3077,"hemiplegia and hemiparesis","54","paralysis"
"10_9","ICD-9-CM to ICD-10-CA","343","has a reference match",118,32.4237288135593,67.7301592709334,7,11,16.5,33.75,710,3826,"infantile cerebral palsy","54","paralysis"
"10_9","ICD-9-CM to ICD-10-CA","344","has a reference match",360,78.3972222222222,172.352801005805,7,12,25,64,1658,28223,"other paralytic syndromes","54","paralysis"
"10_9","ICD-9-CM to ICD-10-CA","345","has a reference match",532,106.385338345865,403.331629089267,7,12,27,75,6724,56597,"epilepsy and recurrent seizures","55","epilepsyconvulsions"
"10_9","ICD-9-CM to ICD-10-CA","346","has a reference match",322,46.167701863354,149.411711853318,7,10,18.5,38.75,2435,14866,"migraine","52","headache including migraine"
"10_9","ICD-9-CM to ICD-10-CA","347","has a reference match",5,11.4,6.58027355054484,7,8,9,10,23,57,"cataplexy and narcolepsy","50","other nervous system conditions"
"10_9","ICD-9-CM to ICD-10-CA","348","has a reference match",528,122.981060606061,298.269079294836,7,14,32,99.5,3377,64934,"other conditions of brain","50","other nervous system conditions"
"10_9","ICD-9-CM to ICD-10-CA","353","has a reference match",120,25.9,37.6238347484207,7,10,18,29,364,3108,"nerve root and plexus disorders","50","other nervous system conditions"
"10_9","ICD-9-CM to ICD-10-CA","354","has a reference match",225,31.7466666666667,70.0524216977135,7,10,15,26,629,7143,"mononeuritis of upper limb and mononeuritis multiplex","50","other nervous system conditions"
"10_9","ICD-9-CM to ICD-10-CA","355","has a reference match",329,35.5136778115502,81.675596193518,7,10,17,30,1141,11684,"mononeuritis of lower limb and unspecified site","50","other nervous system conditions"
"10_9","ICD-9-CM to ICD-10-CA","356","has a reference match",289,42.1522491349481,105.804249629755,7,11,18,38,1492,12182,"hereditary and idiopathic peripheral neuropathy","50","other nervous system conditions"
"10_9","ICD-9-CM to ICD-10-CA","357","has a reference match",264,52.0416666666667,155.922942624732,7,11,19,39,2009,13739,"inflammatory and toxic neuropathy","50","other nervous system conditions"
"10_9","ICD-9-CM to ICD-10-CA","358","has a reference match",179,47.5083798882682,141.114359899453,7,10,17,34,1616,8504,"myoneural disorders","50","other nervous system conditions"
"10_9","ICD-9-CM to ICD-10-CA","359","has a reference match",261,44.7509578544061,90.7535719208158,7,10,19,43,954,11680,"muscular dystrophies and other myopathies","50","other nervous system conditions"
"10_9","ICD-9-CM to ICD-10-CA","360","has a reference match",111,36.9369369369369,66.32828537993,7,10,18,40.5,446,4100,"disorders of the globe","56","other eye disorders"
"10_9","ICD-9-CM to ICD-10-CA","361","has a reference match",87,78.7241379310345,354.32634050177,7,10,15,28.5,3266,6849,"retinal detachments and defects","57","retinal detachments defects vascular occlusion and retinopathy"
"10_9","ICD-9-CM to ICD-10-CA","362","has a reference match",371,77.8544474393531,278.572394104645,7,11,24,51,4495,28884,"other retinal disorders","57","retinal detachments defects vascular occlusion and retinopathy"
"10_9","ICD-9-CM to ICD-10-CA","363","has a reference match",59,16.0338983050847,14.1932063662513,7,8,9,16,69,946,"chorioretinal inflammations scars and other disorders of choroid","56","other eye disorders"
"10_9","ICD-9-CM to ICD-10-CA","364","has a reference match",102,27.2156862745098,45.6904408511007,7,9,13,25.75,339,2776,"disorders of iris and ciliary body","56","other eye disorders"
"10_9","ICD-9-CM to ICD-10-CA","365","has a reference match",369,68.3577235772358,203.533158689458,7,11,22,55,2708,25224,"glaucoma","58","glaucoma"
"10_9","ICD-9-CM to ICD-10-CA","366","has a reference match",350,66.0828571428571,186.625182467609,7,12,24,50.25,2592,23129,"cataract","59","cataract"
"10_9","ICD-9-CM to ICD-10-CA","369","has a reference match",121,25.1818181818182,39.8087092648497,7,10,14,25,383,3047,"blindness and low vision","60","blindness and vision defects"
"10_9","ICD-9-CM to ICD-10-CA","370","has a reference match",179,47.659217877095,190.197505452316,7,9,15,35,2464,8531,"keratitis","56","other eye disorders"
"10_9","ICD-9-CM to ICD-10-CA","371","has a reference match",81,29.2839506172839,47.0173464180778,7,9,14,25,287,2372,"corneal opacity and other disorders of cornea","56","other eye disorders"
"10_9","ICD-9-CM to ICD-10-CA","372","has a reference match",306,31.6862745098039,56.3831122941689,7,10,16,35,624,9696,"disorders of conjunctiva","56","other eye disorders"
"10_9","ICD-9-CM to ICD-10-CA","376","has a reference match",128,32,81.6949385955212,7,9,14,21,823,4096,"disorders of the orbit","56","other eye disorders"
"10_9","ICD-9-CM to ICD-10-CA","377","has a reference match",118,25.7033898305085,43.771026072661,7,10,14,20.75,363,3033,"disorders of optic nerve and visual pathways","56","other eye disorders"
"10_9","ICD-9-CM to ICD-10-CA","379","has a reference match",263,66.4942965779468,215.180394243025,7,10,17,36.5,2317,17488,"other disorders of eye","56","other eye disorders"
"10_9","ICD-9-CM to ICD-10-CA","380","has a reference match",383,46.2088772845953,106.848785965722,7,11,20,41,1296,17698,"disorders of external ear","61","other ear and sense organ disorders"
"10_9","ICD-9-CM to ICD-10-CA","381","has a reference match",97,19.8247422680412,24.7297940706475,7,9,12,20,191,1923,"nonsuppurative otitis media and eustachian tube disorders","62","otitis media and related conditions"
"10_9","ICD-9-CM to ICD-10-CA","382","has a reference match",264,32.7310606060606,61.1731913157469,7,10,16,31,593,8641,"suppurative and unspecified otitis media","62","otitis media and related conditions"
"10_9","ICD-9-CM to ICD-10-CA","383","has a reference match",73,31.4109589041096,51.5988360162746,7,14,16,27,334,2293,"mastoiditis and related conditions","62","otitis media and related conditions"
"10_9","ICD-9-CM to ICD-10-CA","384","has a reference match",16,14.875,10.7074740251845,7,8,9.5,18.5,45,238,"other disorders of tympanic membrane","61","other ear and sense organ disorders"
"10_9","ICD-9-CM to ICD-10-CA","386","has a reference match",235,59.1872340425532,176.521103090633,7,11,18,37,1497,13909,"vertiginous syndromes and other disorders of vestibular system","63","conditions associated with dizziness or vertigo"
"10_9","ICD-9-CM to ICD-10-CA","389","has a reference match",199,27.8492462311558,48.7974310771786,7,9,14,25,470,5542,"hearing loss","61","other ear and sense organ disorders"
"10_9","ICD-9-CM to ICD-10-CA","393","has a reference match",6,9.16666666666667,1.47196014438797,8,8.25,9,9,12,55,"chronic rheumatic pericarditis","64","peri endo and myocarditis cardiomyopathy"
"10_9","ICD-9-CM to ICD-10-CA","394","has a reference match",227,59.6696035242291,139.75889827552,7,11,18,36.5,1048,13545,"diseases of mitral valve","65","heart valve disorders"
"10_9","ICD-9-CM to ICD-10-CA","395","has a reference match",70,33.9857142857143,57.6912051813749,7,9,15,29.5,350,2379,"diseases of aortic valve","65","heart valve disorders"
"10_9","ICD-9-CM to ICD-10-CA","396","has a reference match",181,64.9281767955801,146.489439632622,7,10,17,54,1008,11752,"diseases of mitral and aortic valves","65","heart valve disorders"
"10_9","ICD-9-CM to ICD-10-CA","397","has a reference match",107,39.6168224299065,47.4724636887082,7,12,23,43,259,4239,"diseases of other endocardial structures","65","heart valve disorders"
"10_9","ICD-9-CM to ICD-10-CA","398","has a reference match",79,27.0253164556962,36.2480679179344,7,8,14,26.5,219,2135,"other rheumatic heart disease","64","peri endo and myocarditis cardiomyopathy"
"10_9","ICD-9-CM to ICD-10-CA","401","has a reference match",1007,540.517378351539,2634.29914956323,7,22,69,297,60992,544301,"essential hypertension","66","hypertension"
"10_9","ICD-9-CM to ICD-10-CA","402","has a reference match",149,46.1610738255034,103.557600313173,7,10,14,35,973,6878,"hypertensive heart disease","67","hypertension complications"
"10_9","ICD-9-CM to ICD-10-CA","403","has a reference match",157,28.0382165605096,51.9898763999397,7,9,14,26,523,4402,"hypertensive chronic kidney disease","67","hypertension complications"
"10_9","ICD-9-CM to ICD-10-CA","404","has a reference match",78,53.7948717948718,124.661240601981,7,9,14,36,913,4196,"hypertensive heart and chronic kidney disease","67","hypertension complications"
"10_9","ICD-9-CM to ICD-10-CA","405","has a reference match",28,21.6785714285714,25.2543411324023,7,10,15.5,17,113,607,"secondary hypertension","67","hypertension complications"
"10_9","ICD-9-CM to ICD-10-CA","410","has a reference match",657,857.541856925419,6232.40049022667,7,15,47,194,92019,563405,"acute myocardial infarction","68","acute myocardial infarction"
"10_9","ICD-9-CM to ICD-10-CA","411","has a reference match",583,511.854202401372,3097.5600925271,7,14,37,123.5,42021,298411,"other acute and subacute forms of ischemic heart disease","69","coronary atherosclerosis and other heart disease"
"10_9","ICD-9-CM to ICD-10-CA","412","has a reference match",48,53.0416666666667,106.707386398772,7,10,14.5,27.5,487,2546,"old myocardial infarction","69","coronary atherosclerosis and other heart disease"
"10_9","ICD-9-CM to ICD-10-CA","413","has a reference match",390,249.092307692308,1230.54145153707,7,13,28,84.5,14624,97146,"angina pectoris","69","coronary atherosclerosis and other heart disease"
"10_9","ICD-9-CM to ICD-10-CA","414","has a reference match",769,839.390117035111,5343.65864699752,7,18,49,231,89130,645491,"other forms of chronic ischemic heart disease","69","coronary atherosclerosis and other heart disease"
"10_9","ICD-9-CM to ICD-10-CA","415","has a reference match",600,169.69,829.236097104579,7,16,36,107,17755,101814,"acute pulmonary heart disease","70","pulmonary heart disease"
"10_9","ICD-9-CM to ICD-10-CA","416","has a reference match",342,91.6520467836257,300.067321838108,7,12,22,60,3188,31345,"chronic pulmonary heart disease","70","pulmonary heart disease"
"10_9","ICD-9-CM to ICD-10-CA","417","has a reference match",39,18.2051282051282,12.9455936156701,7,10,14,20,71,710,"other diseases of pulmonary circulation","70","pulmonary heart disease"
"10_9","ICD-9-CM to ICD-10-CA","423","has a reference match",319,82.4952978056426,233.468054613452,7,12,24,53.5,2650,26316,"other diseases of pericardium","64","peri endo and myocarditis cardiomyopathy"
"10_9","ICD-9-CM to ICD-10-CA","424","has a reference match",633,293.788309636651,1023.40633722176,7,16,42,147,11689,185968,"other diseases of endocardium","65","heart valve disorders"
"10_9","ICD-9-CM to ICD-10-CA","425","has a reference match",370,126.535135135135,443.430455903608,7,13,26.5,65,4114,46818,"cardiomyopathy","64","peri endo and myocarditis cardiomyopathy"
"10_9","ICD-9-CM to ICD-10-CA","426","has a reference match",396,167.525252525253,741.929459862141,7,13,26.5,68.25,10670,66340,"conduction disorders","71","conduction disorders"
"10_9","ICD-9-CM to ICD-10-CA","427","has a reference match",947,786.227032734952,4301.60280027823,7,20,64,291,86336,744557,"cardiac dysrhythmias","72","cardiac dysrhythmias arrest chf and ventricular fibrillation"
"10_9","ICD-9-CM to ICD-10-CA","428","has a reference match",933,1350.70525187567,8984.46279248059,7,23,72,404,184414,1260208,"heart failure","72","cardiac dysrhythmias arrest chf and ventricular fibrillation"
"10_9","ICD-9-CM to ICD-10-CA","429","has a reference match",336,105.044642857143,331.790998458039,7,13,26.5,64.25,3306,35295,"illdefined descriptions and complications of heart disease","73","other and illdefined heart disease"
"10_9","ICD-9-CM to ICD-10-CA","430","has a reference match",162,49.0864197530864,119.195720621302,7,9.25,19,38,959,7952,"subarachnoid hemorrhage","74","acute cerebrovascular disease"
"10_9","ICD-9-CM to ICD-10-CA","431","has a reference match",316,101.572784810127,332.075595361598,7,11,26,57.25,3731,32097,"intracerebral hemorrhage","74","acute cerebrovascular disease"
"10_9","ICD-9-CM to ICD-10-CA","432","has a reference match",327,114.076452599388,382.99483044728,7,14,28,69.5,4979,37303,"other and unspecified intracranial hemorrhage","74","acute cerebrovascular disease"
"10_9","ICD-9-CM to ICD-10-CA","433","has a reference match",188,95.4095744680851,385.667443280134,7,11,19,41,3939,17937,"occlusion and stenosis of precerebral arteries","74","acute cerebrovascular disease"
"10_9","ICD-9-CM to ICD-10-CA","434","has a reference match",512,240.0234375,1154.69108865221,7,15,35,111.25,18111,122892,"occlusion of cerebral arteries","74","acute cerebrovascular disease"
"10_9","ICD-9-CM to ICD-10-CA","435","has a reference match",365,123.632876712329,466.099511864267,7,12,27,68,5404,45126,"transient cerebral ischemia","75","transient cerebral ischemia"
"10_9","ICD-9-CM to ICD-10-CA","436","has a reference match",807,666.651796778191,3883.51911653336,7,20.5,58,239,68872,537988,"acute but illdefined cerebrovascular disease","74","acute cerebrovascular disease"
"10_9","ICD-9-CM to ICD-10-CA","437","has a reference match",425,165.842352941176,572.256309752068,7,16,32,91,6468,70483,"other and illdefined cerebrovascular disease","76","other and illdefined cerebrovascular disease"
"10_9","ICD-9-CM to ICD-10-CA","438","has a reference match",159,58.4150943396226,143.168631291595,7,11,20,44,1061,9288,"late effects of cerebrovascular disease","76","other and illdefined cerebrovascular disease"
"10_9","ICD-9-CM to ICD-10-CA","440","has a reference match",197,91.4213197969543,280.253875707848,7,11,20,52,2940,18010,"atherosclerosis","77","other circulatory disease"
"10_9","ICD-9-CM to ICD-10-CA","441","has a reference match",352,122.823863636364,522.747500180129,7,13,27,72.25,8295,43234,"aortic aneurysm and dissection","77","other circulatory disease"
"10_9","ICD-9-CM to ICD-10-CA","442","has a reference match",181,53.0220994475138,118.310183453924,7,11,17,41,1017,9597,"other aneurysm","77","other circulatory disease"
"10_9","ICD-9-CM to ICD-10-CA","443","has a reference match",416,172.78125,770.772404164215,7,13,31.5,81.25,12788,71877,"other peripheral vascular disease","77","other circulatory disease"
"10_9","ICD-9-CM to ICD-10-CA","444","has a reference match",253,84.8260869565217,258.93706984935,7,12,21,54,2794,21461,"arterial embolism and thrombosis","78","aortic and peripheral arterial embolism or thrombosis"
"10_9","ICD-9-CM to ICD-10-CA","446","has a reference match",276,48.3224637681159,133.39331182259,7,10,17,35,1757,13337,"polyarteritis nodosa and allied conditions","77","other circulatory disease"
"10_9","ICD-9-CM to ICD-10-CA","447","has a reference match",372,76.0994623655914,202.27527425894,7,12,24,59.25,2367,28309,"other disorders of arteries and arterioles","77","other circulatory disease"
"10_9","ICD-9-CM to ICD-10-CA","448","has a reference match",23,15.5217391304348,10.9663516980451,7,8.5,11,18.5,55,357,"disease of capillaries","77","other circulatory disease"
"10_9","ICD-9-CM to ICD-10-CA","453","has a reference match",574,115.203832752613,384.289832882925,7,14,31.5,90.75,6849,66127,"other venous embolism and thrombosis","79","phlebitis thrombophlebitis and thromboembolism"
"10_9","ICD-9-CM to ICD-10-CA","456","has a reference match",183,79.344262295082,174.737122990405,7,10,23,56.5,1087,14520,"varicose veins of other sites","80","other diseases of veins and lymphatics"
"10_9","ICD-9-CM to ICD-10-CA","457","has a reference match",127,32.4409448818898,57.2331147267238,7,10,17,27,362,4120,"noninfectious disorders of lymphatic channels","80","other diseases of veins and lymphatics"
"10_9","ICD-9-CM to ICD-10-CA","459","has a reference match",515,142.796116504854,583.957146221383,7,15,32,97.5,11408,73540,"other disorders of circulatory system","80","other diseases of veins and lymphatics"
"10_9","ICD-9-CM to ICD-10-CA","472","has a reference match",64,20.421875,22.9234784248647,7,8.75,14,20.25,143,1307,"chronic pharyngitis and nasopharyngitis","81","other upper respiratory disease"
"10_9","ICD-9-CM to ICD-10-CA","473","has a reference match",261,43.3639846743295,140.556263323432,7,10,15,29,1535,11318,"chronic sinusitis","82","other upper respiratory infections"
"10_9","ICD-9-CM to ICD-10-CA","474","has a reference match",68,117.764705882353,500.455616820688,7,10,15,30.25,3997,8008,"chronic disease of tonsils and adenoids","83","acute and chronic tonsillitis"
"10_9","ICD-9-CM to ICD-10-CA","476","has a reference match",15,17.2,12.4108247682647,7,9,13,17,44,258,"chronic laryngitis and laryngotracheitis","81","other upper respiratory disease"
"10_9","ICD-9-CM to ICD-10-CA","477","has a reference match",137,23.7591240875912,28.9686761731898,7,9,13,26,211,3255,"allergic rhinitis","81","other upper respiratory disease"
"10_9","ICD-9-CM to ICD-10-CA","478","has a reference match",291,42.1512027491409,94.5900655839137,7,10,15,37,901,12266,"other diseases of upper respiratory tract","81","other upper respiratory disease"
"10_9","ICD-9-CM to ICD-10-CA","491","has a reference match",329,104.036474164134,454.635405928878,7,12,24,62,7247,34228,"chronic bronchitis","84","chronic obstructive pulmonary disease copd"
"10_9","ICD-9-CM to ICD-10-CA","492","has a reference match",233,62.5107296137339,186.461055182835,7,10,19,50,2306,14565,"emphysema","84","chronic obstructive pulmonary disease copd"
"10_9","ICD-9-CM to ICD-10-CA","493","has a reference match",636,147.042452830189,739.298918644079,7,14,31,86.5,15147,93519,"asthma","85","asthma"
"10_9","ICD-9-CM to ICD-10-CA","494","has a reference match",217,57.3041474654378,193.518851678438,7,10,18,38,2360,12435,"bronchiectasis","84","chronic obstructive pulmonary disease copd"
"10_9","ICD-9-CM to ICD-10-CA","495","has a reference match",47,19.5106382978723,15.9235569825031,7,9,12,22,67,917,"extrinsic allergic alveolitis","86","lung disease due to external agents"
"10_9","ICD-9-CM to ICD-10-CA","496","has a reference match",776,619.829896907216,4273.24303673774,7,18,56.5,245.25,102867,480988,"chronic airway obstruction not elsewhere classified","84","chronic obstructive pulmonary disease copd"
"10_9","ICD-9-CM to ICD-10-CA","500","has a reference match",NA,NA,NA,NA,NA,NA,NA,NA,NA,"coal workers pneumoconiosis","86","lung disease due to external agents"
"10_9","ICD-9-CM to ICD-10-CA","501","has a reference match",31,16.8709677419355,13.2934618904279,7,9,11,20,57,523,"asbestosis","86","lung disease due to external agents"
"10_9","ICD-9-CM to ICD-10-CA","502","has a reference match",2,8.5,2.12132034355964,7,7.75,8.5,9.25,10,17,"pneumoconiosis due to other silica or silicates","86","lung disease due to external agents"
"10_9","ICD-9-CM to ICD-10-CA","503","has a reference match",NA,NA,NA,NA,NA,NA,NA,NA,NA,"pneumoconiosis due to other inorganic dust","86","lung disease due to external agents"
"10_9","ICD-9-CM to ICD-10-CA","504","has a reference match",NA,NA,NA,NA,NA,NA,NA,NA,NA,"pneumonopathy due to inhalation of other dust","86","lung disease due to external agents"
"10_9","ICD-9-CM to ICD-10-CA","505","has a reference match",1,7,NA,7,7,7,7,7,7,"pneumoconiosis unspecified","86","lung disease due to external agents"
"10_9","ICD-9-CM to ICD-10-CA","506","has a reference match",77,33.1818181818182,61.2376147032643,7,8,12,22,382,2555,"respiratory conditions due to chemical fumes and vapors","86","lung disease due to external agents"
"10_9","ICD-9-CM to ICD-10-CA","508","has a reference match",33,13.6060606060606,9.69838708864583,7,8,10,17,58,449,"respiratory conditions due to other and unspecified external agents","86","lung disease due to external agents"
"10_9","ICD-9-CM to ICD-10-CA","512","has a reference match",306,95.4575163398693,378.083545055428,7,11,20,49.75,5660,29210,"pneumothorax and air leak","87","other lower respiratory disease"
"10_9","ICD-9-CM to ICD-10-CA","514","has a reference match",246,72.8048780487805,214.351386452401,7,10,19,42,2077,17910,"pulmonary congestion and hypostasis","87","other lower respiratory disease"
"10_9","ICD-9-CM to ICD-10-CA","516","has a reference match",249,67.285140562249,249.528739334998,7,11,20,41,3378,16754,"other alveolar and parietoalveolar pneumonopathy","87","other lower respiratory disease"
"10_9","ICD-9-CM to ICD-10-CA","517","has a reference match",30,38.3,50.672137484434,7,8,10.5,45.25,192,1149,"lung involvement in conditions classified elsewhere","87","other lower respiratory disease"
"10_9","ICD-9-CM to ICD-10-CA","518","has a reference match",758,247.587071240106,889.373359131598,7,16,42,144,13639,187671,"other diseases of lung","88","respiratory failure pulmonary collapse"
"10_9","ICD-9-CM to ICD-10-CA","523","has a reference match",60,18.0166666666667,16.7903237536211,7,8,13,24,95,1081,"gingival and periodontal diseases","89","disorders of teeth and jaw"
"10_9","ICD-9-CM to ICD-10-CA","525","has a reference match",93,19.3440860215054,16.8655131939964,7,9,13,23,94,1799,"other diseases and conditions of the teeth and supporting structures","89","disorders of teeth and jaw"
"10_9","ICD-9-CM to ICD-10-CA","530","has a reference match",684,167.752923976608,496.472457238776,7,15,37,114,7013,114743,"diseases of oesophagus","90","esophageal disorders"
"10_9","ICD-9-CM to ICD-10-CA","531","has a reference match",243,65.3909465020576,165.592123870501,7,10,20,51.5,1918,15890,"gastric ulcer","91","gasduo ulcer without hemorrhage"
"10_9","ICD-9-CM to ICD-10-CA","532","has a reference match",255,78.643137254902,228.357077457136,7,12,23,58,3030,20054,"duodenal ulcer","91","gasduo ulcer without hemorrhage"
"10_9","ICD-9-CM to ICD-10-CA","533","has a reference match",219,59.5570776255708,121.015125988556,7,11,19,48.5,952,13043,"peptic ulcer site unspecified","91","gasduo ulcer without hemorrhage"
"10_9","ICD-9-CM to ICD-10-CA","534","has a reference match",44,17.0454545454545,15.0841893900874,7,9,12,16.5,73,750,"gastrojejunal ulcer","91","gasduo ulcer without hemorrhage"
"10_9","ICD-9-CM to ICD-10-CA","535","has a reference match",439,104.637813211845,330.270497316891,7,13,27,67.5,4743,45936,"gastritis and duodenitis","92","gastritis and duodenitis"
"10_9","ICD-9-CM to ICD-10-CA","537","has a reference match",211,61.2748815165877,132.206729474858,7,11,24,61,1484,12929,"other diseases of stomach and duodenum","93","other disorders of stomach and duodenum"
"10_9","ICD-9-CM to ICD-10-CA","555","has a reference match",409,143.425427872861,840.746910542723,7,13,24,74,15917,58661,"regional enteritis","94","regional enteritis and ulcerative colitis"
"10_9","ICD-9-CM to ICD-10-CA","556","has a reference match",401,119.311720698254,444.502750370886,7,13,27,76,7640,47844,"ulcerative colitis","94","regional enteritis and ulcerative colitis"
"10_9","ICD-9-CM to ICD-10-CA","557","has a reference match",288,101.097222222222,270.416772654774,7,13.75,24,75.25,3089,29116,"vascular insufficiency of intestine","77","other circulatory disease"
"10_9","ICD-9-CM to ICD-10-CA","558","has a reference match",702,217.461538461538,791.595471249079,7,14,35,118.75,11111,152658,"other and unspecified noninfectious gastroenteritis and colitis","95","noninfectious gastroenteritis"
"10_9","ICD-9-CM to ICD-10-CA","562","has a reference match",414,194.700483091787,1273.93406694566,7,14,32,101.5,24809,80606,"diverticula of intestine","96","diverticulosis and diverticulitis"
"10_9","ICD-9-CM to ICD-10-CA","564","has a reference match",611,128.008183306056,390.041630731151,7,14,32,106,5446,78213,"functional digestive disorders not elsewhere classified","97","other gastrointestinal disorders"
"10_9","ICD-9-CM to ICD-10-CA","571","has a reference match",612,340.359477124183,1360.19924825408,7,15.75,38,141.25,20376,208300,"chronic liver disease and cirrhosis","98","hepatitis and other liver diseases"
"10_9","ICD-9-CM to ICD-10-CA","572","has a reference match",401,188.673316708229,594.237330964003,7,13,30,104,5703,75658,"liver abscess and sequelae of chronic liver disease","98","hepatitis and other liver diseases"
"10_9","ICD-9-CM to ICD-10-CA","573","has a reference match",509,117.752455795678,317.855934810338,7,12,26,78,3266,59936,"other diseases of liver","98","hepatitis and other liver diseases"
"10_9","ICD-9-CM to ICD-10-CA","575","has a reference match",450,229.133333333333,1486.14782377806,7,12,30,86,28514,103110,"other disorders of gallbladder","99","biliary tract disease"
"10_9","ICD-9-CM to ICD-10-CA","576","has a reference match",378,153.695767195767,549.141915661528,7,15,33,89,6654,58097,"other disorders of biliary tract","99","biliary tract disease"
"10_9","ICD-9-CM to ICD-10-CA","577","has a reference match",589,344.544991511036,2168.51407715497,7,16,38,132,46002,202937,"diseases of pancreas","100","pancreatic disorders excluding diabetes"
"10_9","ICD-9-CM to ICD-10-CA","579","has a reference match",163,30.9018404907975,43.3834773583538,7,9,16,34.5,279,5037,"intestinal malabsorption","97","other gastrointestinal disorders"
"10_9","ICD-9-CM to ICD-10-CA","581","has a reference match",211,59.9668246445498,173.328243072316,7,11,19,36,1704,12653,"nephrotic syndrome","101","chronic kideny disease and related conditions"
"10_9","ICD-9-CM to ICD-10-CA","582","has a reference match",91,27.4725274725275,38.3571927658195,7,10,14,31,246,2500,"chronic glomerulonephritis","101","chronic kideny disease and related conditions"
"10_9","ICD-9-CM to ICD-10-CA","583","has a reference match",224,52.2723214285714,123.11361168826,7,10.75,18.5,40,1244,11709,"nephritis and nephropathy not specified as acute or chronic","101","chronic kideny disease and related conditions"
"10_9","ICD-9-CM to ICD-10-CA","585","has a reference match",858,768.662004662005,4920.5141286787,7,24,68,309.75,108079,659512,"chronic kidney disease","101","chronic kideny disease and related conditions"
"10_9","ICD-9-CM to ICD-10-CA","586","has a reference match",968,1410.39152892562,9917.82426678221,7,27,98,483.5,238548,1365259,"renal failure unspecified","101","chronic kideny disease and related conditions"
"10_9","ICD-9-CM to ICD-10-CA","587","has a reference match",27,17.2962962962963,17.2889800713874,7,8,11,17.5,76,467,"renal sclerosis unspecified","101","chronic kideny disease and related conditions"
"10_9","ICD-9-CM to ICD-10-CA","588","has a reference match",106,24.7641509433962,37.4978226381956,7,9,14,20,263,2625,"disorders resulting from impaired renal function","102","other diseases of kidney and ureters"
"10_9","ICD-9-CM to ICD-10-CA","590","has a reference match",502,168.625498007968,676.803487922988,7,15,31,80.5,8854,84650,"infections of kidney","103","urinary tract infections"
"10_9","ICD-9-CM to ICD-10-CA","595","has a reference match",348,62.4367816091954,167.948115437326,7,12,20,52,2042,21728,"cystitis","103","urinary tract infections"
"10_9","ICD-9-CM to ICD-10-CA","596","has a reference match",246,46.3861788617886,92.4148656874704,7,11,18,41.75,742,11411,"other disorders of bladder","104","other diseases of bladder and urethra"
"10_9","ICD-9-CM to ICD-10-CA","599","has a reference match",931,593.184747583244,3047.40038026833,7,21,64,264,66167,552255,"other disorders of urethra and urinary tract","104","other diseases of bladder and urethra"
"10_9","ICD-9-CM to ICD-10-CA","600","has a reference match",328,96.8384146341463,298.340826974252,7,12,27,56.25,3535,31763,"hyperplasia of prostate","105","hyperplasia of prostate"
"10_9","ICD-9-CM to ICD-10-CA","601","has a reference match",142,40.3380281690141,77.1068970913953,7,10,17,31,555,5728,"inflammatory diseases of prostate","106","other male genital disorders"
"10_9","ICD-9-CM to ICD-10-CA","607","has a reference match",120,31.3333333333333,63.1748717906915,7,9,14,29.5,483,3760,"disorders of penis","106","other male genital disorders"
"10_9","ICD-9-CM to ICD-10-CA","610","has a reference match",33,15.8787878787879,13.7335300809678,7,8,11,20,79,524,"benign mammary dysplasias","107","nonmalignant breast conditions"
"10_9","ICD-9-CM to ICD-10-CA","614","has a reference match",233,70.4763948497854,225.871970526902,7,11,22,51,2870,16421,"inflammatory disease of ovary fallopian tube pelvic cellular tissue and peritoneum","108","other female genital disorders"
"10_9","ICD-9-CM to ICD-10-CA","615","has a reference match",75,49.5333333333333,66.3533402758728,7,13,19,60.5,348,3715,"inflammatory diseases of uterus except cervix","108","other female genital disorders"
"10_9","ICD-9-CM to ICD-10-CA","617","has a reference match",145,83.4,251.106949326378,7,11,20,60,2761,12093,"endometriosis","108","other female genital disorders"
"10_9","ICD-9-CM to ICD-10-CA","618","has a reference match",206,129.194174757282,895.573570762798,7,10,16,41.5,12563,26614,"genital prolapse","110","prolapse of female genital organs"
"10_9","ICD-9-CM to ICD-10-CA","619","has a reference match",87,31.1379310344828,68.857819878793,7,10,16,25.5,610,2709,"fistula involving female genital tract","108","other female genital disorders"
"10_9","ICD-9-CM to ICD-10-CA","621","has a reference match",114,68.9122807017544,145.449170722211,7,12,16,35.25,1009,7856,"disorders of uterus not elsewhere classified","108","other female genital disorders"
"10_9","ICD-9-CM to ICD-10-CA","625","has a reference match",326,74.260736196319,175.507938347076,7,11,21.5,55.5,1509,24209,"pain and other symptoms associated with female genital organs","108","other female genital disorders"
"10_9","ICD-9-CM to ICD-10-CA","626","has a reference match",372,130.497311827957,477.737161147217,7,12,22.5,68.5,5411,48545,"disorders of menstruation and other abnormal bleeding from female genital tract","109","menstrual disorders"
"10_9","ICD-9-CM to ICD-10-CA","627","has a reference match",241,59.4605809128631,141.067180737859,7,11,17,33,963,14330,"menopausal and postmenopausal disorders","111","menopausal disorders"
"10_9","ICD-9-CM to ICD-10-CA","628","has a reference match",26,20.5,15.9254513279844,7,8.25,12,24,61,533,"female infertility","112","female infertility"
"10_9","ICD-9-CM to ICD-10-CA","629","has a reference match",28,14.7857142857143,6.84947763813737,7,10,13,18,35,414,"other disorders of female genital organs","108","other female genital disorders"
"10_9","ICD-9-CM to ICD-10-CA","691","has a reference match",85,19.7647058823529,21.8194141702726,7,9,12,20,142,1680,"atopic dermatitis and related conditions","113","allergic reactions"
"10_9","ICD-9-CM to ICD-10-CA","694","has a reference match",85,32.7764705882353,52.9229845806032,7,8,16,31,347,2786,"bullous dermatoses","114","other inflammatory condition of skin"
"10_9","ICD-9-CM to ICD-10-CA","695","has a reference match",262,33.1068702290076,55.0632171567698,7,9,16,34,463,8674,"erythematous conditions","114","other inflammatory condition of skin"
"10_9","ICD-9-CM to ICD-10-CA","696","has a reference match",253,42.7470355731225,118.770650840592,7,10,16,35,1281,10815,"psoriasis and similar disorders","114","other inflammatory condition of skin"
"10_9","ICD-9-CM to ICD-10-CA","701","has a reference match",119,24.655462184874,35.8763027814688,7,9,12,24,243,2934,"other hypertrophic and atrophic conditions of skin","115","other skin disorders"
"10_9","ICD-9-CM to ICD-10-CA","705","has a reference match",41,30.8048780487805,57.8628635275662,7,10,14,24,343,1263,"diseases of sweat glands","115","other skin disorders"
"10_9","ICD-9-CM to ICD-10-CA","707","has a reference match",647,346.774343122102,2142.93409829125,7,16.5,40,137,49799,224363,"chronic ulcer of skin","116","chronic ulcer of skin"
"10_9","ICD-9-CM to ICD-10-CA","710","has a reference match",477,94.2494758909853,270.308830972307,7,13,25,73,4315,44957,"diffuse diseases of connective tissue","117","systemic lupus erythematosus and connective tissue disorders"
"10_9","ICD-9-CM to ICD-10-CA","712","has a reference match",39,15.5384615384615,15.2209103985381,7,8,9,15,82,606,"crystal arthropathies","37","gout and other crystal arthropathies"
"10_9","ICD-9-CM to ICD-10-CA","713","has a reference match",50,37.94,83.9373940651542,7,9,17,25.75,573,1897,"arthropathy associated with other disorders classified elsewhere","118","joint disorders"
"10_9","ICD-9-CM to ICD-10-CA","714","has a reference match",535,102.05046728972,345.83720715501,7,14,29,73.5,6191,54597,"rheumatoid arthritis and other inflammatory polyarthropathies","119","rheumatoid arthritis and related disease"
"10_9","ICD-9-CM to ICD-10-CA","715","has a reference match",738,563.089430894309,3617.85541212416,7,17,45.5,174,60805,415560,"osteoarthrosis and allied disorders","120","osteoarthritis"
"10_9","ICD-9-CM to ICD-10-CA","716","has a reference match",506,105.462450592885,326.039807405465,7,13,27,66.5,4003,53364,"other and unspecified arthropathies","118","joint disorders"
"10_9","ICD-9-CM to ICD-10-CA","717","has a reference match",117,56.9487179487179,153.356405156917,7,10,15,35,1409,6663,"internal derangement of knee","118","joint disorders"
"10_9","ICD-9-CM to ICD-10-CA","718","has a reference match",188,36.5425531914894,61.2439960857222,7,10,17,35.75,444,6870,"other derangement of joint","118","joint disorders"
"10_9","ICD-9-CM to ICD-10-CA","719","has a reference match",799,250.780976220275,968.059958653087,7,16,41,139,14984,200374,"other and unspecified disorders of joint","118","joint disorders"
"10_9","ICD-9-CM to ICD-10-CA","720","has a reference match",143,28.7832167832168,46.1896183476391,7,9,16,30.5,368,4116,"ankylosing spondylitis and other inflammatory spondylopathies","121","spondylosis intervertebral disc disorders other back problems"
"10_9","ICD-9-CM to ICD-10-CA","721","has a reference match",244,71.8073770491803,182.018856106385,7,12,24,49.5,1593,17521,"spondylosis and allied disorders","121","spondylosis intervertebral disc disorders other back problems"
"10_9","ICD-9-CM to ICD-10-CA","722","has a reference match",403,124.888337468983,434.089371014571,7,14,29,71,5058,50330,"intervertebral disc disorders","121","spondylosis intervertebral disc disorders other back problems"
"10_9","ICD-9-CM to ICD-10-CA","730","has a reference match",622,271.067524115756,1463.5413105669,7,17,40,116,28632,168604,"osteomyelitis periostitis and other infections involving bone","122","infective arthritis and osteomyelitis"
"10_9","ICD-9-CM to ICD-10-CA","731","has a reference match",34,17.3529411764706,18.0384813459771,7,7.25,11.5,15.5,78,590,"osteitis deformans and osteopathies associated with other disorders classified elsewhere","123","osteoporosis and other bone disease"
"10_9","ICD-9-CM to ICD-10-CA","732","has a reference match",16,23.125,33.8661581326649,7,9.5,11.5,23.25,147,370,"osteochondropathies","123","osteoporosis and other bone disease"
"10_9","ICD-9-CM to ICD-10-CA","733","has a reference match",486,115.973251028807,303.754121442535,7,14,29.5,76,3850,56363,"other disorders of bone and cartilage","123","osteoporosis and other bone disease"
"10_9","ICD-9-CM to ICD-10-CA","735","has a reference match",34,29,61.8566279734227,7,9,11,20.25,362,986,"acquired deformities of toe","124","acquired foot deformities"
"10_9","ICD-9-CM to ICD-10-CA","737","has a reference match",125,40.088,97.4132381544826,7,10,18,38,1038,5011,"curvature of spine","125","other acquired deformities"
"10_9","ICD-9-CM to ICD-10-CA","740","has a reference match",NA,NA,NA,NA,NA,NA,NA,NA,NA,"anencephalus and similar anomalies","126","nervous system congenital anomalies"
"10_9","ICD-9-CM to ICD-10-CA","741","has a reference match",70,25.9142857142857,30.968306780396,7,9,15,30.75,175,1814,"spina bifida","126","nervous system congenital anomalies"
"10_9","ICD-9-CM to ICD-10-CA","742","has a reference match",194,34.1340206185567,58.2427702584433,7,10,16,33,527,6622,"other congenital anomalies of nervous system","126","nervous system congenital anomalies"
"10_9","ICD-9-CM to ICD-10-CA","743","has a reference match",7,11.2857142857143,5.05682000583653,7,7,9,15.5,18,79,"congenital anomalies of eye","127","other congenital anomalies"
"10_9","ICD-9-CM to ICD-10-CA","744","has a reference match",27,58.5185185185185,160.938442692175,7,11,13,26,830,1580,"congenital anomalies of ear face and neck","127","other congenital anomalies"
"10_9","ICD-9-CM to ICD-10-CA","745","has a reference match",128,32.6484375,53.5040788560301,7,10,14,33,468,4179,"bulbus cordis anomalies and anomalies of cardiac septal closure","128","cardiac and circulatory congenital anomalies"
"10_9","ICD-9-CM to ICD-10-CA","746","has a reference match",259,45.8146718146718,102.473878392963,7,10,16,35,810,11866,"other congenital anomalies of heart","128","cardiac and circulatory congenital anomalies"
"10_9","ICD-9-CM to ICD-10-CA","747","has a reference match",257,97.5603112840467,284.895233726194,7,11,22,60,2755,25073,"other congenital anomalies of circulatory system","128","cardiac and circulatory congenital anomalies"
"10_9","ICD-9-CM to ICD-10-CA","748","has a reference match",119,20.7142857142857,22.5201013248251,7,8,13,23,148,2465,"congenital anomalies of respiratory system","127","other congenital anomalies"
"10_9","ICD-9-CM to ICD-10-CA","749","has a reference match",19,36.2105263157895,45.8652361058017,7,11.5,20,29,183,688,"cleft palate and cleft lip","127","other congenital anomalies"
"10_9","ICD-9-CM to ICD-10-CA","750","has a reference match",58,25.6551724137931,33.690308734135,7,10.25,16.5,22.75,228,1488,"other congenital anomalies of upper alimentary tract","129","digestive congenital anomalies"
"10_9","ICD-9-CM to ICD-10-CA","751","has a reference match",82,24.8170731707317,33.8657946988871,7,9,12,25.5,200,2035,"other congenital anomalies of digestive system","129","digestive congenital anomalies"
"10_9","ICD-9-CM to ICD-10-CA","752","has a reference match",49,18.3469387755102,22.3509423928912,7,8,11,21,149,899,"congenital anomalies of genital organs","130","genitourinary congenital anomalies"
"10_9","ICD-9-CM to ICD-10-CA","753","has a reference match",516,170.856589147287,847.562104592321,7,12,26,90.5,14970,88162,"congenital anomalies of urinary system","130","genitourinary congenital anomalies"
"10_9","ICD-9-CM to ICD-10-CA","754","has a reference match",36,19.3055555555556,19.0455385768568,7,8,11.5,17,88,695,"certain congenital musculoskeletal deformities","127","other congenital anomalies"
"10_9","ICD-9-CM to ICD-10-CA","755","has a reference match",48,18.9375,22.0467648516859,7,9,11.5,19,144,909,"other congenital anomalies of limbs","127","other congenital anomalies"
"10_9","ICD-9-CM to ICD-10-CA","756","has a reference match",170,30.9764705882353,42.3254442395245,7,10,15,32,279,5266,"other congenital musculoskeletal anomalies","127","other congenital anomalies"
"10_9","ICD-9-CM to ICD-10-CA","757","has a reference match",44,23.9090909090909,40.071342298118,7,8,10,18.25,229,1052,"congenital anomalies of the integument","127","other congenital anomalies"
"10_9","ICD-9-CM to ICD-10-CA","758","has a reference match",75,20.72,23.9134475342426,7,9,13,20.5,176,1554,"chromosomal anomalies","127","other congenital anomalies"
"10_9","ICD-9-CM to ICD-10-CA","759","has a reference match",91,21.7252747252747,24.6973079657889,7,9,14,22,142,1977,"other and unspecified congenital anomalies","127","other congenital anomalies"
"8_9","ICD-9-CM to ICDA-8","164","no reference match",NA,NA,NA,NA,NA,NA,NA,NA,NA,"malignant neoplasm of thymus heart and mediastinum","10","other cancers"
"8_9","ICD-9-CM to ICDA-8","165","no reference match",NA,NA,NA,NA,NA,NA,NA,NA,NA,"malignant neoplasm of other and illdefined sites within the respiratory system and intrathoracic organs","9","lung and other respiratory cancer"
"8_9","ICD-9-CM to ICDA-8","175","no reference match",NA,NA,NA,NA,NA,NA,NA,NA,NA,"malignant neoplasm of male breast","13","breast cancer"
"8_9","ICD-9-CM to ICDA-8","176","no reference match",NA,NA,NA,NA,NA,NA,NA,NA,NA,"kaposis sarcoma","10","other cancers"
"8_9","ICD-9-CM to ICDA-8","179","no reference match",NA,NA,NA,NA,NA,NA,NA,NA,NA,"malignant neoplasm of uterus part unspecified","14","uterus cancer"
"8_9","ICD-9-CM to ICDA-8","230","no reference match",NA,NA,NA,NA,NA,NA,NA,NA,NA,"carcinoma in situ of digestive organs","4","cancer of other gi organs peritoneum"
"8_9","ICD-9-CM to ICDA-8","231","no reference match",NA,NA,NA,NA,NA,NA,NA,NA,NA,"carcinoma in situ of respiratory system","9","lung and other respiratory cancer"
"8_9","ICD-9-CM to ICDA-8","233","no reference match",NA,NA,NA,NA,NA,NA,NA,NA,NA,"carcinoma in situ of breast and genitourinary system","10","other cancers"
"8_9","ICD-9-CM to ICDA-8","234","no reference match",NA,NA,NA,NA,NA,NA,NA,NA,NA,"carcinoma in situ of other and unspecified sites","10","other cancers"
"8_9","ICD-9-CM to ICDA-8","237","no reference match",NA,NA,NA,NA,NA,NA,NA,NA,NA,"neoplasm of uncertain behavior of endocrine glands and nervous system","30","neoplasms of unspecified nature"
"8_9","ICD-9-CM to ICDA-8","238","no reference match",NA,NA,NA,NA,NA,NA,NA,NA,NA,"neoplasm of uncertain behavior of other and unspecified sites and tissues","30","neoplasms of unspecified nature"
"8_9","ICD-9-CM to ICDA-8","249","no reference match",NA,NA,NA,NA,NA,NA,NA,NA,NA,"secondary diabetes mellitus","32","diabetes mellitus"
"8_9","ICD-9-CM to ICDA-8","259","no reference match",NA,NA,NA,NA,NA,NA,NA,NA,NA,"other endocrine disorders","33","other endocrine disorders"
"8_9","ICD-9-CM to ICDA-8","263","no reference match",NA,NA,NA,NA,NA,NA,NA,NA,NA,"other and unspecified proteincalorie malnutrition","34","nutritional deficiencies"
"8_9","ICD-9-CM to ICDA-8","305","no reference match",NA,NA,NA,NA,NA,NA,NA,NA,NA,"nondependent abuse of drugs","41","alcohol and substancerelated disorders"
"8_9","ICD-9-CM to ICDA-8","308","no reference match",NA,NA,NA,NA,NA,NA,NA,NA,NA,"acute reaction to stress","43","mood and anxiety disorders"
"8_9","ICD-9-CM to ICDA-8","312","no reference match",NA,NA,NA,NA,NA,NA,NA,NA,NA,"disturbance of conduct not elsewhere classified","48","attentiondeficit conduct and disruptive behavior disorders"
"8_9","ICD-9-CM to ICDA-8","315","no reference match",NA,NA,NA,NA,NA,NA,NA,NA,NA,"specific delays in development","49","developmental disorders"
"8_9","ICD-9-CM to ICDA-8","316","no reference match",NA,NA,NA,NA,NA,NA,NA,NA,NA,"psychic factors associated with diseases classified elsewhere","46","miscellaneous mental health disorders"
"8_9","ICD-9-CM to ICDA-8","327","no reference match",NA,NA,NA,NA,NA,NA,NA,NA,NA,"organic sleep disorders","50","other nervous system conditions"
"8_9","ICD-9-CM to ICDA-8","330","no reference match",NA,NA,NA,NA,NA,NA,NA,NA,NA,"cerebral degenerations usually manifest in childhood","50","other nervous system conditions"
"8_9","ICD-9-CM to ICDA-8","331","no reference match",NA,NA,NA,NA,NA,NA,NA,NA,NA,"other cerebral degenerations","40","delirium dementia and other cognitive disorders"
"8_9","ICD-9-CM to ICDA-8","333","no reference match",NA,NA,NA,NA,NA,NA,NA,NA,NA,"other extrapyramidal disease and abnormal movement disorders","50","other nervous system conditions"
"8_9","ICD-9-CM to ICDA-8","334","no reference match",NA,NA,NA,NA,NA,NA,NA,NA,NA,"spinocerebellar disease","50","other nervous system conditions"
"8_9","ICD-9-CM to ICDA-8","335","no reference match",NA,NA,NA,NA,NA,NA,NA,NA,NA,"anterior horn cell disease","50","other nervous system conditions"
"8_9","ICD-9-CM to ICDA-8","338","no reference match",NA,NA,NA,NA,NA,NA,NA,NA,NA,"pain not elsewhere classified","50","other nervous system conditions"
"8_9","ICD-9-CM to ICDA-8","358","no reference match",NA,NA,NA,NA,NA,NA,NA,NA,NA,"myoneural disorders","50","other nervous system conditions"
"8_9","ICD-9-CM to ICDA-8","359","no reference match",NA,NA,NA,NA,NA,NA,NA,NA,NA,"muscular dystrophies and other myopathies","50","other nervous system conditions"
"8_9","ICD-9-CM to ICDA-8","382","no reference match",NA,NA,NA,NA,NA,NA,NA,NA,NA,"suppurative and unspecified otitis media","62","otitis media and related conditions"
"8_9","ICD-9-CM to ICDA-8","405","no reference match",NA,NA,NA,NA,NA,NA,NA,NA,NA,"secondary hypertension","67","hypertension complications"
"8_9","ICD-9-CM to ICDA-8","417","no reference match",NA,NA,NA,NA,NA,NA,NA,NA,NA,"other diseases of pulmonary circulation","70","pulmonary heart disease"
"8_9","ICD-9-CM to ICDA-8","495","no reference match",NA,NA,NA,NA,NA,NA,NA,NA,NA,"extrinsic allergic alveolitis","86","lung disease due to external agents"
"8_9","ICD-9-CM to ICDA-8","496","no reference match",NA,NA,NA,NA,NA,NA,NA,NA,NA,"chronic airway obstruction not elsewhere classified","84","chronic obstructive pulmonary disease copd"
"8_9","ICD-9-CM to ICDA-8","508","no reference match",NA,NA,NA,NA,NA,NA,NA,NA,NA,"respiratory conditions due to other and unspecified external agents","86","lung disease due to external agents"
"8_9","ICD-9-CM to ICDA-8","515","no reference match",NA,NA,NA,NA,NA,NA,NA,NA,NA,"postinflammatory pulmonary fibrosis","87","other lower respiratory disease"
"8_9","ICD-9-CM to ICDA-8","516","no reference match",NA,NA,NA,NA,NA,NA,NA,NA,NA,"other alveolar and parietoalveolar pneumonopathy","87","other lower respiratory disease"
"8_9","ICD-9-CM to ICDA-8","517","no reference match",NA,NA,NA,NA,NA,NA,NA,NA,NA,"lung involvement in conditions classified elsewhere","87","other lower respiratory disease"
"8_9","ICD-9-CM to ICDA-8","555","no reference match",NA,NA,NA,NA,NA,NA,NA,NA,NA,"regional enteritis","94","regional enteritis and ulcerative colitis"
"8_9","ICD-9-CM to ICDA-8","557","no reference match",NA,NA,NA,NA,NA,NA,NA,NA,NA,"vascular insufficiency of intestine","77","other circulatory disease"
"8_9","ICD-9-CM to ICDA-8","576","no reference match",NA,NA,NA,NA,NA,NA,NA,NA,NA,"other disorders of biliary tract","99","biliary tract disease"
"8_9","ICD-9-CM to ICDA-8","585","no reference match",NA,NA,NA,NA,NA,NA,NA,NA,NA,"chronic kidney disease","101","chronic kideny disease and related conditions"
"8_9","ICD-9-CM to ICDA-8","586","no reference match",NA,NA,NA,NA,NA,NA,NA,NA,NA,"renal failure unspecified","101","chronic kideny disease and related conditions"
"8_9","ICD-9-CM to ICDA-8","588","no reference match",NA,NA,NA,NA,NA,NA,NA,NA,NA,"disorders resulting from impaired renal function","102","other diseases of kidney and ureters"
"8_9","ICD-9-CM to ICDA-8","615","no reference match",NA,NA,NA,NA,NA,NA,NA,NA,NA,"inflammatory diseases of uterus except cervix","108","other female genital disorders"
"8_9","ICD-9-CM to ICDA-8","617","no reference match",NA,NA,NA,NA,NA,NA,NA,NA,NA,"endometriosis","108","other female genital disorders"
"8_9","ICD-9-CM to ICDA-8","619","no reference match",NA,NA,NA,NA,NA,NA,NA,NA,NA,"fistula involving female genital tract","108","other female genital disorders"
"8_9","ICD-9-CM to ICDA-8","625","no reference match",NA,NA,NA,NA,NA,NA,NA,NA,NA,"pain and other symptoms associated with female genital organs","108","other female genital disorders"
"8_9","ICD-9-CM to ICDA-8","712","no reference match",NA,NA,NA,NA,NA,NA,NA,NA,NA,"crystal arthropathies","37","gout and other crystal arthropathies"
"8_9","ICD-9-CM to ICDA-8","713","no reference match",NA,NA,NA,NA,NA,NA,NA,NA,NA,"arthropathy associated with other disorders classified elsewhere","118","joint disorders"
"8_9","ICD-9-CM to ICDA-8","720","no reference match",NA,NA,NA,NA,NA,NA,NA,NA,NA,"ankylosing spondylitis and other inflammatory spondylopathies","121","spondylosis intervertebral disc disorders other back problems"
"8_9","ICD-9-CM to ICDA-8","721","no reference match",NA,NA,NA,NA,NA,NA,NA,NA,NA,"spondylosis and allied disorders","121","spondylosis intervertebral disc disorders other back problems"
"8_9","ICD-9-CM to ICDA-8","745","no reference match",NA,NA,NA,NA,NA,NA,NA,NA,NA,"bulbus cordis anomalies and anomalies of cardiac septal closure","128","cardiac and circulatory congenital anomalies"
"8_9","ICD-9-CM to ICDA-8","140","has a reference match",2,16.5,13.4350288425444,7,11.75,16.5,21.25,26,33,"malignant neoplasm of lip","1","cancer of head and neck"
"8_9","ICD-9-CM to ICDA-8","141","has a reference match",2,24.5,16.2634559672906,13,18.75,24.5,30.25,36,49,"malignant neoplasm of tongue","1","cancer of head and neck"
"8_9","ICD-9-CM to ICDA-8","142","has a reference match",1,7,NA,7,7,7,7,7,7,"malignant neoplasm of major salivary glands","1","cancer of head and neck"
"8_9","ICD-9-CM to ICDA-8","143","has a reference match",2,8.5,2.12132034355964,7,7.75,8.5,9.25,10,17,"malignant neoplasm of gum","1","cancer of head and neck"
"8_9","ICD-9-CM to ICDA-8","144","has a reference match",NA,NA,NA,NA,NA,NA,NA,NA,NA,"malignant neoplasm of floor of mouth","1","cancer of head and neck"
"8_9","ICD-9-CM to ICDA-8","145","has a reference match",6,13.1666666666667,10.1472492167418,7,8,8,13.25,33,79,"malignant neoplasm of other and unspecified parts of mouth","1","cancer of head and neck"
"8_9","ICD-9-CM to ICDA-8","146","has a reference match",3,13.3333333333333,4.72581562625261,8,11.5,15,16,17,40,"malignant neoplasm of oropharynx","1","cancer of head and neck"
"8_9","ICD-9-CM to ICDA-8","147","has a reference match",3,21,15.3948043183407,8,12.5,17,27.5,38,63,"malignant neoplasm of nasopharynx","1","cancer of head and neck"
"8_9","ICD-9-CM to ICDA-8","148","has a reference match",NA,NA,NA,NA,NA,NA,NA,NA,NA,"malignant neoplasm of hypopharynx","1","cancer of head and neck"
"8_9","ICD-9-CM to ICDA-8","149","has a reference match",3,10.6666666666667,4.04145188432738,7,8.5,10,12.5,15,32,"malignant neoplasm of other and illdefined sites within the lip oral cavity and pharynx","1","cancer of head and neck"
"8_9","ICD-9-CM to ICDA-8","150","has a reference match",18,28.8333333333333,46.3062059111125,7,7,13,24.5,205,519,"malignant neoplasm of esophagus","2","cancer of esophagus"
"8_9","ICD-9-CM to ICDA-8","151","has a reference match",45,40.0888888888889,102.789905372389,7,10,17,22,650,1804,"malignant neoplasm of stomach","3","cancer of stomach"
"8_9","ICD-9-CM to ICDA-8","152","has a reference match",1,9,NA,9,9,9,9,9,9,"malignant neoplasm of small intestine including duodenum","4","cancer of other gi organs peritoneum"
"8_9","ICD-9-CM to ICDA-8","153","has a reference match",70,48.2571428571429,132.226275723543,7,8,12,28.75,983,3378,"malignant neoplasm of colon","5","colon cancer"
"8_9","ICD-9-CM to ICDA-8","154","has a reference match",41,35.4390243902439,72.9818637678183,7,10,14,25,442,1453,"malignant neoplasm of rectum rectosigmoid junction and anus","6","cancer of rectum and anus"
"8_9","ICD-9-CM to ICDA-8","155","has a reference match",6,18.5,13.1415372007996,8,9,14,22.75,42,111,"malignant neoplasm of liver and intrahepatic bile ducts","7","cancer of liver and intrahepatic bile duct"
"8_9","ICD-9-CM to ICDA-8","156","has a reference match",12,28.75,31.5137055320957,7,8.75,12,36.5,110,345,"malignant neoplasm of gallbladder and extrahepatic bile ducts","4","cancer of other gi organs peritoneum"
"8_9","ICD-9-CM to ICDA-8","157","has a reference match",35,41,93.0142304103169,7,10,15,21.5,533,1435,"malignant neoplasm of pancreas","8","pancreas cancer"
"8_9","ICD-9-CM to ICDA-8","158","has a reference match",1,17,NA,17,17,17,17,17,17,"malignant neoplasm of retroperitoneum and peritoneum","4","cancer of other gi organs peritoneum"
"8_9","ICD-9-CM to ICDA-8","159","has a reference match",3,11.6666666666667,1.15470053837925,11,11,11,12,13,35,"malignant neoplasm of other and illdefined sites within the digestive organs and peritoneum","4","cancer of other gi organs peritoneum"
"8_9","ICD-9-CM to ICDA-8","160","has a reference match",11,17.6363636363636,19.4641862263632,7,8,10,17,74,194,"malignant neoplasm of nasal cavities middle ear and accessory sinuses","1","cancer of head and neck"
"8_9","ICD-9-CM to ICDA-8","161","has a reference match",21,33.0952380952381,63.7745284278173,7,13,16,23,305,695,"malignant neoplasm of larynx","1","cancer of head and neck"
"8_9","ICD-9-CM to ICDA-8","162","has a reference match",132,78.2424242424242,357.634768730286,7,10,17,28.25,3926,10328,"malignant neoplasm of trachea bronchus and lung","9","lung and other respiratory cancer"
"8_9","ICD-9-CM to ICDA-8","163","has a reference match",2,16,4.24264068711928,13,14.5,16,17.5,19,32,"malignant neoplasm of pleura","9","lung and other respiratory cancer"
"8_9","ICD-9-CM to ICDA-8","170","has a reference match",26,38.4615384615385,53.7246541313991,7,11,14,21.25,185,1000,"malignant neoplasm of bone and articular cartilage","11","cancer of bone and connective tissue"
"8_9","ICD-9-CM to ICDA-8","171","has a reference match",15,24.2666666666667,26.9747677513282,7,8,15,30.5,112,364,"malignant neoplasm of connective and other soft tissue","11","cancer of bone and connective tissue"
"8_9","ICD-9-CM to ICDA-8","172","has a reference match",21,30.5714285714286,53.891160155049,7,9,10,23,246,642,"malignant melanoma of skin","12","skin melanoma"
"8_9","ICD-9-CM to ICDA-8","174","has a reference match",91,80.8681318681319,311.212689286825,7,10,14,32,2668,7359,"malignant neoplasm of female breast","13","breast cancer"
"8_9","ICD-9-CM to ICDA-8","180","has a reference match",45,38.1777777777778,85.166491727271,7,9,16,30,554,1718,"malignant neoplasm of cervix uteri","15","cervix cancer"
"8_9","ICD-9-CM to ICDA-8","181","has a reference match",6,15.3333333333333,8.5945719303911,7,8.25,13.5,21,28,92,"malignant neoplasm of placenta","16","cancer of other female genital organs"
"8_9","ICD-9-CM to ICDA-8","182","has a reference match",22,31.0454545454545,50.7472516475873,7,10.25,17,24.75,249,683,"malignant neoplasm of body of uterus","14","uterus cancer"
"8_9","ICD-9-CM to ICDA-8","183","has a reference match",32,38.0625,79.1633417524763,7,8,11,22,410,1218,"malignant neoplasm of ovary and other uterine adnexa","16","cancer of other female genital organs"
"8_9","ICD-9-CM to ICDA-8","184","has a reference match",6,16.6666666666667,10.7641379899492,9,10.75,13.5,15.5,38,100,"malignant neoplasm of other and unspecified female genital organs","16","cancer of other female genital organs"
"8_9","ICD-9-CM to ICDA-8","185","has a reference match",58,43.4137931034483,131.121616840641,7,9,14,26,938,2518,"malignant neoplasm of prostate","17","prostate cancer"
"8_9","ICD-9-CM to ICDA-8","186","has a reference match",14,35.5,58.6957605597909,7,8,9.5,34.75,224,497,"malignant neoplasm of testis","18","testis cancer"
"8_9","ICD-9-CM to ICDA-8","187","has a reference match",1,7,NA,7,7,7,7,7,7,"malignant neoplasm of penis and other male genital organs","19","cancer of other male genital organs"
"8_9","ICD-9-CM to ICDA-8","188","has a reference match",36,25.9166666666667,53.3395457691303,7,9,12,20,326,933,"malignant neoplasm of bladder","20","bladder cancer"
"8_9","ICD-9-CM to ICDA-8","189","has a reference match",25,46.96,94.2344063139007,7,11,15,25,450,1174,"malignant neoplasm of kidney and other and unspecified urinary organs","21","cancer of kidney and other urinary organs"
"8_9","ICD-9-CM to ICDA-8","190","has a reference match",6,24,35.7770876399966,8,9,9.5,10.75,97,144,"malignant neoplasm of eye","10","other cancers"
"8_9","ICD-9-CM to ICDA-8","191","has a reference match",15,24.8666666666667,24.7613369898277,7,10.5,13,28,84,373,"malignant neoplasm of brain","22","cancer of brain and nervous system"
"8_9","ICD-9-CM to ICDA-8","192","has a reference match",15,31.7333333333333,54.8718854198014,7,8.5,13,23.5,219,476,"malignant neoplasm of other and unspecified parts of nervous system","22","cancer of brain and nervous system"
"8_9","ICD-9-CM to ICDA-8","193","has a reference match",9,23.5555555555556,31.8595005889574,7,8,13,17,107,212,"malignant neoplasm of thyroid gland","23","thyroid cancer"
"8_9","ICD-9-CM to ICDA-8","194","has a reference match",3,8.66666666666667,1.15470053837925,8,8,8,9,10,26,"malignant neoplasm of other endocrine glands and related structures","10","other cancers"
"8_9","ICD-9-CM to ICDA-8","195","has a reference match",16,16.25,13.253930234714,7,8,11.5,16,51,260,"malignant neoplasm of other and illdefined sites","10","other cancers"
"8_9","ICD-9-CM to ICDA-8","196","has a reference match",1,9,NA,9,9,9,9,9,9,"secondary and unspecified malignant neoplasm of lymph nodes","24","secondary malignancy"
"8_9","ICD-9-CM to ICDA-8","197","has a reference match",18,25.4444444444444,39.8470933654288,7,8,9.5,19.25,167,458,"secondary malignant neoplasm of respiratory and digestive systems","24","secondary malignancy"
"8_9","ICD-9-CM to ICDA-8","198","has a reference match",NA,NA,NA,NA,NA,NA,NA,NA,NA,"secondary malignant neoplasm of other specified sites","24","secondary malignancy"
"8_9","ICD-9-CM to ICDA-8","199","has a reference match",103,45.7184466019417,123.368443662393,7,9,13,35,1130,4709,"malignant neoplasm without specification of site","25","malignant neoplasm without specification of site"
"8_9","ICD-9-CM to ICDA-8","200","has a reference match",33,26.030303030303,59.7350843560993,7,9,10,20,346,859,"lymphosarcoma and reticulosarcoma and other specified malignant tumors of lymphatic tissue","26","nonhodgkins lymphoma"
"8_9","ICD-9-CM to ICDA-8","201","has a reference match",43,35.6511627906977,116.53977120462,7,9,15,25,779,1533,"hodgkins disease","27","hodgkins disease"
"8_9","ICD-9-CM to ICDA-8","202","has a reference match",64,37.1875,92.5897033940771,7,9,15,25,664,2380,"other malignant neoplasms of lymphoid and histiocytic tissue","26","nonhodgkins lymphoma"
"8_9","ICD-9-CM to ICDA-8","203","has a reference match",44,32.9318181818182,94.5430621038169,7,8.75,14,25,637,1449,"multiple myeloma and immunoproliferative neoplasms","28","multiple myeloma and leukemias"
"8_9","ICD-9-CM to ICDA-8","204","has a reference match",36,29.5277777777778,61.3782121003449,7,9.75,12,19.5,364,1063,"lymphoid leukemia","28","multiple myeloma and leukemias"
"8_9","ICD-9-CM to ICDA-8","205","has a reference match",8,33.5,49.8168072613479,8,11.75,17,23.25,156,268,"myeloid leukemia","28","multiple myeloma and leukemias"
"8_9","ICD-9-CM to ICDA-8","206","has a reference match",1,8,NA,8,8,8,8,8,8,"monocytic leukemia","28","multiple myeloma and leukemias"
"8_9","ICD-9-CM to ICDA-8","207","has a reference match",66,42.5909090909091,94.1479976130425,7,9,15,26,603,2811,"other specified leukemia","28","multiple myeloma and leukemias"
"8_9","ICD-9-CM to ICDA-8","208","has a reference match",NA,NA,NA,NA,NA,NA,NA,NA,NA,"leukemia of unspecified cell type","28","multiple myeloma and leukemias"
"8_9","ICD-9-CM to ICDA-8","209","has a reference match",NA,NA,NA,NA,NA,NA,NA,NA,NA,"neuroendocrine tumors","10","other cancers"
"8_9","ICD-9-CM to ICDA-8","225","has a reference match",16,14.375,13.5,7,9.75,12,12,64,230,"benign neoplasm of brain and other parts of nervous system","29","other and unspecified benign neoplasm"
"8_9","ICD-9-CM to ICDA-8","239","has a reference match",NA,NA,NA,NA,NA,NA,NA,NA,NA,"neoplasms of unspecified nature","30","neoplasms of unspecified nature"
"8_9","ICD-9-CM to ICDA-8","240","has a reference match",11,14.2727272727273,7.87516233598913,7,9,12,16.5,33,157,"simple and unspecified goiter","31","thyroid disorders"
"8_9","ICD-9-CM to ICDA-8","241","has a reference match",49,75.0408163265306,290.768805581547,7,8,13,28,2025,3677,"nontoxic nodular goiter","31","thyroid disorders"
"8_9","ICD-9-CM to ICDA-8","242","has a reference match",42,27.4285714285714,73.68162985709,7,8,11,16.5,483,1152,"thyrotoxicosis with or without goiter","31","thyroid disorders"
"8_9","ICD-9-CM to ICDA-8","243","has a reference match",5,25.2,30.9951609126328,7,8,12,19,80,126,"congenital hypothyroidism","31","thyroid disorders"
"8_9","ICD-9-CM to ICDA-8","244","has a reference match",61,22.0983606557377,41.6344028090684,7,8,12,25,325,1348,"acquired hypothyroidism","31","thyroid disorders"
"8_9","ICD-9-CM to ICDA-8","245","has a reference match",38,17.7894736842105,18.0497179655092,7,8,12,18.75,85,676,"thyroiditis","31","thyroid disorders"
"8_9","ICD-9-CM to ICDA-8","246","has a reference match",8,16.75,12.6688594593199,7,8.5,10,22.75,42,134,"other disorders of thyroid","31","thyroid disorders"
"8_9","ICD-9-CM to ICDA-8","250","has a reference match",355,117.453521126761,1017.98054211908,7,15,26,63,19099,41696,"diabetes mellitus","32","diabetes mellitus"
"8_9","ICD-9-CM to ICDA-8","251","has a reference match",45,35.9111111111111,81.013417020724,7,9,11,26,446,1616,"other disorders of pancreatic internal secretiondisorders of parathyroid gland","33","other endocrine disorders"
"8_9","ICD-9-CM to ICDA-8","252","has a reference match",14,20.9285714285714,27.0681882139683,7,10,12,12.75,105,293,"disorders of parathyroid gland","33","other endocrine disorders"
"8_9","ICD-9-CM to ICDA-8","253","has a reference match",26,20.3846153846154,31.9362827180333,7,9,10,19.25,168,530,"disorders of the pituitary gland and its hypothalamic control","33","other endocrine disorders"
"8_9","ICD-9-CM to ICDA-8","254","has a reference match",3,16.3333333333333,5.85946527708232,12,13,14,18.5,23,49,"diseases of thymus gland","33","other endocrine disorders"
"8_9","ICD-9-CM to ICDA-8","255","has a reference match",20,24.1,38.4062768992668,7,10.5,12,16.75,179,482,"disorders of adrenal glands","33","other endocrine disorders"
"8_9","ICD-9-CM to ICDA-8","256","has a reference match",5,12.6,6.50384501660364,7,7,10,18,21,63,"ovarian dysfunction","33","other endocrine disorders"
"8_9","ICD-9-CM to ICDA-8","257","has a reference match",NA,NA,NA,NA,NA,NA,NA,NA,NA,"testicular dysfunction","33","other endocrine disorders"
"8_9","ICD-9-CM to ICDA-8","258","has a reference match",26,16.1923076923077,16.1270436987545,7,8,11,18,89,421,"polyglandular dysfunction and related disorders","33","other endocrine disorders"
"8_9","ICD-9-CM to ICDA-8","260","has a reference match",NA,NA,NA,NA,NA,NA,NA,NA,NA,"kwashiorkor","34","nutritional deficiencies"
"8_9","ICD-9-CM to ICDA-8","261","has a reference match",3,15.3333333333333,6.80685928555405,10,11.5,13,18,23,46,"nutritional marasmus","34","nutritional deficiencies"
"8_9","ICD-9-CM to ICDA-8","262","has a reference match",NA,NA,NA,NA,NA,NA,NA,NA,NA,"other severe proteincalorie malnutrition","34","nutritional deficiencies"
"8_9","ICD-9-CM to ICDA-8","268","has a reference match",3,17.3333333333333,13.7961347243833,7,9.5,12,22.5,33,52,"vitamin d deficiency","34","nutritional deficiencies"
"8_9","ICD-9-CM to ICDA-8","270","has a reference match",10,24.7,22.9397762267493,7,8.5,15,29,67,247,"disorders of aminoacid transport and metabolism","35","other nutritional endocrine immunity and metabolic disorders"
"8_9","ICD-9-CM to ICDA-8","271","has a reference match",5,13.8,8.07465169527454,7,8,10,18,26,69,"disorders of carbohydrate transport and metabolism","35","other nutritional endocrine immunity and metabolic disorders"
"8_9","ICD-9-CM to ICDA-8","272","has a reference match",6,14.3333333333333,7.99166232186187,7,8,13,17.25,28,86,"disorders of lipoid metabolism","36","disorders of lipid metabolism"
"8_9","ICD-9-CM to ICDA-8","273","has a reference match",12,15.3333333333333,18.6124754512731,7,7,9,11.25,72,184,"disorders of plasma protein metabolism","35","other nutritional endocrine immunity and metabolic disorders"
"8_9","ICD-9-CM to ICDA-8","274","has a reference match",37,26.3513513513514,63.1836899735895,7,9,13,20,395,975,"gout","37","gout and other crystal arthropathies"
"8_9","ICD-9-CM to ICDA-8","275","has a reference match",37,18.027027027027,27.7603699207726,7,8,10,15,150,667,"disorders of mineral metabolism","35","other nutritional endocrine immunity and metabolic disorders"
"8_9","ICD-9-CM to ICDA-8","277","has a reference match",34,29.5588235294118,72.0623430331158,7,8,10.5,18,412,1005,"other and unspecified disorders of metabolism","35","other nutritional endocrine immunity and metabolic disorders"
"8_9","ICD-9-CM to ICDA-8","278","has a reference match",177,30.5423728813559,72.6295055011215,7,10,14,25,872,5406,"overweight obesity and other hyperalimentation","35","other nutritional endocrine immunity and metabolic disorders"
"8_9","ICD-9-CM to ICDA-8","279","has a reference match",NA,NA,NA,NA,NA,NA,NA,NA,NA,"disorders involving the immune mechanism","35","other nutritional endocrine immunity and metabolic disorders"
"8_9","ICD-9-CM to ICDA-8","280","has a reference match",59,22.1864406779661,51.1055279337633,7,8,11,17,391,1309,"iron deficiency anemias","38","anemia"
"8_9","ICD-9-CM to ICDA-8","282","has a reference match",13,28.8461538461538,55.125381561561,7,9,12,19,211,375,"hereditary hemolytic anemias","38","anemia"
"8_9","ICD-9-CM to ICDA-8","283","has a reference match",1,14,NA,14,14,14,14,14,14,"acquired hemolytic anemias","38","anemia"
"8_9","ICD-9-CM to ICDA-8","284","has a reference match",18,25.1666666666667,57.5144483126273,7,7.25,8.5,17.25,254,453,"aplastic anemia and other bone marrow failure syndromes","38","anemia"
"8_9","ICD-9-CM to ICDA-8","285","has a reference match",287,48.6968641114983,133.144758321361,7,11,17,40,1716,13976,"other and unspecified anemias","38","anemia"
"8_9","ICD-9-CM to ICDA-8","286","has a reference match",84,39.3214285714286,130.134884677333,7,9.75,14,25,1184,3303,"coagulation defects","39","other hematologic conditions"
"8_9","ICD-9-CM to ICDA-8","287","has a reference match",102,32.8823529411765,145.723207996751,7,8,11.5,23.75,1480,3354,"purpura and other hemorrhagic conditions","39","other hematologic conditions"
"8_9","ICD-9-CM to ICDA-8","288","has a reference match",23,18.7391304347826,28.7958604842375,7,8.5,10,13.5,143,431,"diseases of white blood cells","39","other hematologic conditions"
"8_9","ICD-9-CM to ICDA-8","289","has a reference match",146,36.9246575342466,139.648133467356,7,9,12.5,24,1649,5391,"other diseases of blood and bloodforming organs","39","other hematologic conditions"
"8_9","ICD-9-CM to ICDA-8","290","has a reference match",34,21.7352941176471,37.6598080295156,7,10.25,14,18,231,739,"dementias","40","delirium dementia and other cognitive disorders"
"8_9","ICD-9-CM to ICDA-8","291","has a reference match",29,35.5172413793103,83.9764510739491,7,9,12,22,442,1030,"alcoholinduced mental disorders","41","alcohol and substancerelated disorders"
"8_9","ICD-9-CM to ICDA-8","292","has a reference match",NA,NA,NA,NA,NA,NA,NA,NA,NA,"druginduced mental disorders","41","alcohol and substancerelated disorders"
"8_9","ICD-9-CM to ICDA-8","294","has a reference match",NA,NA,NA,NA,NA,NA,NA,NA,NA,"persistent mental disorders due to conditions classified elsewhere","40","delirium dementia and other cognitive disorders"
"8_9","ICD-9-CM to ICDA-8","295","has a reference match",135,92.0148148148148,583.61970066368,7,9,13,31.5,6727,12422,"schizophrenic disorders","42","schizophrenia and other psychotic disorders"
"8_9","ICD-9-CM to ICDA-8","296","has a reference match",141,67.7872340425532,377.897620461087,7,10,15,27,4394,9558,"episodic mood disorders","43","mood and anxiety disorders"
"8_9","ICD-9-CM to ICDA-8","297","has a reference match",27,37.2592592592593,69.7581495611762,7,9,13,24.5,330,1006,"delusional disorders","42","schizophrenia and other psychotic disorders"
"8_9","ICD-9-CM to ICDA-8","298","has a reference match",42,27.8809523809524,41.8605130781792,7,8.25,13,22.5,227,1171,"other nonorganic psychoses","42","schizophrenia and other psychotic disorders"
"8_9","ICD-9-CM to ICDA-8","299","has a reference match",NA,NA,NA,NA,NA,NA,NA,NA,NA,"pervasive developmental disorders","44","disorders usually diagnosed in infancy childhood or adolescence"
"8_9","ICD-9-CM to ICDA-8","300","has a reference match",426,115.68544600939,632.052212753429,7,13,27.5,74.75,12305,49282,"anxiety dissociative and somatoform disorders","43","mood and anxiety disorders"
"8_9","ICD-9-CM to ICDA-8","301","has a reference match",117,54.6923076923077,151.250104675852,7,9,14,28,1370,6399,"personality disorders","45","personality disorders"
"8_9","ICD-9-CM to ICDA-8","303","has a reference match",208,99.3701923076923,623.012831247864,7,10,20,48.25,8870,20669,"alcohol dependence syndrome","41","alcohol and substancerelated disorders"
"8_9","ICD-9-CM to ICDA-8","304","has a reference match",52,37.2115384615385,68.7377330342278,7,9,14,28.75,452,1935,"drug dependence","41","alcohol and substancerelated disorders"
"8_9","ICD-9-CM to ICDA-8","306","has a reference match",22,25,32.6014898870764,7,8.25,14,21,146,550,"physiological malfunction arising from mental factors","46","miscellaneous mental health disorders"
"8_9","ICD-9-CM to ICDA-8","307","has a reference match",147,27.6666666666667,54.2055111858783,7,9,15,25,541,4067,"special symptoms or syndromes not elsewhere classified","46","miscellaneous mental health disorders"
"8_9","ICD-9-CM to ICDA-8","309","has a reference match",136,45.2352941176471,111.284835431203,7,9,14,28,869,6152,"adjustment reaction","47","adjustment disorders"
"8_9","ICD-9-CM to ICDA-8","310","has a reference match",54,20.537037037037,20.7470961486753,7,10,13,23,144,1109,"specific nonpsychotic mental disorders due to brain damage","46","miscellaneous mental health disorders"
"8_9","ICD-9-CM to ICDA-8","311","has a reference match",NA,NA,NA,NA,NA,NA,NA,NA,NA,"depressive disorder not elsewhere classified","43","mood and anxiety disorders"
"8_9","ICD-9-CM to ICDA-8","314","has a reference match",118,61.5084745762712,193.944381214024,7,10,19,36.75,1698,7258,"hyperkinetic syndrome of childhood","48","attentiondeficit conduct and disruptive behavior disorders"
"8_9","ICD-9-CM to ICDA-8","317","has a reference match",14,27.9285714285714,56.3361672131122,7,10,11.5,14.5,222,391,"mild intellectual disabilities","49","developmental disorders"
"8_9","ICD-9-CM to ICDA-8","318","has a reference match",1,7,NA,7,7,7,7,7,7,"other specified intellectual disabilities","49","developmental disorders"
"8_9","ICD-9-CM to ICDA-8","319","has a reference match",55,30.2363636363636,49.6106931560211,7,9,13,24.5,313,1663,"unspecified intellectual disabilities","49","developmental disorders"
"8_9","ICD-9-CM to ICDA-8","332","has a reference match",56,27.2142857142857,81.1294620368557,7,9,13.5,22,619,1524,"parkinsons disease","51","parkinsons disease"
"8_9","ICD-9-CM to ICDA-8","336","has a reference match",12,20.75,23.9207973415299,7,8,11.5,23,93,249,"other diseases of spinal cord","50","other nervous system conditions"
"8_9","ICD-9-CM to ICDA-8","337","has a reference match",2,14,7.07106781186548,9,11.5,14,16.5,19,28,"disorders of the autonomic nervous system","50","other nervous system conditions"
"8_9","ICD-9-CM to ICDA-8","339","has a reference match",228,40.1710526315789,120.810448408662,7,10,17,29.75,1650,9159,"other headache syndromes","52","headache including migraine"
"8_9","ICD-9-CM to ICDA-8","340","has a reference match",91,56.8461538461538,263.946708555468,7,9.5,17,27,2518,5173,"multiple sclerosis","53","multiple sclerosis"
"8_9","ICD-9-CM to ICDA-8","341","has a reference match",4,13.75,4.5,7,13.75,16,16,16,55,"other demyelinating diseases of central nervous system","50","other nervous system conditions"
"8_9","ICD-9-CM to ICDA-8","342","has a reference match",NA,NA,NA,NA,NA,NA,NA,NA,NA,"hemiplegia and hemiparesis","54","paralysis"
"8_9","ICD-9-CM to ICDA-8","343","has a reference match",34,27.7647058823529,55.4398712357645,7,9.25,13,20,331,944,"infantile cerebral palsy","54","paralysis"
"8_9","ICD-9-CM to ICDA-8","344","has a reference match",193,40.2227979274611,99.1791681464115,7,10,16,30,1160,7763,"other paralytic syndromes","54","paralysis"
"8_9","ICD-9-CM to ICDA-8","345","has a reference match",165,60.4181818181818,313.286630870262,7,10,17,34,3878,9969,"epilepsy and recurrent seizures","55","epilepsyconvulsions"
"8_9","ICD-9-CM to ICDA-8","346","has a reference match",103,43.6310679611651,179.920134258491,7,10,15,27.5,1809,4494,"migraine","52","headache including migraine"
"8_9","ICD-9-CM to ICDA-8","347","has a reference match",NA,NA,NA,NA,NA,NA,NA,NA,NA,"cataplexy and narcolepsy","50","other nervous system conditions"
"8_9","ICD-9-CM to ICDA-8","348","has a reference match",113,25.5044247787611,44.1151342458825,7,10,15,25,382,2882,"other conditions of brain","50","other nervous system conditions"
"8_9","ICD-9-CM to ICDA-8","353","has a reference match",75,21.52,60.5031515819742,7,9,12,17,531,1614,"nerve root and plexus disorders","50","other nervous system conditions"
"8_9","ICD-9-CM to ICDA-8","354","has a reference match",NA,NA,NA,NA,NA,NA,NA,NA,NA,"mononeuritis of upper limb and mononeuritis multiplex","50","other nervous system conditions"
"8_9","ICD-9-CM to ICDA-8","355","has a reference match",NA,NA,NA,NA,NA,NA,NA,NA,NA,"mononeuritis of lower limb and unspecified site","50","other nervous system conditions"
"8_9","ICD-9-CM to ICDA-8","356","has a reference match",NA,NA,NA,NA,NA,NA,NA,NA,NA,"hereditary and idiopathic peripheral neuropathy","50","other nervous system conditions"
"8_9","ICD-9-CM to ICDA-8","357","has a reference match",29,25.5172413793103,46.5292693517096,7,10,13,15,205,740,"inflammatory and toxic neuropathy","50","other nervous system conditions"
"8_9","ICD-9-CM to ICDA-8","360","has a reference match",42,18.1428571428571,26.8033228997246,7,8.25,10.5,15,173,762,"disorders of the globe","56","other eye disorders"
"8_9","ICD-9-CM to ICDA-8","361","has a reference match",6,52.6666666666667,93.4187704193684,8,10,17.5,21.25,243,316,"retinal detachments and defects","57","retinal detachments defects vascular occlusion and retinopathy"
"8_9","ICD-9-CM to ICDA-8","362","has a reference match",32,22.3125,32.9627722565732,7,8,10.5,21.75,180,714,"other retinal disorders","57","retinal detachments defects vascular occlusion and retinopathy"
"8_9","ICD-9-CM to ICDA-8","363","has a reference match",NA,NA,NA,NA,NA,NA,NA,NA,NA,"chorioretinal inflammations scars and other disorders of choroid","56","other eye disorders"
"8_9","ICD-9-CM to ICDA-8","364","has a reference match",29,28.6896551724138,55.8640591386651,7,8,11,24,307,832,"disorders of iris and ciliary body","56","other eye disorders"
"8_9","ICD-9-CM to ICDA-8","365","has a reference match",21,44.4761904761905,98.2703510971743,7,12,19,36,469,934,"glaucoma","58","glaucoma"
"8_9","ICD-9-CM to ICDA-8","366","has a reference match",33,31.6060606060606,82.0255064728113,7,9,13,24,482,1043,"cataract","59","cataract"
"8_9","ICD-9-CM to ICDA-8","369","has a reference match",16,10.4375,5.9662243783932,7,8,8.5,9,30,167,"blindness and low vision","60","blindness and vision defects"
"8_9","ICD-9-CM to ICDA-8","370","has a reference match",44,26.3636363636364,52.2138228642306,7,8,12.5,20.25,338,1160,"keratitis","56","other eye disorders"
"8_9","ICD-9-CM to ICDA-8","371","has a reference match",1,7,NA,7,7,7,7,7,7,"corneal opacity and other disorders of cornea","56","other eye disorders"
"8_9","ICD-9-CM to ICDA-8","372","has a reference match",NA,NA,NA,NA,NA,NA,NA,NA,NA,"disorders of conjunctiva","56","other eye disorders"
"8_9","ICD-9-CM to ICDA-8","376","has a reference match",28,21.9642857142857,47.0125925942599,7,8.75,11,13.75,257,615,"disorders of the orbit","56","other eye disorders"
"8_9","ICD-9-CM to ICDA-8","377","has a reference match",5,55.6,73.741440181217,7,11,37,38,185,278,"disorders of optic nerve and visual pathways","56","other eye disorders"
"8_9","ICD-9-CM to ICDA-8","379","has a reference match",121,36.3471074380165,90.7574341072401,7,9,13,30,662,4398,"other disorders of eye","56","other eye disorders"
"8_9","ICD-9-CM to ICDA-8","380","has a reference match",134,24.0223880597015,43.9848686247726,7,10,13,23,416,3219,"disorders of external ear","61","other ear and sense organ disorders"
"8_9","ICD-9-CM to ICDA-8","381","has a reference match",265,103.588679245283,614.54851056776,7,10,18,41,9588,27451,"nonsuppurative otitis media and eustachian tube disorders","62","otitis media and related conditions"
"8_9","ICD-9-CM to ICDA-8","383","has a reference match",6,51,41.3376341848442,13,29,35,60.5,127,306,"mastoiditis and related conditions","62","otitis media and related conditions"
"8_9","ICD-9-CM to ICDA-8","384","has a reference match",76,24.9605263157895,58.3235666009258,7,8,11,18,382,1897,"other disorders of tympanic membrane","61","other ear and sense organ disorders"
"8_9","ICD-9-CM to ICDA-8","386","has a reference match",13,30.0769230769231,51.9141302833527,7,10,11,29,200,391,"vertiginous syndromes and other disorders of vestibular system","63","conditions associated with dizziness or vertigo"
"8_9","ICD-9-CM to ICDA-8","389","has a reference match",24,21.625,28.9539552002681,7,7.75,11,17.25,114,519,"hearing loss","61","other ear and sense organ disorders"
"8_9","ICD-9-CM to ICDA-8","393","has a reference match",4,12.75,8.92094912738176,7,7.75,9,14,26,51,"chronic rheumatic pericarditis","64","peri endo and myocarditis cardiomyopathy"
"8_9","ICD-9-CM to ICDA-8","394","has a reference match",78,37.2179487179487,96.6700973704264,7,9.25,15.5,28.75,730,2903,"diseases of mitral valve","65","heart valve disorders"
"8_9","ICD-9-CM to ICDA-8","395","has a reference match",83,36.2771084337349,90.8311638329279,7,8,12,27,733,3011,"diseases of aortic valve","65","heart valve disorders"
"8_9","ICD-9-CM to ICDA-8","396","has a reference match",8,15.375,9.70916356556306,7,9.25,11,20.5,35,123,"diseases of mitral and aortic valves","65","heart valve disorders"
"8_9","ICD-9-CM to ICDA-8","397","has a reference match",1,7,NA,7,7,7,7,7,7,"diseases of other endocardial structures","65","heart valve disorders"
"8_9","ICD-9-CM to ICDA-8","398","has a reference match",62,30.758064516129,59.8615028550181,7,8.25,12.5,21.75,328,1907,"other rheumatic heart disease","64","peri endo and myocarditis cardiomyopathy"
"8_9","ICD-9-CM to ICDA-8","401","has a reference match",356,84.0730337078652,358.982506149638,7,13,26,59.25,6418,29930,"essential hypertension","66","hypertension"
"8_9","ICD-9-CM to ICDA-8","402","has a reference match",23,27.6086956521739,36.9603462331712,7,8,11,21.5,157,635,"hypertensive heart disease","67","hypertension complications"
"8_9","ICD-9-CM to ICDA-8","403","has a reference match",18,24.4444444444444,38.5490096343713,7,9,12,22.5,173,440,"hypertensive chronic kidney disease","67","hypertension complications"
"8_9","ICD-9-CM to ICDA-8","404","has a reference match",NA,NA,NA,NA,NA,NA,NA,NA,NA,"hypertensive heart and chronic kidney disease","67","hypertension complications"
"8_9","ICD-9-CM to ICDA-8","410","has a reference match",155,128.903225806452,696.518930427646,7,10.5,20,42.5,8214,19980,"acute myocardial infarction","68","acute myocardial infarction"
"8_9","ICD-9-CM to ICDA-8","411","has a reference match",84,93,315.365269191216,7,12,18.5,32,2491,7812,"other acute and subacute forms of ischemic heart disease","69","coronary atherosclerosis and other heart disease"
"8_9","ICD-9-CM to ICDA-8","412","has a reference match",NA,NA,NA,NA,NA,NA,NA,NA,NA,"old myocardial infarction","69","coronary atherosclerosis and other heart disease"
"8_9","ICD-9-CM to ICDA-8","413","has a reference match",141,85.7517730496454,303.518678079723,7,11,19,38,2525,12091,"angina pectoris","69","coronary atherosclerosis and other heart disease"
"8_9","ICD-9-CM to ICDA-8","414","has a reference match",239,121.230125523013,581.935593562575,7,10,24,70,7770,28974,"other forms of chronic ischemic heart disease","69","coronary atherosclerosis and other heart disease"
"8_9","ICD-9-CM to ICDA-8","415","has a reference match",110,41.7545454545455,155.563561826477,7,9,15,23.75,1605,4593,"acute pulmonary heart disease","70","pulmonary heart disease"
"8_9","ICD-9-CM to ICDA-8","416","has a reference match",38,34.5789473684211,65.9170779573062,7,8,11.5,27,311,1314,"chronic pulmonary heart disease","70","pulmonary heart disease"
"8_9","ICD-9-CM to ICDA-8","423","has a reference match",38,31.3421052631579,66.5388633912094,7,7.25,12.5,20.5,405,1191,"other diseases of pericardium","64","peri endo and myocarditis cardiomyopathy"
"8_9","ICD-9-CM to ICDA-8","424","has a reference match",55,20.7090909090909,20.8225952124242,7,8.5,14,24,107,1139,"other diseases of endocardium","65","heart valve disorders"
"8_9","ICD-9-CM to ICDA-8","425","has a reference match",28,29.0357142857143,53.2238335243381,7,8.75,12,18,245,813,"cardiomyopathy","64","peri endo and myocarditis cardiomyopathy"
"8_9","ICD-9-CM to ICDA-8","426","has a reference match",NA,NA,NA,NA,NA,NA,NA,NA,NA,"conduction disorders","71","conduction disorders"
"8_9","ICD-9-CM to ICDA-8","427","has a reference match",277,113.021660649819,658.665773346689,7,11,21,61,10408,31307,"cardiac dysrhythmias","72","cardiac dysrhythmias arrest chf and ventricular fibrillation"
"8_9","ICD-9-CM to ICDA-8","428","has a reference match",29,34.2068965517241,45.2827460915972,7,11,16,29,190,992,"heart failure","72","cardiac dysrhythmias arrest chf and ventricular fibrillation"
"8_9","ICD-9-CM to ICDA-8","429","has a reference match",69,32.6231884057971,57.7362414089929,7,9,12,27,334,2251,"illdefined descriptions and complications of heart disease","73","other and illdefined heart disease"
"8_9","ICD-9-CM to ICDA-8","430","has a reference match",24,27.125,52.4100160523606,7,8.75,10.5,14.25,259,651,"subarachnoid hemorrhage","74","acute cerebrovascular disease"
"8_9","ICD-9-CM to ICDA-8","431","has a reference match",32,20.5625,33.1496484679459,7,8,11,16.25,182,658,"intracerebral hemorrhage","74","acute cerebrovascular disease"
"8_9","ICD-9-CM to ICDA-8","432","has a reference match",NA,NA,NA,NA,NA,NA,NA,NA,NA,"other and unspecified intracranial hemorrhage","74","acute cerebrovascular disease"
"8_9","ICD-9-CM to ICDA-8","433","has a reference match",21,24.3809523809524,28.1894948349136,7,9,17,31,135,512,"occlusion and stenosis of precerebral arteries","74","acute cerebrovascular disease"
"8_9","ICD-9-CM to ICDA-8","434","has a reference match",55,33.8727272727273,65.3081171704572,7,8,12,25.5,401,1863,"occlusion of cerebral arteries","74","acute cerebrovascular disease"
"8_9","ICD-9-CM to ICDA-8","435","has a reference match",29,34.4137931034483,70.5162176085247,7,11,14,33,390,998,"transient cerebral ischemia","75","transient cerebral ischemia"
"8_9","ICD-9-CM to ICDA-8","436","has a reference match",165,70.6363636363636,240.416105008945,7,11,19,39,2776,11655,"acute but illdefined cerebrovascular disease","74","acute cerebrovascular disease"
"8_9","ICD-9-CM to ICDA-8","437","has a reference match",25,20.08,21.5579065155533,7,8,12,20,97,502,"other and illdefined cerebrovascular disease","76","other and illdefined cerebrovascular disease"
"8_9","ICD-9-CM to ICDA-8","438","has a reference match",NA,NA,NA,NA,NA,NA,NA,NA,NA,"late effects of cerebrovascular disease","76","other and illdefined cerebrovascular disease"
"8_9","ICD-9-CM to ICDA-8","440","has a reference match",50,23.14,34.4709342217824,7,8,10.5,22.25,205,1157,"atherosclerosis","77","other circulatory disease"
"8_9","ICD-9-CM to ICDA-8","441","has a reference match",27,22.037037037037,33.4623571305033,7,8.5,12,23,181,595,"aortic aneurysm and dissection","77","other circulatory disease"
"8_9","ICD-9-CM to ICDA-8","442","has a reference match",22,19.5909090909091,21.0727969326041,7,8,11,21.75,81,431,"other aneurysm","77","other circulatory disease"
"8_9","ICD-9-CM to ICDA-8","443","has a reference match",44,32.6818181818182,59.2730272110078,7,9,11.5,28.25,341,1438,"other peripheral vascular disease","77","other circulatory disease"
"8_9","ICD-9-CM to ICDA-8","444","has a reference match",32,34.375,59.5990636427853,7,9,13,30.25,333,1100,"arterial embolism and thrombosis","78","aortic and peripheral arterial embolism or thrombosis"
"8_9","ICD-9-CM to ICDA-8","445","has a reference match",NA,NA,NA,NA,NA,NA,NA,NA,NA,"atheroembolism","78","aortic and peripheral arterial embolism or thrombosis"
"8_9","ICD-9-CM to ICDA-8","446","has a reference match",16,14.9375,15.8932637722191,7,8.75,10.5,13,73,239,"polyarteritis nodosa and allied conditions","77","other circulatory disease"
"8_9","ICD-9-CM to ICDA-8","447","has a reference match",115,28.695652173913,53.8948251125564,7,10,14,25,509,3300,"other disorders of arteries and arterioles","77","other circulatory disease"
"8_9","ICD-9-CM to ICDA-8","448","has a reference match",1,18,NA,18,18,18,18,18,18,"disease of capillaries","77","other circulatory disease"
"8_9","ICD-9-CM to ICDA-8","453","has a reference match",86,42.6046511627907,161.250647354452,7,9,13.5,24.75,1448,3664,"other venous embolism and thrombosis","79","phlebitis thrombophlebitis and thromboembolism"
"8_9","ICD-9-CM to ICDA-8","456","has a reference match",20,16.15,11.7485721416869,7,9,12,17.5,52,323,"varicose veins of other sites","80","other diseases of veins and lymphatics"
"8_9","ICD-9-CM to ICDA-8","457","has a reference match",17,20.9411764705882,33.9419920383205,7,9,9,12,143,356,"noninfectious disorders of lymphatic channels","80","other diseases of veins and lymphatics"
"8_9","ICD-9-CM to ICDA-8","459","has a reference match",112,19.0982142857143,23.8682418656144,7,8,11,18,200,2139,"other disorders of circulatory system","80","other diseases of veins and lymphatics"
"8_9","ICD-9-CM to ICDA-8","472","has a reference match",53,32.6603773584906,41.1395109522868,7,9,15,43,229,1731,"chronic pharyngitis and nasopharyngitis","81","other upper respiratory disease"
"8_9","ICD-9-CM to ICDA-8","473","has a reference match",81,30.4197530864198,76.8760144969695,7,10,14,26,685,2464,"chronic sinusitis","82","other upper respiratory infections"
"8_9","ICD-9-CM to ICDA-8","474","has a reference match",77,130.480519480519,615.829919496524,7,11,16,58,5329,10047,"chronic disease of tonsils and adenoids","83","acute and chronic tonsillitis"
"8_9","ICD-9-CM to ICDA-8","476","has a reference match",3,10.3333333333333,3.21455025366432,8,8.5,9,11.5,14,31,"chronic laryngitis and laryngotracheitis","81","other upper respiratory disease"
"8_9","ICD-9-CM to ICDA-8","477","has a reference match",152,29.9144736842105,55.185532233848,7,9,15,24,552,4547,"allergic rhinitis","81","other upper respiratory disease"
"8_9","ICD-9-CM to ICDA-8","478","has a reference match",94,40.968085106383,109.815431875553,7,8,15,27.75,807,3851,"other diseases of upper respiratory tract","81","other upper respiratory disease"
"8_9","ICD-9-CM to ICDA-8","491","has a reference match",116,68.7413793103448,185.280943936248,7,10,14,35.25,1225,7974,"chronic bronchitis","84","chronic obstructive pulmonary disease copd"
"8_9","ICD-9-CM to ICDA-8","492","has a reference match",58,43.1034482758621,98.4958258364233,7,8,11,24.5,669,2500,"emphysema","84","chronic obstructive pulmonary disease copd"
"8_9","ICD-9-CM to ICDA-8","493","has a reference match",214,152.644859813084,1206.92555715477,7,10,15,41.75,17417,32666,"asthma","85","asthma"
"8_9","ICD-9-CM to ICDA-8","494","has a reference match",42,45.1666666666667,128.908346466076,7,8,11,24.75,829,1897,"bronchiectasis","84","chronic obstructive pulmonary disease copd"
"8_9","ICD-9-CM to ICDA-8","500","has a reference match",NA,NA,NA,NA,NA,NA,NA,NA,NA,"coal workers pneumoconiosis","86","lung disease due to external agents"
"8_9","ICD-9-CM to ICDA-8","501","has a reference match",NA,NA,NA,NA,NA,NA,NA,NA,NA,"asbestosis","86","lung disease due to external agents"
"8_9","ICD-9-CM to ICDA-8","502","has a reference match",4,19.75,13.2003787824441,8,10.25,17,26.5,37,79,"pneumoconiosis due to other silica or silicates","86","lung disease due to external agents"
"8_9","ICD-9-CM to ICDA-8","503","has a reference match",NA,NA,NA,NA,NA,NA,NA,NA,NA,"pneumoconiosis due to other inorganic dust","86","lung disease due to external agents"
"8_9","ICD-9-CM to ICDA-8","504","has a reference match",2,16.5,13.4350288425444,7,11.75,16.5,21.25,26,33,"pneumonopathy due to inhalation of other dust","86","lung disease due to external agents"
"8_9","ICD-9-CM to ICDA-8","505","has a reference match",NA,NA,NA,NA,NA,NA,NA,NA,NA,"pneumoconiosis unspecified","86","lung disease due to external agents"
"8_9","ICD-9-CM to ICDA-8","506","has a reference match",NA,NA,NA,NA,NA,NA,NA,NA,NA,"respiratory conditions due to chemical fumes and vapors","86","lung disease due to external agents"
"8_9","ICD-9-CM to ICDA-8","512","has a reference match",37,45.2162162162162,134.16224322628,7,9,14,20,821,1673,"pneumothorax and air leak","87","other lower respiratory disease"
"8_9","ICD-9-CM to ICDA-8","514","has a reference match",51,37.0392156862745,59.6690743297778,7,9,15,25,247,1889,"pulmonary congestion and hypostasis","87","other lower respiratory disease"
"8_9","ICD-9-CM to ICDA-8","518","has a reference match",325,82.0769230769231,358.711553525223,7,10,18,42,5935,26675,"other diseases of lung","88","respiratory failure pulmonary collapse"
"8_9","ICD-9-CM to ICDA-8","523","has a reference match",35,27.0571428571429,52.6693028450622,7,9,10,20,258,947,"gingival and periodontal diseases","89","disorders of teeth and jaw"
"8_9","ICD-9-CM to ICDA-8","525","has a reference match",21,52.3333333333333,96.9346859144514,7,9,15,44,421,1099,"other diseases and conditions of the teeth and supporting structures","89","disorders of teeth and jaw"
"8_9","ICD-9-CM to ICDA-8","530","has a reference match",83,33.8072289156626,98.1082599927897,7,9.5,14,29,889,2806,"diseases of oesophagus","90","esophageal disorders"
"8_9","ICD-9-CM to ICDA-8","531","has a reference match",69,39.6376811594203,115.477521496673,7,9,14,31,947,2735,"gastric ulcer","91","gasduo ulcer without hemorrhage"
"8_9","ICD-9-CM to ICDA-8","532","has a reference match",111,68,322.852682419481,7,10,18,43.5,3398,7548,"duodenal ulcer","91","gasduo ulcer without hemorrhage"
"8_9","ICD-9-CM to ICDA-8","533","has a reference match",81,50.6913580246914,136.527711653652,7,10,16,33,1088,4106,"peptic ulcer site unspecified","91","gasduo ulcer without hemorrhage"
"8_9","ICD-9-CM to ICDA-8","534","has a reference match",4,15.25,9.53502316025854,7,7,15,23.25,24,61,"gastrojejunal ulcer","91","gasduo ulcer without hemorrhage"
"8_9","ICD-9-CM to ICDA-8","535","has a reference match",174,61.4080459770115,252.220520413282,7,9.25,17.5,45,3209,10685,"gastritis and duodenitis","92","gastritis and duodenitis"
"8_9","ICD-9-CM to ICDA-8","537","has a reference match",40,37.5,57.730141440752,7,11.75,16,33.75,319,1500,"other diseases of stomach and duodenum","93","other disorders of stomach and duodenum"
"8_9","ICD-9-CM to ICDA-8","556","has a reference match",88,55.8409090909091,251.404646413396,7,10,14.5,21,2338,4914,"ulcerative colitis","94","regional enteritis and ulcerative colitis"
"8_9","ICD-9-CM to ICDA-8","558","has a reference match",14,33.5,66.6665064100638,7,9.25,15.5,19.5,263,469,"other and unspecified noninfectious gastroenteritis and colitis","95","noninfectious gastroenteritis"
"8_9","ICD-9-CM to ICDA-8","562","has a reference match",54,42.2777777777778,140.129376428944,7,10,12,24.5,1035,2283,"diverticula of intestine","96","diverticulosis and diverticulitis"
"8_9","ICD-9-CM to ICDA-8","564","has a reference match",134,31.4776119402985,82.3783419615221,7,9,13,26.75,858,4218,"functional digestive disorders not elsewhere classified","97","other gastrointestinal disorders"
"8_9","ICD-9-CM to ICDA-8","571","has a reference match",186,80.2688172043011,371.292312606598,7,10,17,37.25,4367,14930,"chronic liver disease and cirrhosis","98","hepatitis and other liver diseases"
"8_9","ICD-9-CM to ICDA-8","572","has a reference match",22,27.7727272727273,37.1315958619531,7,8.5,14,23.25,152,611,"liver abscess and sequelae of chronic liver disease","98","hepatitis and other liver diseases"
"8_9","ICD-9-CM to ICDA-8","573","has a reference match",103,36.8640776699029,87.0976518158615,7,9,13,27.5,600,3797,"other diseases of liver","98","hepatitis and other liver diseases"
"8_9","ICD-9-CM to ICDA-8","575","has a reference match",77,62.3246753246753,224.546352122536,7,10,15,32,1865,4799,"other disorders of gallbladder","99","biliary tract disease"
"8_9","ICD-9-CM to ICDA-8","577","has a reference match",84,74.9404761904762,344.211561142079,7,9,15,36,3136,6295,"diseases of pancreas","100","pancreatic disorders excluding diabetes"
"8_9","ICD-9-CM to ICDA-8","579","has a reference match",69,48.7536231884058,143.354805188047,7,10,17,32,1149,3364,"intestinal malabsorption","97","other gastrointestinal disorders"
"8_9","ICD-9-CM to ICDA-8","581","has a reference match",61,43.2622950819672,127.214635117105,7,9,15,31,990,2639,"nephrotic syndrome","101","chronic kideny disease and related conditions"
"8_9","ICD-9-CM to ICDA-8","582","has a reference match",120,115.391666666667,712.894340773191,7,12,20.5,56.5,7803,13847,"chronic glomerulonephritis","101","chronic kideny disease and related conditions"
"8_9","ICD-9-CM to ICDA-8","583","has a reference match",85,53.9294117647059,132.681572646272,7,8,16,36,969,4584,"nephritis and nephropathy not specified as acute or chronic","101","chronic kideny disease and related conditions"
"8_9","ICD-9-CM to ICDA-8","587","has a reference match",29,56.3793103448276,177.779842540692,7,10,17,23,964,1635,"renal sclerosis unspecified","101","chronic kideny disease and related conditions"
"8_9","ICD-9-CM to ICDA-8","590","has a reference match",168,71.6666666666667,352.366552931391,7,10,16,39,4456,12040,"infections of kidney","103","urinary tract infections"
"8_9","ICD-9-CM to ICDA-8","595","has a reference match",166,41.2710843373494,108.755405332885,7,10,15.5,35,1270,6851,"cystitis","103","urinary tract infections"
"8_9","ICD-9-CM to ICDA-8","596","has a reference match",94,38.1702127659574,78.4125618499244,7,9,14.5,31,642,3588,"other disorders of bladder","104","other diseases of bladder and urethra"
"8_9","ICD-9-CM to ICDA-8","599","has a reference match",268,65.6044776119403,288.389211584194,7,10.75,19,41,4532,17582,"other disorders of urethra and urinary tract","104","other diseases of bladder and urethra"
"8_9","ICD-9-CM to ICDA-8","600","has a reference match",103,47.1456310679612,147.510146395253,7,9,12,27,1209,4856,"hyperplasia of prostate","105","hyperplasia of prostate"
"8_9","ICD-9-CM to ICDA-8","601","has a reference match",40,31.075,56.1958058020667,7,8,15,28.25,270,1243,"inflammatory diseases of prostate","106","other male genital disorders"
"8_9","ICD-9-CM to ICDA-8","607","has a reference match",58,32.6724137931034,90.398996254914,7,9,12,19.75,679,1895,"disorders of penis","106","other male genital disorders"
"8_9","ICD-9-CM to ICDA-8","610","has a reference match",31,47.5483870967742,137.920711209902,7,9,12,24,773,1474,"benign mammary dysplasias","107","nonmalignant breast conditions"
"8_9","ICD-9-CM to ICDA-8","614","has a reference match",4,17.5,13.699148392023,7,8.5,13,22,37,70,"inflammatory disease of ovary fallopian tube pelvic cellular tissue and peritoneum","108","other female genital disorders"
"8_9","ICD-9-CM to ICDA-8","618","has a reference match",32,51.28125,152.479133289476,7,8,11,24.5,866,1641,"genital prolapse","110","prolapse of female genital organs"
"8_9","ICD-9-CM to ICDA-8","621","has a reference match",62,48.9032258064516,83.1716987011413,7,12,21.5,44.75,457,3032,"disorders of uterus not elsewhere classified","108","other female genital disorders"
"8_9","ICD-9-CM to ICDA-8","626","has a reference match",222,101.288288288288,512.185166732292,7,11,21,42.75,7316,22486,"disorders of menstruation and other abnormal bleeding from female genital tract","109","menstrual disorders"
"8_9","ICD-9-CM to ICDA-8","627","has a reference match",81,25.3827160493827,51.0065113248384,7,8,12,20,431,2056,"menopausal and postmenopausal disorders","111","menopausal disorders"
"8_9","ICD-9-CM to ICDA-8","628","has a reference match",14,30.7142857142857,51.7931218650457,7,7.5,11,30.75,204,430,"female infertility","112","female infertility"
"8_9","ICD-9-CM to ICDA-8","629","has a reference match",143,43.5174825174825,81.9359809479287,7,11,16,33.5,699,6223,"other disorders of female genital organs","108","other female genital disorders"
"8_9","ICD-9-CM to ICDA-8","691","has a reference match",37,25.3783783783784,40.8073736197484,7,9,13,21,238,939,"atopic dermatitis and related conditions","113","allergic reactions"
"8_9","ICD-9-CM to ICDA-8","694","has a reference match",2,17,14.142135623731,7,12,17,22,27,34,"bullous dermatoses","114","other inflammatory condition of skin"
"8_9","ICD-9-CM to ICDA-8","695","has a reference match",71,31.8169014084507,91.1199068510679,7,9,12,20,739,2259,"erythematous conditions","114","other inflammatory condition of skin"
"8_9","ICD-9-CM to ICDA-8","696","has a reference match",44,20.7272727272727,59.0736094370734,7,7,9,13.5,401,912,"psoriasis and similar disorders","114","other inflammatory condition of skin"
"8_9","ICD-9-CM to ICDA-8","701","has a reference match",18,23.4444444444444,30.5329565864247,7,8,13.5,21,135,422,"other hypertrophic and atrophic conditions of skin","115","other skin disorders"
"8_9","ICD-9-CM to ICDA-8","705","has a reference match",10,20.4,21.1197643084492,7,9,10,20.5,68,204,"diseases of sweat glands","115","other skin disorders"
"8_9","ICD-9-CM to ICDA-8","707","has a reference match",103,30.3300970873786,77.1275221533785,7,9,14,24,739,3124,"chronic ulcer of skin","116","chronic ulcer of skin"
"8_9","ICD-9-CM to ICDA-8","710","has a reference match",59,23.5593220338983,59.3979191515363,7,8,12,17.5,462,1390,"diffuse diseases of connective tissue","117","systemic lupus erythematosus and connective tissue disorders"
"8_9","ICD-9-CM to ICDA-8","714","has a reference match",159,43.811320754717,259.216496432862,7,9,15,25,3277,6966,"rheumatoid arthritis and other inflammatory polyarthropathies","119","rheumatoid arthritis and related disease"
"8_9","ICD-9-CM to ICDA-8","715","has a reference match",150,37.4533333333333,136.124922229185,7,9,15,31.75,1637,5618,"osteoarthrosis and allied disorders","120","osteoarthritis"
"8_9","ICD-9-CM to ICDA-8","716","has a reference match",174,40.4137931034483,104.224640860057,7,10,15,36,1161,7032,"other and unspecified arthropathies","118","joint disorders"
"8_9","ICD-9-CM to ICDA-8","717","has a reference match",26,50.3076923076923,110.315463732251,7,9.25,15.5,31.25,555,1308,"internal derangement of knee","118","joint disorders"
"8_9","ICD-9-CM to ICDA-8","718","has a reference match",9,12.4444444444444,5.93950989373515,8,9,10,13,27,112,"other derangement of joint","118","joint disorders"
"8_9","ICD-9-CM to ICDA-8","719","has a reference match",101,30.6732673267327,55.7413865832007,7,9,14,27,463,3098,"other and unspecified disorders of joint","118","joint disorders"
"8_9","ICD-9-CM to ICDA-8","722","has a reference match",147,82.265306122449,507.341207042591,7,10,18,36.5,6139,12093,"intervertebral disc disorders","121","spondylosis intervertebral disc disorders other back problems"
"8_9","ICD-9-CM to ICDA-8","730","has a reference match",57,35.7017543859649,113.526265826818,7,9,12,25,863,2035,"osteomyelitis periostitis and other infections involving bone","122","infective arthritis and osteomyelitis"
"8_9","ICD-9-CM to ICDA-8","731","has a reference match",2,16.5,12.0208152801713,8,12.25,16.5,20.75,25,33,"osteitis deformans and osteopathies associated with other disorders classified elsewhere","123","osteoporosis and other bone disease"
"8_9","ICD-9-CM to ICDA-8","732","has a reference match",37,32.1081081081081,76.5545498262455,7,9,10,20,412,1188,"osteochondropathies","123","osteoporosis and other bone disease"
"8_9","ICD-9-CM to ICDA-8","733","has a reference match",93,23.6451612903226,35.825253772362,7,9,14,24,285,2199,"other disorders of bone and cartilage","123","osteoporosis and other bone disease"
"8_9","ICD-9-CM to ICDA-8","735","has a reference match",5,21,17.9304210770411,9,11,12,21,52,105,"acquired deformities of toe","124","acquired foot deformities"
"8_9","ICD-9-CM to ICDA-8","737","has a reference match",51,35.8235294117647,129.806117865431,7,8,11,17,930,1827,"curvature of spine","125","other acquired deformities"
"8_9","ICD-9-CM to ICDA-8","740","has a reference match",1,23,NA,23,23,23,23,23,23,"anencephalus and similar anomalies","126","nervous system congenital anomalies"
"8_9","ICD-9-CM to ICDA-8","741","has a reference match",36,27.5277777777778,59.8404956583326,7,8,10,23,335,991,"spina bifida","126","nervous system congenital anomalies"
"8_9","ICD-9-CM to ICDA-8","742","has a reference match",18,16,20.2455514358384,7,8,9,14.25,94,288,"other congenital anomalies of nervous system","126","nervous system congenital anomalies"
"8_9","ICD-9-CM to ICDA-8","743","has a reference match",19,15.8947368421053,18.8381844396549,7,7,9,14.5,88,302,"congenital anomalies of eye","127","other congenital anomalies"
"8_9","ICD-9-CM to ICDA-8","744","has a reference match",10,29.4,48.1899021234394,7,8,9.5,23,163,294,"congenital anomalies of ear face and neck","127","other congenital anomalies"
"8_9","ICD-9-CM to ICDA-8","746","has a reference match",75,50.8266666666667,167.262164615049,7,9.5,16,35.5,1430,3812,"other congenital anomalies of heart","128","cardiac and circulatory congenital anomalies"
"8_9","ICD-9-CM to ICDA-8","747","has a reference match",26,37.6153846153846,73.1388142770045,7,9,14.5,28.25,344,978,"other congenital anomalies of circulatory system","128","cardiac and circulatory congenital anomalies"
"8_9","ICD-9-CM to ICDA-8","748","has a reference match",18,18.5,18.0204132615666,7,10,14,21.25,87,333,"congenital anomalies of respiratory system","127","other congenital anomalies"
"8_9","ICD-9-CM to ICDA-8","749","has a reference match",20,30.75,76.3626217465063,7,8.75,13,15.75,354,615,"cleft palate and cleft lip","127","other congenital anomalies"
"8_9","ICD-9-CM to ICDA-8","750","has a reference match",12,33.1666666666667,55.9103719981337,7,8.75,10.5,29.25,204,398,"other congenital anomalies of upper alimentary tract","129","digestive congenital anomalies"
"8_9","ICD-9-CM to ICDA-8","751","has a reference match",20,22.05,34.3901378151843,7,8,10.5,20,162,441,"other congenital anomalies of digestive system","129","digestive congenital anomalies"
"8_9","ICD-9-CM to ICDA-8","752","has a reference match",17,47.0588235294118,111.260657123394,7,9,10,14,465,800,"congenital anomalies of genital organs","130","genitourinary congenital anomalies"
"8_9","ICD-9-CM to ICDA-8","753","has a reference match",15,28.8,40.9410726358193,7,12.5,15,20,166,432,"congenital anomalies of urinary system","130","genitourinary congenital anomalies"
"8_9","ICD-9-CM to ICDA-8","754","has a reference match",78,22.6538461538462,30.3082976607547,7,9,13.5,23,210,1767,"certain congenital musculoskeletal deformities","127","other congenital anomalies"
"8_9","ICD-9-CM to ICDA-8","755","has a reference match",50,32.08,104.858279480021,7,8.25,11,17.75,744,1604,"other congenital anomalies of limbs","127","other congenital anomalies"
"8_9","ICD-9-CM to ICDA-8","756","has a reference match",50,19.12,42.8383958997685,7,8,10.5,14,309,956,"other congenital musculoskeletal anomalies","127","other congenital anomalies"
"8_9","ICD-9-CM to ICDA-8","757","has a reference match",13,19.6923076923077,21.1871998125622,7,8,9,19,73,256,"congenital anomalies of the integument","127","other congenital anomalies"
"8_9","ICD-9-CM to ICDA-8","758","has a reference match",51,22.9607843137255,42.1506634748796,7,9,14,24,308,1171,"chromosomal anomalies","127","other congenital anomalies"
"8_9","ICD-9-CM to ICDA-8","759","has a reference match",19,21.3684210526316,25.7686513386492,7,9,12,17,102,406,"other and unspecified congenital anomalies","127","other congenital anomalies"
