"track","model","family","stripping","similarity_threshold","top_n","flag_combination","precision","recall","f1","accuracy","n_auto_mappings"
"10_9","ClinicalBERT-base","ClinicalBERT","base",0.95,3,1,0.521,0.326,0.401,0.251,601
"10_9","ClinicalBERT-base","ClinicalBERT","base",0.95,3,2,0.488,0.295,0.368,0.225,582
"10_9","ClinicalBERT-base","ClinicalBERT","base",0.95,3,3,0.592,0.268,0.369,0.226,434
"10_9","ClinicalBERT-base","ClinicalBERT","base",0.95,3,4,0.488,0.358,0.413,0.26,705
"10_9","ClinicalBERT-base","ClinicalBERT","base",0.95,5,1,0.524,0.335,0.409,0.257,616
"10_9","ClinicalBERT-base","ClinicalBERT","base",0.95,5,2,0.443,0.314,0.368,0.225,683
"10_9","ClinicalBERT-base","ClinicalBERT","base",0.95,5,3,0.517,0.299,0.379,0.234,555
"10_9","ClinicalBERT-base","ClinicalBERT","base",0.95,5,4,0.451,0.382,0.414,0.261,815
"10_9","ClinicalBERT-base","ClinicalBERT","base",0.95,10,1,0.523,0.336,0.409,0.257,620
"10_9","ClinicalBERT-base","ClinicalBERT","base",0.95,10,2,0.379,0.34,0.358,0.218,868
"10_9","ClinicalBERT-base","ClinicalBERT","base",0.95,10,3,0.434,0.345,0.384,0.238,766
"10_9","ClinicalBERT-base","ClinicalBERT","base",0.95,10,4,0.393,0.409,0.401,0.251,1003
"10_9","ClinicalBERT-base","ClinicalBERT","base",0.95,15,1,0.524,0.337,0.41,0.258,621
"10_9","ClinicalBERT-base","ClinicalBERT","base",0.95,15,2,0.351,0.364,0.357,0.217,1001
"10_9","ClinicalBERT-base","ClinicalBERT","base",0.95,15,3,0.395,0.375,0.385,0.238,912
"10_9","ClinicalBERT-base","ClinicalBERT","base",0.95,15,4,0.367,0.432,0.397,0.248,1136
"10_9","ClinicalBERT-base","ClinicalBERT","base",0.95,20,1,0.526,0.34,0.413,0.26,625
"10_9","ClinicalBERT-base","ClinicalBERT","base",0.95,20,2,0.331,0.376,0.352,0.213,1095
"10_9","ClinicalBERT-base","ClinicalBERT","base",0.95,20,3,0.372,0.392,0.382,0.236,1012
"10_9","ClinicalBERT-base","ClinicalBERT","base",0.95,20,4,0.348,0.445,0.391,0.243,1231
"10_9","ClinicalBERT-base","ClinicalBERT","base",0.95,25,1,0.526,0.342,0.414,0.261,626
"10_9","ClinicalBERT-base","ClinicalBERT","base",0.95,25,2,0.315,0.382,0.345,0.209,1171
"10_9","ClinicalBERT-base","ClinicalBERT","base",0.95,25,3,0.354,0.402,0.376,0.232,1094
"10_9","ClinicalBERT-base","ClinicalBERT","base",0.95,25,4,0.333,0.453,0.384,0.238,1308
"10_9","ClinicalBERT-base","ClinicalBERT","base",0.95,30,1,0.527,0.343,0.416,0.262,627
"10_9","ClinicalBERT-base","ClinicalBERT","base",0.95,30,2,0.3,0.391,0.34,0.204,1256
"10_9","ClinicalBERT-base","ClinicalBERT","base",0.95,30,3,0.334,0.412,0.369,0.226,1183
"10_9","ClinicalBERT-base","ClinicalBERT","base",0.95,30,4,0.319,0.461,0.377,0.232,1393
"10_9","ClinicalBERT-base","ClinicalBERT","base",0.99,3,1,0.561,0.315,0.403,0.253,539
"10_9","ClinicalBERT-base","ClinicalBERT","base",0.99,3,2,0.567,0.186,0.28,0.163,315
"10_9","ClinicalBERT-base","ClinicalBERT","base",0.99,3,3,0.69,0.242,0.358,0.218,338
"10_9","ClinicalBERT-base","ClinicalBERT","base",0.99,3,4,0.565,0.321,0.409,0.257,547
"10_9","ClinicalBERT-base","ClinicalBERT","base",0.99,5,1,0.563,0.324,0.411,0.259,554
"10_9","ClinicalBERT-base","ClinicalBERT","base",0.99,5,2,0.567,0.189,0.284,0.165,320
"10_9","ClinicalBERT-base","ClinicalBERT","base",0.99,5,3,0.682,0.261,0.378,0.233,369
"10_9","ClinicalBERT-base","ClinicalBERT","base",0.99,5,4,0.567,0.334,0.42,0.266,567
"10_9","ClinicalBERT-base","ClinicalBERT","base",0.99,10,1,0.562,0.326,0.413,0.26,558
"10_9","ClinicalBERT-base","ClinicalBERT","base",0.99,10,2,0.559,0.193,0.287,0.168,332
"10_9","ClinicalBERT-base","ClinicalBERT","base",0.99,10,3,0.674,0.283,0.399,0.249,404
"10_9","ClinicalBERT-base","ClinicalBERT","base",0.99,10,4,0.561,0.339,0.423,0.268,583
"10_9","ClinicalBERT-base","ClinicalBERT","base",0.99,15,1,0.562,0.327,0.413,0.26,559
"10_9","ClinicalBERT-base","ClinicalBERT","base",0.99,15,2,0.55,0.194,0.287,0.168,339
"10_9","ClinicalBERT-base","ClinicalBERT","base",0.99,15,3,0.663,0.291,0.404,0.254,423
"10_9","ClinicalBERT-base","ClinicalBERT","base",0.99,15,4,0.557,0.342,0.424,0.268,591
"10_9","ClinicalBERT-base","ClinicalBERT","base",0.99,20,1,0.564,0.33,0.416,0.263,563
"10_9","ClinicalBERT-base","ClinicalBERT","base",0.99,20,2,0.546,0.196,0.288,0.169,345
"10_9","ClinicalBERT-base","ClinicalBERT","base",0.99,20,3,0.662,0.301,0.414,0.261,437
"10_9","ClinicalBERT-base","ClinicalBERT","base",0.99,20,4,0.556,0.347,0.427,0.272,601
"10_9","ClinicalBERT-base","ClinicalBERT","base",0.99,25,1,0.565,0.331,0.417,0.264,564
"10_9","ClinicalBERT-base","ClinicalBERT","base",0.99,25,2,0.545,0.2,0.293,0.171,351
"10_9","ClinicalBERT-base","ClinicalBERT","base",0.99,25,3,0.658,0.306,0.418,0.264,447
"10_9","ClinicalBERT-base","ClinicalBERT","base",0.99,25,4,0.556,0.351,0.43,0.274,608
"10_9","ClinicalBERT-base","ClinicalBERT","base",0.99,30,1,0.565,0.332,0.418,0.264,565
"10_9","ClinicalBERT-base","ClinicalBERT","base",0.99,30,2,0.531,0.202,0.293,0.171,364
"10_9","ClinicalBERT-base","ClinicalBERT","base",0.99,30,3,0.639,0.308,0.416,0.263,463
"10_9","ClinicalBERT-base","ClinicalBERT","base",0.99,30,4,0.547,0.353,0.429,0.273,621
"10_9","ClinicalBERT-base","ClinicalBERT","base",0.995,3,1,0.586,0.309,0.405,0.254,505
"10_9","ClinicalBERT-base","ClinicalBERT","base",0.995,3,2,0.588,0.161,0.253,0.145,261
"10_9","ClinicalBERT-base","ClinicalBERT","base",0.995,3,3,0.69,0.24,0.356,0.217,334
"10_9","ClinicalBERT-base","ClinicalBERT","base",0.995,3,4,0.589,0.314,0.41,0.257,510
"10_9","ClinicalBERT-base","ClinicalBERT","base",0.995,5,1,0.587,0.319,0.413,0.261,520
"10_9","ClinicalBERT-base","ClinicalBERT","base",0.995,5,2,0.589,0.162,0.254,0.146,262
"10_9","ClinicalBERT-base","ClinicalBERT","base",0.995,5,3,0.687,0.257,0.374,0.23,360
"10_9","ClinicalBERT-base","ClinicalBERT","base",0.995,5,4,0.591,0.324,0.419,0.265,526
"10_9","ClinicalBERT-base","ClinicalBERT","base",0.995,10,1,0.586,0.32,0.414,0.261,524
"10_9","ClinicalBERT-base","ClinicalBERT","base",0.995,10,2,0.586,0.164,0.256,0.147,267
"10_9","ClinicalBERT-base","ClinicalBERT","base",0.995,10,3,0.685,0.276,0.393,0.245,388
"10_9","ClinicalBERT-base","ClinicalBERT","base",0.995,10,4,0.588,0.328,0.421,0.266,535
"10_9","ClinicalBERT-base","ClinicalBERT","base",0.995,15,1,0.587,0.321,0.415,0.262,525
"10_9","ClinicalBERT-base","ClinicalBERT","base",0.995,15,2,0.583,0.165,0.257,0.148,270
"10_9","ClinicalBERT-base","ClinicalBERT","base",0.995,15,3,0.683,0.285,0.402,0.252,401
"10_9","ClinicalBERT-base","ClinicalBERT","base",0.995,15,4,0.587,0.33,0.422,0.268,539
"10_9","ClinicalBERT-base","ClinicalBERT","base",0.995,20,1,0.588,0.324,0.418,0.264,529
"10_9","ClinicalBERT-base","ClinicalBERT","base",0.995,20,2,0.576,0.165,0.257,0.147,273
"10_9","ClinicalBERT-base","ClinicalBERT","base",0.995,20,3,0.682,0.292,0.409,0.257,412
"10_9","ClinicalBERT-base","ClinicalBERT","base",0.995,20,4,0.585,0.333,0.424,0.269,546
"10_9","ClinicalBERT-base","ClinicalBERT","base",0.995,25,1,0.589,0.326,0.42,0.265,530
"10_9","ClinicalBERT-base","ClinicalBERT","base",0.995,25,2,0.576,0.166,0.258,0.148,275
"10_9","ClinicalBERT-base","ClinicalBERT","base",0.995,25,3,0.679,0.296,0.412,0.259,418
"10_9","ClinicalBERT-base","ClinicalBERT","base",0.995,25,4,0.586,0.335,0.426,0.271,549
"10_9","ClinicalBERT-base","ClinicalBERT","base",0.995,30,1,0.59,0.327,0.421,0.266,531
"10_9","ClinicalBERT-base","ClinicalBERT","base",0.995,30,2,0.568,0.169,0.26,0.149,282
"10_9","ClinicalBERT-base","ClinicalBERT","base",0.995,30,3,0.669,0.298,0.412,0.26,427
"10_9","ClinicalBERT-base","ClinicalBERT","base",0.995,30,4,0.582,0.337,0.427,0.271,556
"10_9","ClinicalBERT-base","ClinicalBERT","base",0.999,3,1,0.589,0.299,0.397,0.247,485
"10_9","ClinicalBERT-base","ClinicalBERT","base",0.999,3,2,0.573,0.138,0.222,0.125,228
"10_9","ClinicalBERT-base","ClinicalBERT","base",0.999,3,3,0.686,0.236,0.351,0.213,329
"10_9","ClinicalBERT-base","ClinicalBERT","base",0.999,3,4,0.591,0.301,0.399,0.249,487
"10_9","ClinicalBERT-base","ClinicalBERT","base",0.999,5,1,0.592,0.309,0.406,0.255,501
"10_9","ClinicalBERT-base","ClinicalBERT","base",0.999,5,2,0.573,0.138,0.222,0.125,228
"10_9","ClinicalBERT-base","ClinicalBERT","base",0.999,5,3,0.683,0.251,0.367,0.225,352
"10_9","ClinicalBERT-base","ClinicalBERT","base",0.999,5,4,0.593,0.312,0.409,0.257,503
"10_9","ClinicalBERT-base","ClinicalBERT","base",0.999,10,1,0.59,0.311,0.407,0.255,505
"10_9","ClinicalBERT-base","ClinicalBERT","base",0.999,10,2,0.575,0.139,0.224,0.126,229
"10_9","ClinicalBERT-base","ClinicalBERT","base",0.999,10,3,0.685,0.267,0.384,0.238,374
"10_9","ClinicalBERT-base","ClinicalBERT","base",0.999,10,4,0.593,0.314,0.411,0.258,508
"10_9","ClinicalBERT-base","ClinicalBERT","base",0.999,15,1,0.591,0.312,0.408,0.256,506
"10_9","ClinicalBERT-base","ClinicalBERT","base",0.999,15,2,0.575,0.139,0.224,0.126,229
"10_9","ClinicalBERT-base","ClinicalBERT","base",0.999,15,3,0.685,0.274,0.391,0.244,384
"10_9","ClinicalBERT-base","ClinicalBERT","base",0.999,15,4,0.594,0.315,0.412,0.259,509
"10_9","ClinicalBERT-base","ClinicalBERT","base",0.999,20,1,0.592,0.315,0.411,0.259,510
"10_9","ClinicalBERT-base","ClinicalBERT","base",0.999,20,2,0.573,0.139,0.224,0.126,230
"10_9","ClinicalBERT-base","ClinicalBERT","base",0.999,20,3,0.688,0.282,0.4,0.25,393
"10_9","ClinicalBERT-base","ClinicalBERT","base",0.999,20,4,0.594,0.318,0.414,0.261,514
"10_9","ClinicalBERT-base","ClinicalBERT","base",0.999,25,1,0.593,0.316,0.412,0.26,511
"10_9","ClinicalBERT-base","ClinicalBERT","base",0.999,25,2,0.573,0.139,0.224,0.126,230
"10_9","ClinicalBERT-base","ClinicalBERT","base",0.999,25,3,0.687,0.284,0.402,0.251,396
"10_9","ClinicalBERT-base","ClinicalBERT","base",0.999,25,4,0.594,0.319,0.415,0.262,515
"10_9","ClinicalBERT-base","ClinicalBERT","base",0.999,30,1,0.594,0.317,0.413,0.261,512
"10_9","ClinicalBERT-base","ClinicalBERT","base",0.999,30,2,0.575,0.14,0.225,0.127,231
"10_9","ClinicalBERT-base","ClinicalBERT","base",0.999,30,3,0.685,0.286,0.404,0.253,400
"10_9","ClinicalBERT-base","ClinicalBERT","base",0.999,30,4,0.596,0.321,0.417,0.264,517
"8_9","ClinicalBERT-base","ClinicalBERT","base",0.95,3,1,0.591,0.764,0.666,0.5,480
"8_9","ClinicalBERT-base","ClinicalBERT","base",0.95,3,2,0.541,0.731,0.622,0.451,499
"8_9","ClinicalBERT-base","ClinicalBERT","base",0.95,3,3,0.635,0.698,0.665,0.498,364
"8_9","ClinicalBERT-base","ClinicalBERT","base",0.95,3,4,0.521,0.792,0.629,0.458,555
"8_9","ClinicalBERT-base","ClinicalBERT","base",0.95,5,1,0.59,0.764,0.666,0.499,481
"8_9","ClinicalBERT-base","ClinicalBERT","base",0.95,5,2,0.494,0.74,0.592,0.421,548
"8_9","ClinicalBERT-base","ClinicalBERT","base",0.95,5,3,0.564,0.719,0.632,0.462,422
"8_9","ClinicalBERT-base","ClinicalBERT","base",0.95,5,4,0.479,0.801,0.599,0.428,605
"8_9","ClinicalBERT-base","ClinicalBERT","base",0.95,10,1,0.586,0.764,0.663,0.496,484
"8_9","ClinicalBERT-base","ClinicalBERT","base",0.95,10,2,0.435,0.746,0.55,0.379,620
"8_9","ClinicalBERT-base","ClinicalBERT","base",0.95,10,3,0.483,0.737,0.584,0.412,505
"8_9","ClinicalBERT-base","ClinicalBERT","base",0.95,10,4,0.427,0.807,0.558,0.388,677
"8_9","ClinicalBERT-base","ClinicalBERT","base",0.95,15,1,0.584,0.764,0.662,0.495,485
"8_9","ClinicalBERT-base","ClinicalBERT","base",0.95,15,2,0.4,0.746,0.521,0.352,670
"8_9","ClinicalBERT-base","ClinicalBERT","base",0.95,15,3,0.439,0.74,0.551,0.38,558
"8_9","ClinicalBERT-base","ClinicalBERT","base",0.95,15,4,0.396,0.807,0.531,0.361,727
"8_9","ClinicalBERT-base","ClinicalBERT","base",0.95,20,1,0.584,0.764,0.662,0.495,485
"8_9","ClinicalBERT-base","ClinicalBERT","base",0.95,20,2,0.375,0.746,0.499,0.333,710
"8_9","ClinicalBERT-base","ClinicalBERT","base",0.95,20,3,0.407,0.743,0.526,0.357,604
"8_9","ClinicalBERT-base","ClinicalBERT","base",0.95,20,4,0.373,0.807,0.51,0.343,767
"8_9","ClinicalBERT-base","ClinicalBERT","base",0.95,25,1,0.584,0.764,0.662,0.495,485
"8_9","ClinicalBERT-base","ClinicalBERT","base",0.95,25,2,0.353,0.746,0.479,0.315,752
"8_9","ClinicalBERT-base","ClinicalBERT","base",0.95,25,3,0.38,0.743,0.503,0.336,648
"8_9","ClinicalBERT-base","ClinicalBERT","base",0.95,25,4,0.353,0.807,0.491,0.325,809
"8_9","ClinicalBERT-base","ClinicalBERT","base",0.95,30,1,0.584,0.764,0.662,0.495,485
"8_9","ClinicalBERT-base","ClinicalBERT","base",0.95,30,2,0.342,0.749,0.47,0.307,778
"8_9","ClinicalBERT-base","ClinicalBERT","base",0.95,30,3,0.366,0.746,0.491,0.325,675
"8_9","ClinicalBERT-base","ClinicalBERT","base",0.95,30,4,0.342,0.81,0.481,0.317,835
"8_9","ClinicalBERT-base","ClinicalBERT","base",0.99,3,1,0.629,0.758,0.688,0.524,440
"8_9","ClinicalBERT-base","ClinicalBERT","base",0.99,3,2,0.667,0.598,0.631,0.46,338
"8_9","ClinicalBERT-base","ClinicalBERT","base",0.99,3,3,0.747,0.677,0.71,0.55,300
"8_9","ClinicalBERT-base","ClinicalBERT","base",0.99,3,4,0.618,0.767,0.684,0.52,452
"8_9","ClinicalBERT-base","ClinicalBERT","base",0.99,5,1,0.627,0.758,0.686,0.523,441
"8_9","ClinicalBERT-base","ClinicalBERT","base",0.99,5,2,0.659,0.601,0.629,0.459,343
"8_9","ClinicalBERT-base","ClinicalBERT","base",0.99,5,3,0.732,0.692,0.711,0.552,313
"8_9","ClinicalBERT-base","ClinicalBERT","base",0.99,5,4,0.612,0.77,0.682,0.517,458
"8_9","ClinicalBERT-base","ClinicalBERT","base",0.99,10,1,0.623,0.758,0.684,0.52,444
"8_9","ClinicalBERT-base","ClinicalBERT","base",0.99,10,2,0.646,0.601,0.623,0.452,349
"8_9","ClinicalBERT-base","ClinicalBERT","base",0.99,10,3,0.704,0.704,0.704,0.543,331
"8_9","ClinicalBERT-base","ClinicalBERT","base",0.99,10,4,0.6,0.77,0.674,0.509,466
"8_9","ClinicalBERT-base","ClinicalBERT","base",0.99,15,1,0.621,0.758,0.683,0.519,445
"8_9","ClinicalBERT-base","ClinicalBERT","base",0.99,15,2,0.644,0.601,0.622,0.451,350
"8_9","ClinicalBERT-base","ClinicalBERT","base",0.99,15,3,0.696,0.707,0.701,0.54,336
"8_9","ClinicalBERT-base","ClinicalBERT","base",0.99,15,4,0.597,0.77,0.673,0.507,468
"8_9","ClinicalBERT-base","ClinicalBERT","base",0.99,20,1,0.621,0.758,0.683,0.519,445
"8_9","ClinicalBERT-base","ClinicalBERT","base",0.99,20,2,0.642,0.601,0.621,0.45,351
"8_9","ClinicalBERT-base","ClinicalBERT","base",0.99,20,3,0.687,0.71,0.698,0.537,342
"8_9","ClinicalBERT-base","ClinicalBERT","base",0.99,20,4,0.596,0.77,0.672,0.506,469
"8_9","ClinicalBERT-base","ClinicalBERT","base",0.99,25,1,0.621,0.758,0.683,0.519,445
"8_9","ClinicalBERT-base","ClinicalBERT","base",0.99,25,2,0.636,0.601,0.618,0.447,354
"8_9","ClinicalBERT-base","ClinicalBERT","base",0.99,25,3,0.679,0.71,0.694,0.532,346
"8_9","ClinicalBERT-base","ClinicalBERT","base",0.99,25,4,0.592,0.77,0.669,0.503,472
"8_9","ClinicalBERT-base","ClinicalBERT","base",0.99,30,1,0.621,0.758,0.683,0.519,445
"8_9","ClinicalBERT-base","ClinicalBERT","base",0.99,30,2,0.629,0.604,0.616,0.445,359
"8_9","ClinicalBERT-base","ClinicalBERT","base",0.99,30,3,0.67,0.713,0.691,0.528,352
"8_9","ClinicalBERT-base","ClinicalBERT","base",0.99,30,4,0.587,0.773,0.667,0.501,477
"8_9","ClinicalBERT-base","ClinicalBERT","base",0.995,3,1,0.635,0.752,0.689,0.525,428
"8_9","ClinicalBERT-base","ClinicalBERT","base",0.995,3,2,0.68,0.559,0.614,0.443,308
"8_9","ClinicalBERT-base","ClinicalBERT","base",0.995,3,3,0.761,0.665,0.71,0.55,289
"8_9","ClinicalBERT-base","ClinicalBERT","base",0.995,3,4,0.633,0.755,0.689,0.525,431
"8_9","ClinicalBERT-base","ClinicalBERT","base",0.995,5,1,0.634,0.752,0.688,0.524,429
"8_9","ClinicalBERT-base","ClinicalBERT","base",0.995,5,2,0.676,0.562,0.614,0.443,311
"8_9","ClinicalBERT-base","ClinicalBERT","base",0.995,5,3,0.753,0.68,0.715,0.556,299
"8_9","ClinicalBERT-base","ClinicalBERT","base",0.995,5,4,0.629,0.758,0.688,0.524,435
"8_9","ClinicalBERT-base","ClinicalBERT","base",0.995,10,1,0.629,0.752,0.685,0.521,432
"8_9","ClinicalBERT-base","ClinicalBERT","base",0.995,10,2,0.674,0.562,0.613,0.442,312
"8_9","ClinicalBERT-base","ClinicalBERT","base",0.995,10,3,0.732,0.692,0.711,0.552,313
"8_9","ClinicalBERT-base","ClinicalBERT","base",0.995,10,4,0.623,0.758,0.684,0.52,439
"8_9","ClinicalBERT-base","ClinicalBERT","base",0.995,15,1,0.627,0.752,0.684,0.52,433
"8_9","ClinicalBERT-base","ClinicalBERT","base",0.995,15,2,0.674,0.562,0.613,0.442,312
"8_9","ClinicalBERT-base","ClinicalBERT","base",0.995,15,3,0.726,0.695,0.71,0.55,317
"8_9","ClinicalBERT-base","ClinicalBERT","base",0.995,15,4,0.621,0.758,0.683,0.519,440
"8_9","ClinicalBERT-base","ClinicalBERT","base",0.995,20,1,0.627,0.752,0.684,0.52,433
"8_9","ClinicalBERT-base","ClinicalBERT","base",0.995,20,2,0.674,0.562,0.613,0.442,312
"8_9","ClinicalBERT-base","ClinicalBERT","base",0.995,20,3,0.717,0.698,0.707,0.547,322
"8_9","ClinicalBERT-base","ClinicalBERT","base",0.995,20,4,0.621,0.758,0.683,0.519,440
"8_9","ClinicalBERT-base","ClinicalBERT","base",0.995,25,1,0.627,0.752,0.684,0.52,433
"8_9","ClinicalBERT-base","ClinicalBERT","base",0.995,25,2,0.671,0.562,0.612,0.441,313
"8_9","ClinicalBERT-base","ClinicalBERT","base",0.995,25,3,0.715,0.698,0.706,0.546,323
"8_9","ClinicalBERT-base","ClinicalBERT","base",0.995,25,4,0.62,0.758,0.682,0.518,441
"8_9","ClinicalBERT-base","ClinicalBERT","base",0.995,30,1,0.627,0.752,0.684,0.52,433
"8_9","ClinicalBERT-base","ClinicalBERT","base",0.995,30,2,0.667,0.562,0.61,0.439,315
"8_9","ClinicalBERT-base","ClinicalBERT","base",0.995,30,3,0.709,0.698,0.703,0.542,326
"8_9","ClinicalBERT-base","ClinicalBERT","base",0.995,30,4,0.617,0.758,0.68,0.515,443
"8_9","ClinicalBERT-base","ClinicalBERT","base",0.999,3,1,0.648,0.752,0.696,0.534,416
"8_9","ClinicalBERT-base","ClinicalBERT","base",0.999,3,2,0.701,0.538,0.609,0.437,286
"8_9","ClinicalBERT-base","ClinicalBERT","base",0.999,3,3,0.764,0.665,0.711,0.551,288
"8_9","ClinicalBERT-base","ClinicalBERT","base",0.999,3,4,0.648,0.755,0.697,0.535,418
"8_9","ClinicalBERT-base","ClinicalBERT","base",0.999,5,1,0.647,0.752,0.696,0.533,417
"8_9","ClinicalBERT-base","ClinicalBERT","base",0.999,5,2,0.701,0.538,0.609,0.437,286
"8_9","ClinicalBERT-base","ClinicalBERT","base",0.999,5,3,0.759,0.677,0.716,0.557,295
"8_9","ClinicalBERT-base","ClinicalBERT","base",0.999,5,4,0.646,0.755,0.696,0.534,419
"8_9","ClinicalBERT-base","ClinicalBERT","base",0.999,10,1,0.642,0.752,0.693,0.53,420
"8_9","ClinicalBERT-base","ClinicalBERT","base",0.999,10,2,0.701,0.538,0.609,0.437,286
"8_9","ClinicalBERT-base","ClinicalBERT","base",0.999,10,3,0.743,0.689,0.715,0.556,307
"8_9","ClinicalBERT-base","ClinicalBERT","base",0.999,10,4,0.641,0.755,0.693,0.531,422
"8_9","ClinicalBERT-base","ClinicalBERT","base",0.999,15,1,0.64,0.752,0.691,0.529,421
"8_9","ClinicalBERT-base","ClinicalBERT","base",0.999,15,2,0.701,0.538,0.609,0.437,286
"8_9","ClinicalBERT-base","ClinicalBERT","base",0.999,15,3,0.736,0.692,0.713,0.554,311
"8_9","ClinicalBERT-base","ClinicalBERT","base",0.999,15,4,0.639,0.755,0.692,0.53,423
"8_9","ClinicalBERT-base","ClinicalBERT","base",0.999,20,1,0.64,0.752,0.691,0.529,421
"8_9","ClinicalBERT-base","ClinicalBERT","base",0.999,20,2,0.701,0.538,0.609,0.437,286
"8_9","ClinicalBERT-base","ClinicalBERT","base",0.999,20,3,0.728,0.695,0.711,0.552,316
"8_9","ClinicalBERT-base","ClinicalBERT","base",0.999,20,4,0.639,0.755,0.692,0.53,423
"8_9","ClinicalBERT-base","ClinicalBERT","base",0.999,25,1,0.64,0.752,0.691,0.529,421
"8_9","ClinicalBERT-base","ClinicalBERT","base",0.999,25,2,0.701,0.538,0.609,0.437,286
"8_9","ClinicalBERT-base","ClinicalBERT","base",0.999,25,3,0.728,0.695,0.711,0.552,316
"8_9","ClinicalBERT-base","ClinicalBERT","base",0.999,25,4,0.639,0.755,0.692,0.53,423
"8_9","ClinicalBERT-base","ClinicalBERT","base",0.999,30,1,0.64,0.752,0.691,0.529,421
"8_9","ClinicalBERT-base","ClinicalBERT","base",0.999,30,2,0.698,0.538,0.608,0.436,287
"8_9","ClinicalBERT-base","ClinicalBERT","base",0.999,30,3,0.723,0.695,0.709,0.549,318
"8_9","ClinicalBERT-base","ClinicalBERT","base",0.999,30,4,0.638,0.755,0.692,0.529,424
"10_9","ClinicalBERT-base-nocode","ClinicalBERT","base",0.95,3,1,0.6,0.354,0.445,0.287,566
"10_9","ClinicalBERT-base-nocode","ClinicalBERT","base",0.95,3,2,0.616,0.313,0.415,0.262,491
"10_9","ClinicalBERT-base-nocode","ClinicalBERT","base",0.95,3,3,0.635,0.264,0.373,0.229,400
"10_9","ClinicalBERT-base-nocode","ClinicalBERT","base",0.95,3,4,0.572,0.376,0.454,0.293,631
"10_9","ClinicalBERT-base-nocode","ClinicalBERT","base",0.95,5,1,0.602,0.364,0.454,0.293,580
"10_9","ClinicalBERT-base-nocode","ClinicalBERT","base",0.95,5,2,0.565,0.324,0.412,0.26,555
"10_9","ClinicalBERT-base-nocode","ClinicalBERT","base",0.95,5,3,0.582,0.295,0.392,0.243,488
"10_9","ClinicalBERT-base-nocode","ClinicalBERT","base",0.95,5,4,0.537,0.394,0.455,0.294,706
"10_9","ClinicalBERT-base-nocode","ClinicalBERT","base",0.95,10,1,0.601,0.365,0.454,0.294,584
"10_9","ClinicalBERT-base-nocode","ClinicalBERT","base",0.95,10,2,0.502,0.347,0.41,0.258,670
"10_9","ClinicalBERT-base-nocode","ClinicalBERT","base",0.95,10,3,0.52,0.338,0.41,0.258,630
"10_9","ClinicalBERT-base-nocode","ClinicalBERT","base",0.95,10,4,0.488,0.416,0.449,0.29,824
"10_9","ClinicalBERT-base-nocode","ClinicalBERT","base",0.95,15,1,0.601,0.365,0.454,0.294,584
"10_9","ClinicalBERT-base-nocode","ClinicalBERT","base",0.95,15,2,0.461,0.358,0.403,0.252,753
"10_9","ClinicalBERT-base-nocode","ClinicalBERT","base",0.95,15,3,0.481,0.361,0.412,0.26,728
"10_9","ClinicalBERT-base-nocode","ClinicalBERT","base",0.95,15,4,0.456,0.427,0.441,0.283,907
"10_9","ClinicalBERT-base-nocode","ClinicalBERT","base",0.95,20,1,0.601,0.367,0.456,0.295,587
"10_9","ClinicalBERT-base-nocode","ClinicalBERT","base",0.95,20,2,0.433,0.367,0.397,0.248,822
"10_9","ClinicalBERT-base-nocode","ClinicalBERT","base",0.95,20,3,0.454,0.378,0.413,0.26,806
"10_9","ClinicalBERT-base-nocode","ClinicalBERT","base",0.95,20,4,0.434,0.439,0.436,0.279,978
"10_9","ClinicalBERT-base-nocode","ClinicalBERT","base",0.95,25,1,0.602,0.368,0.457,0.296,588
"10_9","ClinicalBERT-base-nocode","ClinicalBERT","base",0.95,25,2,0.41,0.374,0.391,0.243,885
"10_9","ClinicalBERT-base-nocode","ClinicalBERT","base",0.95,25,3,0.429,0.387,0.407,0.255,876
"10_9","ClinicalBERT-base-nocode","ClinicalBERT","base",0.95,25,4,0.415,0.446,0.43,0.274,1042
"10_9","ClinicalBERT-base-nocode","ClinicalBERT","base",0.95,30,1,0.602,0.368,0.457,0.296,588
"10_9","ClinicalBERT-base-nocode","ClinicalBERT","base",0.95,30,2,0.392,0.381,0.386,0.24,944
"10_9","ClinicalBERT-base-nocode","ClinicalBERT","base",0.95,30,3,0.41,0.397,0.403,0.253,940
"10_9","ClinicalBERT-base-nocode","ClinicalBERT","base",0.95,30,4,0.399,0.454,0.425,0.27,1101
"10_9","ClinicalBERT-base-nocode","ClinicalBERT","base",0.99,3,1,0.632,0.348,0.449,0.289,528
"10_9","ClinicalBERT-base-nocode","ClinicalBERT","base",0.99,3,2,0.7,0.237,0.354,0.215,324
"10_9","ClinicalBERT-base-nocode","ClinicalBERT","base",0.99,3,3,0.692,0.242,0.359,0.219,336
"10_9","ClinicalBERT-base-nocode","ClinicalBERT","base",0.99,3,4,0.631,0.349,0.449,0.29,530
"10_9","ClinicalBERT-base-nocode","ClinicalBERT","base",0.99,5,1,0.633,0.358,0.457,0.296,542
"10_9","ClinicalBERT-base-nocode","ClinicalBERT","base",0.99,5,2,0.696,0.237,0.354,0.215,326
"10_9","ClinicalBERT-base-nocode","ClinicalBERT","base",0.99,5,3,0.697,0.265,0.384,0.237,365
"10_9","ClinicalBERT-base-nocode","ClinicalBERT","base",0.99,5,4,0.63,0.359,0.457,0.296,546
"10_9","ClinicalBERT-base-nocode","ClinicalBERT","base",0.99,10,1,0.632,0.359,0.458,0.297,546
"10_9","ClinicalBERT-base-nocode","ClinicalBERT","base",0.99,10,2,0.684,0.24,0.355,0.216,337
"10_9","ClinicalBERT-base-nocode","ClinicalBERT","base",0.99,10,3,0.696,0.29,0.409,0.258,402
"10_9","ClinicalBERT-base-nocode","ClinicalBERT","base",0.99,10,4,0.623,0.363,0.459,0.297,561
"10_9","ClinicalBERT-base-nocode","ClinicalBERT","base",0.99,15,1,0.632,0.359,0.458,0.297,546
"10_9","ClinicalBERT-base-nocode","ClinicalBERT","base",0.99,15,2,0.681,0.241,0.356,0.217,340
"10_9","ClinicalBERT-base-nocode","ClinicalBERT","base",0.99,15,3,0.694,0.303,0.422,0.267,420
"10_9","ClinicalBERT-base-nocode","ClinicalBERT","base",0.99,15,4,0.621,0.364,0.459,0.298,564
"10_9","ClinicalBERT-base-nocode","ClinicalBERT","base",0.99,20,1,0.632,0.361,0.46,0.298,549
"10_9","ClinicalBERT-base-nocode","ClinicalBERT","base",0.99,20,2,0.676,0.245,0.36,0.22,348
"10_9","ClinicalBERT-base-nocode","ClinicalBERT","base",0.99,20,3,0.691,0.315,0.433,0.276,438
"10_9","ClinicalBERT-base-nocode","ClinicalBERT","base",0.99,20,4,0.62,0.37,0.463,0.302,575
"10_9","ClinicalBERT-base-nocode","ClinicalBERT","base",0.99,25,1,0.632,0.362,0.46,0.299,550
"10_9","ClinicalBERT-base-nocode","ClinicalBERT","base",0.99,25,2,0.672,0.247,0.361,0.22,352
"10_9","ClinicalBERT-base-nocode","ClinicalBERT","base",0.99,25,3,0.683,0.319,0.435,0.278,449
"10_9","ClinicalBERT-base-nocode","ClinicalBERT","base",0.99,25,4,0.618,0.372,0.464,0.303,580
"10_9","ClinicalBERT-base-nocode","ClinicalBERT","base",0.99,30,1,0.632,0.362,0.46,0.299,550
"10_9","ClinicalBERT-base-nocode","ClinicalBERT","base",0.99,30,2,0.663,0.248,0.361,0.22,358
"10_9","ClinicalBERT-base-nocode","ClinicalBERT","base",0.99,30,3,0.676,0.322,0.436,0.279,458
"10_9","ClinicalBERT-base-nocode","ClinicalBERT","base",0.99,30,4,0.613,0.374,0.465,0.302,586
"10_9","ClinicalBERT-base-nocode","ClinicalBERT","base",0.995,3,1,0.637,0.345,0.448,0.288,518
"10_9","ClinicalBERT-base-nocode","ClinicalBERT","base",0.995,3,2,0.711,0.226,0.343,0.207,304
"10_9","ClinicalBERT-base-nocode","ClinicalBERT","base",0.995,3,3,0.693,0.241,0.358,0.218,334
"10_9","ClinicalBERT-base-nocode","ClinicalBERT","base",0.995,3,4,0.637,0.345,0.448,0.288,518
"10_9","ClinicalBERT-base-nocode","ClinicalBERT","base",0.995,5,1,0.639,0.355,0.456,0.296,533
"10_9","ClinicalBERT-base-nocode","ClinicalBERT","base",0.995,5,2,0.711,0.226,0.343,0.207,304
"10_9","ClinicalBERT-base-nocode","ClinicalBERT","base",0.995,5,3,0.702,0.264,0.384,0.237,361
"10_9","ClinicalBERT-base-nocode","ClinicalBERT","base",0.995,5,4,0.639,0.355,0.456,0.296,533
"10_9","ClinicalBERT-base-nocode","ClinicalBERT","base",0.995,10,1,0.637,0.356,0.457,0.296,537
"10_9","ClinicalBERT-base-nocode","ClinicalBERT","base",0.995,10,2,0.709,0.228,0.345,0.209,308
"10_9","ClinicalBERT-base-nocode","ClinicalBERT","base",0.995,10,3,0.709,0.288,0.41,0.258,391
"10_9","ClinicalBERT-base-nocode","ClinicalBERT","base",0.995,10,4,0.636,0.359,0.459,0.298,541
"10_9","ClinicalBERT-base-nocode","ClinicalBERT","base",0.995,15,1,0.637,0.356,0.457,0.296,537
"10_9","ClinicalBERT-base-nocode","ClinicalBERT","base",0.995,15,2,0.706,0.228,0.345,0.209,309
"10_9","ClinicalBERT-base-nocode","ClinicalBERT","base",0.995,15,3,0.708,0.3,0.421,0.267,407
"10_9","ClinicalBERT-base-nocode","ClinicalBERT","base",0.995,15,4,0.635,0.359,0.459,0.297,542
"10_9","ClinicalBERT-base-nocode","ClinicalBERT","base",0.995,20,1,0.638,0.359,0.459,0.298,540
"10_9","ClinicalBERT-base-nocode","ClinicalBERT","base",0.995,20,2,0.707,0.232,0.349,0.211,313
"10_9","ClinicalBERT-base-nocode","ClinicalBERT","base",0.995,20,3,0.707,0.309,0.43,0.274,420
"10_9","ClinicalBERT-base-nocode","ClinicalBERT","base",0.995,20,4,0.636,0.364,0.463,0.301,549
"10_9","ClinicalBERT-base-nocode","ClinicalBERT","base",0.995,25,1,0.638,0.36,0.46,0.299,541
"10_9","ClinicalBERT-base-nocode","ClinicalBERT","base",0.995,25,2,0.708,0.233,0.351,0.212,314
"10_9","ClinicalBERT-base-nocode","ClinicalBERT","base",0.995,25,3,0.703,0.314,0.434,0.277,428
"10_9","ClinicalBERT-base-nocode","ClinicalBERT","base",0.995,25,4,0.638,0.366,0.465,0.303,551
"10_9","ClinicalBERT-base-nocode","ClinicalBERT","base",0.995,30,1,0.638,0.36,0.46,0.299,541
"10_9","ClinicalBERT-base-nocode","ClinicalBERT","base",0.995,30,2,0.701,0.233,0.35,0.212,317
"10_9","ClinicalBERT-base-nocode","ClinicalBERT","base",0.995,30,3,0.698,0.316,0.435,0.278,434
"10_9","ClinicalBERT-base-nocode","ClinicalBERT","base",0.995,30,4,0.634,0.366,0.464,0.302,554
"10_9","ClinicalBERT-base-nocode","ClinicalBERT","base",0.999,3,1,0.65,0.34,0.446,0.288,501
"10_9","ClinicalBERT-base-nocode","ClinicalBERT","base",0.999,3,2,0.73,0.213,0.33,0.198,279
"10_9","ClinicalBERT-base-nocode","ClinicalBERT","base",0.999,3,3,0.693,0.241,0.358,0.218,334
"10_9","ClinicalBERT-base-nocode","ClinicalBERT","base",0.999,3,4,0.65,0.34,0.446,0.288,501
"10_9","ClinicalBERT-base-nocode","ClinicalBERT","base",0.999,5,1,0.651,0.351,0.456,0.296,516
"10_9","ClinicalBERT-base-nocode","ClinicalBERT","base",0.999,5,2,0.73,0.213,0.33,0.198,279
"10_9","ClinicalBERT-base-nocode","ClinicalBERT","base",0.999,5,3,0.702,0.264,0.384,0.237,361
"10_9","ClinicalBERT-base-nocode","ClinicalBERT","base",0.999,5,4,0.651,0.351,0.456,0.296,516
"10_9","ClinicalBERT-base-nocode","ClinicalBERT","base",0.999,10,1,0.65,0.352,0.457,0.296,520
"10_9","ClinicalBERT-base-nocode","ClinicalBERT","base",0.999,10,2,0.727,0.213,0.329,0.198,280
"10_9","ClinicalBERT-base-nocode","ClinicalBERT","base",0.999,10,3,0.711,0.286,0.408,0.256,387
"10_9","ClinicalBERT-base-nocode","ClinicalBERT","base",0.999,10,4,0.648,0.352,0.456,0.296,521
"10_9","ClinicalBERT-base-nocode","ClinicalBERT","base",0.999,15,1,0.65,0.352,0.457,0.296,520
"10_9","ClinicalBERT-base-nocode","ClinicalBERT","base",0.999,15,2,0.727,0.213,0.329,0.198,280
"10_9","ClinicalBERT-base-nocode","ClinicalBERT","base",0.999,15,3,0.713,0.297,0.419,0.265,400
"10_9","ClinicalBERT-base-nocode","ClinicalBERT","base",0.999,15,4,0.648,0.352,0.456,0.296,521
"10_9","ClinicalBERT-base-nocode","ClinicalBERT","base",0.999,20,1,0.65,0.354,0.458,0.297,523
"10_9","ClinicalBERT-base-nocode","ClinicalBERT","base",0.999,20,2,0.728,0.215,0.332,0.199,281
"10_9","ClinicalBERT-base-nocode","ClinicalBERT","base",0.999,20,3,0.714,0.304,0.426,0.271,409
"10_9","ClinicalBERT-base-nocode","ClinicalBERT","base",0.999,20,4,0.649,0.355,0.459,0.298,525
"10_9","ClinicalBERT-base-nocode","ClinicalBERT","base",0.999,25,1,0.65,0.355,0.459,0.298,524
"10_9","ClinicalBERT-base-nocode","ClinicalBERT","base",0.999,25,2,0.728,0.215,0.332,0.199,281
"10_9","ClinicalBERT-base-nocode","ClinicalBERT","base",0.999,25,3,0.709,0.307,0.428,0.273,416
"10_9","ClinicalBERT-base-nocode","ClinicalBERT","base",0.999,25,4,0.65,0.356,0.46,0.299,526
"10_9","ClinicalBERT-base-nocode","ClinicalBERT","base",0.999,30,1,0.65,0.355,0.459,0.298,524
"10_9","ClinicalBERT-base-nocode","ClinicalBERT","base",0.999,30,2,0.728,0.215,0.332,0.199,281
"10_9","ClinicalBERT-base-nocode","ClinicalBERT","base",0.999,30,3,0.709,0.309,0.43,0.275,419
"10_9","ClinicalBERT-base-nocode","ClinicalBERT","base",0.999,30,4,0.65,0.356,0.46,0.299,526
"8_9","ClinicalBERT-base-nocode","ClinicalBERT","base",0.95,3,1,0.586,0.743,0.655,0.487,471
"8_9","ClinicalBERT-base-nocode","ClinicalBERT","base",0.95,3,2,0.532,0.677,0.596,0.424,472
"8_9","ClinicalBERT-base-nocode","ClinicalBERT","base",0.95,3,3,0.634,0.686,0.659,0.491,358
"8_9","ClinicalBERT-base-nocode","ClinicalBERT","base",0.95,3,4,0.517,0.767,0.618,0.447,542
"8_9","ClinicalBERT-base-nocode","ClinicalBERT","base",0.95,5,1,0.584,0.743,0.654,0.486,472
"8_9","ClinicalBERT-base-nocode","ClinicalBERT","base",0.95,5,2,0.477,0.68,0.561,0.389,523
"8_9","ClinicalBERT-base-nocode","ClinicalBERT","base",0.95,5,3,0.559,0.704,0.623,0.452,417
"8_9","ClinicalBERT-base-nocode","ClinicalBERT","base",0.95,5,4,0.47,0.77,0.584,0.412,594
"8_9","ClinicalBERT-base-nocode","ClinicalBERT","base",0.95,10,1,0.58,0.743,0.651,0.483,475
"8_9","ClinicalBERT-base-nocode","ClinicalBERT","base",0.95,10,2,0.409,0.68,0.511,0.343,601
"8_9","ClinicalBERT-base-nocode","ClinicalBERT","base",0.95,10,3,0.473,0.716,0.57,0.398,501
"8_9","ClinicalBERT-base-nocode","ClinicalBERT","base",0.95,10,4,0.41,0.77,0.535,0.365,673
"8_9","ClinicalBERT-base-nocode","ClinicalBERT","base",0.95,15,1,0.579,0.743,0.651,0.482,476
"8_9","ClinicalBERT-base-nocode","ClinicalBERT","base",0.95,15,2,0.379,0.683,0.487,0.322,648
"8_9","ClinicalBERT-base-nocode","ClinicalBERT","base",0.95,15,3,0.433,0.719,0.54,0.37,550
"8_9","ClinicalBERT-base-nocode","ClinicalBERT","base",0.95,15,4,0.382,0.773,0.511,0.344,721
"8_9","ClinicalBERT-base-nocode","ClinicalBERT","base",0.95,20,1,0.579,0.743,0.651,0.482,476
"8_9","ClinicalBERT-base-nocode","ClinicalBERT","base",0.95,20,2,0.356,0.683,0.468,0.305,686
"8_9","ClinicalBERT-base-nocode","ClinicalBERT","base",0.95,20,3,0.404,0.722,0.518,0.349,592
"8_9","ClinicalBERT-base-nocode","ClinicalBERT","base",0.95,20,4,0.362,0.773,0.493,0.327,759
"8_9","ClinicalBERT-base-nocode","ClinicalBERT","base",0.95,25,1,0.579,0.743,0.651,0.482,476
"8_9","ClinicalBERT-base-nocode","ClinicalBERT","base",0.95,25,2,0.337,0.683,0.451,0.291,722
"8_9","ClinicalBERT-base-nocode","ClinicalBERT","base",0.95,25,3,0.38,0.722,0.498,0.331,629
"8_9","ClinicalBERT-base-nocode","ClinicalBERT","base",0.95,25,4,0.344,0.773,0.476,0.313,795
"8_9","ClinicalBERT-base-nocode","ClinicalBERT","base",0.95,30,1,0.579,0.743,0.651,0.482,476
"8_9","ClinicalBERT-base-nocode","ClinicalBERT","base",0.95,30,2,0.323,0.683,0.439,0.281,751
"8_9","ClinicalBERT-base-nocode","ClinicalBERT","base",0.95,30,3,0.363,0.725,0.484,0.319,662
"8_9","ClinicalBERT-base-nocode","ClinicalBERT","base",0.95,30,4,0.331,0.773,0.464,0.302,824
"8_9","ClinicalBERT-base-nocode","ClinicalBERT","base",0.99,3,1,0.634,0.737,0.682,0.517,421
"8_9","ClinicalBERT-base-nocode","ClinicalBERT","base",0.99,3,2,0.658,0.535,0.59,0.418,305
"8_9","ClinicalBERT-base-nocode","ClinicalBERT","base",0.99,3,3,0.741,0.659,0.698,0.536,294
"8_9","ClinicalBERT-base-nocode","ClinicalBERT","base",0.99,3,4,0.619,0.737,0.673,0.507,430
"8_9","ClinicalBERT-base-nocode","ClinicalBERT","base",0.99,5,1,0.632,0.737,0.68,0.516,422
"8_9","ClinicalBERT-base-nocode","ClinicalBERT","base",0.99,5,2,0.656,0.535,0.589,0.417,306
"8_9","ClinicalBERT-base-nocode","ClinicalBERT","base",0.99,5,3,0.736,0.674,0.704,0.543,303
"8_9","ClinicalBERT-base-nocode","ClinicalBERT","base",0.99,5,4,0.616,0.737,0.671,0.505,432
"8_9","ClinicalBERT-base-nocode","ClinicalBERT","base",0.99,10,1,0.627,0.737,0.678,0.513,425
"8_9","ClinicalBERT-base-nocode","ClinicalBERT","base",0.99,10,2,0.644,0.535,0.584,0.413,311
"8_9","ClinicalBERT-base-nocode","ClinicalBERT","base",0.99,10,3,0.718,0.686,0.702,0.54,316
"8_9","ClinicalBERT-base-nocode","ClinicalBERT","base",0.99,10,4,0.604,0.737,0.664,0.497,440
"8_9","ClinicalBERT-base-nocode","ClinicalBERT","base",0.99,15,1,0.626,0.737,0.677,0.512,426
"8_9","ClinicalBERT-base-nocode","ClinicalBERT","base",0.99,15,2,0.641,0.535,0.583,0.412,312
"8_9","ClinicalBERT-base-nocode","ClinicalBERT","base",0.99,15,3,0.712,0.686,0.699,0.537,319
"8_9","ClinicalBERT-base-nocode","ClinicalBERT","base",0.99,15,4,0.601,0.737,0.662,0.495,442
"8_9","ClinicalBERT-base-nocode","ClinicalBERT","base",0.99,20,1,0.626,0.737,0.677,0.512,426
"8_9","ClinicalBERT-base-nocode","ClinicalBERT","base",0.99,20,2,0.632,0.535,0.579,0.408,316
"8_9","ClinicalBERT-base-nocode","ClinicalBERT","base",0.99,20,3,0.697,0.689,0.693,0.53,327
"8_9","ClinicalBERT-base-nocode","ClinicalBERT","base",0.99,20,4,0.595,0.737,0.658,0.491,446
"8_9","ClinicalBERT-base-nocode","ClinicalBERT","base",0.99,25,1,0.626,0.737,0.677,0.512,426
"8_9","ClinicalBERT-base-nocode","ClinicalBERT","base",0.99,25,2,0.625,0.535,0.577,0.405,319
"8_9","ClinicalBERT-base-nocode","ClinicalBERT","base",0.99,25,3,0.689,0.689,0.689,0.525,331
"8_9","ClinicalBERT-base-nocode","ClinicalBERT","base",0.99,25,4,0.591,0.737,0.656,0.488,449
"8_9","ClinicalBERT-base-nocode","ClinicalBERT","base",0.99,30,1,0.626,0.737,0.677,0.512,426
"8_9","ClinicalBERT-base-nocode","ClinicalBERT","base",0.99,30,2,0.615,0.535,0.572,0.4,324
"8_9","ClinicalBERT-base-nocode","ClinicalBERT","base",0.99,30,3,0.676,0.692,0.684,0.519,339
"8_9","ClinicalBERT-base-nocode","ClinicalBERT","base",0.99,30,4,0.584,0.737,0.652,0.483,454
"8_9","ClinicalBERT-base-nocode","ClinicalBERT","base",0.995,3,1,0.659,0.737,0.696,0.534,403
"8_9","ClinicalBERT-base-nocode","ClinicalBERT","base",0.995,3,2,0.713,0.526,0.605,0.434,277
"8_9","ClinicalBERT-base-nocode","ClinicalBERT","base",0.995,3,3,0.76,0.659,0.706,0.545,287
"8_9","ClinicalBERT-base-nocode","ClinicalBERT","base",0.995,3,4,0.654,0.737,0.693,0.53,406
"8_9","ClinicalBERT-base-nocode","ClinicalBERT","base",0.995,5,1,0.658,0.737,0.695,0.533,404
"8_9","ClinicalBERT-base-nocode","ClinicalBERT","base",0.995,5,2,0.713,0.526,0.605,0.434,277
"8_9","ClinicalBERT-base-nocode","ClinicalBERT","base",0.995,5,3,0.756,0.674,0.713,0.553,295
"8_9","ClinicalBERT-base-nocode","ClinicalBERT","base",0.995,5,4,0.652,0.737,0.692,0.529,407
"8_9","ClinicalBERT-base-nocode","ClinicalBERT","base",0.995,10,1,0.652,0.737,0.692,0.529,407
"8_9","ClinicalBERT-base-nocode","ClinicalBERT","base",0.995,10,2,0.707,0.526,0.603,0.432,279
"8_9","ClinicalBERT-base-nocode","ClinicalBERT","base",0.995,10,3,0.744,0.686,0.714,0.555,305
"8_9","ClinicalBERT-base-nocode","ClinicalBERT","base",0.995,10,4,0.644,0.737,0.687,0.524,412
"8_9","ClinicalBERT-base-nocode","ClinicalBERT","base",0.995,15,1,0.651,0.737,0.691,0.528,408
"8_9","ClinicalBERT-base-nocode","ClinicalBERT","base",0.995,15,2,0.707,0.526,0.603,0.432,279
"8_9","ClinicalBERT-base-nocode","ClinicalBERT","base",0.995,15,3,0.739,0.686,0.712,0.552,307
"8_9","ClinicalBERT-base-nocode","ClinicalBERT","base",0.995,15,4,0.642,0.737,0.686,0.522,413
"8_9","ClinicalBERT-base-nocode","ClinicalBERT","base",0.995,20,1,0.651,0.737,0.691,0.528,408
"8_9","ClinicalBERT-base-nocode","ClinicalBERT","base",0.995,20,2,0.707,0.526,0.603,0.432,279
"8_9","ClinicalBERT-base-nocode","ClinicalBERT","base",0.995,20,3,0.733,0.689,0.71,0.551,311
"8_9","ClinicalBERT-base-nocode","ClinicalBERT","base",0.995,20,4,0.642,0.737,0.686,0.522,413
"8_9","ClinicalBERT-base-nocode","ClinicalBERT","base",0.995,25,1,0.651,0.737,0.691,0.528,408
"8_9","ClinicalBERT-base-nocode","ClinicalBERT","base",0.995,25,2,0.704,0.526,0.602,0.431,280
"8_9","ClinicalBERT-base-nocode","ClinicalBERT","base",0.995,25,3,0.731,0.689,0.709,0.549,312
"8_9","ClinicalBERT-base-nocode","ClinicalBERT","base",0.995,25,4,0.64,0.737,0.685,0.521,414
"8_9","ClinicalBERT-base-nocode","ClinicalBERT","base",0.995,30,1,0.651,0.737,0.691,0.528,408
"8_9","ClinicalBERT-base-nocode","ClinicalBERT","base",0.995,30,2,0.702,0.526,0.601,0.43,281
"8_9","ClinicalBERT-base-nocode","ClinicalBERT","base",0.995,30,3,0.725,0.692,0.708,0.548,316
"8_9","ClinicalBERT-base-nocode","ClinicalBERT","base",0.995,30,4,0.639,0.737,0.685,0.52,415
"8_9","ClinicalBERT-base-nocode","ClinicalBERT","base",0.999,3,1,0.678,0.737,0.706,0.546,387
"8_9","ClinicalBERT-base-nocode","ClinicalBERT","base",0.999,3,2,0.746,0.505,0.602,0.43,251
"8_9","ClinicalBERT-base-nocode","ClinicalBERT","base",0.999,3,3,0.765,0.659,0.708,0.548,285
"8_9","ClinicalBERT-base-nocode","ClinicalBERT","base",0.999,3,4,0.676,0.737,0.705,0.545,388
"8_9","ClinicalBERT-base-nocode","ClinicalBERT","base",0.999,5,1,0.676,0.737,0.705,0.545,388
"8_9","ClinicalBERT-base-nocode","ClinicalBERT","base",0.999,5,2,0.746,0.505,0.602,0.43,251
"8_9","ClinicalBERT-base-nocode","ClinicalBERT","base",0.999,5,3,0.764,0.674,0.716,0.557,292
"8_9","ClinicalBERT-base-nocode","ClinicalBERT","base",0.999,5,4,0.674,0.737,0.704,0.543,389
"8_9","ClinicalBERT-base-nocode","ClinicalBERT","base",0.999,10,1,0.67,0.737,0.702,0.541,391
"8_9","ClinicalBERT-base-nocode","ClinicalBERT","base",0.999,10,2,0.742,0.505,0.601,0.429,252
"8_9","ClinicalBERT-base-nocode","ClinicalBERT","base",0.999,10,3,0.754,0.686,0.718,0.56,301
"8_9","ClinicalBERT-base-nocode","ClinicalBERT","base",0.999,10,4,0.667,0.737,0.7,0.539,393
"8_9","ClinicalBERT-base-nocode","ClinicalBERT","base",0.999,15,1,0.668,0.737,0.701,0.54,392
"8_9","ClinicalBERT-base-nocode","ClinicalBERT","base",0.999,15,2,0.742,0.505,0.601,0.429,252
"8_9","ClinicalBERT-base-nocode","ClinicalBERT","base",0.999,15,3,0.749,0.686,0.716,0.558,303
"8_9","ClinicalBERT-base-nocode","ClinicalBERT","base",0.999,15,4,0.665,0.737,0.699,0.537,394
"8_9","ClinicalBERT-base-nocode","ClinicalBERT","base",0.999,20,1,0.668,0.737,0.701,0.54,392
"8_9","ClinicalBERT-base-nocode","ClinicalBERT","base",0.999,20,2,0.742,0.505,0.601,0.429,252
"8_9","ClinicalBERT-base-nocode","ClinicalBERT","base",0.999,20,3,0.743,0.689,0.715,0.556,307
"8_9","ClinicalBERT-base-nocode","ClinicalBERT","base",0.999,20,4,0.665,0.737,0.699,0.537,394
"8_9","ClinicalBERT-base-nocode","ClinicalBERT","base",0.999,25,1,0.668,0.737,0.701,0.54,392
"8_9","ClinicalBERT-base-nocode","ClinicalBERT","base",0.999,25,2,0.742,0.505,0.601,0.429,252
"8_9","ClinicalBERT-base-nocode","ClinicalBERT","base",0.999,25,3,0.743,0.689,0.715,0.556,307
"8_9","ClinicalBERT-base-nocode","ClinicalBERT","base",0.999,25,4,0.665,0.737,0.699,0.537,394
"8_9","ClinicalBERT-base-nocode","ClinicalBERT","base",0.999,30,1,0.668,0.737,0.701,0.54,392
"8_9","ClinicalBERT-base-nocode","ClinicalBERT","base",0.999,30,2,0.742,0.505,0.601,0.429,252
"8_9","ClinicalBERT-base-nocode","ClinicalBERT","base",0.999,30,3,0.739,0.692,0.715,0.556,310
"8_9","ClinicalBERT-base-nocode","ClinicalBERT","base",0.999,30,4,0.665,0.737,0.699,0.537,394
"10_9","ClinicalBERT-original","ClinicalBERT","base",0.95,3,1,0.522,0.326,0.401,0.251,600
"10_9","ClinicalBERT-original","ClinicalBERT","base",0.95,3,2,0.489,0.295,0.368,0.225,581
"10_9","ClinicalBERT-original","ClinicalBERT","base",0.95,3,3,0.593,0.268,0.369,0.226,433
"10_9","ClinicalBERT-original","ClinicalBERT","base",0.95,3,4,0.49,0.358,0.414,0.26,702
"10_9","ClinicalBERT-original","ClinicalBERT","base",0.95,5,1,0.525,0.335,0.409,0.257,615
"10_9","ClinicalBERT-original","ClinicalBERT","base",0.95,5,2,0.444,0.313,0.367,0.225,679
"10_9","ClinicalBERT-original","ClinicalBERT","base",0.95,5,3,0.519,0.299,0.379,0.234,552
"10_9","ClinicalBERT-original","ClinicalBERT","base",0.95,5,4,0.454,0.382,0.415,0.262,810
"10_9","ClinicalBERT-original","ClinicalBERT","base",0.95,10,1,0.524,0.336,0.409,0.258,619
"10_9","ClinicalBERT-original","ClinicalBERT","base",0.95,10,2,0.376,0.335,0.354,0.215,861
"10_9","ClinicalBERT-original","ClinicalBERT","base",0.95,10,3,0.432,0.342,0.382,0.236,761
"10_9","ClinicalBERT-original","ClinicalBERT","base",0.95,10,4,0.392,0.404,0.398,0.249,995
"10_9","ClinicalBERT-original","ClinicalBERT","base",0.95,15,1,0.525,0.337,0.41,0.258,620
"10_9","ClinicalBERT-original","ClinicalBERT","base",0.95,15,2,0.348,0.359,0.353,0.215,994
"10_9","ClinicalBERT-original","ClinicalBERT","base",0.95,15,3,0.394,0.371,0.382,0.236,908
"10_9","ClinicalBERT-original","ClinicalBERT","base",0.95,15,4,0.366,0.428,0.395,0.246,1128
"10_9","ClinicalBERT-original","ClinicalBERT","base",0.95,20,1,0.526,0.34,0.413,0.261,624
"10_9","ClinicalBERT-original","ClinicalBERT","base",0.95,20,2,0.327,0.371,0.348,0.211,1093
"10_9","ClinicalBERT-original","ClinicalBERT","base",0.95,20,3,0.369,0.39,0.379,0.234,1013
"10_9","ClinicalBERT-original","ClinicalBERT","base",0.95,20,4,0.346,0.442,0.388,0.241,1228
"10_9","ClinicalBERT-original","ClinicalBERT","base",0.95,25,1,0.527,0.342,0.415,0.261,625
"10_9","ClinicalBERT-original","ClinicalBERT","base",0.95,25,2,0.312,0.378,0.342,0.206,1169
"10_9","ClinicalBERT-original","ClinicalBERT","base",0.95,25,3,0.351,0.4,0.374,0.23,1096
"10_9","ClinicalBERT-original","ClinicalBERT","base",0.95,25,4,0.332,0.449,0.382,0.236,1305
"10_9","ClinicalBERT-original","ClinicalBERT","base",0.95,30,1,0.528,0.343,0.416,0.262,626
"10_9","ClinicalBERT-original","ClinicalBERT","base",0.95,30,2,0.296,0.386,0.335,0.202,1255
"10_9","ClinicalBERT-original","ClinicalBERT","base",0.95,30,3,0.332,0.41,0.367,0.225,1185
"10_9","ClinicalBERT-original","ClinicalBERT","base",0.95,30,4,0.317,0.458,0.375,0.23,1391
"10_9","ClinicalBERT-original","ClinicalBERT","base",0.99,3,1,0.556,0.313,0.401,0.25,540
"10_9","ClinicalBERT-original","ClinicalBERT","base",0.99,3,2,0.558,0.184,0.277,0.16,316
"10_9","ClinicalBERT-original","ClinicalBERT","base",0.99,3,3,0.69,0.242,0.358,0.218,338
"10_9","ClinicalBERT-original","ClinicalBERT","base",0.99,3,4,0.56,0.319,0.406,0.255,548
"10_9","ClinicalBERT-original","ClinicalBERT","base",0.99,5,1,0.558,0.322,0.408,0.257,555
"10_9","ClinicalBERT-original","ClinicalBERT","base",0.99,5,2,0.557,0.187,0.28,0.163,322
"10_9","ClinicalBERT-original","ClinicalBERT","base",0.99,5,3,0.681,0.261,0.377,0.233,370
"10_9","ClinicalBERT-original","ClinicalBERT","base",0.99,5,4,0.561,0.332,0.417,0.264,569
"10_9","ClinicalBERT-original","ClinicalBERT","base",0.99,10,1,0.557,0.323,0.409,0.257,559
"10_9","ClinicalBERT-original","ClinicalBERT","base",0.99,10,2,0.546,0.19,0.282,0.164,334
"10_9","ClinicalBERT-original","ClinicalBERT","base",0.99,10,3,0.673,0.283,0.398,0.249,405
"10_9","ClinicalBERT-original","ClinicalBERT","base",0.99,10,4,0.554,0.336,0.418,0.264,585
"10_9","ClinicalBERT-original","ClinicalBERT","base",0.99,15,1,0.558,0.324,0.41,0.258,560
"10_9","ClinicalBERT-original","ClinicalBERT","base",0.99,15,2,0.541,0.191,0.282,0.164,339
"10_9","ClinicalBERT-original","ClinicalBERT","base",0.99,15,3,0.661,0.291,0.404,0.253,424
"10_9","ClinicalBERT-original","ClinicalBERT","base",0.99,15,4,0.551,0.338,0.419,0.265,591
"10_9","ClinicalBERT-original","ClinicalBERT","base",0.99,20,1,0.559,0.328,0.413,0.26,564
"10_9","ClinicalBERT-original","ClinicalBERT","base",0.99,20,2,0.536,0.193,0.284,0.165,346
"10_9","ClinicalBERT-original","ClinicalBERT","base",0.99,20,3,0.659,0.301,0.413,0.26,439
"10_9","ClinicalBERT-original","ClinicalBERT","base",0.99,20,4,0.549,0.344,0.423,0.268,602
"10_9","ClinicalBERT-original","ClinicalBERT","base",0.99,25,1,0.56,0.329,0.414,0.261,565
"10_9","ClinicalBERT-original","ClinicalBERT","base",0.99,25,2,0.535,0.196,0.287,0.168,352
"10_9","ClinicalBERT-original","ClinicalBERT","base",0.99,25,3,0.654,0.306,0.417,0.264,450
"10_9","ClinicalBERT-original","ClinicalBERT","base",0.99,25,4,0.55,0.348,0.426,0.271,609
"10_9","ClinicalBERT-original","ClinicalBERT","base",0.99,30,1,0.561,0.33,0.416,0.262,566
"10_9","ClinicalBERT-original","ClinicalBERT","base",0.99,30,2,0.52,0.199,0.288,0.168,366
"10_9","ClinicalBERT-original","ClinicalBERT","base",0.99,30,3,0.635,0.308,0.415,0.262,466
"10_9","ClinicalBERT-original","ClinicalBERT","base",0.99,30,4,0.54,0.35,0.425,0.27,623
"10_9","ClinicalBERT-original","ClinicalBERT","base",0.995,3,1,0.581,0.311,0.405,0.254,511
"10_9","ClinicalBERT-original","ClinicalBERT","base",0.995,3,2,0.576,0.161,0.252,0.144,266
"10_9","ClinicalBERT-original","ClinicalBERT","base",0.995,3,3,0.69,0.24,0.356,0.217,334
"10_9","ClinicalBERT-original","ClinicalBERT","base",0.995,3,4,0.584,0.315,0.409,0.257,516
"10_9","ClinicalBERT-original","ClinicalBERT","base",0.995,5,1,0.583,0.32,0.413,0.26,526
"10_9","ClinicalBERT-original","ClinicalBERT","base",0.995,5,2,0.578,0.162,0.253,0.145,267
"10_9","ClinicalBERT-original","ClinicalBERT","base",0.995,5,3,0.687,0.257,0.374,0.23,360
"10_9","ClinicalBERT-original","ClinicalBERT","base",0.995,5,4,0.587,0.326,0.419,0.265,532
"10_9","ClinicalBERT-original","ClinicalBERT","base",0.995,10,1,0.581,0.321,0.414,0.261,530
"10_9","ClinicalBERT-original","ClinicalBERT","base",0.995,10,2,0.572,0.164,0.255,0.146,273
"10_9","ClinicalBERT-original","ClinicalBERT","base",0.995,10,3,0.686,0.277,0.395,0.246,389
"10_9","ClinicalBERT-original","ClinicalBERT","base",0.995,10,4,0.582,0.329,0.42,0.266,542
"10_9","ClinicalBERT-original","ClinicalBERT","base",0.995,15,1,0.582,0.322,0.415,0.262,531
"10_9","ClinicalBERT-original","ClinicalBERT","base",0.995,15,2,0.574,0.165,0.256,0.147,274
"10_9","ClinicalBERT-original","ClinicalBERT","base",0.995,15,3,0.684,0.286,0.403,0.253,402
"10_9","ClinicalBERT-original","ClinicalBERT","base",0.995,15,4,0.584,0.331,0.423,0.268,544
"10_9","ClinicalBERT-original","ClinicalBERT","base",0.995,20,1,0.583,0.326,0.418,0.264,535
"10_9","ClinicalBERT-original","ClinicalBERT","base",0.995,20,2,0.568,0.165,0.256,0.147,277
"10_9","ClinicalBERT-original","ClinicalBERT","base",0.995,20,3,0.682,0.293,0.41,0.258,413
"10_9","ClinicalBERT-original","ClinicalBERT","base",0.995,20,4,0.582,0.334,0.424,0.269,551
"10_9","ClinicalBERT-original","ClinicalBERT","base",0.995,25,1,0.584,0.327,0.419,0.265,536
"10_9","ClinicalBERT-original","ClinicalBERT","base",0.995,25,2,0.567,0.166,0.257,0.148,279
"10_9","ClinicalBERT-original","ClinicalBERT","base",0.995,25,3,0.678,0.297,0.413,0.26,420
"10_9","ClinicalBERT-original","ClinicalBERT","base",0.995,25,4,0.582,0.336,0.426,0.271,554
"10_9","ClinicalBERT-original","ClinicalBERT","base",0.995,30,1,0.585,0.328,0.42,0.266,537
"10_9","ClinicalBERT-original","ClinicalBERT","base",0.995,30,2,0.559,0.168,0.258,0.148,285
"10_9","ClinicalBERT-original","ClinicalBERT","base",0.995,30,3,0.67,0.299,0.413,0.26,428
"10_9","ClinicalBERT-original","ClinicalBERT","base",0.995,30,4,0.578,0.338,0.427,0.271,561
"10_9","ClinicalBERT-original","ClinicalBERT","base",0.999,3,1,0.597,0.302,0.401,0.251,484
"10_9","ClinicalBERT-original","ClinicalBERT","base",0.999,3,2,0.587,0.14,0.226,0.127,226
"10_9","ClinicalBERT-original","ClinicalBERT","base",0.999,3,3,0.686,0.236,0.351,0.213,329
"10_9","ClinicalBERT-original","ClinicalBERT","base",0.999,3,4,0.599,0.304,0.403,0.253,486
"10_9","ClinicalBERT-original","ClinicalBERT","base",0.999,5,1,0.599,0.313,0.411,0.259,500
"10_9","ClinicalBERT-original","ClinicalBERT","base",0.999,5,2,0.587,0.14,0.226,0.127,226
"10_9","ClinicalBERT-original","ClinicalBERT","base",0.999,5,3,0.684,0.252,0.368,0.226,353
"10_9","ClinicalBERT-original","ClinicalBERT","base",0.999,5,4,0.601,0.315,0.413,0.26,502
"10_9","ClinicalBERT-original","ClinicalBERT","base",0.999,10,1,0.598,0.314,0.412,0.259,504
"10_9","ClinicalBERT-original","ClinicalBERT","base",0.999,10,2,0.589,0.141,0.228,0.128,227
"10_9","ClinicalBERT-original","ClinicalBERT","base",0.999,10,3,0.69,0.269,0.387,0.24,374
"10_9","ClinicalBERT-original","ClinicalBERT","base",0.999,10,4,0.6,0.317,0.415,0.262,507
"10_9","ClinicalBERT-original","ClinicalBERT","base",0.999,15,1,0.598,0.315,0.413,0.26,505
"10_9","ClinicalBERT-original","ClinicalBERT","base",0.999,15,2,0.589,0.141,0.228,0.128,227
"10_9","ClinicalBERT-original","ClinicalBERT","base",0.999,15,3,0.689,0.276,0.394,0.246,385
"10_9","ClinicalBERT-original","ClinicalBERT","base",0.999,15,4,0.601,0.318,0.416,0.263,508
"10_9","ClinicalBERT-original","ClinicalBERT","base",0.999,20,1,0.6,0.318,0.416,0.262,509
"10_9","ClinicalBERT-original","ClinicalBERT","base",0.999,20,2,0.587,0.141,0.227,0.128,228
"10_9","ClinicalBERT-original","ClinicalBERT","base",0.999,20,3,0.691,0.284,0.403,0.252,394
"10_9","ClinicalBERT-original","ClinicalBERT","base",0.999,20,4,0.601,0.321,0.418,0.265,513
"10_9","ClinicalBERT-original","ClinicalBERT","base",0.999,25,1,0.6,0.319,0.417,0.263,510
"10_9","ClinicalBERT-original","ClinicalBERT","base",0.999,25,2,0.587,0.141,0.227,0.128,228
"10_9","ClinicalBERT-original","ClinicalBERT","base",0.999,25,3,0.691,0.286,0.405,0.254,397
"10_9","ClinicalBERT-original","ClinicalBERT","base",0.999,25,4,0.602,0.322,0.42,0.266,514
"10_9","ClinicalBERT-original","ClinicalBERT","base",0.999,30,1,0.601,0.32,0.418,0.264,511
"10_9","ClinicalBERT-original","ClinicalBERT","base",0.999,30,2,0.588,0.142,0.229,0.129,229
"10_9","ClinicalBERT-original","ClinicalBERT","base",0.999,30,3,0.691,0.288,0.407,0.255,400
"10_9","ClinicalBERT-original","ClinicalBERT","base",0.999,30,4,0.603,0.324,0.422,0.267,516
"8_9","ClinicalBERT-original","ClinicalBERT","base",0.95,3,1,0.591,0.764,0.666,0.5,480
"8_9","ClinicalBERT-original","ClinicalBERT","base",0.95,3,2,0.541,0.731,0.622,0.451,499
"8_9","ClinicalBERT-original","ClinicalBERT","base",0.95,3,3,0.635,0.698,0.665,0.498,364
"8_9","ClinicalBERT-original","ClinicalBERT","base",0.95,3,4,0.521,0.792,0.629,0.458,555
"8_9","ClinicalBERT-original","ClinicalBERT","base",0.95,5,1,0.59,0.764,0.666,0.499,481
"8_9","ClinicalBERT-original","ClinicalBERT","base",0.95,5,2,0.494,0.74,0.592,0.421,548
"8_9","ClinicalBERT-original","ClinicalBERT","base",0.95,5,3,0.564,0.719,0.632,0.462,422
"8_9","ClinicalBERT-original","ClinicalBERT","base",0.95,5,4,0.479,0.801,0.599,0.428,605
"8_9","ClinicalBERT-original","ClinicalBERT","base",0.95,10,1,0.586,0.764,0.663,0.496,484
"8_9","ClinicalBERT-original","ClinicalBERT","base",0.95,10,2,0.435,0.746,0.55,0.379,620
"8_9","ClinicalBERT-original","ClinicalBERT","base",0.95,10,3,0.483,0.737,0.584,0.412,505
"8_9","ClinicalBERT-original","ClinicalBERT","base",0.95,10,4,0.427,0.807,0.558,0.388,677
"8_9","ClinicalBERT-original","ClinicalBERT","base",0.95,15,1,0.584,0.764,0.662,0.495,485
"8_9","ClinicalBERT-original","ClinicalBERT","base",0.95,15,2,0.4,0.746,0.521,0.352,670
"8_9","ClinicalBERT-original","ClinicalBERT","base",0.95,15,3,0.439,0.74,0.551,0.38,558
"8_9","ClinicalBERT-original","ClinicalBERT","base",0.95,15,4,0.396,0.807,0.531,0.361,727
"8_9","ClinicalBERT-original","ClinicalBERT","base",0.95,20,1,0.584,0.764,0.662,0.495,485
"8_9","ClinicalBERT-original","ClinicalBERT","base",0.95,20,2,0.375,0.746,0.499,0.333,710
"8_9","ClinicalBERT-original","ClinicalBERT","base",0.95,20,3,0.407,0.743,0.526,0.357,604
"8_9","ClinicalBERT-original","ClinicalBERT","base",0.95,20,4,0.373,0.807,0.51,0.343,767
"8_9","ClinicalBERT-original","ClinicalBERT","base",0.95,25,1,0.584,0.764,0.662,0.495,485
"8_9","ClinicalBERT-original","ClinicalBERT","base",0.95,25,2,0.353,0.746,0.479,0.315,752
"8_9","ClinicalBERT-original","ClinicalBERT","base",0.95,25,3,0.38,0.743,0.503,0.336,648
"8_9","ClinicalBERT-original","ClinicalBERT","base",0.95,25,4,0.353,0.807,0.491,0.325,809
"8_9","ClinicalBERT-original","ClinicalBERT","base",0.95,30,1,0.584,0.764,0.662,0.495,485
"8_9","ClinicalBERT-original","ClinicalBERT","base",0.95,30,2,0.342,0.749,0.47,0.307,778
"8_9","ClinicalBERT-original","ClinicalBERT","base",0.95,30,3,0.366,0.746,0.491,0.325,675
"8_9","ClinicalBERT-original","ClinicalBERT","base",0.95,30,4,0.342,0.81,0.481,0.317,835
"8_9","ClinicalBERT-original","ClinicalBERT","base",0.99,3,1,0.629,0.758,0.688,0.524,440
"8_9","ClinicalBERT-original","ClinicalBERT","base",0.99,3,2,0.667,0.598,0.631,0.46,338
"8_9","ClinicalBERT-original","ClinicalBERT","base",0.99,3,3,0.747,0.677,0.71,0.55,300
"8_9","ClinicalBERT-original","ClinicalBERT","base",0.99,3,4,0.618,0.767,0.684,0.52,452
"8_9","ClinicalBERT-original","ClinicalBERT","base",0.99,5,1,0.627,0.758,0.686,0.523,441
"8_9","ClinicalBERT-original","ClinicalBERT","base",0.99,5,2,0.659,0.601,0.629,0.459,343
"8_9","ClinicalBERT-original","ClinicalBERT","base",0.99,5,3,0.732,0.692,0.711,0.552,313
"8_9","ClinicalBERT-original","ClinicalBERT","base",0.99,5,4,0.612,0.77,0.682,0.517,458
"8_9","ClinicalBERT-original","ClinicalBERT","base",0.99,10,1,0.623,0.758,0.684,0.52,444
"8_9","ClinicalBERT-original","ClinicalBERT","base",0.99,10,2,0.646,0.601,0.623,0.452,349
"8_9","ClinicalBERT-original","ClinicalBERT","base",0.99,10,3,0.704,0.704,0.704,0.543,331
"8_9","ClinicalBERT-original","ClinicalBERT","base",0.99,10,4,0.6,0.77,0.674,0.509,466
"8_9","ClinicalBERT-original","ClinicalBERT","base",0.99,15,1,0.621,0.758,0.683,0.519,445
"8_9","ClinicalBERT-original","ClinicalBERT","base",0.99,15,2,0.644,0.601,0.622,0.451,350
"8_9","ClinicalBERT-original","ClinicalBERT","base",0.99,15,3,0.696,0.707,0.701,0.54,336
"8_9","ClinicalBERT-original","ClinicalBERT","base",0.99,15,4,0.597,0.77,0.673,0.507,468
"8_9","ClinicalBERT-original","ClinicalBERT","base",0.99,20,1,0.621,0.758,0.683,0.519,445
"8_9","ClinicalBERT-original","ClinicalBERT","base",0.99,20,2,0.642,0.601,0.621,0.45,351
"8_9","ClinicalBERT-original","ClinicalBERT","base",0.99,20,3,0.687,0.71,0.698,0.537,342
"8_9","ClinicalBERT-original","ClinicalBERT","base",0.99,20,4,0.596,0.77,0.672,0.506,469
"8_9","ClinicalBERT-original","ClinicalBERT","base",0.99,25,1,0.621,0.758,0.683,0.519,445
"8_9","ClinicalBERT-original","ClinicalBERT","base",0.99,25,2,0.636,0.601,0.618,0.447,354
"8_9","ClinicalBERT-original","ClinicalBERT","base",0.99,25,3,0.679,0.71,0.694,0.532,346
"8_9","ClinicalBERT-original","ClinicalBERT","base",0.99,25,4,0.592,0.77,0.669,0.503,472
"8_9","ClinicalBERT-original","ClinicalBERT","base",0.99,30,1,0.621,0.758,0.683,0.519,445
"8_9","ClinicalBERT-original","ClinicalBERT","base",0.99,30,2,0.629,0.604,0.616,0.445,359
"8_9","ClinicalBERT-original","ClinicalBERT","base",0.99,30,3,0.67,0.713,0.691,0.528,352
"8_9","ClinicalBERT-original","ClinicalBERT","base",0.99,30,4,0.587,0.773,0.667,0.501,477
"8_9","ClinicalBERT-original","ClinicalBERT","base",0.995,3,1,0.635,0.752,0.689,0.525,428
"8_9","ClinicalBERT-original","ClinicalBERT","base",0.995,3,2,0.68,0.559,0.614,0.443,308
"8_9","ClinicalBERT-original","ClinicalBERT","base",0.995,3,3,0.761,0.665,0.71,0.55,289
"8_9","ClinicalBERT-original","ClinicalBERT","base",0.995,3,4,0.633,0.755,0.689,0.525,431
"8_9","ClinicalBERT-original","ClinicalBERT","base",0.995,5,1,0.634,0.752,0.688,0.524,429
"8_9","ClinicalBERT-original","ClinicalBERT","base",0.995,5,2,0.676,0.562,0.614,0.443,311
"8_9","ClinicalBERT-original","ClinicalBERT","base",0.995,5,3,0.753,0.68,0.715,0.556,299
"8_9","ClinicalBERT-original","ClinicalBERT","base",0.995,5,4,0.629,0.758,0.688,0.524,435
"8_9","ClinicalBERT-original","ClinicalBERT","base",0.995,10,1,0.629,0.752,0.685,0.521,432
"8_9","ClinicalBERT-original","ClinicalBERT","base",0.995,10,2,0.674,0.562,0.613,0.442,312
"8_9","ClinicalBERT-original","ClinicalBERT","base",0.995,10,3,0.732,0.692,0.711,0.552,313
"8_9","ClinicalBERT-original","ClinicalBERT","base",0.995,10,4,0.623,0.758,0.684,0.52,439
"8_9","ClinicalBERT-original","ClinicalBERT","base",0.995,15,1,0.627,0.752,0.684,0.52,433
"8_9","ClinicalBERT-original","ClinicalBERT","base",0.995,15,2,0.674,0.562,0.613,0.442,312
"8_9","ClinicalBERT-original","ClinicalBERT","base",0.995,15,3,0.726,0.695,0.71,0.55,317
"8_9","ClinicalBERT-original","ClinicalBERT","base",0.995,15,4,0.621,0.758,0.683,0.519,440
"8_9","ClinicalBERT-original","ClinicalBERT","base",0.995,20,1,0.627,0.752,0.684,0.52,433
"8_9","ClinicalBERT-original","ClinicalBERT","base",0.995,20,2,0.674,0.562,0.613,0.442,312
"8_9","ClinicalBERT-original","ClinicalBERT","base",0.995,20,3,0.717,0.698,0.707,0.547,322
"8_9","ClinicalBERT-original","ClinicalBERT","base",0.995,20,4,0.621,0.758,0.683,0.519,440
"8_9","ClinicalBERT-original","ClinicalBERT","base",0.995,25,1,0.627,0.752,0.684,0.52,433
"8_9","ClinicalBERT-original","ClinicalBERT","base",0.995,25,2,0.671,0.562,0.612,0.441,313
"8_9","ClinicalBERT-original","ClinicalBERT","base",0.995,25,3,0.715,0.698,0.706,0.546,323
"8_9","ClinicalBERT-original","ClinicalBERT","base",0.995,25,4,0.62,0.758,0.682,0.518,441
"8_9","ClinicalBERT-original","ClinicalBERT","base",0.995,30,1,0.627,0.752,0.684,0.52,433
"8_9","ClinicalBERT-original","ClinicalBERT","base",0.995,30,2,0.667,0.562,0.61,0.439,315
"8_9","ClinicalBERT-original","ClinicalBERT","base",0.995,30,3,0.709,0.698,0.703,0.542,326
"8_9","ClinicalBERT-original","ClinicalBERT","base",0.995,30,4,0.617,0.758,0.68,0.515,443
"8_9","ClinicalBERT-original","ClinicalBERT","base",0.999,3,1,0.648,0.752,0.696,0.534,416
"8_9","ClinicalBERT-original","ClinicalBERT","base",0.999,3,2,0.701,0.538,0.609,0.437,286
"8_9","ClinicalBERT-original","ClinicalBERT","base",0.999,3,3,0.764,0.665,0.711,0.551,288
"8_9","ClinicalBERT-original","ClinicalBERT","base",0.999,3,4,0.648,0.755,0.697,0.535,418
"8_9","ClinicalBERT-original","ClinicalBERT","base",0.999,5,1,0.647,0.752,0.696,0.533,417
"8_9","ClinicalBERT-original","ClinicalBERT","base",0.999,5,2,0.701,0.538,0.609,0.437,286
"8_9","ClinicalBERT-original","ClinicalBERT","base",0.999,5,3,0.759,0.677,0.716,0.557,295
"8_9","ClinicalBERT-original","ClinicalBERT","base",0.999,5,4,0.646,0.755,0.696,0.534,419
"8_9","ClinicalBERT-original","ClinicalBERT","base",0.999,10,1,0.642,0.752,0.693,0.53,420
"8_9","ClinicalBERT-original","ClinicalBERT","base",0.999,10,2,0.701,0.538,0.609,0.437,286
"8_9","ClinicalBERT-original","ClinicalBERT","base",0.999,10,3,0.743,0.689,0.715,0.556,307
"8_9","ClinicalBERT-original","ClinicalBERT","base",0.999,10,4,0.641,0.755,0.693,0.531,422
"8_9","ClinicalBERT-original","ClinicalBERT","base",0.999,15,1,0.64,0.752,0.691,0.529,421
"8_9","ClinicalBERT-original","ClinicalBERT","base",0.999,15,2,0.701,0.538,0.609,0.437,286
"8_9","ClinicalBERT-original","ClinicalBERT","base",0.999,15,3,0.736,0.692,0.713,0.554,311
"8_9","ClinicalBERT-original","ClinicalBERT","base",0.999,15,4,0.639,0.755,0.692,0.53,423
"8_9","ClinicalBERT-original","ClinicalBERT","base",0.999,20,1,0.64,0.752,0.691,0.529,421
"8_9","ClinicalBERT-original","ClinicalBERT","base",0.999,20,2,0.701,0.538,0.609,0.437,286
"8_9","ClinicalBERT-original","ClinicalBERT","base",0.999,20,3,0.728,0.695,0.711,0.552,316
"8_9","ClinicalBERT-original","ClinicalBERT","base",0.999,20,4,0.639,0.755,0.692,0.53,423
"8_9","ClinicalBERT-original","ClinicalBERT","base",0.999,25,1,0.64,0.752,0.691,0.529,421
"8_9","ClinicalBERT-original","ClinicalBERT","base",0.999,25,2,0.701,0.538,0.609,0.437,286
"8_9","ClinicalBERT-original","ClinicalBERT","base",0.999,25,3,0.728,0.695,0.711,0.552,316
"8_9","ClinicalBERT-original","ClinicalBERT","base",0.999,25,4,0.639,0.755,0.692,0.53,423
"8_9","ClinicalBERT-original","ClinicalBERT","base",0.999,30,1,0.64,0.752,0.691,0.529,421
"8_9","ClinicalBERT-original","ClinicalBERT","base",0.999,30,2,0.698,0.538,0.608,0.436,287
"8_9","ClinicalBERT-original","ClinicalBERT","base",0.999,30,3,0.723,0.695,0.709,0.549,318
"8_9","ClinicalBERT-original","ClinicalBERT","base",0.999,30,4,0.638,0.755,0.692,0.529,424
"10_9","ClinicalBERT-stopwords","ClinicalBERT","stopwords",0.95,3,1,0.538,0.331,0.41,0.258,592
"10_9","ClinicalBERT-stopwords","ClinicalBERT","stopwords",0.95,3,2,0.519,0.298,0.379,0.233,555
"10_9","ClinicalBERT-stopwords","ClinicalBERT","stopwords",0.95,3,3,0.611,0.265,0.37,0.226,416
"10_9","ClinicalBERT-stopwords","ClinicalBERT","stopwords",0.95,3,4,0.508,0.356,0.419,0.265,675
"10_9","ClinicalBERT-stopwords","ClinicalBERT","stopwords",0.95,5,1,0.541,0.34,0.418,0.264,607
"10_9","ClinicalBERT-stopwords","ClinicalBERT","stopwords",0.95,5,2,0.479,0.319,0.383,0.237,644
"10_9","ClinicalBERT-stopwords","ClinicalBERT","stopwords",0.95,5,3,0.551,0.301,0.389,0.242,525
"10_9","ClinicalBERT-stopwords","ClinicalBERT","stopwords",0.95,5,4,0.478,0.383,0.425,0.27,772
"10_9","ClinicalBERT-stopwords","ClinicalBERT","stopwords",0.95,10,1,0.54,0.342,0.419,0.264,611
"10_9","ClinicalBERT-stopwords","ClinicalBERT","stopwords",0.95,10,2,0.413,0.348,0.378,0.233,816
"10_9","ClinicalBERT-stopwords","ClinicalBERT","stopwords",0.95,10,3,0.464,0.347,0.397,0.248,720
"10_9","ClinicalBERT-stopwords","ClinicalBERT","stopwords",0.95,10,4,0.42,0.412,0.416,0.263,947
"10_9","ClinicalBERT-stopwords","ClinicalBERT","stopwords",0.95,15,1,0.54,0.343,0.42,0.265,612
"10_9","ClinicalBERT-stopwords","ClinicalBERT","stopwords",0.95,15,2,0.381,0.367,0.374,0.23,931
"10_9","ClinicalBERT-stopwords","ClinicalBERT","stopwords",0.95,15,3,0.424,0.374,0.397,0.248,848
"10_9","ClinicalBERT-stopwords","ClinicalBERT","stopwords",0.95,15,4,0.391,0.431,0.41,0.258,1062
"10_9","ClinicalBERT-stopwords","ClinicalBERT","stopwords",0.95,20,1,0.542,0.346,0.422,0.268,616
"10_9","ClinicalBERT-stopwords","ClinicalBERT","stopwords",0.95,20,2,0.36,0.378,0.369,0.226,1011
"10_9","ClinicalBERT-stopwords","ClinicalBERT","stopwords",0.95,20,3,0.401,0.391,0.396,0.247,934
"10_9","ClinicalBERT-stopwords","ClinicalBERT","stopwords",0.95,20,4,0.373,0.443,0.405,0.254,1143
"10_9","ClinicalBERT-stopwords","ClinicalBERT","stopwords",0.95,25,1,0.543,0.347,0.423,0.268,617
"10_9","ClinicalBERT-stopwords","ClinicalBERT","stopwords",0.95,25,2,0.344,0.388,0.365,0.223,1091
"10_9","ClinicalBERT-stopwords","ClinicalBERT","stopwords",0.95,25,3,0.382,0.404,0.393,0.245,1018
"10_9","ClinicalBERT-stopwords","ClinicalBERT","stopwords",0.95,25,4,0.358,0.455,0.401,0.251,1224
"10_9","ClinicalBERT-stopwords","ClinicalBERT","stopwords",0.95,30,1,0.543,0.347,0.423,0.268,617
"10_9","ClinicalBERT-stopwords","ClinicalBERT","stopwords",0.95,30,2,0.327,0.396,0.358,0.218,1170
"10_9","ClinicalBERT-stopwords","ClinicalBERT","stopwords",0.95,30,3,0.363,0.415,0.387,0.24,1100
"10_9","ClinicalBERT-stopwords","ClinicalBERT","stopwords",0.95,30,4,0.342,0.462,0.393,0.245,1303
"10_9","ClinicalBERT-stopwords","ClinicalBERT","stopwords",0.99,3,1,0.584,0.32,0.413,0.261,527
"10_9","ClinicalBERT-stopwords","ClinicalBERT","stopwords",0.99,3,2,0.611,0.194,0.294,0.173,306
"10_9","ClinicalBERT-stopwords","ClinicalBERT","stopwords",0.99,3,3,0.695,0.245,0.362,0.222,340
"10_9","ClinicalBERT-stopwords","ClinicalBERT","stopwords",0.99,3,4,0.588,0.327,0.42,0.266,534
"10_9","ClinicalBERT-stopwords","ClinicalBERT","stopwords",0.99,5,1,0.585,0.33,0.422,0.267,542
"10_9","ClinicalBERT-stopwords","ClinicalBERT","stopwords",0.99,5,2,0.607,0.194,0.294,0.173,308
"10_9","ClinicalBERT-stopwords","ClinicalBERT","stopwords",0.99,5,3,0.693,0.265,0.383,0.237,368
"10_9","ClinicalBERT-stopwords","ClinicalBERT","stopwords",0.99,5,4,0.588,0.336,0.428,0.272,551
"10_9","ClinicalBERT-stopwords","ClinicalBERT","stopwords",0.99,10,1,0.584,0.331,0.423,0.268,546
"10_9","ClinicalBERT-stopwords","ClinicalBERT","stopwords",0.99,10,2,0.598,0.199,0.299,0.175,319
"10_9","ClinicalBERT-stopwords","ClinicalBERT","stopwords",0.99,10,3,0.685,0.285,0.403,0.252,401
"10_9","ClinicalBERT-stopwords","ClinicalBERT","stopwords",0.99,10,4,0.582,0.342,0.431,0.274,566
"10_9","ClinicalBERT-stopwords","ClinicalBERT","stopwords",0.99,15,1,0.585,0.332,0.424,0.269,547
"10_9","ClinicalBERT-stopwords","ClinicalBERT","stopwords",0.99,15,2,0.59,0.2,0.299,0.175,325
"10_9","ClinicalBERT-stopwords","ClinicalBERT","stopwords",0.99,15,3,0.676,0.295,0.411,0.258,419
"10_9","ClinicalBERT-stopwords","ClinicalBERT","stopwords",0.99,15,4,0.578,0.344,0.431,0.275,573
"10_9","ClinicalBERT-stopwords","ClinicalBERT","stopwords",0.99,20,1,0.586,0.335,0.426,0.271,551
"10_9","ClinicalBERT-stopwords","ClinicalBERT","stopwords",0.99,20,2,0.583,0.202,0.3,0.176,332
"10_9","ClinicalBERT-stopwords","ClinicalBERT","stopwords",0.99,20,3,0.675,0.304,0.419,0.265,433
"10_9","ClinicalBERT-stopwords","ClinicalBERT","stopwords",0.99,20,4,0.577,0.349,0.435,0.278,583
"10_9","ClinicalBERT-stopwords","ClinicalBERT","stopwords",0.99,25,1,0.587,0.336,0.427,0.272,552
"10_9","ClinicalBERT-stopwords","ClinicalBERT","stopwords",0.99,25,2,0.581,0.203,0.301,0.177,335
"10_9","ClinicalBERT-stopwords","ClinicalBERT","stopwords",0.99,25,3,0.674,0.308,0.423,0.268,440
"10_9","ClinicalBERT-stopwords","ClinicalBERT","stopwords",0.99,25,4,0.576,0.351,0.436,0.279,587
"10_9","ClinicalBERT-stopwords","ClinicalBERT","stopwords",0.99,30,1,0.587,0.336,0.427,0.272,552
"10_9","ClinicalBERT-stopwords","ClinicalBERT","stopwords",0.99,30,2,0.567,0.203,0.299,0.176,343
"10_9","ClinicalBERT-stopwords","ClinicalBERT","stopwords",0.99,30,3,0.664,0.312,0.425,0.269,451
"10_9","ClinicalBERT-stopwords","ClinicalBERT","stopwords",0.99,30,4,0.568,0.351,0.434,0.277,595
"10_9","ClinicalBERT-stopwords","ClinicalBERT","stopwords",0.995,3,1,0.597,0.312,0.41,0.257,502
"10_9","ClinicalBERT-stopwords","ClinicalBERT","stopwords",0.995,3,2,0.615,0.169,0.265,0.153,265
"10_9","ClinicalBERT-stopwords","ClinicalBERT","stopwords",0.995,3,3,0.69,0.24,0.356,0.217,335
"10_9","ClinicalBERT-stopwords","ClinicalBERT","stopwords",0.995,3,4,0.6,0.315,0.413,0.26,506
"10_9","ClinicalBERT-stopwords","ClinicalBERT","stopwords",0.995,5,1,0.599,0.322,0.419,0.265,518
"10_9","ClinicalBERT-stopwords","ClinicalBERT","stopwords",0.995,5,2,0.615,0.169,0.265,0.153,265
"10_9","ClinicalBERT-stopwords","ClinicalBERT","stopwords",0.995,5,3,0.692,0.259,0.377,0.233,361
"10_9","ClinicalBERT-stopwords","ClinicalBERT","stopwords",0.995,5,4,0.602,0.326,0.423,0.268,522
"10_9","ClinicalBERT-stopwords","ClinicalBERT","stopwords",0.995,10,1,0.598,0.323,0.419,0.266,522
"10_9","ClinicalBERT-stopwords","ClinicalBERT","stopwords",0.995,10,2,0.611,0.171,0.267,0.154,270
"10_9","ClinicalBERT-stopwords","ClinicalBERT","stopwords",0.995,10,3,0.69,0.277,0.395,0.247,388
"10_9","ClinicalBERT-stopwords","ClinicalBERT","stopwords",0.995,10,4,0.598,0.329,0.424,0.269,531
"10_9","ClinicalBERT-stopwords","ClinicalBERT","stopwords",0.995,15,1,0.598,0.324,0.42,0.266,523
"10_9","ClinicalBERT-stopwords","ClinicalBERT","stopwords",0.995,15,2,0.608,0.172,0.268,0.155,273
"10_9","ClinicalBERT-stopwords","ClinicalBERT","stopwords",0.995,15,3,0.688,0.287,0.405,0.254,402
"10_9","ClinicalBERT-stopwords","ClinicalBERT","stopwords",0.995,15,4,0.597,0.331,0.426,0.271,535
"10_9","ClinicalBERT-stopwords","ClinicalBERT","stopwords",0.995,20,1,0.6,0.328,0.424,0.269,527
"10_9","ClinicalBERT-stopwords","ClinicalBERT","stopwords",0.995,20,2,0.603,0.172,0.268,0.154,275
"10_9","ClinicalBERT-stopwords","ClinicalBERT","stopwords",0.995,20,3,0.688,0.293,0.411,0.259,411
"10_9","ClinicalBERT-stopwords","ClinicalBERT","stopwords",0.995,20,4,0.596,0.334,0.428,0.272,541
"10_9","ClinicalBERT-stopwords","ClinicalBERT","stopwords",0.995,25,1,0.6,0.329,0.425,0.27,528
"10_9","ClinicalBERT-stopwords","ClinicalBERT","stopwords",0.995,25,2,0.601,0.172,0.267,0.154,276
"10_9","ClinicalBERT-stopwords","ClinicalBERT","stopwords",0.995,25,3,0.686,0.297,0.415,0.261,416
"10_9","ClinicalBERT-stopwords","ClinicalBERT","stopwords",0.995,25,4,0.596,0.335,0.429,0.273,543
"10_9","ClinicalBERT-stopwords","ClinicalBERT","stopwords",0.995,30,1,0.6,0.329,0.425,0.27,528
"10_9","ClinicalBERT-stopwords","ClinicalBERT","stopwords",0.995,30,2,0.596,0.172,0.267,0.154,278
"10_9","ClinicalBERT-stopwords","ClinicalBERT","stopwords",0.995,30,3,0.685,0.3,0.417,0.264,421
"10_9","ClinicalBERT-stopwords","ClinicalBERT","stopwords",0.995,30,4,0.594,0.335,0.428,0.273,545
"10_9","ClinicalBERT-stopwords","ClinicalBERT","stopwords",0.999,3,1,0.615,0.307,0.41,0.258,478
"10_9","ClinicalBERT-stopwords","ClinicalBERT","stopwords",0.999,3,2,0.634,0.152,0.245,0.139,227
"10_9","ClinicalBERT-stopwords","ClinicalBERT","stopwords",0.999,3,3,0.687,0.237,0.352,0.214,331
"10_9","ClinicalBERT-stopwords","ClinicalBERT","stopwords",0.999,3,4,0.615,0.307,0.41,0.258,478
"10_9","ClinicalBERT-stopwords","ClinicalBERT","stopwords",0.999,5,1,0.617,0.318,0.42,0.266,494
"10_9","ClinicalBERT-stopwords","ClinicalBERT","stopwords",0.999,5,2,0.634,0.152,0.245,0.139,227
"10_9","ClinicalBERT-stopwords","ClinicalBERT","stopwords",0.999,5,3,0.689,0.255,0.372,0.229,356
"10_9","ClinicalBERT-stopwords","ClinicalBERT","stopwords",0.999,5,4,0.617,0.318,0.42,0.266,494
"10_9","ClinicalBERT-stopwords","ClinicalBERT","stopwords",0.999,10,1,0.615,0.319,0.42,0.266,498
"10_9","ClinicalBERT-stopwords","ClinicalBERT","stopwords",0.999,10,2,0.636,0.153,0.247,0.14,228
"10_9","ClinicalBERT-stopwords","ClinicalBERT","stopwords",0.999,10,3,0.691,0.272,0.39,0.243,379
"10_9","ClinicalBERT-stopwords","ClinicalBERT","stopwords",0.999,10,4,0.616,0.32,0.421,0.267,499
"10_9","ClinicalBERT-stopwords","ClinicalBERT","stopwords",0.999,15,1,0.616,0.32,0.421,0.267,499
"10_9","ClinicalBERT-stopwords","ClinicalBERT","stopwords",0.999,15,2,0.637,0.154,0.248,0.141,229
"10_9","ClinicalBERT-stopwords","ClinicalBERT","stopwords",0.999,15,3,0.693,0.282,0.401,0.25,391
"10_9","ClinicalBERT-stopwords","ClinicalBERT","stopwords",0.999,15,4,0.618,0.322,0.423,0.269,501
"10_9","ClinicalBERT-stopwords","ClinicalBERT","stopwords",0.999,20,1,0.617,0.323,0.424,0.269,503
"10_9","ClinicalBERT-stopwords","ClinicalBERT","stopwords",0.999,20,2,0.634,0.154,0.248,0.141,230
"10_9","ClinicalBERT-stopwords","ClinicalBERT","stopwords",0.999,20,3,0.693,0.287,0.406,0.255,398
"10_9","ClinicalBERT-stopwords","ClinicalBERT","stopwords",0.999,20,4,0.617,0.326,0.427,0.271,506
"10_9","ClinicalBERT-stopwords","ClinicalBERT","stopwords",0.999,25,1,0.618,0.324,0.425,0.27,504
"10_9","ClinicalBERT-stopwords","ClinicalBERT","stopwords",0.999,25,2,0.634,0.154,0.248,0.141,230
"10_9","ClinicalBERT-stopwords","ClinicalBERT","stopwords",0.999,25,3,0.694,0.29,0.409,0.257,402
"10_9","ClinicalBERT-stopwords","ClinicalBERT","stopwords",0.999,25,4,0.618,0.327,0.428,0.272,507
"10_9","ClinicalBERT-stopwords","ClinicalBERT","stopwords",0.999,30,1,0.618,0.324,0.425,0.27,504
"10_9","ClinicalBERT-stopwords","ClinicalBERT","stopwords",0.999,30,2,0.634,0.154,0.248,0.141,230
"10_9","ClinicalBERT-stopwords","ClinicalBERT","stopwords",0.999,30,3,0.696,0.293,0.412,0.26,405
"10_9","ClinicalBERT-stopwords","ClinicalBERT","stopwords",0.999,30,4,0.618,0.327,0.428,0.272,507
"8_9","ClinicalBERT-stopwords","ClinicalBERT","stopwords",0.95,3,1,0.595,0.758,0.667,0.5,474
"8_9","ClinicalBERT-stopwords","ClinicalBERT","stopwords",0.95,3,2,0.554,0.734,0.631,0.461,491
"8_9","ClinicalBERT-stopwords","ClinicalBERT","stopwords",0.95,3,3,0.633,0.698,0.664,0.497,365
"8_9","ClinicalBERT-stopwords","ClinicalBERT","stopwords",0.95,3,4,0.525,0.792,0.631,0.461,551
"8_9","ClinicalBERT-stopwords","ClinicalBERT","stopwords",0.95,5,1,0.593,0.758,0.665,0.499,475
"8_9","ClinicalBERT-stopwords","ClinicalBERT","stopwords",0.95,5,2,0.509,0.737,0.602,0.431,531
"8_9","ClinicalBERT-stopwords","ClinicalBERT","stopwords",0.95,5,3,0.571,0.716,0.635,0.466,415
"8_9","ClinicalBERT-stopwords","ClinicalBERT","stopwords",0.95,5,4,0.487,0.795,0.604,0.433,592
"8_9","ClinicalBERT-stopwords","ClinicalBERT","stopwords",0.95,10,1,0.589,0.758,0.663,0.496,478
"8_9","ClinicalBERT-stopwords","ClinicalBERT","stopwords",0.95,10,2,0.445,0.743,0.557,0.386,605
"8_9","ClinicalBERT-stopwords","ClinicalBERT","stopwords",0.95,10,3,0.488,0.734,0.586,0.415,498
"8_9","ClinicalBERT-stopwords","ClinicalBERT","stopwords",0.95,10,4,0.432,0.801,0.561,0.39,666
"8_9","ClinicalBERT-stopwords","ClinicalBERT","stopwords",0.95,15,1,0.588,0.758,0.662,0.495,479
"8_9","ClinicalBERT-stopwords","ClinicalBERT","stopwords",0.95,15,2,0.415,0.743,0.533,0.363,645
"8_9","ClinicalBERT-stopwords","ClinicalBERT","stopwords",0.95,15,3,0.452,0.737,0.56,0.389,540
"8_9","ClinicalBERT-stopwords","ClinicalBERT","stopwords",0.95,15,4,0.405,0.801,0.538,0.368,706
"8_9","ClinicalBERT-stopwords","ClinicalBERT","stopwords",0.95,20,1,0.588,0.758,0.662,0.495,479
"8_9","ClinicalBERT-stopwords","ClinicalBERT","stopwords",0.95,20,2,0.397,0.743,0.517,0.349,672
"8_9","ClinicalBERT-stopwords","ClinicalBERT","stopwords",0.95,20,3,0.428,0.74,0.542,0.372,572
"8_9","ClinicalBERT-stopwords","ClinicalBERT","stopwords",0.95,20,4,0.389,0.801,0.524,0.355,733
"8_9","ClinicalBERT-stopwords","ClinicalBERT","stopwords",0.95,25,1,0.588,0.758,0.662,0.495,479
"8_9","ClinicalBERT-stopwords","ClinicalBERT","stopwords",0.95,25,2,0.377,0.743,0.5,0.333,705
"8_9","ClinicalBERT-stopwords","ClinicalBERT","stopwords",0.95,25,3,0.402,0.74,0.521,0.353,609
"8_9","ClinicalBERT-stopwords","ClinicalBERT","stopwords",0.95,25,4,0.371,0.801,0.507,0.34,766
"8_9","ClinicalBERT-stopwords","ClinicalBERT","stopwords",0.95,30,1,0.588,0.758,0.662,0.495,479
"8_9","ClinicalBERT-stopwords","ClinicalBERT","stopwords",0.95,30,2,0.363,0.743,0.488,0.323,729
"8_9","ClinicalBERT-stopwords","ClinicalBERT","stopwords",0.95,30,3,0.386,0.74,0.507,0.34,635
"8_9","ClinicalBERT-stopwords","ClinicalBERT","stopwords",0.95,30,4,0.359,0.801,0.496,0.33,790
"8_9","ClinicalBERT-stopwords","ClinicalBERT","stopwords",0.99,3,1,0.629,0.749,0.684,0.52,431
"8_9","ClinicalBERT-stopwords","ClinicalBERT","stopwords",0.99,3,2,0.681,0.592,0.633,0.463,325
"8_9","ClinicalBERT-stopwords","ClinicalBERT","stopwords",0.99,3,3,0.755,0.671,0.711,0.551,294
"8_9","ClinicalBERT-stopwords","ClinicalBERT","stopwords",0.99,3,4,0.623,0.755,0.683,0.519,438
"8_9","ClinicalBERT-stopwords","ClinicalBERT","stopwords",0.99,5,1,0.628,0.749,0.683,0.519,432
"8_9","ClinicalBERT-stopwords","ClinicalBERT","stopwords",0.99,5,2,0.674,0.592,0.63,0.46,328
"8_9","ClinicalBERT-stopwords","ClinicalBERT","stopwords",0.99,5,3,0.742,0.686,0.713,0.554,306
"8_9","ClinicalBERT-stopwords","ClinicalBERT","stopwords",0.99,5,4,0.617,0.755,0.679,0.514,442
"8_9","ClinicalBERT-stopwords","ClinicalBERT","stopwords",0.99,10,1,0.623,0.749,0.68,0.516,435
"8_9","ClinicalBERT-stopwords","ClinicalBERT","stopwords",0.99,10,2,0.671,0.592,0.629,0.459,329
"8_9","ClinicalBERT-stopwords","ClinicalBERT","stopwords",0.99,10,3,0.729,0.698,0.713,0.554,317
"8_9","ClinicalBERT-stopwords","ClinicalBERT","stopwords",0.99,10,4,0.611,0.755,0.675,0.51,446
"8_9","ClinicalBERT-stopwords","ClinicalBERT","stopwords",0.99,15,1,0.622,0.749,0.68,0.515,436
"8_9","ClinicalBERT-stopwords","ClinicalBERT","stopwords",0.99,15,2,0.671,0.592,0.629,0.459,329
"8_9","ClinicalBERT-stopwords","ClinicalBERT","stopwords",0.99,15,3,0.725,0.701,0.713,0.554,320
"8_9","ClinicalBERT-stopwords","ClinicalBERT","stopwords",0.99,15,4,0.61,0.755,0.675,0.509,447
"8_9","ClinicalBERT-stopwords","ClinicalBERT","stopwords",0.99,20,1,0.622,0.749,0.68,0.515,436
"8_9","ClinicalBERT-stopwords","ClinicalBERT","stopwords",0.99,20,2,0.669,0.592,0.628,0.458,330
"8_9","ClinicalBERT-stopwords","ClinicalBERT","stopwords",0.99,20,3,0.714,0.701,0.707,0.547,325
"8_9","ClinicalBERT-stopwords","ClinicalBERT","stopwords",0.99,20,4,0.608,0.755,0.674,0.508,448
"8_9","ClinicalBERT-stopwords","ClinicalBERT","stopwords",0.99,25,1,0.622,0.749,0.68,0.515,436
"8_9","ClinicalBERT-stopwords","ClinicalBERT","stopwords",0.99,25,2,0.664,0.592,0.626,0.456,332
"8_9","ClinicalBERT-stopwords","ClinicalBERT","stopwords",0.99,25,3,0.703,0.701,0.702,0.541,330
"8_9","ClinicalBERT-stopwords","ClinicalBERT","stopwords",0.99,25,4,0.605,0.755,0.672,0.506,450
"8_9","ClinicalBERT-stopwords","ClinicalBERT","stopwords",0.99,30,1,0.622,0.749,0.68,0.515,436
"8_9","ClinicalBERT-stopwords","ClinicalBERT","stopwords",0.99,30,2,0.658,0.592,0.623,0.453,335
"8_9","ClinicalBERT-stopwords","ClinicalBERT","stopwords",0.99,30,3,0.693,0.701,0.697,0.535,335
"8_9","ClinicalBERT-stopwords","ClinicalBERT","stopwords",0.99,30,4,0.601,0.755,0.669,0.503,453
"8_9","ClinicalBERT-stopwords","ClinicalBERT","stopwords",0.995,3,1,0.641,0.749,0.691,0.528,422
"8_9","ClinicalBERT-stopwords","ClinicalBERT","stopwords",0.995,3,2,0.7,0.571,0.629,0.459,305
"8_9","ClinicalBERT-stopwords","ClinicalBERT","stopwords",0.995,3,3,0.765,0.668,0.713,0.554,289
"8_9","ClinicalBERT-stopwords","ClinicalBERT","stopwords",0.995,3,4,0.64,0.752,0.691,0.529,424
"8_9","ClinicalBERT-stopwords","ClinicalBERT","stopwords",0.995,5,1,0.639,0.749,0.69,0.527,423
"8_9","ClinicalBERT-stopwords","ClinicalBERT","stopwords",0.995,5,2,0.692,0.571,0.626,0.455,308
"8_9","ClinicalBERT-stopwords","ClinicalBERT","stopwords",0.995,5,3,0.751,0.683,0.715,0.557,301
"8_9","ClinicalBERT-stopwords","ClinicalBERT","stopwords",0.995,5,4,0.634,0.752,0.688,0.524,428
"8_9","ClinicalBERT-stopwords","ClinicalBERT","stopwords",0.995,10,1,0.634,0.749,0.687,0.523,426
"8_9","ClinicalBERT-stopwords","ClinicalBERT","stopwords",0.995,10,2,0.692,0.571,0.626,0.455,308
"8_9","ClinicalBERT-stopwords","ClinicalBERT","stopwords",0.995,10,3,0.74,0.695,0.717,0.558,311
"8_9","ClinicalBERT-stopwords","ClinicalBERT","stopwords",0.995,10,4,0.629,0.752,0.685,0.521,431
"8_9","ClinicalBERT-stopwords","ClinicalBERT","stopwords",0.995,15,1,0.633,0.749,0.686,0.522,427
"8_9","ClinicalBERT-stopwords","ClinicalBERT","stopwords",0.995,15,2,0.692,0.571,0.626,0.455,308
"8_9","ClinicalBERT-stopwords","ClinicalBERT","stopwords",0.995,15,3,0.736,0.698,0.716,0.558,314
"8_9","ClinicalBERT-stopwords","ClinicalBERT","stopwords",0.995,15,4,0.627,0.752,0.684,0.52,432
"8_9","ClinicalBERT-stopwords","ClinicalBERT","stopwords",0.995,20,1,0.633,0.749,0.686,0.522,427
"8_9","ClinicalBERT-stopwords","ClinicalBERT","stopwords",0.995,20,2,0.69,0.571,0.625,0.454,309
"8_9","ClinicalBERT-stopwords","ClinicalBERT","stopwords",0.995,20,3,0.724,0.698,0.711,0.551,319
"8_9","ClinicalBERT-stopwords","ClinicalBERT","stopwords",0.995,20,4,0.626,0.752,0.683,0.519,433
"8_9","ClinicalBERT-stopwords","ClinicalBERT","stopwords",0.995,25,1,0.633,0.749,0.686,0.522,427
"8_9","ClinicalBERT-stopwords","ClinicalBERT","stopwords",0.995,25,2,0.69,0.571,0.625,0.454,309
"8_9","ClinicalBERT-stopwords","ClinicalBERT","stopwords",0.995,25,3,0.717,0.698,0.707,0.547,322
"8_9","ClinicalBERT-stopwords","ClinicalBERT","stopwords",0.995,25,4,0.626,0.752,0.683,0.519,433
"8_9","ClinicalBERT-stopwords","ClinicalBERT","stopwords",0.995,30,1,0.633,0.749,0.686,0.522,427
"8_9","ClinicalBERT-stopwords","ClinicalBERT","stopwords",0.995,30,2,0.685,0.571,0.623,0.452,311
"8_9","ClinicalBERT-stopwords","ClinicalBERT","stopwords",0.995,30,3,0.711,0.698,0.704,0.544,325
"8_9","ClinicalBERT-stopwords","ClinicalBERT","stopwords",0.995,30,4,0.623,0.752,0.681,0.517,435
"8_9","ClinicalBERT-stopwords","ClinicalBERT","stopwords",0.999,3,1,0.647,0.743,0.692,0.529,413
"8_9","ClinicalBERT-stopwords","ClinicalBERT","stopwords",0.999,3,2,0.711,0.55,0.62,0.449,289
"8_9","ClinicalBERT-stopwords","ClinicalBERT","stopwords",0.999,3,3,0.767,0.665,0.712,0.553,287
"8_9","ClinicalBERT-stopwords","ClinicalBERT","stopwords",0.999,3,4,0.647,0.743,0.692,0.529,413
"8_9","ClinicalBERT-stopwords","ClinicalBERT","stopwords",0.999,5,1,0.646,0.743,0.691,0.528,414
"8_9","ClinicalBERT-stopwords","ClinicalBERT","stopwords",0.999,5,2,0.711,0.55,0.62,0.449,289
"8_9","ClinicalBERT-stopwords","ClinicalBERT","stopwords",0.999,5,3,0.76,0.68,0.718,0.56,296
"8_9","ClinicalBERT-stopwords","ClinicalBERT","stopwords",0.999,5,4,0.646,0.743,0.691,0.528,414
"8_9","ClinicalBERT-stopwords","ClinicalBERT","stopwords",0.999,10,1,0.641,0.743,0.688,0.525,417
"8_9","ClinicalBERT-stopwords","ClinicalBERT","stopwords",0.999,10,2,0.711,0.55,0.62,0.449,289
"8_9","ClinicalBERT-stopwords","ClinicalBERT","stopwords",0.999,10,3,0.748,0.692,0.719,0.561,306
"8_9","ClinicalBERT-stopwords","ClinicalBERT","stopwords",0.999,10,4,0.641,0.743,0.688,0.525,417
"8_9","ClinicalBERT-stopwords","ClinicalBERT","stopwords",0.999,15,1,0.639,0.743,0.687,0.523,418
"8_9","ClinicalBERT-stopwords","ClinicalBERT","stopwords",0.999,15,2,0.711,0.55,0.62,0.449,289
"8_9","ClinicalBERT-stopwords","ClinicalBERT","stopwords",0.999,15,3,0.744,0.695,0.719,0.561,309
"8_9","ClinicalBERT-stopwords","ClinicalBERT","stopwords",0.999,15,4,0.639,0.743,0.687,0.523,418
"8_9","ClinicalBERT-stopwords","ClinicalBERT","stopwords",0.999,20,1,0.639,0.743,0.687,0.523,418
"8_9","ClinicalBERT-stopwords","ClinicalBERT","stopwords",0.999,20,2,0.711,0.55,0.62,0.449,289
"8_9","ClinicalBERT-stopwords","ClinicalBERT","stopwords",0.999,20,3,0.737,0.695,0.715,0.557,312
"8_9","ClinicalBERT-stopwords","ClinicalBERT","stopwords",0.999,20,4,0.639,0.743,0.687,0.523,418
"8_9","ClinicalBERT-stopwords","ClinicalBERT","stopwords",0.999,25,1,0.639,0.743,0.687,0.523,418
"8_9","ClinicalBERT-stopwords","ClinicalBERT","stopwords",0.999,25,2,0.711,0.55,0.62,0.449,289
"8_9","ClinicalBERT-stopwords","ClinicalBERT","stopwords",0.999,25,3,0.73,0.695,0.712,0.553,315
"8_9","ClinicalBERT-stopwords","ClinicalBERT","stopwords",0.999,25,4,0.639,0.743,0.687,0.523,418
"8_9","ClinicalBERT-stopwords","ClinicalBERT","stopwords",0.999,30,1,0.639,0.743,0.687,0.523,418
"8_9","ClinicalBERT-stopwords","ClinicalBERT","stopwords",0.999,30,2,0.711,0.55,0.62,0.449,289
"8_9","ClinicalBERT-stopwords","ClinicalBERT","stopwords",0.999,30,3,0.728,0.695,0.711,0.552,316
"8_9","ClinicalBERT-stopwords","ClinicalBERT","stopwords",0.999,30,4,0.639,0.743,0.687,0.523,418
"10_9","ClinicalBERT-stopwords-nocode","ClinicalBERT","stopwords",0.95,3,1,0.622,0.365,0.46,0.299,562
"10_9","ClinicalBERT-stopwords-nocode","ClinicalBERT","stopwords",0.95,3,2,0.664,0.323,0.435,0.278,471
"10_9","ClinicalBERT-stopwords-nocode","ClinicalBERT","stopwords",0.95,3,3,0.667,0.265,0.379,0.234,383
"10_9","ClinicalBERT-stopwords-nocode","ClinicalBERT","stopwords",0.95,3,4,0.609,0.384,0.471,0.308,607
"10_9","ClinicalBERT-stopwords-nocode","ClinicalBERT","stopwords",0.95,5,1,0.624,0.376,0.469,0.306,577
"10_9","ClinicalBERT-stopwords-nocode","ClinicalBERT","stopwords",0.95,5,2,0.618,0.338,0.437,0.28,528
"10_9","ClinicalBERT-stopwords-nocode","ClinicalBERT","stopwords",0.95,5,3,0.616,0.298,0.402,0.251,466
"10_9","ClinicalBERT-stopwords-nocode","ClinicalBERT","stopwords",0.95,5,4,0.578,0.406,0.477,0.313,674
"10_9","ClinicalBERT-stopwords-nocode","ClinicalBERT","stopwords",0.95,10,1,0.623,0.377,0.47,0.307,581
"10_9","ClinicalBERT-stopwords-nocode","ClinicalBERT","stopwords",0.95,10,2,0.557,0.365,0.441,0.283,634
"10_9","ClinicalBERT-stopwords-nocode","ClinicalBERT","stopwords",0.95,10,3,0.558,0.347,0.428,0.272,601
"10_9","ClinicalBERT-stopwords-nocode","ClinicalBERT","stopwords",0.95,10,4,0.533,0.432,0.477,0.313,783
"10_9","ClinicalBERT-stopwords-nocode","ClinicalBERT","stopwords",0.95,15,1,0.623,0.377,0.47,0.307,581
"10_9","ClinicalBERT-stopwords-nocode","ClinicalBERT","stopwords",0.95,15,2,0.509,0.379,0.434,0.278,720
"10_9","ClinicalBERT-stopwords-nocode","ClinicalBERT","stopwords",0.95,15,3,0.515,0.374,0.433,0.276,701
"10_9","ClinicalBERT-stopwords-nocode","ClinicalBERT","stopwords",0.95,15,4,0.496,0.446,0.47,0.307,869
"10_9","ClinicalBERT-stopwords-nocode","ClinicalBERT","stopwords",0.95,20,1,0.623,0.38,0.472,0.309,585
"10_9","ClinicalBERT-stopwords-nocode","ClinicalBERT","stopwords",0.95,20,2,0.49,0.387,0.432,0.276,765
"10_9","ClinicalBERT-stopwords-nocode","ClinicalBERT","stopwords",0.95,20,3,0.497,0.39,0.437,0.279,757
"10_9","ClinicalBERT-stopwords-nocode","ClinicalBERT","stopwords",0.95,20,4,0.481,0.458,0.469,0.307,918
"10_9","ClinicalBERT-stopwords-nocode","ClinicalBERT","stopwords",0.95,25,1,0.624,0.381,0.473,0.31,586
"10_9","ClinicalBERT-stopwords-nocode","ClinicalBERT","stopwords",0.95,25,2,0.469,0.398,0.431,0.274,821
"10_9","ClinicalBERT-stopwords-nocode","ClinicalBERT","stopwords",0.95,25,3,0.477,0.402,0.436,0.279,815
"10_9","ClinicalBERT-stopwords-nocode","ClinicalBERT","stopwords",0.95,25,4,0.465,0.469,0.467,0.304,974
"10_9","ClinicalBERT-stopwords-nocode","ClinicalBERT","stopwords",0.95,30,1,0.624,0.381,0.473,0.31,586
"10_9","ClinicalBERT-stopwords-nocode","ClinicalBERT","stopwords",0.95,30,2,0.448,0.403,0.424,0.269,873
"10_9","ClinicalBERT-stopwords-nocode","ClinicalBERT","stopwords",0.95,30,3,0.457,0.411,0.433,0.276,870
"10_9","ClinicalBERT-stopwords-nocode","ClinicalBERT","stopwords",0.95,30,4,0.447,0.474,0.46,0.299,1026
"10_9","ClinicalBERT-stopwords-nocode","ClinicalBERT","stopwords",0.99,3,1,0.642,0.356,0.458,0.297,532
"10_9","ClinicalBERT-stopwords-nocode","ClinicalBERT","stopwords",0.99,3,2,0.727,0.253,0.375,0.231,334
"10_9","ClinicalBERT-stopwords-nocode","ClinicalBERT","stopwords",0.99,3,3,0.697,0.248,0.366,0.224,340
"10_9","ClinicalBERT-stopwords-nocode","ClinicalBERT","stopwords",0.99,3,4,0.644,0.36,0.462,0.3,535
"10_9","ClinicalBERT-stopwords-nocode","ClinicalBERT","stopwords",0.99,5,1,0.644,0.367,0.468,0.305,547
"10_9","ClinicalBERT-stopwords-nocode","ClinicalBERT","stopwords",0.99,5,2,0.723,0.256,0.378,0.233,340
"10_9","ClinicalBERT-stopwords-nocode","ClinicalBERT","stopwords",0.99,5,3,0.695,0.272,0.391,0.243,376
"10_9","ClinicalBERT-stopwords-nocode","ClinicalBERT","stopwords",0.99,5,4,0.644,0.372,0.472,0.309,555
"10_9","ClinicalBERT-stopwords-nocode","ClinicalBERT","stopwords",0.99,10,1,0.642,0.368,0.468,0.306,551
"10_9","ClinicalBERT-stopwords-nocode","ClinicalBERT","stopwords",0.99,10,2,0.72,0.26,0.382,0.236,347
"10_9","ClinicalBERT-stopwords-nocode","ClinicalBERT","stopwords",0.99,10,3,0.699,0.3,0.42,0.266,412
"10_9","ClinicalBERT-stopwords-nocode","ClinicalBERT","stopwords",0.99,10,4,0.641,0.378,0.476,0.312,566
"10_9","ClinicalBERT-stopwords-nocode","ClinicalBERT","stopwords",0.99,15,1,0.642,0.368,0.468,0.306,551
"10_9","ClinicalBERT-stopwords-nocode","ClinicalBERT","stopwords",0.99,15,2,0.719,0.263,0.385,0.238,350
"10_9","ClinicalBERT-stopwords-nocode","ClinicalBERT","stopwords",0.99,15,3,0.703,0.314,0.434,0.277,428
"10_9","ClinicalBERT-stopwords-nocode","ClinicalBERT","stopwords",0.99,15,4,0.641,0.38,0.477,0.313,569
"10_9","ClinicalBERT-stopwords-nocode","ClinicalBERT","stopwords",0.99,20,1,0.643,0.371,0.471,0.308,555
"10_9","ClinicalBERT-stopwords-nocode","ClinicalBERT","stopwords",0.99,20,2,0.717,0.265,0.387,0.24,354
"10_9","ClinicalBERT-stopwords-nocode","ClinicalBERT","stopwords",0.99,20,3,0.699,0.322,0.441,0.283,442
"10_9","ClinicalBERT-stopwords-nocode","ClinicalBERT","stopwords",0.99,20,4,0.641,0.385,0.481,0.317,577
"10_9","ClinicalBERT-stopwords-nocode","ClinicalBERT","stopwords",0.99,25,1,0.644,0.372,0.472,0.309,556
"10_9","ClinicalBERT-stopwords-nocode","ClinicalBERT","stopwords",0.99,25,2,0.711,0.266,0.387,0.24,358
"10_9","ClinicalBERT-stopwords-nocode","ClinicalBERT","stopwords",0.99,25,3,0.697,0.327,0.445,0.286,449
"10_9","ClinicalBERT-stopwords-nocode","ClinicalBERT","stopwords",0.99,25,4,0.639,0.387,0.482,0.318,582
"10_9","ClinicalBERT-stopwords-nocode","ClinicalBERT","stopwords",0.99,30,1,0.644,0.372,0.472,0.309,556
"10_9","ClinicalBERT-stopwords-nocode","ClinicalBERT","stopwords",0.99,30,2,0.707,0.266,0.387,0.239,360
"10_9","ClinicalBERT-stopwords-nocode","ClinicalBERT","stopwords",0.99,30,3,0.696,0.33,0.448,0.288,454
"10_9","ClinicalBERT-stopwords-nocode","ClinicalBERT","stopwords",0.99,30,4,0.637,0.387,0.481,0.317,584
"10_9","ClinicalBERT-stopwords-nocode","ClinicalBERT","stopwords",0.995,3,1,0.646,0.353,0.457,0.296,523
"10_9","ClinicalBERT-stopwords-nocode","ClinicalBERT","stopwords",0.995,3,2,0.732,0.242,0.364,0.223,317
"10_9","ClinicalBERT-stopwords-nocode","ClinicalBERT","stopwords",0.995,3,3,0.696,0.247,0.365,0.223,339
"10_9","ClinicalBERT-stopwords-nocode","ClinicalBERT","stopwords",0.995,3,4,0.648,0.355,0.459,0.298,525
"10_9","ClinicalBERT-stopwords-nocode","ClinicalBERT","stopwords",0.995,5,1,0.648,0.364,0.466,0.304,538
"10_9","ClinicalBERT-stopwords-nocode","ClinicalBERT","stopwords",0.995,5,2,0.731,0.243,0.365,0.223,319
"10_9","ClinicalBERT-stopwords-nocode","ClinicalBERT","stopwords",0.995,5,3,0.696,0.267,0.386,0.239,368
"10_9","ClinicalBERT-stopwords-nocode","ClinicalBERT","stopwords",0.995,5,4,0.648,0.366,0.468,0.305,541
"10_9","ClinicalBERT-stopwords-nocode","ClinicalBERT","stopwords",0.995,10,1,0.647,0.365,0.467,0.304,542
"10_9","ClinicalBERT-stopwords-nocode","ClinicalBERT","stopwords",0.995,10,2,0.728,0.245,0.367,0.225,323
"10_9","ClinicalBERT-stopwords-nocode","ClinicalBERT","stopwords",0.995,10,3,0.701,0.292,0.412,0.26,401
"10_9","ClinicalBERT-stopwords-nocode","ClinicalBERT","stopwords",0.995,10,4,0.646,0.369,0.47,0.307,549
"10_9","ClinicalBERT-stopwords-nocode","ClinicalBERT","stopwords",0.995,15,1,0.647,0.365,0.467,0.304,542
"10_9","ClinicalBERT-stopwords-nocode","ClinicalBERT","stopwords",0.995,15,2,0.727,0.248,0.37,0.227,326
"10_9","ClinicalBERT-stopwords-nocode","ClinicalBERT","stopwords",0.995,15,3,0.705,0.306,0.427,0.272,417
"10_9","ClinicalBERT-stopwords-nocode","ClinicalBERT","stopwords",0.995,15,4,0.646,0.371,0.471,0.309,552
"10_9","ClinicalBERT-stopwords-nocode","ClinicalBERT","stopwords",0.995,20,1,0.647,0.368,0.469,0.307,546
"10_9","ClinicalBERT-stopwords-nocode","ClinicalBERT","stopwords",0.995,20,2,0.728,0.249,0.371,0.228,327
"10_9","ClinicalBERT-stopwords-nocode","ClinicalBERT","stopwords",0.995,20,3,0.703,0.314,0.434,0.277,428
"10_9","ClinicalBERT-stopwords-nocode","ClinicalBERT","stopwords",0.995,20,4,0.647,0.376,0.476,0.312,557
"10_9","ClinicalBERT-stopwords-nocode","ClinicalBERT","stopwords",0.995,25,1,0.648,0.369,0.47,0.308,547
"10_9","ClinicalBERT-stopwords-nocode","ClinicalBERT","stopwords",0.995,25,2,0.729,0.25,0.372,0.229,328
"10_9","ClinicalBERT-stopwords-nocode","ClinicalBERT","stopwords",0.995,25,3,0.706,0.318,0.438,0.281,432
"10_9","ClinicalBERT-stopwords-nocode","ClinicalBERT","stopwords",0.995,25,4,0.648,0.378,0.477,0.314,559
"10_9","ClinicalBERT-stopwords-nocode","ClinicalBERT","stopwords",0.995,30,1,0.648,0.369,0.47,0.308,547
"10_9","ClinicalBERT-stopwords-nocode","ClinicalBERT","stopwords",0.995,30,2,0.729,0.25,0.372,0.229,328
"10_9","ClinicalBERT-stopwords-nocode","ClinicalBERT","stopwords",0.995,30,3,0.708,0.321,0.442,0.284,435
"10_9","ClinicalBERT-stopwords-nocode","ClinicalBERT","stopwords",0.995,30,4,0.648,0.378,0.477,0.314,559
"10_9","ClinicalBERT-stopwords-nocode","ClinicalBERT","stopwords",0.999,3,1,0.657,0.349,0.456,0.295,508
"10_9","ClinicalBERT-stopwords-nocode","ClinicalBERT","stopwords",0.999,3,2,0.751,0.232,0.354,0.215,295
"10_9","ClinicalBERT-stopwords-nocode","ClinicalBERT","stopwords",0.999,3,3,0.695,0.245,0.362,0.222,338
"10_9","ClinicalBERT-stopwords-nocode","ClinicalBERT","stopwords",0.999,3,4,0.657,0.35,0.457,0.296,509
"10_9","ClinicalBERT-stopwords-nocode","ClinicalBERT","stopwords",0.999,5,1,0.658,0.36,0.465,0.303,523
"10_9","ClinicalBERT-stopwords-nocode","ClinicalBERT","stopwords",0.999,5,2,0.751,0.232,0.354,0.215,295
"10_9","ClinicalBERT-stopwords-nocode","ClinicalBERT","stopwords",0.999,5,3,0.697,0.265,0.384,0.237,365
"10_9","ClinicalBERT-stopwords-nocode","ClinicalBERT","stopwords",0.999,5,4,0.659,0.361,0.466,0.304,524
"10_9","ClinicalBERT-stopwords-nocode","ClinicalBERT","stopwords",0.999,10,1,0.656,0.361,0.466,0.303,527
"10_9","ClinicalBERT-stopwords-nocode","ClinicalBERT","stopwords",0.999,10,2,0.751,0.232,0.354,0.215,295
"10_9","ClinicalBERT-stopwords-nocode","ClinicalBERT","stopwords",0.999,10,3,0.703,0.288,0.409,0.257,394
"10_9","ClinicalBERT-stopwords-nocode","ClinicalBERT","stopwords",0.999,10,4,0.657,0.362,0.467,0.304,528
"10_9","ClinicalBERT-stopwords-nocode","ClinicalBERT","stopwords",0.999,15,1,0.656,0.361,0.466,0.303,527
"10_9","ClinicalBERT-stopwords-nocode","ClinicalBERT","stopwords",0.999,15,2,0.752,0.233,0.356,0.216,296
"10_9","ClinicalBERT-stopwords-nocode","ClinicalBERT","stopwords",0.999,15,3,0.709,0.301,0.423,0.268,408
"10_9","ClinicalBERT-stopwords-nocode","ClinicalBERT","stopwords",0.999,15,4,0.658,0.363,0.468,0.305,529
"10_9","ClinicalBERT-stopwords-nocode","ClinicalBERT","stopwords",0.999,20,1,0.657,0.364,0.468,0.306,531
"10_9","ClinicalBERT-stopwords-nocode","ClinicalBERT","stopwords",0.999,20,2,0.753,0.234,0.357,0.217,297
"10_9","ClinicalBERT-stopwords-nocode","ClinicalBERT","stopwords",0.999,20,3,0.708,0.308,0.429,0.274,418
"10_9","ClinicalBERT-stopwords-nocode","ClinicalBERT","stopwords",0.999,20,4,0.659,0.367,0.471,0.309,534
"10_9","ClinicalBERT-stopwords-nocode","ClinicalBERT","stopwords",0.999,25,1,0.658,0.365,0.47,0.307,532
"10_9","ClinicalBERT-stopwords-nocode","ClinicalBERT","stopwords",0.999,25,2,0.753,0.234,0.357,0.217,297
"10_9","ClinicalBERT-stopwords-nocode","ClinicalBERT","stopwords",0.999,25,3,0.71,0.312,0.434,0.277,421
"10_9","ClinicalBERT-stopwords-nocode","ClinicalBERT","stopwords",0.999,25,4,0.66,0.368,0.473,0.309,535
"10_9","ClinicalBERT-stopwords-nocode","ClinicalBERT","stopwords",0.999,30,1,0.658,0.365,0.47,0.307,532
"10_9","ClinicalBERT-stopwords-nocode","ClinicalBERT","stopwords",0.999,30,2,0.753,0.234,0.357,0.217,297
"10_9","ClinicalBERT-stopwords-nocode","ClinicalBERT","stopwords",0.999,30,3,0.713,0.315,0.437,0.279,424
"10_9","ClinicalBERT-stopwords-nocode","ClinicalBERT","stopwords",0.999,30,4,0.66,0.368,0.473,0.309,535
"8_9","ClinicalBERT-stopwords-nocode","ClinicalBERT","stopwords",0.95,3,1,0.579,0.743,0.651,0.482,476
"8_9","ClinicalBERT-stopwords-nocode","ClinicalBERT","stopwords",0.95,3,2,0.543,0.713,0.616,0.445,486
"8_9","ClinicalBERT-stopwords-nocode","ClinicalBERT","stopwords",0.95,3,3,0.64,0.698,0.668,0.501,361
"8_9","ClinicalBERT-stopwords-nocode","ClinicalBERT","stopwords",0.95,3,4,0.516,0.782,0.622,0.451,553
"8_9","ClinicalBERT-stopwords-nocode","ClinicalBERT","stopwords",0.95,5,1,0.577,0.743,0.65,0.481,477
"8_9","ClinicalBERT-stopwords-nocode","ClinicalBERT","stopwords",0.95,5,2,0.494,0.716,0.585,0.413,531
"8_9","ClinicalBERT-stopwords-nocode","ClinicalBERT","stopwords",0.95,5,3,0.568,0.716,0.633,0.464,417
"8_9","ClinicalBERT-stopwords-nocode","ClinicalBERT","stopwords",0.95,5,4,0.474,0.785,0.591,0.42,599
"8_9","ClinicalBERT-stopwords-nocode","ClinicalBERT","stopwords",0.95,10,1,0.573,0.743,0.647,0.479,480
"8_9","ClinicalBERT-stopwords-nocode","ClinicalBERT","stopwords",0.95,10,2,0.429,0.716,0.537,0.367,603
"8_9","ClinicalBERT-stopwords-nocode","ClinicalBERT","stopwords",0.95,10,3,0.484,0.728,0.581,0.41,498
"8_9","ClinicalBERT-stopwords-nocode","ClinicalBERT","stopwords",0.95,10,4,0.419,0.785,0.546,0.376,672
"8_9","ClinicalBERT-stopwords-nocode","ClinicalBERT","stopwords",0.95,15,1,0.572,0.743,0.646,0.478,481
"8_9","ClinicalBERT-stopwords-nocode","ClinicalBERT","stopwords",0.95,15,2,0.4,0.719,0.514,0.346,646
"8_9","ClinicalBERT-stopwords-nocode","ClinicalBERT","stopwords",0.95,15,3,0.447,0.734,0.556,0.384,544
"8_9","ClinicalBERT-stopwords-nocode","ClinicalBERT","stopwords",0.95,15,4,0.392,0.789,0.524,0.355,716
"8_9","ClinicalBERT-stopwords-nocode","ClinicalBERT","stopwords",0.95,20,1,0.572,0.743,0.646,0.478,481
"8_9","ClinicalBERT-stopwords-nocode","ClinicalBERT","stopwords",0.95,20,2,0.381,0.722,0.499,0.332,679
"8_9","ClinicalBERT-stopwords-nocode","ClinicalBERT","stopwords",0.95,20,3,0.42,0.737,0.535,0.365,581
"8_9","ClinicalBERT-stopwords-nocode","ClinicalBERT","stopwords",0.95,20,4,0.375,0.792,0.509,0.342,749
"8_9","ClinicalBERT-stopwords-nocode","ClinicalBERT","stopwords",0.95,25,1,0.572,0.743,0.646,0.478,481
"8_9","ClinicalBERT-stopwords-nocode","ClinicalBERT","stopwords",0.95,25,2,0.359,0.722,0.48,0.316,716
"8_9","ClinicalBERT-stopwords-nocode","ClinicalBERT","stopwords",0.95,25,3,0.394,0.737,0.513,0.345,620
"8_9","ClinicalBERT-stopwords-nocode","ClinicalBERT","stopwords",0.95,25,4,0.356,0.792,0.491,0.326,786
"8_9","ClinicalBERT-stopwords-nocode","ClinicalBERT","stopwords",0.95,30,1,0.572,0.743,0.646,0.478,481
"8_9","ClinicalBERT-stopwords-nocode","ClinicalBERT","stopwords",0.95,30,2,0.346,0.722,0.468,0.305,742
"8_9","ClinicalBERT-stopwords-nocode","ClinicalBERT","stopwords",0.95,30,3,0.376,0.737,0.498,0.332,649
"8_9","ClinicalBERT-stopwords-nocode","ClinicalBERT","stopwords",0.95,30,4,0.344,0.792,0.48,0.316,812
"8_9","ClinicalBERT-stopwords-nocode","ClinicalBERT","stopwords",0.99,3,1,0.621,0.734,0.673,0.507,424
"8_9","ClinicalBERT-stopwords-nocode","ClinicalBERT","stopwords",0.99,3,2,0.655,0.55,0.598,0.426,311
"8_9","ClinicalBERT-stopwords-nocode","ClinicalBERT","stopwords",0.99,3,3,0.754,0.659,0.703,0.542,289
"8_9","ClinicalBERT-stopwords-nocode","ClinicalBERT","stopwords",0.99,3,4,0.613,0.737,0.669,0.503,431
"8_9","ClinicalBERT-stopwords-nocode","ClinicalBERT","stopwords",0.99,5,1,0.62,0.734,0.672,0.506,425
"8_9","ClinicalBERT-stopwords-nocode","ClinicalBERT","stopwords",0.99,5,2,0.652,0.55,0.597,0.425,312
"8_9","ClinicalBERT-stopwords-nocode","ClinicalBERT","stopwords",0.99,5,3,0.743,0.674,0.707,0.547,300
"8_9","ClinicalBERT-stopwords-nocode","ClinicalBERT","stopwords",0.99,5,4,0.61,0.737,0.668,0.501,433
"8_9","ClinicalBERT-stopwords-nocode","ClinicalBERT","stopwords",0.99,10,1,0.615,0.734,0.669,0.503,428
"8_9","ClinicalBERT-stopwords-nocode","ClinicalBERT","stopwords",0.99,10,2,0.634,0.55,0.589,0.417,320
"8_9","ClinicalBERT-stopwords-nocode","ClinicalBERT","stopwords",0.99,10,3,0.712,0.686,0.699,0.537,319
"8_9","ClinicalBERT-stopwords-nocode","ClinicalBERT","stopwords",0.99,10,4,0.594,0.737,0.658,0.49,444
"8_9","ClinicalBERT-stopwords-nocode","ClinicalBERT","stopwords",0.99,15,1,0.614,0.734,0.669,0.502,429
"8_9","ClinicalBERT-stopwords-nocode","ClinicalBERT","stopwords",0.99,15,2,0.632,0.55,0.588,0.416,321
"8_9","ClinicalBERT-stopwords-nocode","ClinicalBERT","stopwords",0.99,15,3,0.706,0.689,0.697,0.535,323
"8_9","ClinicalBERT-stopwords-nocode","ClinicalBERT","stopwords",0.99,15,4,0.591,0.737,0.656,0.488,446
"8_9","ClinicalBERT-stopwords-nocode","ClinicalBERT","stopwords",0.99,20,1,0.614,0.734,0.669,0.502,429
"8_9","ClinicalBERT-stopwords-nocode","ClinicalBERT","stopwords",0.99,20,2,0.632,0.55,0.588,0.416,321
"8_9","ClinicalBERT-stopwords-nocode","ClinicalBERT","stopwords",0.99,20,3,0.697,0.689,0.693,0.53,327
"8_9","ClinicalBERT-stopwords-nocode","ClinicalBERT","stopwords",0.99,20,4,0.591,0.737,0.656,0.488,446
"8_9","ClinicalBERT-stopwords-nocode","ClinicalBERT","stopwords",0.99,25,1,0.614,0.734,0.669,0.502,429
"8_9","ClinicalBERT-stopwords-nocode","ClinicalBERT","stopwords",0.99,25,2,0.628,0.55,0.586,0.415,323
"8_9","ClinicalBERT-stopwords-nocode","ClinicalBERT","stopwords",0.99,25,3,0.691,0.689,0.69,0.527,330
"8_9","ClinicalBERT-stopwords-nocode","ClinicalBERT","stopwords",0.99,25,4,0.588,0.737,0.654,0.486,448
"8_9","ClinicalBERT-stopwords-nocode","ClinicalBERT","stopwords",0.99,30,1,0.614,0.734,0.669,0.502,429
"8_9","ClinicalBERT-stopwords-nocode","ClinicalBERT","stopwords",0.99,30,2,0.617,0.55,0.582,0.41,328
"8_9","ClinicalBERT-stopwords-nocode","ClinicalBERT","stopwords",0.99,30,3,0.675,0.689,0.682,0.517,338
"8_9","ClinicalBERT-stopwords-nocode","ClinicalBERT","stopwords",0.99,30,4,0.581,0.737,0.65,0.481,453
"8_9","ClinicalBERT-stopwords-nocode","ClinicalBERT","stopwords",0.995,3,1,0.638,0.734,0.683,0.518,410
"8_9","ClinicalBERT-stopwords-nocode","ClinicalBERT","stopwords",0.995,3,2,0.689,0.535,0.602,0.431,286
"8_9","ClinicalBERT-stopwords-nocode","ClinicalBERT","stopwords",0.995,3,3,0.767,0.656,0.707,0.547,283
"8_9","ClinicalBERT-stopwords-nocode","ClinicalBERT","stopwords",0.995,3,4,0.636,0.734,0.681,0.517,411
"8_9","ClinicalBERT-stopwords-nocode","ClinicalBERT","stopwords",0.995,5,1,0.636,0.734,0.681,0.517,411
"8_9","ClinicalBERT-stopwords-nocode","ClinicalBERT","stopwords",0.995,5,2,0.686,0.535,0.601,0.43,287
"8_9","ClinicalBERT-stopwords-nocode","ClinicalBERT","stopwords",0.995,5,3,0.755,0.671,0.711,0.551,294
"8_9","ClinicalBERT-stopwords-nocode","ClinicalBERT","stopwords",0.995,5,4,0.633,0.734,0.68,0.515,413
"8_9","ClinicalBERT-stopwords-nocode","ClinicalBERT","stopwords",0.995,10,1,0.631,0.734,0.679,0.514,414
"8_9","ClinicalBERT-stopwords-nocode","ClinicalBERT","stopwords",0.995,10,2,0.673,0.535,0.596,0.424,292
"8_9","ClinicalBERT-stopwords-nocode","ClinicalBERT","stopwords",0.995,10,3,0.731,0.683,0.706,0.546,309
"8_9","ClinicalBERT-stopwords-nocode","ClinicalBERT","stopwords",0.995,10,4,0.62,0.734,0.672,0.506,421
"8_9","ClinicalBERT-stopwords-nocode","ClinicalBERT","stopwords",0.995,15,1,0.63,0.734,0.678,0.513,415
"8_9","ClinicalBERT-stopwords-nocode","ClinicalBERT","stopwords",0.995,15,2,0.67,0.535,0.595,0.423,293
"8_9","ClinicalBERT-stopwords-nocode","ClinicalBERT","stopwords",0.995,15,3,0.725,0.686,0.705,0.544,313
"8_9","ClinicalBERT-stopwords-nocode","ClinicalBERT","stopwords",0.995,15,4,0.617,0.734,0.67,0.504,423
"8_9","ClinicalBERT-stopwords-nocode","ClinicalBERT","stopwords",0.995,20,1,0.63,0.734,0.678,0.513,415
"8_9","ClinicalBERT-stopwords-nocode","ClinicalBERT","stopwords",0.995,20,2,0.67,0.535,0.595,0.423,293
"8_9","ClinicalBERT-stopwords-nocode","ClinicalBERT","stopwords",0.995,20,3,0.718,0.686,0.702,0.54,316
"8_9","ClinicalBERT-stopwords-nocode","ClinicalBERT","stopwords",0.995,20,4,0.617,0.734,0.67,0.504,423
"8_9","ClinicalBERT-stopwords-nocode","ClinicalBERT","stopwords",0.995,25,1,0.63,0.734,0.678,0.513,415
"8_9","ClinicalBERT-stopwords-nocode","ClinicalBERT","stopwords",0.995,25,2,0.668,0.535,0.594,0.422,294
"8_9","ClinicalBERT-stopwords-nocode","ClinicalBERT","stopwords",0.995,25,3,0.714,0.686,0.7,0.538,318
"8_9","ClinicalBERT-stopwords-nocode","ClinicalBERT","stopwords",0.995,25,4,0.615,0.734,0.669,0.503,424
"8_9","ClinicalBERT-stopwords-nocode","ClinicalBERT","stopwords",0.995,30,1,0.63,0.734,0.678,0.513,415
"8_9","ClinicalBERT-stopwords-nocode","ClinicalBERT","stopwords",0.995,30,2,0.66,0.535,0.591,0.419,297
"8_9","ClinicalBERT-stopwords-nocode","ClinicalBERT","stopwords",0.995,30,3,0.701,0.686,0.693,0.53,324
"8_9","ClinicalBERT-stopwords-nocode","ClinicalBERT","stopwords",0.995,30,4,0.611,0.734,0.667,0.5,427
"8_9","ClinicalBERT-stopwords-nocode","ClinicalBERT","stopwords",0.999,3,1,0.649,0.731,0.688,0.524,397
"8_9","ClinicalBERT-stopwords-nocode","ClinicalBERT","stopwords",0.999,3,2,0.706,0.523,0.601,0.429,269
"8_9","ClinicalBERT-stopwords-nocode","ClinicalBERT","stopwords",0.999,3,3,0.77,0.656,0.708,0.548,282
"8_9","ClinicalBERT-stopwords-nocode","ClinicalBERT","stopwords",0.999,3,4,0.649,0.731,0.688,0.524,397
"8_9","ClinicalBERT-stopwords-nocode","ClinicalBERT","stopwords",0.999,5,1,0.647,0.731,0.686,0.523,398
"8_9","ClinicalBERT-stopwords-nocode","ClinicalBERT","stopwords",0.999,5,2,0.706,0.523,0.601,0.429,269
"8_9","ClinicalBERT-stopwords-nocode","ClinicalBERT","stopwords",0.999,5,3,0.76,0.671,0.713,0.554,292
"8_9","ClinicalBERT-stopwords-nocode","ClinicalBERT","stopwords",0.999,5,4,0.647,0.731,0.686,0.523,398
"8_9","ClinicalBERT-stopwords-nocode","ClinicalBERT","stopwords",0.999,10,1,0.642,0.731,0.684,0.519,401
"8_9","ClinicalBERT-stopwords-nocode","ClinicalBERT","stopwords",0.999,10,2,0.703,0.523,0.6,0.428,270
"8_9","ClinicalBERT-stopwords-nocode","ClinicalBERT","stopwords",0.999,10,3,0.746,0.683,0.713,0.554,303
"8_9","ClinicalBERT-stopwords-nocode","ClinicalBERT","stopwords",0.999,10,4,0.64,0.731,0.682,0.518,402
"8_9","ClinicalBERT-stopwords-nocode","ClinicalBERT","stopwords",0.999,15,1,0.64,0.731,0.682,0.518,402
"8_9","ClinicalBERT-stopwords-nocode","ClinicalBERT","stopwords",0.999,15,2,0.703,0.523,0.6,0.428,270
"8_9","ClinicalBERT-stopwords-nocode","ClinicalBERT","stopwords",0.999,15,3,0.742,0.686,0.713,0.554,306
"8_9","ClinicalBERT-stopwords-nocode","ClinicalBERT","stopwords",0.999,15,4,0.639,0.731,0.682,0.517,403
"8_9","ClinicalBERT-stopwords-nocode","ClinicalBERT","stopwords",0.999,20,1,0.64,0.731,0.682,0.518,402
"8_9","ClinicalBERT-stopwords-nocode","ClinicalBERT","stopwords",0.999,20,2,0.703,0.523,0.6,0.428,270
"8_9","ClinicalBERT-stopwords-nocode","ClinicalBERT","stopwords",0.999,20,3,0.735,0.686,0.71,0.55,309
"8_9","ClinicalBERT-stopwords-nocode","ClinicalBERT","stopwords",0.999,20,4,0.639,0.731,0.682,0.517,403
"8_9","ClinicalBERT-stopwords-nocode","ClinicalBERT","stopwords",0.999,25,1,0.64,0.731,0.682,0.518,402
"8_9","ClinicalBERT-stopwords-nocode","ClinicalBERT","stopwords",0.999,25,2,0.703,0.523,0.6,0.428,270
"8_9","ClinicalBERT-stopwords-nocode","ClinicalBERT","stopwords",0.999,25,3,0.732,0.686,0.708,0.548,310
"8_9","ClinicalBERT-stopwords-nocode","ClinicalBERT","stopwords",0.999,25,4,0.639,0.731,0.682,0.517,403
"8_9","ClinicalBERT-stopwords-nocode","ClinicalBERT","stopwords",0.999,30,1,0.64,0.731,0.682,0.518,402
"8_9","ClinicalBERT-stopwords-nocode","ClinicalBERT","stopwords",0.999,30,2,0.703,0.523,0.6,0.428,270
"8_9","ClinicalBERT-stopwords-nocode","ClinicalBERT","stopwords",0.999,30,3,0.725,0.686,0.705,0.544,313
"8_9","ClinicalBERT-stopwords-nocode","ClinicalBERT","stopwords",0.999,30,4,0.639,0.731,0.682,0.517,403
"10_9","ClinicalBERT-stopwords-raw","ClinicalBERT","stopwords_raw",0.95,3,1,0.535,0.33,0.408,0.256,594
"10_9","ClinicalBERT-stopwords-raw","ClinicalBERT","stopwords_raw",0.95,3,2,0.515,0.299,0.378,0.233,561
"10_9","ClinicalBERT-stopwords-raw","ClinicalBERT","stopwords_raw",0.95,3,3,0.609,0.266,0.37,0.227,419
"10_9","ClinicalBERT-stopwords-raw","ClinicalBERT","stopwords_raw",0.95,3,4,0.505,0.356,0.418,0.264,680
"10_9","ClinicalBERT-stopwords-raw","ClinicalBERT","stopwords_raw",0.95,5,1,0.537,0.339,0.416,0.263,609
"10_9","ClinicalBERT-stopwords-raw","ClinicalBERT","stopwords_raw",0.95,5,2,0.476,0.32,0.383,0.237,650
"10_9","ClinicalBERT-stopwords-raw","ClinicalBERT","stopwords_raw",0.95,5,3,0.55,0.302,0.39,0.242,528
"10_9","ClinicalBERT-stopwords-raw","ClinicalBERT","stopwords_raw",0.95,5,4,0.475,0.383,0.424,0.269,777
"10_9","ClinicalBERT-stopwords-raw","ClinicalBERT","stopwords_raw",0.95,10,1,0.536,0.34,0.416,0.263,613
"10_9","ClinicalBERT-stopwords-raw","ClinicalBERT","stopwords_raw",0.95,10,2,0.41,0.349,0.377,0.232,824
"10_9","ClinicalBERT-stopwords-raw","ClinicalBERT","stopwords_raw",0.95,10,3,0.464,0.348,0.398,0.248,723
"10_9","ClinicalBERT-stopwords-raw","ClinicalBERT","stopwords_raw",0.95,10,4,0.417,0.412,0.414,0.262,954
"10_9","ClinicalBERT-stopwords-raw","ClinicalBERT","stopwords_raw",0.95,15,1,0.537,0.342,0.418,0.264,614
"10_9","ClinicalBERT-stopwords-raw","ClinicalBERT","stopwords_raw",0.95,15,2,0.38,0.369,0.374,0.231,939
"10_9","ClinicalBERT-stopwords-raw","ClinicalBERT","stopwords_raw",0.95,15,3,0.425,0.376,0.399,0.249,852
"10_9","ClinicalBERT-stopwords-raw","ClinicalBERT","stopwords_raw",0.95,15,4,0.39,0.432,0.41,0.258,1069
"10_9","ClinicalBERT-stopwords-raw","ClinicalBERT","stopwords_raw",0.95,20,1,0.538,0.345,0.42,0.266,618
"10_9","ClinicalBERT-stopwords-raw","ClinicalBERT","stopwords_raw",0.95,20,2,0.36,0.382,0.371,0.228,1023
"10_9","ClinicalBERT-stopwords-raw","ClinicalBERT","stopwords_raw",0.95,20,3,0.402,0.394,0.398,0.248,941
"10_9","ClinicalBERT-stopwords-raw","ClinicalBERT","stopwords_raw",0.95,20,4,0.372,0.446,0.406,0.255,1154
"10_9","ClinicalBERT-stopwords-raw","ClinicalBERT","stopwords_raw",0.95,25,1,0.539,0.346,0.421,0.267,619
"10_9","ClinicalBERT-stopwords-raw","ClinicalBERT","stopwords_raw",0.95,25,2,0.344,0.393,0.367,0.225,1104
"10_9","ClinicalBERT-stopwords-raw","ClinicalBERT","stopwords_raw",0.95,25,3,0.383,0.408,0.395,0.246,1026
"10_9","ClinicalBERT-stopwords-raw","ClinicalBERT","stopwords_raw",0.95,25,4,0.358,0.458,0.402,0.251,1236
"10_9","ClinicalBERT-stopwords-raw","ClinicalBERT","stopwords_raw",0.95,30,1,0.539,0.346,0.421,0.267,619
"10_9","ClinicalBERT-stopwords-raw","ClinicalBERT","stopwords_raw",0.95,30,2,0.326,0.4,0.359,0.219,1185
"10_9","ClinicalBERT-stopwords-raw","ClinicalBERT","stopwords_raw",0.95,30,3,0.363,0.418,0.389,0.241,1110
"10_9","ClinicalBERT-stopwords-raw","ClinicalBERT","stopwords_raw",0.95,30,4,0.341,0.465,0.393,0.245,1317
"10_9","ClinicalBERT-stopwords-raw","ClinicalBERT","stopwords_raw",0.99,3,1,0.585,0.322,0.415,0.262,529
"10_9","ClinicalBERT-stopwords-raw","ClinicalBERT","stopwords_raw",0.99,3,2,0.613,0.196,0.297,0.175,308
"10_9","ClinicalBERT-stopwords-raw","ClinicalBERT","stopwords_raw",0.99,3,3,0.695,0.245,0.362,0.222,340
"10_9","ClinicalBERT-stopwords-raw","ClinicalBERT","stopwords_raw",0.99,3,4,0.59,0.329,0.422,0.268,536
"10_9","ClinicalBERT-stopwords-raw","ClinicalBERT","stopwords_raw",0.99,5,1,0.587,0.332,0.424,0.269,544
"10_9","ClinicalBERT-stopwords-raw","ClinicalBERT","stopwords_raw",0.99,5,2,0.609,0.196,0.297,0.174,310
"10_9","ClinicalBERT-stopwords-raw","ClinicalBERT","stopwords_raw",0.99,5,3,0.693,0.265,0.383,0.237,368
"10_9","ClinicalBERT-stopwords-raw","ClinicalBERT","stopwords_raw",0.99,5,4,0.589,0.338,0.43,0.274,553
"10_9","ClinicalBERT-stopwords-raw","ClinicalBERT","stopwords_raw",0.99,10,1,0.585,0.333,0.424,0.269,548
"10_9","ClinicalBERT-stopwords-raw","ClinicalBERT","stopwords_raw",0.99,10,2,0.601,0.201,0.301,0.177,321
"10_9","ClinicalBERT-stopwords-raw","ClinicalBERT","stopwords_raw",0.99,10,3,0.688,0.285,0.403,0.252,399
"10_9","ClinicalBERT-stopwords-raw","ClinicalBERT","stopwords_raw",0.99,10,4,0.583,0.344,0.433,0.276,568
"10_9","ClinicalBERT-stopwords-raw","ClinicalBERT","stopwords_raw",0.99,15,1,0.586,0.334,0.425,0.27,549
"10_9","ClinicalBERT-stopwords-raw","ClinicalBERT","stopwords_raw",0.99,15,2,0.594,0.202,0.301,0.177,326
"10_9","ClinicalBERT-stopwords-raw","ClinicalBERT","stopwords_raw",0.99,15,3,0.68,0.295,0.411,0.259,417
"10_9","ClinicalBERT-stopwords-raw","ClinicalBERT","stopwords_raw",0.99,15,4,0.581,0.346,0.434,0.277,574
"10_9","ClinicalBERT-stopwords-raw","ClinicalBERT","stopwords_raw",0.99,20,1,0.587,0.337,0.428,0.273,553
"10_9","ClinicalBERT-stopwords-raw","ClinicalBERT","stopwords_raw",0.99,20,2,0.59,0.204,0.303,0.179,332
"10_9","ClinicalBERT-stopwords-raw","ClinicalBERT","stopwords_raw",0.99,20,3,0.68,0.304,0.42,0.266,430
"10_9","ClinicalBERT-stopwords-raw","ClinicalBERT","stopwords_raw",0.99,20,4,0.58,0.351,0.437,0.28,583
"10_9","ClinicalBERT-stopwords-raw","ClinicalBERT","stopwords_raw",0.99,25,1,0.588,0.338,0.429,0.274,554
"10_9","ClinicalBERT-stopwords-raw","ClinicalBERT","stopwords_raw",0.99,25,2,0.587,0.205,0.304,0.179,335
"10_9","ClinicalBERT-stopwords-raw","ClinicalBERT","stopwords_raw",0.99,25,3,0.678,0.308,0.424,0.269,437
"10_9","ClinicalBERT-stopwords-raw","ClinicalBERT","stopwords_raw",0.99,25,4,0.58,0.353,0.439,0.281,587
"10_9","ClinicalBERT-stopwords-raw","ClinicalBERT","stopwords_raw",0.99,30,1,0.588,0.338,0.429,0.274,554
"10_9","ClinicalBERT-stopwords-raw","ClinicalBERT","stopwords_raw",0.99,30,2,0.573,0.205,0.302,0.178,343
"10_9","ClinicalBERT-stopwords-raw","ClinicalBERT","stopwords_raw",0.99,30,3,0.668,0.312,0.425,0.27,448
"10_9","ClinicalBERT-stopwords-raw","ClinicalBERT","stopwords_raw",0.99,30,4,0.572,0.353,0.437,0.279,595
"10_9","ClinicalBERT-stopwords-raw","ClinicalBERT","stopwords_raw",0.995,3,1,0.599,0.313,0.411,0.259,502
"10_9","ClinicalBERT-stopwords-raw","ClinicalBERT","stopwords_raw",0.995,3,2,0.62,0.171,0.268,0.155,266
"10_9","ClinicalBERT-stopwords-raw","ClinicalBERT","stopwords_raw",0.995,3,3,0.69,0.24,0.356,0.217,335
"10_9","ClinicalBERT-stopwords-raw","ClinicalBERT","stopwords_raw",0.995,3,4,0.602,0.316,0.414,0.261,506
"10_9","ClinicalBERT-stopwords-raw","ClinicalBERT","stopwords_raw",0.995,5,1,0.601,0.323,0.42,0.266,518
"10_9","ClinicalBERT-stopwords-raw","ClinicalBERT","stopwords_raw",0.995,5,2,0.62,0.171,0.268,0.155,266
"10_9","ClinicalBERT-stopwords-raw","ClinicalBERT","stopwords_raw",0.995,5,3,0.692,0.259,0.377,0.233,361
"10_9","ClinicalBERT-stopwords-raw","ClinicalBERT","stopwords_raw",0.995,5,4,0.604,0.327,0.424,0.269,522
"10_9","ClinicalBERT-stopwords-raw","ClinicalBERT","stopwords_raw",0.995,10,1,0.6,0.324,0.421,0.267,522
"10_9","ClinicalBERT-stopwords-raw","ClinicalBERT","stopwords_raw",0.995,10,2,0.614,0.173,0.27,0.156,272
"10_9","ClinicalBERT-stopwords-raw","ClinicalBERT","stopwords_raw",0.995,10,3,0.691,0.277,0.395,0.247,387
"10_9","ClinicalBERT-stopwords-raw","ClinicalBERT","stopwords_raw",0.995,10,4,0.599,0.33,0.426,0.27,532
"10_9","ClinicalBERT-stopwords-raw","ClinicalBERT","stopwords_raw",0.995,15,1,0.6,0.326,0.422,0.268,523
"10_9","ClinicalBERT-stopwords-raw","ClinicalBERT","stopwords_raw",0.995,15,2,0.613,0.174,0.271,0.157,274
"10_9","ClinicalBERT-stopwords-raw","ClinicalBERT","stopwords_raw",0.995,15,3,0.688,0.287,0.405,0.254,402
"10_9","ClinicalBERT-stopwords-raw","ClinicalBERT","stopwords_raw",0.995,15,4,0.599,0.332,0.427,0.272,535
"10_9","ClinicalBERT-stopwords-raw","ClinicalBERT","stopwords_raw",0.995,20,1,0.602,0.329,0.425,0.27,527
"10_9","ClinicalBERT-stopwords-raw","ClinicalBERT","stopwords_raw",0.995,20,2,0.608,0.174,0.271,0.156,276
"10_9","ClinicalBERT-stopwords-raw","ClinicalBERT","stopwords_raw",0.995,20,3,0.688,0.293,0.411,0.259,411
"10_9","ClinicalBERT-stopwords-raw","ClinicalBERT","stopwords_raw",0.995,20,4,0.598,0.335,0.429,0.274,541
"10_9","ClinicalBERT-stopwords-raw","ClinicalBERT","stopwords_raw",0.995,25,1,0.602,0.33,0.426,0.271,528
"10_9","ClinicalBERT-stopwords-raw","ClinicalBERT","stopwords_raw",0.995,25,2,0.606,0.174,0.27,0.156,277
"10_9","ClinicalBERT-stopwords-raw","ClinicalBERT","stopwords_raw",0.995,25,3,0.686,0.297,0.415,0.261,416
"10_9","ClinicalBERT-stopwords-raw","ClinicalBERT","stopwords_raw",0.995,25,4,0.598,0.336,0.43,0.274,543
"10_9","ClinicalBERT-stopwords-raw","ClinicalBERT","stopwords_raw",0.995,30,1,0.602,0.33,0.426,0.271,528
"10_9","ClinicalBERT-stopwords-raw","ClinicalBERT","stopwords_raw",0.995,30,2,0.601,0.174,0.27,0.156,279
"10_9","ClinicalBERT-stopwords-raw","ClinicalBERT","stopwords_raw",0.995,30,3,0.685,0.3,0.417,0.264,421
"10_9","ClinicalBERT-stopwords-raw","ClinicalBERT","stopwords_raw",0.995,30,4,0.595,0.336,0.429,0.274,545
"10_9","ClinicalBERT-stopwords-raw","ClinicalBERT","stopwords_raw",0.999,3,1,0.619,0.308,0.411,0.259,477
"10_9","ClinicalBERT-stopwords-raw","ClinicalBERT","stopwords_raw",0.999,3,2,0.641,0.153,0.247,0.141,226
"10_9","ClinicalBERT-stopwords-raw","ClinicalBERT","stopwords_raw",0.999,3,3,0.687,0.237,0.352,0.214,331
"10_9","ClinicalBERT-stopwords-raw","ClinicalBERT","stopwords_raw",0.999,3,4,0.619,0.308,0.411,0.259,477
"10_9","ClinicalBERT-stopwords-raw","ClinicalBERT","stopwords_raw",0.999,5,1,0.62,0.319,0.421,0.267,493
"10_9","ClinicalBERT-stopwords-raw","ClinicalBERT","stopwords_raw",0.999,5,2,0.641,0.153,0.247,0.141,226
"10_9","ClinicalBERT-stopwords-raw","ClinicalBERT","stopwords_raw",0.999,5,3,0.689,0.255,0.372,0.229,356
"10_9","ClinicalBERT-stopwords-raw","ClinicalBERT","stopwords_raw",0.999,5,4,0.62,0.319,0.421,0.267,493
"10_9","ClinicalBERT-stopwords-raw","ClinicalBERT","stopwords_raw",0.999,10,1,0.619,0.32,0.422,0.267,497
"10_9","ClinicalBERT-stopwords-raw","ClinicalBERT","stopwords_raw",0.999,10,2,0.643,0.154,0.248,0.142,227
"10_9","ClinicalBERT-stopwords-raw","ClinicalBERT","stopwords_raw",0.999,10,3,0.695,0.272,0.391,0.243,377
"10_9","ClinicalBERT-stopwords-raw","ClinicalBERT","stopwords_raw",0.999,10,4,0.619,0.321,0.423,0.268,498
"10_9","ClinicalBERT-stopwords-raw","ClinicalBERT","stopwords_raw",0.999,15,1,0.619,0.321,0.423,0.268,498
"10_9","ClinicalBERT-stopwords-raw","ClinicalBERT","stopwords_raw",0.999,15,2,0.644,0.155,0.25,0.143,228
"10_9","ClinicalBERT-stopwords-raw","ClinicalBERT","stopwords_raw",0.999,15,3,0.697,0.282,0.402,0.251,389
"10_9","ClinicalBERT-stopwords-raw","ClinicalBERT","stopwords_raw",0.999,15,4,0.621,0.323,0.425,0.27,500
"10_9","ClinicalBERT-stopwords-raw","ClinicalBERT","stopwords_raw",0.999,20,1,0.62,0.324,0.426,0.271,502
"10_9","ClinicalBERT-stopwords-raw","ClinicalBERT","stopwords_raw",0.999,20,2,0.642,0.155,0.25,0.142,229
"10_9","ClinicalBERT-stopwords-raw","ClinicalBERT","stopwords_raw",0.999,20,3,0.697,0.287,0.407,0.255,396
"10_9","ClinicalBERT-stopwords-raw","ClinicalBERT","stopwords_raw",0.999,20,4,0.621,0.327,0.428,0.272,505
"10_9","ClinicalBERT-stopwords-raw","ClinicalBERT","stopwords_raw",0.999,25,1,0.621,0.326,0.428,0.272,503
"10_9","ClinicalBERT-stopwords-raw","ClinicalBERT","stopwords_raw",0.999,25,2,0.642,0.155,0.25,0.142,229
"10_9","ClinicalBERT-stopwords-raw","ClinicalBERT","stopwords_raw",0.999,25,3,0.697,0.29,0.41,0.258,400
"10_9","ClinicalBERT-stopwords-raw","ClinicalBERT","stopwords_raw",0.999,25,4,0.621,0.328,0.429,0.273,506
"10_9","ClinicalBERT-stopwords-raw","ClinicalBERT","stopwords_raw",0.999,30,1,0.621,0.326,0.428,0.272,503
"10_9","ClinicalBERT-stopwords-raw","ClinicalBERT","stopwords_raw",0.999,30,2,0.642,0.155,0.25,0.142,229
"10_9","ClinicalBERT-stopwords-raw","ClinicalBERT","stopwords_raw",0.999,30,3,0.7,0.293,0.413,0.261,403
"10_9","ClinicalBERT-stopwords-raw","ClinicalBERT","stopwords_raw",0.999,30,4,0.621,0.328,0.429,0.273,506
"8_9","ClinicalBERT-stopwords-raw","ClinicalBERT","stopwords_raw",0.95,3,1,0.599,0.761,0.67,0.504,473
"8_9","ClinicalBERT-stopwords-raw","ClinicalBERT","stopwords_raw",0.95,3,2,0.557,0.737,0.634,0.465,490
"8_9","ClinicalBERT-stopwords-raw","ClinicalBERT","stopwords_raw",0.95,3,3,0.633,0.698,0.664,0.497,365
"8_9","ClinicalBERT-stopwords-raw","ClinicalBERT","stopwords_raw",0.95,3,4,0.528,0.795,0.635,0.465,550
"8_9","ClinicalBERT-stopwords-raw","ClinicalBERT","stopwords_raw",0.95,5,1,0.597,0.761,0.669,0.503,474
"8_9","ClinicalBERT-stopwords-raw","ClinicalBERT","stopwords_raw",0.95,5,2,0.513,0.74,0.606,0.434,530
"8_9","ClinicalBERT-stopwords-raw","ClinicalBERT","stopwords_raw",0.95,5,3,0.571,0.716,0.635,0.466,415
"8_9","ClinicalBERT-stopwords-raw","ClinicalBERT","stopwords_raw",0.95,5,4,0.49,0.798,0.607,0.436,591
"8_9","ClinicalBERT-stopwords-raw","ClinicalBERT","stopwords_raw",0.95,10,1,0.593,0.761,0.667,0.5,477
"8_9","ClinicalBERT-stopwords-raw","ClinicalBERT","stopwords_raw",0.95,10,2,0.446,0.746,0.558,0.387,606
"8_9","ClinicalBERT-stopwords-raw","ClinicalBERT","stopwords_raw",0.95,10,3,0.486,0.734,0.585,0.413,500
"8_9","ClinicalBERT-stopwords-raw","ClinicalBERT","stopwords_raw",0.95,10,4,0.433,0.804,0.563,0.391,667
"8_9","ClinicalBERT-stopwords-raw","ClinicalBERT","stopwords_raw",0.95,15,1,0.592,0.761,0.666,0.499,478
"8_9","ClinicalBERT-stopwords-raw","ClinicalBERT","stopwords_raw",0.95,15,2,0.415,0.746,0.533,0.364,647
"8_9","ClinicalBERT-stopwords-raw","ClinicalBERT","stopwords_raw",0.95,15,3,0.449,0.737,0.558,0.387,543
"8_9","ClinicalBERT-stopwords-raw","ClinicalBERT","stopwords_raw",0.95,15,4,0.405,0.804,0.539,0.369,708
"8_9","ClinicalBERT-stopwords-raw","ClinicalBERT","stopwords_raw",0.95,20,1,0.592,0.761,0.666,0.499,478
"8_9","ClinicalBERT-stopwords-raw","ClinicalBERT","stopwords_raw",0.95,20,2,0.396,0.746,0.517,0.349,675
"8_9","ClinicalBERT-stopwords-raw","ClinicalBERT","stopwords_raw",0.95,20,3,0.426,0.74,0.541,0.371,575
"8_9","ClinicalBERT-stopwords-raw","ClinicalBERT","stopwords_raw",0.95,20,4,0.389,0.804,0.524,0.355,736
"8_9","ClinicalBERT-stopwords-raw","ClinicalBERT","stopwords_raw",0.95,25,1,0.592,0.761,0.666,0.499,478
"8_9","ClinicalBERT-stopwords-raw","ClinicalBERT","stopwords_raw",0.95,25,2,0.377,0.746,0.501,0.334,708
"8_9","ClinicalBERT-stopwords-raw","ClinicalBERT","stopwords_raw",0.95,25,3,0.4,0.74,0.519,0.351,612
"8_9","ClinicalBERT-stopwords-raw","ClinicalBERT","stopwords_raw",0.95,25,4,0.371,0.804,0.508,0.34,769
"8_9","ClinicalBERT-stopwords-raw","ClinicalBERT","stopwords_raw",0.95,30,1,0.592,0.761,0.666,0.499,478
"8_9","ClinicalBERT-stopwords-raw","ClinicalBERT","stopwords_raw",0.95,30,2,0.362,0.746,0.487,0.322,734
"8_9","ClinicalBERT-stopwords-raw","ClinicalBERT","stopwords_raw",0.95,30,3,0.383,0.74,0.505,0.337,640
"8_9","ClinicalBERT-stopwords-raw","ClinicalBERT","stopwords_raw",0.95,30,4,0.358,0.804,0.495,0.329,795
"8_9","ClinicalBERT-stopwords-raw","ClinicalBERT","stopwords_raw",0.99,3,1,0.63,0.752,0.686,0.522,433
"8_9","ClinicalBERT-stopwords-raw","ClinicalBERT","stopwords_raw",0.99,3,2,0.683,0.598,0.638,0.468,328
"8_9","ClinicalBERT-stopwords-raw","ClinicalBERT","stopwords_raw",0.99,3,3,0.756,0.674,0.713,0.553,295
"8_9","ClinicalBERT-stopwords-raw","ClinicalBERT","stopwords_raw",0.99,3,4,0.625,0.761,0.686,0.523,441
"8_9","ClinicalBERT-stopwords-raw","ClinicalBERT","stopwords_raw",0.99,5,1,0.629,0.752,0.685,0.521,434
"8_9","ClinicalBERT-stopwords-raw","ClinicalBERT","stopwords_raw",0.99,5,2,0.676,0.598,0.635,0.465,331
"8_9","ClinicalBERT-stopwords-raw","ClinicalBERT","stopwords_raw",0.99,5,3,0.743,0.689,0.715,0.556,307
"8_9","ClinicalBERT-stopwords-raw","ClinicalBERT","stopwords_raw",0.99,5,4,0.619,0.761,0.683,0.519,445
"8_9","ClinicalBERT-stopwords-raw","ClinicalBERT","stopwords_raw",0.99,10,1,0.624,0.752,0.682,0.518,437
"8_9","ClinicalBERT-stopwords-raw","ClinicalBERT","stopwords_raw",0.99,10,2,0.673,0.598,0.633,0.464,332
"8_9","ClinicalBERT-stopwords-raw","ClinicalBERT","stopwords_raw",0.99,10,3,0.73,0.701,0.715,0.556,318
"8_9","ClinicalBERT-stopwords-raw","ClinicalBERT","stopwords_raw",0.99,10,4,0.613,0.761,0.679,0.514,449
"8_9","ClinicalBERT-stopwords-raw","ClinicalBERT","stopwords_raw",0.99,15,1,0.623,0.752,0.681,0.517,438
"8_9","ClinicalBERT-stopwords-raw","ClinicalBERT","stopwords_raw",0.99,15,2,0.673,0.598,0.633,0.464,332
"8_9","ClinicalBERT-stopwords-raw","ClinicalBERT","stopwords_raw",0.99,15,3,0.726,0.704,0.715,0.556,321
"8_9","ClinicalBERT-stopwords-raw","ClinicalBERT","stopwords_raw",0.99,15,4,0.612,0.761,0.678,0.513,450
"8_9","ClinicalBERT-stopwords-raw","ClinicalBERT","stopwords_raw",0.99,20,1,0.623,0.752,0.681,0.517,438
"8_9","ClinicalBERT-stopwords-raw","ClinicalBERT","stopwords_raw",0.99,20,2,0.669,0.598,0.632,0.462,334
"8_9","ClinicalBERT-stopwords-raw","ClinicalBERT","stopwords_raw",0.99,20,3,0.715,0.704,0.709,0.55,326
"8_9","ClinicalBERT-stopwords-raw","ClinicalBERT","stopwords_raw",0.99,20,4,0.609,0.761,0.677,0.511,452
"8_9","ClinicalBERT-stopwords-raw","ClinicalBERT","stopwords_raw",0.99,25,1,0.623,0.752,0.681,0.517,438
"8_9","ClinicalBERT-stopwords-raw","ClinicalBERT","stopwords_raw",0.99,25,2,0.664,0.598,0.629,0.459,336
"8_9","ClinicalBERT-stopwords-raw","ClinicalBERT","stopwords_raw",0.99,25,3,0.704,0.704,0.704,0.543,331
"8_9","ClinicalBERT-stopwords-raw","ClinicalBERT","stopwords_raw",0.99,25,4,0.606,0.761,0.675,0.509,454
"8_9","ClinicalBERT-stopwords-raw","ClinicalBERT","stopwords_raw",0.99,30,1,0.623,0.752,0.681,0.517,438
"8_9","ClinicalBERT-stopwords-raw","ClinicalBERT","stopwords_raw",0.99,30,2,0.658,0.598,0.627,0.456,339
"8_9","ClinicalBERT-stopwords-raw","ClinicalBERT","stopwords_raw",0.99,30,3,0.693,0.704,0.698,0.537,336
"8_9","ClinicalBERT-stopwords-raw","ClinicalBERT","stopwords_raw",0.99,30,4,0.601,0.761,0.672,0.506,457
"8_9","ClinicalBERT-stopwords-raw","ClinicalBERT","stopwords_raw",0.995,3,1,0.642,0.749,0.691,0.529,421
"8_9","ClinicalBERT-stopwords-raw","ClinicalBERT","stopwords_raw",0.995,3,2,0.703,0.571,0.63,0.46,304
"8_9","ClinicalBERT-stopwords-raw","ClinicalBERT","stopwords_raw",0.995,3,3,0.764,0.665,0.711,0.551,288
"8_9","ClinicalBERT-stopwords-raw","ClinicalBERT","stopwords_raw",0.995,3,4,0.642,0.752,0.693,0.53,423
"8_9","ClinicalBERT-stopwords-raw","ClinicalBERT","stopwords_raw",0.995,5,1,0.641,0.749,0.691,0.528,422
"8_9","ClinicalBERT-stopwords-raw","ClinicalBERT","stopwords_raw",0.995,5,2,0.695,0.571,0.627,0.457,307
"8_9","ClinicalBERT-stopwords-raw","ClinicalBERT","stopwords_raw",0.995,5,3,0.75,0.68,0.713,0.554,300
"8_9","ClinicalBERT-stopwords-raw","ClinicalBERT","stopwords_raw",0.995,5,4,0.635,0.752,0.689,0.525,427
"8_9","ClinicalBERT-stopwords-raw","ClinicalBERT","stopwords_raw",0.995,10,1,0.636,0.749,0.688,0.524,425
"8_9","ClinicalBERT-stopwords-raw","ClinicalBERT","stopwords_raw",0.995,10,2,0.695,0.571,0.627,0.457,307
"8_9","ClinicalBERT-stopwords-raw","ClinicalBERT","stopwords_raw",0.995,10,3,0.739,0.692,0.715,0.556,310
"8_9","ClinicalBERT-stopwords-raw","ClinicalBERT","stopwords_raw",0.995,10,4,0.63,0.752,0.686,0.522,430
"8_9","ClinicalBERT-stopwords-raw","ClinicalBERT","stopwords_raw",0.995,15,1,0.634,0.749,0.687,0.523,426
"8_9","ClinicalBERT-stopwords-raw","ClinicalBERT","stopwords_raw",0.995,15,2,0.695,0.571,0.627,0.457,307
"8_9","ClinicalBERT-stopwords-raw","ClinicalBERT","stopwords_raw",0.995,15,3,0.735,0.695,0.714,0.556,313
"8_9","ClinicalBERT-stopwords-raw","ClinicalBERT","stopwords_raw",0.995,15,4,0.629,0.752,0.685,0.521,431
"8_9","ClinicalBERT-stopwords-raw","ClinicalBERT","stopwords_raw",0.995,20,1,0.634,0.749,0.687,0.523,426
"8_9","ClinicalBERT-stopwords-raw","ClinicalBERT","stopwords_raw",0.995,20,2,0.69,0.571,0.625,0.454,309
"8_9","ClinicalBERT-stopwords-raw","ClinicalBERT","stopwords_raw",0.995,20,3,0.723,0.695,0.709,0.549,318
"8_9","ClinicalBERT-stopwords-raw","ClinicalBERT","stopwords_raw",0.995,20,4,0.626,0.752,0.683,0.519,433
"8_9","ClinicalBERT-stopwords-raw","ClinicalBERT","stopwords_raw",0.995,25,1,0.634,0.749,0.687,0.523,426
"8_9","ClinicalBERT-stopwords-raw","ClinicalBERT","stopwords_raw",0.995,25,2,0.69,0.571,0.625,0.454,309
"8_9","ClinicalBERT-stopwords-raw","ClinicalBERT","stopwords_raw",0.995,25,3,0.717,0.695,0.706,0.545,321
"8_9","ClinicalBERT-stopwords-raw","ClinicalBERT","stopwords_raw",0.995,25,4,0.626,0.752,0.683,0.519,433
"8_9","ClinicalBERT-stopwords-raw","ClinicalBERT","stopwords_raw",0.995,30,1,0.634,0.749,0.687,0.523,426
"8_9","ClinicalBERT-stopwords-raw","ClinicalBERT","stopwords_raw",0.995,30,2,0.685,0.571,0.623,0.452,311
"8_9","ClinicalBERT-stopwords-raw","ClinicalBERT","stopwords_raw",0.995,30,3,0.71,0.695,0.702,0.541,324
"8_9","ClinicalBERT-stopwords-raw","ClinicalBERT","stopwords_raw",0.995,30,4,0.623,0.752,0.681,0.517,435
"8_9","ClinicalBERT-stopwords-raw","ClinicalBERT","stopwords_raw",0.999,3,1,0.651,0.743,0.694,0.531,411
"8_9","ClinicalBERT-stopwords-raw","ClinicalBERT","stopwords_raw",0.999,3,2,0.717,0.55,0.622,0.452,287
"8_9","ClinicalBERT-stopwords-raw","ClinicalBERT","stopwords_raw",0.999,3,3,0.766,0.662,0.71,0.55,286
"8_9","ClinicalBERT-stopwords-raw","ClinicalBERT","stopwords_raw",0.999,3,4,0.651,0.743,0.694,0.531,411
"8_9","ClinicalBERT-stopwords-raw","ClinicalBERT","stopwords_raw",0.999,5,1,0.649,0.743,0.693,0.53,412
"8_9","ClinicalBERT-stopwords-raw","ClinicalBERT","stopwords_raw",0.999,5,2,0.717,0.55,0.622,0.452,287
"8_9","ClinicalBERT-stopwords-raw","ClinicalBERT","stopwords_raw",0.999,5,3,0.759,0.677,0.716,0.557,295
"8_9","ClinicalBERT-stopwords-raw","ClinicalBERT","stopwords_raw",0.999,5,4,0.649,0.743,0.693,0.53,412
"8_9","ClinicalBERT-stopwords-raw","ClinicalBERT","stopwords_raw",0.999,10,1,0.644,0.743,0.69,0.527,415
"8_9","ClinicalBERT-stopwords-raw","ClinicalBERT","stopwords_raw",0.999,10,2,0.717,0.55,0.622,0.452,287
"8_9","ClinicalBERT-stopwords-raw","ClinicalBERT","stopwords_raw",0.999,10,3,0.748,0.689,0.717,0.559,305
"8_9","ClinicalBERT-stopwords-raw","ClinicalBERT","stopwords_raw",0.999,10,4,0.644,0.743,0.69,0.527,415
"8_9","ClinicalBERT-stopwords-raw","ClinicalBERT","stopwords_raw",0.999,15,1,0.642,0.743,0.689,0.526,416
"8_9","ClinicalBERT-stopwords-raw","ClinicalBERT","stopwords_raw",0.999,15,2,0.717,0.55,0.622,0.452,287
"8_9","ClinicalBERT-stopwords-raw","ClinicalBERT","stopwords_raw",0.999,15,3,0.744,0.692,0.717,0.559,308
"8_9","ClinicalBERT-stopwords-raw","ClinicalBERT","stopwords_raw",0.999,15,4,0.642,0.743,0.689,0.526,416
"8_9","ClinicalBERT-stopwords-raw","ClinicalBERT","stopwords_raw",0.999,20,1,0.642,0.743,0.689,0.526,416
"8_9","ClinicalBERT-stopwords-raw","ClinicalBERT","stopwords_raw",0.999,20,2,0.717,0.55,0.622,0.452,287
"8_9","ClinicalBERT-stopwords-raw","ClinicalBERT","stopwords_raw",0.999,20,3,0.739,0.692,0.715,0.556,310
"8_9","ClinicalBERT-stopwords-raw","ClinicalBERT","stopwords_raw",0.999,20,4,0.642,0.743,0.689,0.526,416
"8_9","ClinicalBERT-stopwords-raw","ClinicalBERT","stopwords_raw",0.999,25,1,0.642,0.743,0.689,0.526,416
"8_9","ClinicalBERT-stopwords-raw","ClinicalBERT","stopwords_raw",0.999,25,2,0.717,0.55,0.622,0.452,287
"8_9","ClinicalBERT-stopwords-raw","ClinicalBERT","stopwords_raw",0.999,25,3,0.732,0.692,0.711,0.552,313
"8_9","ClinicalBERT-stopwords-raw","ClinicalBERT","stopwords_raw",0.999,25,4,0.642,0.743,0.689,0.526,416
"8_9","ClinicalBERT-stopwords-raw","ClinicalBERT","stopwords_raw",0.999,30,1,0.642,0.743,0.689,0.526,416
"8_9","ClinicalBERT-stopwords-raw","ClinicalBERT","stopwords_raw",0.999,30,2,0.717,0.55,0.622,0.452,287
"8_9","ClinicalBERT-stopwords-raw","ClinicalBERT","stopwords_raw",0.999,30,3,0.729,0.692,0.71,0.55,314
"8_9","ClinicalBERT-stopwords-raw","ClinicalBERT","stopwords_raw",0.999,30,4,0.642,0.743,0.689,0.526,416
"10_9","ClinicalBERT-stripped","ClinicalBERT","stripped",0.95,3,1,0.541,0.333,0.412,0.26,593
"10_9","ClinicalBERT-stripped","ClinicalBERT","stripped",0.95,3,2,0.523,0.303,0.384,0.237,562
"10_9","ClinicalBERT-stripped","ClinicalBERT","stripped",0.95,3,3,0.609,0.266,0.37,0.227,420
"10_9","ClinicalBERT-stripped","ClinicalBERT","stripped",0.95,3,4,0.509,0.36,0.422,0.267,682
"10_9","ClinicalBERT-stripped","ClinicalBERT","stripped",0.95,5,1,0.543,0.343,0.42,0.266,608
"10_9","ClinicalBERT-stripped","ClinicalBERT","stripped",0.95,5,2,0.482,0.324,0.388,0.241,653
"10_9","ClinicalBERT-stripped","ClinicalBERT","stripped",0.95,5,3,0.548,0.302,0.389,0.242,530
"10_9","ClinicalBERT-stripped","ClinicalBERT","stripped",0.95,5,4,0.478,0.386,0.427,0.272,781
"10_9","ClinicalBERT-stripped","ClinicalBERT","stripped",0.95,10,1,0.542,0.344,0.421,0.266,612
"10_9","ClinicalBERT-stripped","ClinicalBERT","stripped",0.95,10,2,0.417,0.353,0.382,0.237,821
"10_9","ClinicalBERT-stripped","ClinicalBERT","stripped",0.95,10,3,0.466,0.349,0.399,0.249,722
"10_9","ClinicalBERT-stripped","ClinicalBERT","stripped",0.95,10,4,0.422,0.415,0.418,0.265,952
"10_9","ClinicalBERT-stripped","ClinicalBERT","stripped",0.95,15,1,0.543,0.345,0.422,0.267,613
"10_9","ClinicalBERT-stripped","ClinicalBERT","stripped",0.95,15,2,0.389,0.372,0.38,0.235,929
"10_9","ClinicalBERT-stripped","ClinicalBERT","stripped",0.95,15,3,0.43,0.376,0.401,0.251,843
"10_9","ClinicalBERT-stripped","ClinicalBERT","stripped",0.95,15,4,0.396,0.434,0.414,0.261,1060
"10_9","ClinicalBERT-stripped","ClinicalBERT","stripped",0.95,20,1,0.544,0.348,0.424,0.269,617
"10_9","ClinicalBERT-stripped","ClinicalBERT","stripped",0.95,20,2,0.368,0.385,0.376,0.232,1014
"10_9","ClinicalBERT-stripped","ClinicalBERT","stripped",0.95,20,3,0.406,0.394,0.4,0.25,933
"10_9","ClinicalBERT-stripped","ClinicalBERT","stripped",0.95,20,4,0.378,0.448,0.41,0.258,1146
"10_9","ClinicalBERT-stripped","ClinicalBERT","stripped",0.95,25,1,0.545,0.349,0.426,0.27,618
"10_9","ClinicalBERT-stripped","ClinicalBERT","stripped",0.95,25,2,0.352,0.396,0.373,0.229,1090
"10_9","ClinicalBERT-stripped","ClinicalBERT","stripped",0.95,25,3,0.387,0.408,0.397,0.248,1014
"10_9","ClinicalBERT-stripped","ClinicalBERT","stripped",0.95,25,4,0.363,0.46,0.406,0.255,1223
"10_9","ClinicalBERT-stripped","ClinicalBERT","stripped",0.95,30,1,0.545,0.349,0.426,0.27,618
"10_9","ClinicalBERT-stripped","ClinicalBERT","stripped",0.95,30,2,0.335,0.404,0.366,0.224,1170
"10_9","ClinicalBERT-stripped","ClinicalBERT","stripped",0.95,30,3,0.368,0.419,0.392,0.244,1097
"10_9","ClinicalBERT-stripped","ClinicalBERT","stripped",0.95,30,4,0.347,0.469,0.399,0.249,1303
"10_9","ClinicalBERT-stripped","ClinicalBERT","stripped",0.99,3,1,0.593,0.327,0.422,0.267,530
"10_9","ClinicalBERT-stripped","ClinicalBERT","stripped",0.99,3,2,0.626,0.202,0.305,0.18,310
"10_9","ClinicalBERT-stripped","ClinicalBERT","stripped",0.99,3,3,0.695,0.245,0.362,0.222,339
"10_9","ClinicalBERT-stripped","ClinicalBERT","stripped",0.99,3,4,0.597,0.333,0.428,0.272,538
"10_9","ClinicalBERT-stripped","ClinicalBERT","stripped",0.99,5,1,0.594,0.336,0.429,0.273,545
"10_9","ClinicalBERT-stripped","ClinicalBERT","stripped",0.99,5,2,0.621,0.203,0.306,0.18,315
"10_9","ClinicalBERT-stripped","ClinicalBERT","stripped",0.99,5,3,0.694,0.266,0.385,0.238,369
"10_9","ClinicalBERT-stripped","ClinicalBERT","stripped",0.99,5,4,0.595,0.344,0.436,0.279,558
"10_9","ClinicalBERT-stripped","ClinicalBERT","stripped",0.99,10,1,0.593,0.337,0.43,0.274,549
"10_9","ClinicalBERT-stripped","ClinicalBERT","stripped",0.99,10,2,0.613,0.208,0.311,0.184,327
"10_9","ClinicalBERT-stripped","ClinicalBERT","stripped",0.99,10,3,0.687,0.288,0.406,0.255,404
"10_9","ClinicalBERT-stripped","ClinicalBERT","stripped",0.99,10,4,0.59,0.35,0.439,0.282,574
"10_9","ClinicalBERT-stripped","ClinicalBERT","stripped",0.99,15,1,0.594,0.338,0.431,0.275,550
"10_9","ClinicalBERT-stripped","ClinicalBERT","stripped",0.99,15,2,0.606,0.21,0.312,0.185,334
"10_9","ClinicalBERT-stripped","ClinicalBERT","stripped",0.99,15,3,0.681,0.299,0.416,0.262,422
"10_9","ClinicalBERT-stripped","ClinicalBERT","stripped",0.99,15,4,0.587,0.353,0.441,0.283,582
"10_9","ClinicalBERT-stripped","ClinicalBERT","stripped",0.99,20,1,0.595,0.342,0.434,0.277,554
"10_9","ClinicalBERT-stripped","ClinicalBERT","stripped",0.99,20,2,0.599,0.213,0.314,0.187,343
"10_9","ClinicalBERT-stripped","ClinicalBERT","stripped",0.99,20,3,0.679,0.309,0.425,0.27,438
"10_9","ClinicalBERT-stripped","ClinicalBERT","stripped",0.99,20,4,0.585,0.36,0.446,0.287,594
"10_9","ClinicalBERT-stripped","ClinicalBERT","stripped",0.99,25,1,0.596,0.343,0.435,0.278,555
"10_9","ClinicalBERT-stripped","ClinicalBERT","stripped",0.99,25,2,0.598,0.216,0.317,0.188,347
"10_9","ClinicalBERT-stripped","ClinicalBERT","stripped",0.99,25,3,0.677,0.315,0.43,0.274,447
"10_9","ClinicalBERT-stripped","ClinicalBERT","stripped",0.99,25,4,0.585,0.363,0.448,0.289,599
"10_9","ClinicalBERT-stripped","ClinicalBERT","stripped",0.99,30,1,0.596,0.343,0.435,0.278,555
"10_9","ClinicalBERT-stripped","ClinicalBERT","stripped",0.99,30,2,0.584,0.216,0.315,0.187,355
"10_9","ClinicalBERT-stripped","ClinicalBERT","stripped",0.99,30,3,0.667,0.318,0.431,0.274,458
"10_9","ClinicalBERT-stripped","ClinicalBERT","stripped",0.99,30,4,0.577,0.363,0.446,0.287,607
"10_9","ClinicalBERT-stripped","ClinicalBERT","stripped",0.995,3,1,0.606,0.319,0.418,0.264,506
"10_9","ClinicalBERT-stripped","ClinicalBERT","stripped",0.995,3,2,0.631,0.175,0.274,0.159,267
"10_9","ClinicalBERT-stripped","ClinicalBERT","stripped",0.995,3,3,0.693,0.241,0.358,0.218,334
"10_9","ClinicalBERT-stripped","ClinicalBERT","stripped",0.995,3,4,0.609,0.322,0.421,0.267,510
"10_9","ClinicalBERT-stripped","ClinicalBERT","stripped",0.995,5,1,0.607,0.329,0.427,0.271,521
"10_9","ClinicalBERT-stripped","ClinicalBERT","stripped",0.995,5,2,0.626,0.175,0.274,0.158,270
"10_9","ClinicalBERT-stripped","ClinicalBERT","stripped",0.995,5,3,0.693,0.26,0.378,0.233,362
"10_9","ClinicalBERT-stripped","ClinicalBERT","stripped",0.995,5,4,0.607,0.332,0.429,0.273,528
"10_9","ClinicalBERT-stripped","ClinicalBERT","stripped",0.995,10,1,0.606,0.33,0.427,0.272,525
"10_9","ClinicalBERT-stripped","ClinicalBERT","stripped",0.995,10,2,0.623,0.178,0.277,0.161,276
"10_9","ClinicalBERT-stripped","ClinicalBERT","stripped",0.995,10,3,0.692,0.281,0.4,0.25,391
"10_9","ClinicalBERT-stripped","ClinicalBERT","stripped",0.995,10,4,0.605,0.336,0.432,0.276,538
"10_9","ClinicalBERT-stripped","ClinicalBERT","stripped",0.995,15,1,0.607,0.331,0.428,0.272,526
"10_9","ClinicalBERT-stripped","ClinicalBERT","stripped",0.995,15,2,0.62,0.179,0.278,0.162,279
"10_9","ClinicalBERT-stripped","ClinicalBERT","stripped",0.995,15,3,0.69,0.29,0.408,0.257,405
"10_9","ClinicalBERT-stripped","ClinicalBERT","stripped",0.995,15,4,0.604,0.338,0.433,0.277,542
"10_9","ClinicalBERT-stripped","ClinicalBERT","stripped",0.995,20,1,0.608,0.334,0.431,0.275,530
"10_9","ClinicalBERT-stripped","ClinicalBERT","stripped",0.995,20,2,0.617,0.18,0.279,0.162,282
"10_9","ClinicalBERT-stripped","ClinicalBERT","stripped",0.995,20,3,0.69,0.297,0.415,0.262,414
"10_9","ClinicalBERT-stripped","ClinicalBERT","stripped",0.995,20,4,0.603,0.343,0.437,0.28,549
"10_9","ClinicalBERT-stripped","ClinicalBERT","stripped",0.995,25,1,0.609,0.335,0.432,0.276,531
"10_9","ClinicalBERT-stripped","ClinicalBERT","stripped",0.995,25,2,0.615,0.18,0.278,0.162,283
"10_9","ClinicalBERT-stripped","ClinicalBERT","stripped",0.995,25,3,0.687,0.3,0.418,0.264,420
"10_9","ClinicalBERT-stripped","ClinicalBERT","stripped",0.995,25,4,0.603,0.344,0.438,0.28,551
"10_9","ClinicalBERT-stripped","ClinicalBERT","stripped",0.995,30,1,0.609,0.335,0.432,0.276,531
"10_9","ClinicalBERT-stripped","ClinicalBERT","stripped",0.995,30,2,0.608,0.18,0.278,0.162,286
"10_9","ClinicalBERT-stripped","ClinicalBERT","stripped",0.995,30,3,0.684,0.303,0.42,0.266,426
"10_9","ClinicalBERT-stripped","ClinicalBERT","stripped",0.995,30,4,0.6,0.344,0.437,0.28,554
"10_9","ClinicalBERT-stripped","ClinicalBERT","stripped",0.999,3,1,0.622,0.316,0.419,0.265,484
"10_9","ClinicalBERT-stripped","ClinicalBERT","stripped",0.999,3,2,0.645,0.159,0.255,0.146,232
"10_9","ClinicalBERT-stripped","ClinicalBERT","stripped",0.999,3,3,0.69,0.238,0.354,0.215,330
"10_9","ClinicalBERT-stripped","ClinicalBERT","stripped",0.999,3,4,0.622,0.316,0.419,0.265,484
"10_9","ClinicalBERT-stripped","ClinicalBERT","stripped",0.999,5,1,0.622,0.326,0.428,0.272,499
"10_9","ClinicalBERT-stripped","ClinicalBERT","stripped",0.999,5,2,0.645,0.159,0.255,0.146,232
"10_9","ClinicalBERT-stripped","ClinicalBERT","stripped",0.999,5,3,0.694,0.256,0.374,0.23,354
"10_9","ClinicalBERT-stripped","ClinicalBERT","stripped",0.999,5,4,0.622,0.326,0.428,0.272,499
"10_9","ClinicalBERT-stripped","ClinicalBERT","stripped",0.999,10,1,0.621,0.327,0.428,0.272,503
"10_9","ClinicalBERT-stripped","ClinicalBERT","stripped",0.999,10,2,0.644,0.16,0.256,0.147,234
"10_9","ClinicalBERT-stripped","ClinicalBERT","stripped",0.999,10,3,0.695,0.274,0.393,0.245,379
"10_9","ClinicalBERT-stripped","ClinicalBERT","stripped",0.999,10,4,0.62,0.328,0.429,0.273,505
"10_9","ClinicalBERT-stripped","ClinicalBERT","stripped",0.999,15,1,0.621,0.328,0.429,0.273,504
"10_9","ClinicalBERT-stripped","ClinicalBERT","stripped",0.999,15,2,0.645,0.161,0.258,0.148,235
"10_9","ClinicalBERT-stripped","ClinicalBERT","stripped",0.999,15,3,0.696,0.284,0.403,0.253,391
"10_9","ClinicalBERT-stripped","ClinicalBERT","stripped",0.999,15,4,0.622,0.33,0.431,0.275,507
"10_9","ClinicalBERT-stripped","ClinicalBERT","stripped",0.999,20,1,0.622,0.331,0.432,0.276,508
"10_9","ClinicalBERT-stripped","ClinicalBERT","stripped",0.999,20,2,0.643,0.161,0.258,0.148,236
"10_9","ClinicalBERT-stripped","ClinicalBERT","stripped",0.999,20,3,0.697,0.289,0.409,0.257,398
"10_9","ClinicalBERT-stripped","ClinicalBERT","stripped",0.999,20,4,0.622,0.333,0.434,0.277,512
"10_9","ClinicalBERT-stripped","ClinicalBERT","stripped",0.999,25,1,0.623,0.332,0.433,0.276,509
"10_9","ClinicalBERT-stripped","ClinicalBERT","stripped",0.999,25,2,0.643,0.161,0.258,0.148,236
"10_9","ClinicalBERT-stripped","ClinicalBERT","stripped",0.999,25,3,0.695,0.292,0.411,0.259,403
"10_9","ClinicalBERT-stripped","ClinicalBERT","stripped",0.999,25,4,0.622,0.334,0.435,0.278,513
"10_9","ClinicalBERT-stripped","ClinicalBERT","stripped",0.999,30,1,0.623,0.332,0.433,0.276,509
"10_9","ClinicalBERT-stripped","ClinicalBERT","stripped",0.999,30,2,0.643,0.161,0.258,0.148,236
"10_9","ClinicalBERT-stripped","ClinicalBERT","stripped",0.999,30,3,0.698,0.296,0.416,0.262,406
"10_9","ClinicalBERT-stripped","ClinicalBERT","stripped",0.999,30,4,0.622,0.334,0.435,0.278,513
"8_9","ClinicalBERT-stripped","ClinicalBERT","stripped",0.95,3,1,0.599,0.752,0.667,0.5,468
"8_9","ClinicalBERT-stripped","ClinicalBERT","stripped",0.95,3,2,0.556,0.722,0.628,0.458,482
"8_9","ClinicalBERT-stripped","ClinicalBERT","stripped",0.95,3,3,0.636,0.698,0.666,0.499,363
"8_9","ClinicalBERT-stripped","ClinicalBERT","stripped",0.95,3,4,0.527,0.782,0.63,0.46,543
"8_9","ClinicalBERT-stripped","ClinicalBERT","stripped",0.95,5,1,0.597,0.752,0.666,0.499,469
"8_9","ClinicalBERT-stripped","ClinicalBERT","stripped",0.95,5,2,0.507,0.725,0.597,0.426,525
"8_9","ClinicalBERT-stripped","ClinicalBERT","stripped",0.95,5,3,0.571,0.716,0.635,0.466,415
"8_9","ClinicalBERT-stripped","ClinicalBERT","stripped",0.95,5,4,0.486,0.785,0.6,0.429,587
"8_9","ClinicalBERT-stripped","ClinicalBERT","stripped",0.95,10,1,0.596,0.752,0.665,0.498,470
"8_9","ClinicalBERT-stripped","ClinicalBERT","stripped",0.95,10,2,0.445,0.728,0.552,0.382,593
"8_9","ClinicalBERT-stripped","ClinicalBERT","stripped",0.95,10,3,0.491,0.731,0.587,0.416,493
"8_9","ClinicalBERT-stripped","ClinicalBERT","stripped",0.95,10,4,0.433,0.789,0.559,0.388,655
"8_9","ClinicalBERT-stripped","ClinicalBERT","stripped",0.95,15,1,0.594,0.752,0.664,0.497,471
"8_9","ClinicalBERT-stripped","ClinicalBERT","stripped",0.95,15,2,0.415,0.728,0.529,0.359,633
"8_9","ClinicalBERT-stripped","ClinicalBERT","stripped",0.95,15,3,0.453,0.731,0.559,0.388,534
"8_9","ClinicalBERT-stripped","ClinicalBERT","stripped",0.95,15,4,0.406,0.789,0.536,0.366,695
"8_9","ClinicalBERT-stripped","ClinicalBERT","stripped",0.95,20,1,0.594,0.752,0.664,0.497,471
"8_9","ClinicalBERT-stripped","ClinicalBERT","stripped",0.95,20,2,0.394,0.728,0.511,0.344,663
"8_9","ClinicalBERT-stripped","ClinicalBERT","stripped",0.95,20,3,0.428,0.734,0.541,0.37,568
"8_9","ClinicalBERT-stripped","ClinicalBERT","stripped",0.95,20,4,0.388,0.789,0.52,0.351,725
"8_9","ClinicalBERT-stripped","ClinicalBERT","stripped",0.95,25,1,0.594,0.752,0.664,0.497,471
"8_9","ClinicalBERT-stripped","ClinicalBERT","stripped",0.95,25,2,0.374,0.728,0.494,0.328,696
"8_9","ClinicalBERT-stripped","ClinicalBERT","stripped",0.95,25,3,0.402,0.734,0.519,0.351,605
"8_9","ClinicalBERT-stripped","ClinicalBERT","stripped",0.95,25,4,0.37,0.789,0.504,0.336,758
"8_9","ClinicalBERT-stripped","ClinicalBERT","stripped",0.95,30,1,0.594,0.752,0.664,0.497,471
"8_9","ClinicalBERT-stripped","ClinicalBERT","stripped",0.95,30,2,0.36,0.728,0.482,0.318,721
"8_9","ClinicalBERT-stripped","ClinicalBERT","stripped",0.95,30,3,0.384,0.734,0.504,0.338,632
"8_9","ClinicalBERT-stripped","ClinicalBERT","stripped",0.95,30,4,0.357,0.789,0.492,0.326,783
"8_9","ClinicalBERT-stripped","ClinicalBERT","stripped",0.99,3,1,0.633,0.746,0.685,0.521,427
"8_9","ClinicalBERT-stripped","ClinicalBERT","stripped",0.99,3,2,0.686,0.586,0.632,0.462,320
"8_9","ClinicalBERT-stripped","ClinicalBERT","stripped",0.99,3,3,0.755,0.671,0.711,0.551,294
"8_9","ClinicalBERT-stripped","ClinicalBERT","stripped",0.99,3,4,0.626,0.749,0.682,0.518,433
"8_9","ClinicalBERT-stripped","ClinicalBERT","stripped",0.99,5,1,0.632,0.746,0.684,0.52,428
"8_9","ClinicalBERT-stripped","ClinicalBERT","stripped",0.99,5,2,0.676,0.586,0.628,0.458,324
"8_9","ClinicalBERT-stripped","ClinicalBERT","stripped",0.99,5,3,0.742,0.686,0.713,0.554,306
"8_9","ClinicalBERT-stripped","ClinicalBERT","stripped",0.99,5,4,0.618,0.749,0.677,0.512,438
"8_9","ClinicalBERT-stripped","ClinicalBERT","stripped",0.99,10,1,0.63,0.746,0.683,0.519,429
"8_9","ClinicalBERT-stripped","ClinicalBERT","stripped",0.99,10,2,0.674,0.586,0.627,0.456,325
"8_9","ClinicalBERT-stripped","ClinicalBERT","stripped",0.99,10,3,0.729,0.698,0.713,0.554,317
"8_9","ClinicalBERT-stripped","ClinicalBERT","stripped",0.99,10,4,0.615,0.749,0.675,0.51,440
"8_9","ClinicalBERT-stripped","ClinicalBERT","stripped",0.99,15,1,0.628,0.746,0.682,0.518,430
"8_9","ClinicalBERT-stripped","ClinicalBERT","stripped",0.99,15,2,0.674,0.586,0.627,0.456,325
"8_9","ClinicalBERT-stripped","ClinicalBERT","stripped",0.99,15,3,0.724,0.698,0.711,0.551,319
"8_9","ClinicalBERT-stripped","ClinicalBERT","stripped",0.99,15,4,0.614,0.749,0.675,0.509,441
"8_9","ClinicalBERT-stripped","ClinicalBERT","stripped",0.99,20,1,0.628,0.746,0.682,0.518,430
"8_9","ClinicalBERT-stripped","ClinicalBERT","stripped",0.99,20,2,0.671,0.586,0.626,0.455,326
"8_9","ClinicalBERT-stripped","ClinicalBERT","stripped",0.99,20,3,0.717,0.698,0.707,0.547,322
"8_9","ClinicalBERT-stripped","ClinicalBERT","stripped",0.99,20,4,0.612,0.749,0.674,0.508,442
"8_9","ClinicalBERT-stripped","ClinicalBERT","stripped",0.99,25,1,0.628,0.746,0.682,0.518,430
"8_9","ClinicalBERT-stripped","ClinicalBERT","stripped",0.99,25,2,0.667,0.586,0.624,0.453,328
"8_9","ClinicalBERT-stripped","ClinicalBERT","stripped",0.99,25,3,0.704,0.698,0.701,0.54,328
"8_9","ClinicalBERT-stripped","ClinicalBERT","stripped",0.99,25,4,0.609,0.749,0.672,0.506,444
"8_9","ClinicalBERT-stripped","ClinicalBERT","stripped",0.99,30,1,0.628,0.746,0.682,0.518,430
"8_9","ClinicalBERT-stripped","ClinicalBERT","stripped",0.99,30,2,0.66,0.586,0.621,0.45,331
"8_9","ClinicalBERT-stripped","ClinicalBERT","stripped",0.99,30,3,0.694,0.698,0.696,0.533,333
"8_9","ClinicalBERT-stripped","ClinicalBERT","stripped",0.99,30,4,0.605,0.749,0.669,0.503,447
"8_9","ClinicalBERT-stripped","ClinicalBERT","stripped",0.995,3,1,0.645,0.746,0.692,0.529,419
"8_9","ClinicalBERT-stripped","ClinicalBERT","stripped",0.995,3,2,0.71,0.577,0.637,0.467,305
"8_9","ClinicalBERT-stripped","ClinicalBERT","stripped",0.995,3,3,0.765,0.668,0.713,0.554,289
"8_9","ClinicalBERT-stripped","ClinicalBERT","stripped",0.995,3,4,0.643,0.746,0.691,0.528,420
"8_9","ClinicalBERT-stripped","ClinicalBERT","stripped",0.995,5,1,0.643,0.746,0.691,0.528,420
"8_9","ClinicalBERT-stripped","ClinicalBERT","stripped",0.995,5,2,0.702,0.577,0.633,0.464,308
"8_9","ClinicalBERT-stripped","ClinicalBERT","stripped",0.995,5,3,0.753,0.683,0.716,0.558,300
"8_9","ClinicalBERT-stripped","ClinicalBERT","stripped",0.995,5,4,0.637,0.746,0.687,0.523,424
"8_9","ClinicalBERT-stripped","ClinicalBERT","stripped",0.995,10,1,0.642,0.746,0.69,0.527,421
"8_9","ClinicalBERT-stripped","ClinicalBERT","stripped",0.995,10,2,0.702,0.577,0.633,0.464,308
"8_9","ClinicalBERT-stripped","ClinicalBERT","stripped",0.995,10,3,0.742,0.695,0.718,0.56,310
"8_9","ClinicalBERT-stripped","ClinicalBERT","stripped",0.995,10,4,0.635,0.746,0.686,0.522,425
"8_9","ClinicalBERT-stripped","ClinicalBERT","stripped",0.995,15,1,0.64,0.746,0.689,0.526,422
"8_9","ClinicalBERT-stripped","ClinicalBERT","stripped",0.995,15,2,0.702,0.577,0.633,0.464,308
"8_9","ClinicalBERT-stripped","ClinicalBERT","stripped",0.995,15,3,0.737,0.695,0.715,0.557,312
"8_9","ClinicalBERT-stripped","ClinicalBERT","stripped",0.995,15,4,0.633,0.746,0.685,0.521,426
"8_9","ClinicalBERT-stripped","ClinicalBERT","stripped",0.995,20,1,0.64,0.746,0.689,0.526,422
"8_9","ClinicalBERT-stripped","ClinicalBERT","stripped",0.995,20,2,0.7,0.577,0.633,0.462,309
"8_9","ClinicalBERT-stripped","ClinicalBERT","stripped",0.995,20,3,0.73,0.695,0.712,0.553,315
"8_9","ClinicalBERT-stripped","ClinicalBERT","stripped",0.995,20,4,0.632,0.746,0.684,0.52,427
"8_9","ClinicalBERT-stripped","ClinicalBERT","stripped",0.995,25,1,0.64,0.746,0.689,0.526,422
"8_9","ClinicalBERT-stripped","ClinicalBERT","stripped",0.995,25,2,0.7,0.577,0.633,0.462,309
"8_9","ClinicalBERT-stripped","ClinicalBERT","stripped",0.995,25,3,0.721,0.695,0.708,0.548,319
"8_9","ClinicalBERT-stripped","ClinicalBERT","stripped",0.995,25,4,0.632,0.746,0.684,0.52,427
"8_9","ClinicalBERT-stripped","ClinicalBERT","stripped",0.995,30,1,0.64,0.746,0.689,0.526,422
"8_9","ClinicalBERT-stripped","ClinicalBERT","stripped",0.995,30,2,0.7,0.577,0.633,0.462,309
"8_9","ClinicalBERT-stripped","ClinicalBERT","stripped",0.995,30,3,0.719,0.695,0.707,0.546,320
"8_9","ClinicalBERT-stripped","ClinicalBERT","stripped",0.995,30,4,0.632,0.746,0.684,0.52,427
"8_9","ClinicalBERT-stripped","ClinicalBERT","stripped",0.999,3,1,0.651,0.743,0.694,0.531,411
"8_9","ClinicalBERT-stripped","ClinicalBERT","stripped",0.999,3,2,0.72,0.559,0.629,0.459,290
"8_9","ClinicalBERT-stripped","ClinicalBERT","stripped",0.999,3,3,0.767,0.668,0.714,0.555,288
"8_9","ClinicalBERT-stripped","ClinicalBERT","stripped",0.999,3,4,0.651,0.743,0.694,0.531,411
"8_9","ClinicalBERT-stripped","ClinicalBERT","stripped",0.999,5,1,0.649,0.743,0.693,0.53,412
"8_9","ClinicalBERT-stripped","ClinicalBERT","stripped",0.999,5,2,0.72,0.559,0.629,0.459,290
"8_9","ClinicalBERT-stripped","ClinicalBERT","stripped",0.999,5,3,0.764,0.683,0.721,0.564,296
"8_9","ClinicalBERT-stripped","ClinicalBERT","stripped",0.999,5,4,0.649,0.743,0.693,0.53,412
"8_9","ClinicalBERT-stripped","ClinicalBERT","stripped",0.999,10,1,0.646,0.743,0.691,0.528,414
"8_9","ClinicalBERT-stripped","ClinicalBERT","stripped",0.999,10,2,0.72,0.559,0.629,0.459,290
"8_9","ClinicalBERT-stripped","ClinicalBERT","stripped",0.999,10,3,0.752,0.695,0.722,0.565,306
"8_9","ClinicalBERT-stripped","ClinicalBERT","stripped",0.999,10,4,0.646,0.743,0.691,0.528,414
"8_9","ClinicalBERT-stripped","ClinicalBERT","stripped",0.999,15,1,0.644,0.743,0.69,0.527,415
"8_9","ClinicalBERT-stripped","ClinicalBERT","stripped",0.999,15,2,0.72,0.559,0.629,0.459,290
"8_9","ClinicalBERT-stripped","ClinicalBERT","stripped",0.999,15,3,0.747,0.695,0.72,0.562,308
"8_9","ClinicalBERT-stripped","ClinicalBERT","stripped",0.999,15,4,0.644,0.743,0.69,0.527,415
"8_9","ClinicalBERT-stripped","ClinicalBERT","stripped",0.999,20,1,0.644,0.743,0.69,0.527,415
"8_9","ClinicalBERT-stripped","ClinicalBERT","stripped",0.999,20,2,0.72,0.559,0.629,0.459,290
"8_9","ClinicalBERT-stripped","ClinicalBERT","stripped",0.999,20,3,0.742,0.695,0.718,0.56,310
"8_9","ClinicalBERT-stripped","ClinicalBERT","stripped",0.999,20,4,0.644,0.743,0.69,0.527,415
"8_9","ClinicalBERT-stripped","ClinicalBERT","stripped",0.999,25,1,0.644,0.743,0.69,0.527,415
"8_9","ClinicalBERT-stripped","ClinicalBERT","stripped",0.999,25,2,0.72,0.559,0.629,0.459,290
"8_9","ClinicalBERT-stripped","ClinicalBERT","stripped",0.999,25,3,0.732,0.695,0.713,0.554,314
"8_9","ClinicalBERT-stripped","ClinicalBERT","stripped",0.999,25,4,0.644,0.743,0.69,0.527,415
"8_9","ClinicalBERT-stripped","ClinicalBERT","stripped",0.999,30,1,0.644,0.743,0.69,0.527,415
"8_9","ClinicalBERT-stripped","ClinicalBERT","stripped",0.999,30,2,0.72,0.559,0.629,0.459,290
"8_9","ClinicalBERT-stripped","ClinicalBERT","stripped",0.999,30,3,0.73,0.695,0.712,0.553,315
"8_9","ClinicalBERT-stripped","ClinicalBERT","stripped",0.999,30,4,0.644,0.743,0.69,0.527,415
"10_9","mpnet-base","mpnet","base",0.95,3,1,0.707,0.395,0.507,0.339,537
"10_9","mpnet-base","mpnet","base",0.95,3,2,0.83,0.317,0.459,0.298,367
"10_9","mpnet-base","mpnet","base",0.95,3,3,0.696,0.256,0.374,0.23,353
"10_9","mpnet-base","mpnet","base",0.95,3,4,0.703,0.397,0.507,0.34,543
"10_9","mpnet-base","mpnet","base",0.95,5,1,0.705,0.403,0.513,0.345,551
"10_9","mpnet-base","mpnet","base",0.95,5,2,0.818,0.322,0.462,0.301,379
"10_9","mpnet-base","mpnet","base",0.95,5,3,0.695,0.287,0.406,0.255,397
"10_9","mpnet-base","mpnet","base",0.95,5,4,0.696,0.411,0.517,0.348,569
"10_9","mpnet-base","mpnet","base",0.95,10,1,0.704,0.406,0.515,0.346,556
"10_9","mpnet-base","mpnet","base",0.95,10,2,0.813,0.335,0.474,0.311,397
"10_9","mpnet-base","mpnet","base",0.95,10,3,0.705,0.324,0.444,0.286,443
"10_9","mpnet-base","mpnet","base",0.95,10,4,0.695,0.426,0.528,0.359,592
"10_9","mpnet-base","mpnet","base",0.95,15,1,0.704,0.406,0.515,0.346,556
"10_9","mpnet-base","mpnet","base",0.95,15,2,0.812,0.337,0.476,0.313,401
"10_9","mpnet-base","mpnet","base",0.95,15,3,0.709,0.338,0.458,0.297,461
"10_9","mpnet-base","mpnet","base",0.95,15,4,0.695,0.428,0.53,0.36,596
"10_9","mpnet-base","mpnet","base",0.95,20,1,0.703,0.408,0.516,0.348,559
"10_9","mpnet-base","mpnet","base",0.95,20,2,0.809,0.339,0.478,0.314,405
"10_9","mpnet-base","mpnet","base",0.95,20,3,0.708,0.349,0.468,0.305,476
"10_9","mpnet-base","mpnet","base",0.95,20,4,0.693,0.432,0.532,0.363,603
"10_9","mpnet-base","mpnet","base",0.95,25,1,0.704,0.409,0.517,0.349,560
"10_9","mpnet-base","mpnet","base",0.95,25,2,0.799,0.34,0.477,0.314,411
"10_9","mpnet-base","mpnet","base",0.95,25,3,0.703,0.355,0.472,0.309,488
"10_9","mpnet-base","mpnet","base",0.95,25,4,0.689,0.434,0.533,0.363,610
"10_9","mpnet-base","mpnet","base",0.95,30,1,0.704,0.409,0.517,0.349,560
"10_9","mpnet-base","mpnet","base",0.95,30,2,0.795,0.343,0.479,0.315,416
"10_9","mpnet-base","mpnet","base",0.95,30,3,0.698,0.361,0.476,0.312,498
"10_9","mpnet-base","mpnet","base",0.95,30,4,0.686,0.436,0.533,0.364,615
"10_9","mpnet-base","mpnet","base",0.99,3,1,0.712,0.395,0.508,0.34,534
"10_9","mpnet-base","mpnet","base",0.99,3,2,0.835,0.297,0.438,0.28,340
"10_9","mpnet-base","mpnet","base",0.99,3,3,0.7,0.254,0.373,0.229,348
"10_9","mpnet-base","mpnet","base",0.99,3,4,0.709,0.395,0.507,0.34,536
"10_9","mpnet-base","mpnet","base",0.99,5,1,0.709,0.403,0.514,0.346,548
"10_9","mpnet-base","mpnet","base",0.99,5,2,0.835,0.298,0.439,0.281,341
"10_9","mpnet-base","mpnet","base",0.99,5,3,0.709,0.281,0.402,0.252,380
"10_9","mpnet-base","mpnet","base",0.99,5,4,0.707,0.404,0.514,0.346,551
"10_9","mpnet-base","mpnet","base",0.99,10,1,0.708,0.406,0.516,0.347,553
"10_9","mpnet-base","mpnet","base",0.99,10,2,0.831,0.299,0.44,0.282,344
"10_9","mpnet-base","mpnet","base",0.99,10,3,0.716,0.306,0.429,0.273,411
"10_9","mpnet-base","mpnet","base",0.99,10,4,0.703,0.408,0.516,0.348,559
"10_9","mpnet-base","mpnet","base",0.99,15,1,0.708,0.406,0.516,0.347,553
"10_9","mpnet-base","mpnet","base",0.99,15,2,0.831,0.3,0.441,0.283,345
"10_9","mpnet-base","mpnet","base",0.99,15,3,0.72,0.319,0.442,0.284,426
"10_9","mpnet-base","mpnet","base",0.99,15,4,0.704,0.409,0.517,0.349,560
"10_9","mpnet-base","mpnet","base",0.99,20,1,0.707,0.408,0.517,0.349,556
"10_9","mpnet-base","mpnet","base",0.99,20,2,0.832,0.301,0.442,0.284,346
"10_9","mpnet-base","mpnet","base",0.99,20,3,0.721,0.329,0.452,0.292,438
"10_9","mpnet-base","mpnet","base",0.99,20,4,0.704,0.412,0.52,0.351,564
"10_9","mpnet-base","mpnet","base",0.99,25,1,0.708,0.409,0.518,0.35,557
"10_9","mpnet-base","mpnet","base",0.99,25,2,0.832,0.302,0.443,0.285,347
"10_9","mpnet-base","mpnet","base",0.99,25,3,0.724,0.335,0.458,0.297,445
"10_9","mpnet-base","mpnet","base",0.99,25,4,0.705,0.414,0.522,0.353,566
"10_9","mpnet-base","mpnet","base",0.99,30,1,0.708,0.409,0.518,0.35,557
"10_9","mpnet-base","mpnet","base",0.99,30,2,0.832,0.302,0.443,0.285,347
"10_9","mpnet-base","mpnet","base",0.99,30,3,0.722,0.338,0.46,0.299,450
"10_9","mpnet-base","mpnet","base",0.99,30,4,0.705,0.414,0.522,0.353,566
"10_9","mpnet-base","mpnet","base",0.995,3,1,0.712,0.395,0.508,0.34,534
"10_9","mpnet-base","mpnet","base",0.995,3,2,0.839,0.296,0.438,0.28,337
"10_9","mpnet-base","mpnet","base",0.995,3,3,0.702,0.254,0.373,0.229,347
"10_9","mpnet-base","mpnet","base",0.995,3,4,0.71,0.395,0.508,0.34,535
"10_9","mpnet-base","mpnet","base",0.995,5,1,0.709,0.403,0.514,0.346,548
"10_9","mpnet-base","mpnet","base",0.995,5,2,0.84,0.297,0.439,0.281,338
"10_9","mpnet-base","mpnet","base",0.995,5,3,0.711,0.281,0.403,0.252,379
"10_9","mpnet-base","mpnet","base",0.995,5,4,0.708,0.404,0.514,0.347,550
"10_9","mpnet-base","mpnet","base",0.995,10,1,0.708,0.406,0.516,0.347,553
"10_9","mpnet-base","mpnet","base",0.995,10,2,0.835,0.297,0.438,0.28,340
"10_9","mpnet-base","mpnet","base",0.995,10,3,0.717,0.305,0.428,0.272,409
"10_9","mpnet-base","mpnet","base",0.995,10,4,0.704,0.407,0.516,0.347,557
"10_9","mpnet-base","mpnet","base",0.995,15,1,0.708,0.406,0.516,0.347,553
"10_9","mpnet-base","mpnet","base",0.995,15,2,0.835,0.297,0.438,0.28,340
"10_9","mpnet-base","mpnet","base",0.995,15,3,0.721,0.317,0.44,0.282,423
"10_9","mpnet-base","mpnet","base",0.995,15,4,0.704,0.407,0.516,0.347,557
"10_9","mpnet-base","mpnet","base",0.995,20,1,0.707,0.408,0.517,0.349,556
"10_9","mpnet-base","mpnet","base",0.995,20,2,0.835,0.297,0.438,0.28,340
"10_9","mpnet-base","mpnet","base",0.995,20,3,0.721,0.326,0.449,0.289,434
"10_9","mpnet-base","mpnet","base",0.995,20,4,0.704,0.409,0.517,0.349,560
"10_9","mpnet-base","mpnet","base",0.995,25,1,0.708,0.409,0.518,0.35,557
"10_9","mpnet-base","mpnet","base",0.995,25,2,0.835,0.297,0.438,0.28,340
"10_9","mpnet-base","mpnet","base",0.995,25,3,0.723,0.331,0.454,0.294,440
"10_9","mpnet-base","mpnet","base",0.995,25,4,0.705,0.41,0.518,0.35,561
"10_9","mpnet-base","mpnet","base",0.995,30,1,0.708,0.409,0.518,0.35,557
"10_9","mpnet-base","mpnet","base",0.995,30,2,0.835,0.297,0.438,0.28,340
"10_9","mpnet-base","mpnet","base",0.995,30,3,0.721,0.334,0.457,0.296,445
"10_9","mpnet-base","mpnet","base",0.995,30,4,0.705,0.41,0.518,0.35,561
"10_9","mpnet-base","mpnet","base",0.999,3,1,0.711,0.394,0.507,0.339,533
"10_9","mpnet-base","mpnet","base",0.999,3,2,0.841,0.293,0.435,0.278,334
"10_9","mpnet-base","mpnet","base",0.999,3,3,0.704,0.254,0.373,0.23,346
"10_9","mpnet-base","mpnet","base",0.999,3,4,0.711,0.394,0.507,0.339,533
"10_9","mpnet-base","mpnet","base",0.999,5,1,0.709,0.402,0.513,0.345,547
"10_9","mpnet-base","mpnet","base",0.999,5,2,0.841,0.293,0.435,0.278,334
"10_9","mpnet-base","mpnet","base",0.999,5,3,0.712,0.28,0.402,0.251,377
"10_9","mpnet-base","mpnet","base",0.999,5,4,0.709,0.402,0.513,0.345,547
"10_9","mpnet-base","mpnet","base",0.999,10,1,0.707,0.404,0.514,0.346,552
"10_9","mpnet-base","mpnet","base",0.999,10,2,0.841,0.293,0.435,0.278,334
"10_9","mpnet-base","mpnet","base",0.999,10,3,0.722,0.304,0.428,0.272,405
"10_9","mpnet-base","mpnet","base",0.999,10,4,0.707,0.404,0.514,0.346,552
"10_9","mpnet-base","mpnet","base",0.999,15,1,0.707,0.404,0.514,0.346,552
"10_9","mpnet-base","mpnet","base",0.999,15,2,0.841,0.293,0.435,0.278,334
"10_9","mpnet-base","mpnet","base",0.999,15,3,0.725,0.316,0.44,0.282,419
"10_9","mpnet-base","mpnet","base",0.999,15,4,0.707,0.404,0.514,0.346,552
"10_9","mpnet-base","mpnet","base",0.999,20,1,0.707,0.407,0.517,0.348,555
"10_9","mpnet-base","mpnet","base",0.999,20,2,0.841,0.293,0.435,0.278,334
"10_9","mpnet-base","mpnet","base",0.999,20,3,0.726,0.324,0.448,0.289,430
"10_9","mpnet-base","mpnet","base",0.999,20,4,0.707,0.407,0.517,0.348,555
"10_9","mpnet-base","mpnet","base",0.999,25,1,0.707,0.408,0.517,0.349,556
"10_9","mpnet-base","mpnet","base",0.999,25,2,0.841,0.293,0.435,0.278,334
"10_9","mpnet-base","mpnet","base",0.999,25,3,0.727,0.33,0.454,0.293,436
"10_9","mpnet-base","mpnet","base",0.999,25,4,0.707,0.408,0.517,0.349,556
"10_9","mpnet-base","mpnet","base",0.999,30,1,0.707,0.408,0.517,0.349,556
"10_9","mpnet-base","mpnet","base",0.999,30,2,0.841,0.293,0.435,0.278,334
"10_9","mpnet-base","mpnet","base",0.999,30,3,0.726,0.333,0.457,0.296,441
"10_9","mpnet-base","mpnet","base",0.999,30,4,0.707,0.408,0.517,0.349,556
"8_9","mpnet-base","mpnet","base",0.95,3,1,0.695,0.804,0.746,0.594,432
"8_9","mpnet-base","mpnet","base",0.95,3,2,0.801,0.74,0.769,0.625,355
"8_9","mpnet-base","mpnet","base",0.95,3,3,0.776,0.701,0.737,0.583,299
"8_9","mpnet-base","mpnet","base",0.95,3,4,0.694,0.81,0.748,0.597,435
"8_9","mpnet-base","mpnet","base",0.95,5,1,0.693,0.804,0.744,0.592,433
"8_9","mpnet-base","mpnet","base",0.95,5,2,0.795,0.74,0.767,0.622,357
"8_9","mpnet-base","mpnet","base",0.95,5,3,0.767,0.716,0.741,0.588,309
"8_9","mpnet-base","mpnet","base",0.95,5,4,0.689,0.81,0.745,0.593,438
"8_9","mpnet-base","mpnet","base",0.95,10,1,0.687,0.804,0.741,0.588,436
"8_9","mpnet-base","mpnet","base",0.95,10,2,0.783,0.74,0.761,0.614,362
"8_9","mpnet-base","mpnet","base",0.95,10,3,0.746,0.728,0.737,0.584,323
"8_9","mpnet-base","mpnet","base",0.95,10,4,0.675,0.81,0.736,0.583,446
"8_9","mpnet-base","mpnet","base",0.95,15,1,0.686,0.804,0.74,0.587,437
"8_9","mpnet-base","mpnet","base",0.95,15,2,0.78,0.749,0.764,0.618,367
"8_9","mpnet-base","mpnet","base",0.95,15,3,0.737,0.737,0.737,0.584,331
"8_9","mpnet-base","mpnet","base",0.95,15,4,0.672,0.819,0.738,0.585,452
"8_9","mpnet-base","mpnet","base",0.95,20,1,0.686,0.804,0.74,0.587,437
"8_9","mpnet-base","mpnet","base",0.95,20,2,0.773,0.749,0.761,0.614,370
"8_9","mpnet-base","mpnet","base",0.95,20,3,0.731,0.74,0.735,0.582,335
"8_9","mpnet-base","mpnet","base",0.95,20,4,0.667,0.819,0.735,0.582,455
"8_9","mpnet-base","mpnet","base",0.95,25,1,0.686,0.804,0.74,0.587,437
"8_9","mpnet-base","mpnet","base",0.95,25,2,0.765,0.749,0.757,0.609,373
"8_9","mpnet-base","mpnet","base",0.95,25,3,0.721,0.74,0.73,0.575,340
"8_9","mpnet-base","mpnet","base",0.95,25,4,0.663,0.819,0.733,0.578,458
"8_9","mpnet-base","mpnet","base",0.95,30,1,0.686,0.804,0.74,0.587,437
"8_9","mpnet-base","mpnet","base",0.95,30,2,0.761,0.749,0.755,0.606,375
"8_9","mpnet-base","mpnet","base",0.95,30,3,0.716,0.74,0.728,0.572,342
"8_9","mpnet-base","mpnet","base",0.95,30,4,0.659,0.819,0.73,0.575,460
"8_9","mpnet-base","mpnet","base",0.99,3,1,0.699,0.801,0.747,0.596,426
"8_9","mpnet-base","mpnet","base",0.99,3,2,0.811,0.713,0.759,0.611,338
"8_9","mpnet-base","mpnet","base",0.99,3,3,0.776,0.692,0.732,0.577,295
"8_9","mpnet-base","mpnet","base",0.99,3,4,0.699,0.801,0.747,0.596,426
"8_9","mpnet-base","mpnet","base",0.99,5,1,0.697,0.801,0.745,0.594,427
"8_9","mpnet-base","mpnet","base",0.99,5,2,0.808,0.713,0.758,0.61,339
"8_9","mpnet-base","mpnet","base",0.99,5,3,0.77,0.707,0.737,0.584,304
"8_9","mpnet-base","mpnet","base",0.99,5,4,0.696,0.801,0.745,0.593,428
"8_9","mpnet-base","mpnet","base",0.99,10,1,0.692,0.801,0.743,0.59,430
"8_9","mpnet-base","mpnet","base",0.99,10,2,0.803,0.713,0.755,0.607,341
"8_9","mpnet-base","mpnet","base",0.99,10,3,0.756,0.719,0.737,0.583,315
"8_9","mpnet-base","mpnet","base",0.99,10,4,0.687,0.801,0.74,0.586,433
"8_9","mpnet-base","mpnet","base",0.99,15,1,0.69,0.801,0.741,0.589,431
"8_9","mpnet-base","mpnet","base",0.99,15,2,0.803,0.713,0.755,0.607,341
"8_9","mpnet-base","mpnet","base",0.99,15,3,0.748,0.719,0.733,0.579,318
"8_9","mpnet-base","mpnet","base",0.99,15,4,0.685,0.801,0.738,0.585,434
"8_9","mpnet-base","mpnet","base",0.99,20,1,0.69,0.801,0.741,0.589,431
"8_9","mpnet-base","mpnet","base",0.99,20,2,0.8,0.713,0.754,0.605,342
"8_9","mpnet-base","mpnet","base",0.99,20,3,0.747,0.722,0.734,0.58,320
"8_9","mpnet-base","mpnet","base",0.99,20,4,0.683,0.801,0.737,0.584,435
"8_9","mpnet-base","mpnet","base",0.99,25,1,0.69,0.801,0.741,0.589,431
"8_9","mpnet-base","mpnet","base",0.99,25,2,0.8,0.713,0.754,0.605,342
"8_9","mpnet-base","mpnet","base",0.99,25,3,0.742,0.722,0.732,0.577,322
"8_9","mpnet-base","mpnet","base",0.99,25,4,0.683,0.801,0.737,0.584,435
"8_9","mpnet-base","mpnet","base",0.99,30,1,0.69,0.801,0.741,0.589,431
"8_9","mpnet-base","mpnet","base",0.99,30,2,0.8,0.713,0.754,0.605,342
"8_9","mpnet-base","mpnet","base",0.99,30,3,0.742,0.722,0.732,0.577,322
"8_9","mpnet-base","mpnet","base",0.99,30,4,0.683,0.801,0.737,0.584,435
"8_9","mpnet-base","mpnet","base",0.995,3,1,0.699,0.801,0.747,0.596,426
"8_9","mpnet-base","mpnet","base",0.995,3,2,0.811,0.713,0.759,0.611,338
"8_9","mpnet-base","mpnet","base",0.995,3,3,0.776,0.692,0.732,0.577,295
"8_9","mpnet-base","mpnet","base",0.995,3,4,0.699,0.801,0.747,0.596,426
"8_9","mpnet-base","mpnet","base",0.995,5,1,0.697,0.801,0.745,0.594,427
"8_9","mpnet-base","mpnet","base",0.995,5,2,0.808,0.713,0.758,0.61,339
"8_9","mpnet-base","mpnet","base",0.995,5,3,0.77,0.707,0.737,0.584,304
"8_9","mpnet-base","mpnet","base",0.995,5,4,0.696,0.801,0.745,0.593,428
"8_9","mpnet-base","mpnet","base",0.995,10,1,0.692,0.801,0.743,0.59,430
"8_9","mpnet-base","mpnet","base",0.995,10,2,0.805,0.713,0.756,0.608,340
"8_9","mpnet-base","mpnet","base",0.995,10,3,0.758,0.719,0.738,0.585,314
"8_9","mpnet-base","mpnet","base",0.995,10,4,0.688,0.801,0.74,0.588,432
"8_9","mpnet-base","mpnet","base",0.995,15,1,0.69,0.801,0.741,0.589,431
"8_9","mpnet-base","mpnet","base",0.995,15,2,0.805,0.713,0.756,0.608,340
"8_9","mpnet-base","mpnet","base",0.995,15,3,0.751,0.719,0.735,0.58,317
"8_9","mpnet-base","mpnet","base",0.995,15,4,0.687,0.801,0.74,0.586,433
"8_9","mpnet-base","mpnet","base",0.995,20,1,0.69,0.801,0.741,0.589,431
"8_9","mpnet-base","mpnet","base",0.995,20,2,0.803,0.713,0.755,0.607,341
"8_9","mpnet-base","mpnet","base",0.995,20,3,0.749,0.722,0.735,0.582,319
"8_9","mpnet-base","mpnet","base",0.995,20,4,0.685,0.801,0.738,0.585,434
"8_9","mpnet-base","mpnet","base",0.995,25,1,0.69,0.801,0.741,0.589,431
"8_9","mpnet-base","mpnet","base",0.995,25,2,0.803,0.713,0.755,0.607,341
"8_9","mpnet-base","mpnet","base",0.995,25,3,0.745,0.722,0.733,0.579,321
"8_9","mpnet-base","mpnet","base",0.995,25,4,0.685,0.801,0.738,0.585,434
"8_9","mpnet-base","mpnet","base",0.995,30,1,0.69,0.801,0.741,0.589,431
"8_9","mpnet-base","mpnet","base",0.995,30,2,0.803,0.713,0.755,0.607,341
"8_9","mpnet-base","mpnet","base",0.995,30,3,0.745,0.722,0.733,0.579,321
"8_9","mpnet-base","mpnet","base",0.995,30,4,0.685,0.801,0.738,0.585,434
"8_9","mpnet-base","mpnet","base",0.999,3,1,0.699,0.801,0.747,0.596,426
"8_9","mpnet-base","mpnet","base",0.999,3,2,0.81,0.71,0.757,0.609,337
"8_9","mpnet-base","mpnet","base",0.999,3,3,0.776,0.692,0.732,0.577,295
"8_9","mpnet-base","mpnet","base",0.999,3,4,0.699,0.801,0.747,0.596,426
"8_9","mpnet-base","mpnet","base",0.999,5,1,0.697,0.801,0.745,0.594,427
"8_9","mpnet-base","mpnet","base",0.999,5,2,0.81,0.71,0.757,0.609,337
"8_9","mpnet-base","mpnet","base",0.999,5,3,0.772,0.707,0.738,0.585,303
"8_9","mpnet-base","mpnet","base",0.999,5,4,0.697,0.801,0.745,0.594,427
"8_9","mpnet-base","mpnet","base",0.999,10,1,0.692,0.801,0.743,0.59,430
"8_9","mpnet-base","mpnet","base",0.999,10,2,0.81,0.71,0.757,0.609,337
"8_9","mpnet-base","mpnet","base",0.999,10,3,0.763,0.719,0.74,0.588,312
"8_9","mpnet-base","mpnet","base",0.999,10,4,0.692,0.801,0.743,0.59,430
"8_9","mpnet-base","mpnet","base",0.999,15,1,0.69,0.801,0.741,0.589,431
"8_9","mpnet-base","mpnet","base",0.999,15,2,0.81,0.71,0.757,0.609,337
"8_9","mpnet-base","mpnet","base",0.999,15,3,0.756,0.719,0.737,0.583,315
"8_9","mpnet-base","mpnet","base",0.999,15,4,0.69,0.801,0.741,0.589,431
"8_9","mpnet-base","mpnet","base",0.999,20,1,0.69,0.801,0.741,0.589,431
"8_9","mpnet-base","mpnet","base",0.999,20,2,0.81,0.71,0.757,0.609,337
"8_9","mpnet-base","mpnet","base",0.999,20,3,0.756,0.722,0.739,0.586,316
"8_9","mpnet-base","mpnet","base",0.999,20,4,0.69,0.801,0.741,0.589,431
"8_9","mpnet-base","mpnet","base",0.999,25,1,0.69,0.801,0.741,0.589,431
"8_9","mpnet-base","mpnet","base",0.999,25,2,0.81,0.71,0.757,0.609,337
"8_9","mpnet-base","mpnet","base",0.999,25,3,0.752,0.722,0.737,0.583,318
"8_9","mpnet-base","mpnet","base",0.999,25,4,0.69,0.801,0.741,0.589,431
"8_9","mpnet-base","mpnet","base",0.999,30,1,0.69,0.801,0.741,0.589,431
"8_9","mpnet-base","mpnet","base",0.999,30,2,0.81,0.71,0.757,0.609,337
"8_9","mpnet-base","mpnet","base",0.999,30,3,0.752,0.722,0.737,0.583,318
"8_9","mpnet-base","mpnet","base",0.999,30,4,0.69,0.801,0.741,0.589,431
"10_9","mpnet-stripped","mpnet","stripped",0.95,3,1,0.706,0.394,0.506,0.338,536
"10_9","mpnet-stripped","mpnet","stripped",0.95,3,2,0.834,0.316,0.458,0.297,363
"10_9","mpnet-stripped","mpnet","stripped",0.95,3,3,0.7,0.254,0.373,0.229,349
"10_9","mpnet-stripped","mpnet","stripped",0.95,3,4,0.704,0.394,0.505,0.338,537
"10_9","mpnet-stripped","mpnet","stripped",0.95,5,1,0.703,0.401,0.511,0.343,549
"10_9","mpnet-stripped","mpnet","stripped",0.95,5,2,0.828,0.318,0.46,0.298,368
"10_9","mpnet-stripped","mpnet","stripped",0.95,5,3,0.701,0.283,0.403,0.252,389
"10_9","mpnet-stripped","mpnet","stripped",0.95,5,4,0.699,0.403,0.511,0.344,555
"10_9","mpnet-stripped","mpnet","stripped",0.95,10,1,0.701,0.402,0.511,0.343,553
"10_9","mpnet-stripped","mpnet","stripped",0.95,10,2,0.816,0.326,0.466,0.303,383
"10_9","mpnet-stripped","mpnet","stripped",0.95,10,3,0.702,0.315,0.435,0.278,433
"10_9","mpnet-stripped","mpnet","stripped",0.95,10,4,0.692,0.412,0.516,0.348,574
"10_9","mpnet-stripped","mpnet","stripped",0.95,15,1,0.701,0.402,0.511,0.343,553
"10_9","mpnet-stripped","mpnet","stripped",0.95,15,2,0.809,0.33,0.469,0.306,392
"10_9","mpnet-stripped","mpnet","stripped",0.95,15,3,0.706,0.331,0.451,0.291,453
"10_9","mpnet-stripped","mpnet","stripped",0.95,15,4,0.689,0.416,0.519,0.35,583
"10_9","mpnet-stripped","mpnet","stripped",0.95,20,1,0.701,0.404,0.513,0.345,556
"10_9","mpnet-stripped","mpnet","stripped",0.95,20,2,0.806,0.332,0.47,0.307,396
"10_9","mpnet-stripped","mpnet","stripped",0.95,20,3,0.706,0.34,0.459,0.298,466
"10_9","mpnet-stripped","mpnet","stripped",0.95,20,4,0.688,0.42,0.522,0.353,590
"10_9","mpnet-stripped","mpnet","stripped",0.95,25,1,0.701,0.406,0.514,0.346,557
"10_9","mpnet-stripped","mpnet","stripped",0.95,25,2,0.798,0.333,0.47,0.307,401
"10_9","mpnet-stripped","mpnet","stripped",0.95,25,3,0.701,0.346,0.463,0.301,476
"10_9","mpnet-stripped","mpnet","stripped",0.95,25,4,0.684,0.423,0.523,0.354,596
"10_9","mpnet-stripped","mpnet","stripped",0.95,30,1,0.701,0.406,0.514,0.346,557
"10_9","mpnet-stripped","mpnet","stripped",0.95,30,2,0.794,0.334,0.47,0.307,404
"10_9","mpnet-stripped","mpnet","stripped",0.95,30,3,0.698,0.35,0.466,0.304,484
"10_9","mpnet-stripped","mpnet","stripped",0.95,30,4,0.682,0.424,0.523,0.354,599
"10_9","mpnet-stripped","mpnet","stripped",0.99,3,1,0.71,0.392,0.505,0.338,530
"10_9","mpnet-stripped","mpnet","stripped",0.99,3,2,0.837,0.296,0.437,0.28,338
"10_9","mpnet-stripped","mpnet","stripped",0.99,3,3,0.702,0.254,0.373,0.229,348
"10_9","mpnet-stripped","mpnet","stripped",0.99,3,4,0.71,0.392,0.505,0.338,530
"10_9","mpnet-stripped","mpnet","stripped",0.99,5,1,0.707,0.399,0.51,0.342,543
"10_9","mpnet-stripped","mpnet","stripped",0.99,5,2,0.837,0.296,0.437,0.28,338
"10_9","mpnet-stripped","mpnet","stripped",0.99,5,3,0.709,0.281,0.402,0.252,382
"10_9","mpnet-stripped","mpnet","stripped",0.99,5,4,0.707,0.399,0.51,0.342,543
"10_9","mpnet-stripped","mpnet","stripped",0.99,10,1,0.705,0.4,0.51,0.343,547
"10_9","mpnet-stripped","mpnet","stripped",0.99,10,2,0.837,0.296,0.437,0.28,338
"10_9","mpnet-stripped","mpnet","stripped",0.99,10,3,0.716,0.304,0.427,0.271,410
"10_9","mpnet-stripped","mpnet","stripped",0.99,10,4,0.705,0.4,0.51,0.343,547
"10_9","mpnet-stripped","mpnet","stripped",0.99,15,1,0.705,0.4,0.51,0.343,547
"10_9","mpnet-stripped","mpnet","stripped",0.99,15,2,0.835,0.297,0.438,0.28,340
"10_9","mpnet-stripped","mpnet","stripped",0.99,15,3,0.723,0.317,0.441,0.283,423
"10_9","mpnet-stripped","mpnet","stripped",0.99,15,4,0.704,0.401,0.511,0.343,549
"10_9","mpnet-stripped","mpnet","stripped",0.99,20,1,0.705,0.402,0.512,0.344,550
"10_9","mpnet-stripped","mpnet","stripped",0.99,20,2,0.835,0.298,0.439,0.281,341
"10_9","mpnet-stripped","mpnet","stripped",0.99,20,3,0.724,0.326,0.45,0.29,433
"10_9","mpnet-stripped","mpnet","stripped",0.99,20,4,0.704,0.404,0.513,0.346,553
"10_9","mpnet-stripped","mpnet","stripped",0.99,25,1,0.705,0.403,0.513,0.345,551
"10_9","mpnet-stripped","mpnet","stripped",0.99,25,2,0.835,0.298,0.439,0.281,341
"10_9","mpnet-stripped","mpnet","stripped",0.99,25,3,0.725,0.33,0.454,0.293,438
"10_9","mpnet-stripped","mpnet","stripped",0.99,25,4,0.705,0.406,0.515,0.347,554
"10_9","mpnet-stripped","mpnet","stripped",0.99,30,1,0.705,0.403,0.513,0.345,551
"10_9","mpnet-stripped","mpnet","stripped",0.99,30,2,0.836,0.299,0.44,0.282,342
"10_9","mpnet-stripped","mpnet","stripped",0.99,30,3,0.725,0.334,0.457,0.296,444
"10_9","mpnet-stripped","mpnet","stripped",0.99,30,4,0.706,0.407,0.516,0.348,555
"10_9","mpnet-stripped","mpnet","stripped",0.995,3,1,0.71,0.392,0.505,0.338,530
"10_9","mpnet-stripped","mpnet","stripped",0.995,3,2,0.836,0.293,0.434,0.277,336
"10_9","mpnet-stripped","mpnet","stripped",0.995,3,3,0.702,0.254,0.373,0.229,348
"10_9","mpnet-stripped","mpnet","stripped",0.995,3,4,0.71,0.392,0.505,0.338,530
"10_9","mpnet-stripped","mpnet","stripped",0.995,5,1,0.707,0.399,0.51,0.342,543
"10_9","mpnet-stripped","mpnet","stripped",0.995,5,2,0.836,0.293,0.434,0.277,336
"10_9","mpnet-stripped","mpnet","stripped",0.995,5,3,0.709,0.281,0.402,0.252,382
"10_9","mpnet-stripped","mpnet","stripped",0.995,5,4,0.707,0.399,0.51,0.342,543
"10_9","mpnet-stripped","mpnet","stripped",0.995,10,1,0.705,0.4,0.51,0.343,547
"10_9","mpnet-stripped","mpnet","stripped",0.995,10,2,0.836,0.293,0.434,0.277,336
"10_9","mpnet-stripped","mpnet","stripped",0.995,10,3,0.716,0.304,0.427,0.271,410
"10_9","mpnet-stripped","mpnet","stripped",0.995,10,4,0.705,0.4,0.51,0.343,547
"10_9","mpnet-stripped","mpnet","stripped",0.995,15,1,0.705,0.4,0.51,0.343,547
"10_9","mpnet-stripped","mpnet","stripped",0.995,15,2,0.836,0.295,0.436,0.279,337
"10_9","mpnet-stripped","mpnet","stripped",0.995,15,3,0.724,0.317,0.441,0.283,422
"10_9","mpnet-stripped","mpnet","stripped",0.995,15,4,0.705,0.401,0.511,0.344,548
"10_9","mpnet-stripped","mpnet","stripped",0.995,20,1,0.705,0.402,0.512,0.344,550
"10_9","mpnet-stripped","mpnet","stripped",0.995,20,2,0.836,0.295,0.436,0.279,337
"10_9","mpnet-stripped","mpnet","stripped",0.995,20,3,0.726,0.324,0.448,0.289,431
"10_9","mpnet-stripped","mpnet","stripped",0.995,20,4,0.705,0.403,0.513,0.345,551
"10_9","mpnet-stripped","mpnet","stripped",0.995,25,1,0.705,0.403,0.513,0.345,551
"10_9","mpnet-stripped","mpnet","stripped",0.995,25,2,0.836,0.295,0.436,0.279,337
"10_9","mpnet-stripped","mpnet","stripped",0.995,25,3,0.726,0.329,0.453,0.292,436
"10_9","mpnet-stripped","mpnet","stripped",0.995,25,4,0.706,0.404,0.514,0.346,552
"10_9","mpnet-stripped","mpnet","stripped",0.995,30,1,0.705,0.403,0.513,0.345,551
"10_9","mpnet-stripped","mpnet","stripped",0.995,30,2,0.836,0.295,0.436,0.279,337
"10_9","mpnet-stripped","mpnet","stripped",0.995,30,3,0.725,0.332,0.455,0.295,441
"10_9","mpnet-stripped","mpnet","stripped",0.995,30,4,0.706,0.404,0.514,0.346,552
"10_9","mpnet-stripped","mpnet","stripped",0.999,3,1,0.711,0.392,0.505,0.338,529
"10_9","mpnet-stripped","mpnet","stripped",0.999,3,2,0.837,0.291,0.432,0.276,333
"10_9","mpnet-stripped","mpnet","stripped",0.999,3,3,0.702,0.254,0.373,0.229,348
"10_9","mpnet-stripped","mpnet","stripped",0.999,3,4,0.711,0.392,0.505,0.338,529
"10_9","mpnet-stripped","mpnet","stripped",0.999,5,1,0.708,0.399,0.51,0.343,542
"10_9","mpnet-stripped","mpnet","stripped",0.999,5,2,0.837,0.291,0.432,0.276,333
"10_9","mpnet-stripped","mpnet","stripped",0.999,5,3,0.709,0.281,0.402,0.252,382
"10_9","mpnet-stripped","mpnet","stripped",0.999,5,4,0.708,0.399,0.51,0.343,542
"10_9","mpnet-stripped","mpnet","stripped",0.999,10,1,0.706,0.4,0.511,0.343,546
"10_9","mpnet-stripped","mpnet","stripped",0.999,10,2,0.837,0.291,0.432,0.276,333
"10_9","mpnet-stripped","mpnet","stripped",0.999,10,3,0.716,0.304,0.427,0.271,410
"10_9","mpnet-stripped","mpnet","stripped",0.999,10,4,0.706,0.4,0.511,0.343,546
"10_9","mpnet-stripped","mpnet","stripped",0.999,15,1,0.706,0.4,0.511,0.343,546
"10_9","mpnet-stripped","mpnet","stripped",0.999,15,2,0.837,0.291,0.432,0.276,333
"10_9","mpnet-stripped","mpnet","stripped",0.999,15,3,0.724,0.316,0.44,0.282,421
"10_9","mpnet-stripped","mpnet","stripped",0.999,15,4,0.706,0.4,0.511,0.343,546
"10_9","mpnet-stripped","mpnet","stripped",0.999,20,1,0.706,0.402,0.512,0.345,549
"10_9","mpnet-stripped","mpnet","stripped",0.999,20,2,0.837,0.291,0.432,0.276,333
"10_9","mpnet-stripped","mpnet","stripped",0.999,20,3,0.725,0.323,0.447,0.288,430
"10_9","mpnet-stripped","mpnet","stripped",0.999,20,4,0.706,0.402,0.512,0.345,549
"10_9","mpnet-stripped","mpnet","stripped",0.999,25,1,0.707,0.403,0.513,0.346,550
"10_9","mpnet-stripped","mpnet","stripped",0.999,25,2,0.837,0.291,0.432,0.276,333
"10_9","mpnet-stripped","mpnet","stripped",0.999,25,3,0.726,0.328,0.452,0.292,435
"10_9","mpnet-stripped","mpnet","stripped",0.999,25,4,0.707,0.403,0.513,0.346,550
"10_9","mpnet-stripped","mpnet","stripped",0.999,30,1,0.707,0.403,0.513,0.346,550
"10_9","mpnet-stripped","mpnet","stripped",0.999,30,2,0.837,0.291,0.432,0.276,333
"10_9","mpnet-stripped","mpnet","stripped",0.999,30,3,0.724,0.331,0.454,0.294,440
"10_9","mpnet-stripped","mpnet","stripped",0.999,30,4,0.707,0.403,0.513,0.346,550
"8_9","mpnet-stripped","mpnet","stripped",0.95,3,1,0.69,0.807,0.744,0.592,436
"8_9","mpnet-stripped","mpnet","stripped",0.95,3,2,0.793,0.74,0.766,0.62,358
"8_9","mpnet-stripped","mpnet","stripped",0.95,3,3,0.771,0.701,0.734,0.58,301
"8_9","mpnet-stripped","mpnet","stripped",0.95,3,4,0.688,0.813,0.745,0.594,440
"8_9","mpnet-stripped","mpnet","stripped",0.95,5,1,0.688,0.807,0.743,0.591,437
"8_9","mpnet-stripped","mpnet","stripped",0.95,5,2,0.793,0.74,0.766,0.62,358
"8_9","mpnet-stripped","mpnet","stripped",0.95,5,3,0.765,0.716,0.74,0.587,310
"8_9","mpnet-stripped","mpnet","stripped",0.95,5,4,0.686,0.813,0.744,0.593,441
"8_9","mpnet-stripped","mpnet","stripped",0.95,10,1,0.683,0.807,0.74,0.587,440
"8_9","mpnet-stripped","mpnet","stripped",0.95,10,2,0.783,0.74,0.761,0.614,362
"8_9","mpnet-stripped","mpnet","stripped",0.95,10,3,0.744,0.728,0.736,0.582,324
"8_9","mpnet-stripped","mpnet","stripped",0.95,10,4,0.674,0.813,0.737,0.584,448
"8_9","mpnet-stripped","mpnet","stripped",0.95,15,1,0.681,0.807,0.739,0.586,441
"8_9","mpnet-stripped","mpnet","stripped",0.95,15,2,0.779,0.746,0.762,0.616,366
"8_9","mpnet-stripped","mpnet","stripped",0.95,15,3,0.735,0.737,0.736,0.582,332
"8_9","mpnet-stripped","mpnet","stripped",0.95,15,4,0.671,0.819,0.738,0.584,453
"8_9","mpnet-stripped","mpnet","stripped",0.95,20,1,0.681,0.807,0.739,0.586,441
"8_9","mpnet-stripped","mpnet","stripped",0.95,20,2,0.772,0.746,0.759,0.611,369
"8_9","mpnet-stripped","mpnet","stripped",0.95,20,3,0.729,0.74,0.734,0.581,336
"8_9","mpnet-stripped","mpnet","stripped",0.95,20,4,0.666,0.819,0.735,0.58,456
"8_9","mpnet-stripped","mpnet","stripped",0.95,25,1,0.681,0.807,0.739,0.586,441
"8_9","mpnet-stripped","mpnet","stripped",0.95,25,2,0.769,0.746,0.757,0.61,370
"8_9","mpnet-stripped","mpnet","stripped",0.95,25,3,0.721,0.74,0.73,0.575,340
"8_9","mpnet-stripped","mpnet","stripped",0.95,25,4,0.664,0.819,0.733,0.579,457
"8_9","mpnet-stripped","mpnet","stripped",0.95,30,1,0.681,0.807,0.739,0.586,441
"8_9","mpnet-stripped","mpnet","stripped",0.95,30,2,0.769,0.746,0.757,0.61,370
"8_9","mpnet-stripped","mpnet","stripped",0.95,30,3,0.718,0.74,0.729,0.574,341
"8_9","mpnet-stripped","mpnet","stripped",0.95,30,4,0.664,0.819,0.733,0.579,457
"8_9","mpnet-stripped","mpnet","stripped",0.99,3,1,0.692,0.807,0.745,0.593,433
"8_9","mpnet-stripped","mpnet","stripped",0.99,3,2,0.797,0.725,0.759,0.612,348
"8_9","mpnet-stripped","mpnet","stripped",0.99,3,3,0.775,0.698,0.734,0.58,298
"8_9","mpnet-stripped","mpnet","stripped",0.99,3,4,0.693,0.81,0.747,0.596,434
"8_9","mpnet-stripped","mpnet","stripped",0.99,5,1,0.69,0.807,0.744,0.592,434
"8_9","mpnet-stripped","mpnet","stripped",0.99,5,2,0.797,0.725,0.759,0.612,348
"8_9","mpnet-stripped","mpnet","stripped",0.99,5,3,0.769,0.713,0.74,0.587,307
"8_9","mpnet-stripped","mpnet","stripped",0.99,5,4,0.691,0.81,0.746,0.594,435
"8_9","mpnet-stripped","mpnet","stripped",0.99,10,1,0.685,0.807,0.741,0.588,437
"8_9","mpnet-stripped","mpnet","stripped",0.99,10,2,0.792,0.725,0.757,0.609,350
"8_9","mpnet-stripped","mpnet","stripped",0.99,10,3,0.752,0.725,0.738,0.585,319
"8_9","mpnet-stripped","mpnet","stripped",0.99,10,4,0.682,0.81,0.741,0.588,440
"8_9","mpnet-stripped","mpnet","stripped",0.99,15,1,0.683,0.807,0.74,0.587,438
"8_9","mpnet-stripped","mpnet","stripped",0.99,15,2,0.789,0.725,0.756,0.608,351
"8_9","mpnet-stripped","mpnet","stripped",0.99,15,3,0.744,0.728,0.736,0.582,324
"8_9","mpnet-stripped","mpnet","stripped",0.99,15,4,0.678,0.81,0.738,0.585,442
"8_9","mpnet-stripped","mpnet","stripped",0.99,20,1,0.683,0.807,0.74,0.587,438
"8_9","mpnet-stripped","mpnet","stripped",0.99,20,2,0.789,0.725,0.756,0.608,351
"8_9","mpnet-stripped","mpnet","stripped",0.99,20,3,0.745,0.731,0.738,0.585,325
"8_9","mpnet-stripped","mpnet","stripped",0.99,20,4,0.678,0.81,0.738,0.585,442
"8_9","mpnet-stripped","mpnet","stripped",0.99,25,1,0.683,0.807,0.74,0.587,438
"8_9","mpnet-stripped","mpnet","stripped",0.99,25,2,0.789,0.725,0.756,0.608,351
"8_9","mpnet-stripped","mpnet","stripped",0.99,25,3,0.738,0.731,0.734,0.58,328
"8_9","mpnet-stripped","mpnet","stripped",0.99,25,4,0.678,0.81,0.738,0.585,442
"8_9","mpnet-stripped","mpnet","stripped",0.99,30,1,0.683,0.807,0.74,0.587,438
"8_9","mpnet-stripped","mpnet","stripped",0.99,30,2,0.789,0.725,0.756,0.608,351
"8_9","mpnet-stripped","mpnet","stripped",0.99,30,3,0.736,0.731,0.733,0.579,329
"8_9","mpnet-stripped","mpnet","stripped",0.99,30,4,0.678,0.81,0.738,0.585,442
"8_9","mpnet-stripped","mpnet","stripped",0.995,3,1,0.694,0.807,0.746,0.595,432
"8_9","mpnet-stripped","mpnet","stripped",0.995,3,2,0.798,0.716,0.755,0.606,344
"8_9","mpnet-stripped","mpnet","stripped",0.995,3,3,0.774,0.695,0.732,0.578,297
"8_9","mpnet-stripped","mpnet","stripped",0.995,3,4,0.694,0.807,0.746,0.595,432
"8_9","mpnet-stripped","mpnet","stripped",0.995,5,1,0.692,0.807,0.745,0.593,433
"8_9","mpnet-stripped","mpnet","stripped",0.995,5,2,0.798,0.716,0.755,0.606,344
"8_9","mpnet-stripped","mpnet","stripped",0.995,5,3,0.768,0.71,0.738,0.585,306
"8_9","mpnet-stripped","mpnet","stripped",0.995,5,4,0.692,0.807,0.745,0.593,433
"8_9","mpnet-stripped","mpnet","stripped",0.995,10,1,0.686,0.807,0.742,0.589,436
"8_9","mpnet-stripped","mpnet","stripped",0.995,10,2,0.793,0.716,0.753,0.603,346
"8_9","mpnet-stripped","mpnet","stripped",0.995,10,3,0.752,0.722,0.737,0.583,318
"8_9","mpnet-stripped","mpnet","stripped",0.995,10,4,0.683,0.807,0.74,0.587,438
"8_9","mpnet-stripped","mpnet","stripped",0.995,15,1,0.685,0.807,0.741,0.588,437
"8_9","mpnet-stripped","mpnet","stripped",0.995,15,2,0.793,0.716,0.753,0.603,346
"8_9","mpnet-stripped","mpnet","stripped",0.995,15,3,0.745,0.725,0.735,0.581,322
"8_9","mpnet-stripped","mpnet","stripped",0.995,15,4,0.681,0.807,0.739,0.586,439
"8_9","mpnet-stripped","mpnet","stripped",0.995,20,1,0.685,0.807,0.741,0.588,437
"8_9","mpnet-stripped","mpnet","stripped",0.995,20,2,0.793,0.716,0.753,0.603,346
"8_9","mpnet-stripped","mpnet","stripped",0.995,20,3,0.746,0.728,0.737,0.584,323
"8_9","mpnet-stripped","mpnet","stripped",0.995,20,4,0.681,0.807,0.739,0.586,439
"8_9","mpnet-stripped","mpnet","stripped",0.995,25,1,0.685,0.807,0.741,0.588,437
"8_9","mpnet-stripped","mpnet","stripped",0.995,25,2,0.793,0.716,0.753,0.603,346
"8_9","mpnet-stripped","mpnet","stripped",0.995,25,3,0.739,0.728,0.733,0.579,326
"8_9","mpnet-stripped","mpnet","stripped",0.995,25,4,0.681,0.807,0.739,0.586,439
"8_9","mpnet-stripped","mpnet","stripped",0.995,30,1,0.685,0.807,0.741,0.588,437
"8_9","mpnet-stripped","mpnet","stripped",0.995,30,2,0.793,0.716,0.753,0.603,346
"8_9","mpnet-stripped","mpnet","stripped",0.995,30,3,0.737,0.728,0.732,0.578,327
"8_9","mpnet-stripped","mpnet","stripped",0.995,30,4,0.681,0.807,0.739,0.586,439
"8_9","mpnet-stripped","mpnet","stripped",0.999,3,1,0.694,0.807,0.746,0.595,432
"8_9","mpnet-stripped","mpnet","stripped",0.999,3,2,0.797,0.71,0.751,0.601,342
"8_9","mpnet-stripped","mpnet","stripped",0.999,3,3,0.774,0.695,0.732,0.578,297
"8_9","mpnet-stripped","mpnet","stripped",0.999,3,4,0.694,0.807,0.746,0.595,432
"8_9","mpnet-stripped","mpnet","stripped",0.999,5,1,0.692,0.807,0.745,0.593,433
"8_9","mpnet-stripped","mpnet","stripped",0.999,5,2,0.797,0.71,0.751,0.601,342
"8_9","mpnet-stripped","mpnet","stripped",0.999,5,3,0.768,0.71,0.738,0.585,306
"8_9","mpnet-stripped","mpnet","stripped",0.999,5,4,0.692,0.807,0.745,0.593,433
"8_9","mpnet-stripped","mpnet","stripped",0.999,10,1,0.686,0.807,0.742,0.589,436
"8_9","mpnet-stripped","mpnet","stripped",0.999,10,2,0.797,0.71,0.751,0.601,342
"8_9","mpnet-stripped","mpnet","stripped",0.999,10,3,0.756,0.722,0.739,0.586,316
"8_9","mpnet-stripped","mpnet","stripped",0.999,10,4,0.686,0.807,0.742,0.589,436
"8_9","mpnet-stripped","mpnet","stripped",0.999,15,1,0.685,0.807,0.741,0.588,437
"8_9","mpnet-stripped","mpnet","stripped",0.999,15,2,0.797,0.71,0.751,0.601,342
"8_9","mpnet-stripped","mpnet","stripped",0.999,15,3,0.75,0.725,0.737,0.584,320
"8_9","mpnet-stripped","mpnet","stripped",0.999,15,4,0.685,0.807,0.741,0.588,437
"8_9","mpnet-stripped","mpnet","stripped",0.999,20,1,0.685,0.807,0.741,0.588,437
"8_9","mpnet-stripped","mpnet","stripped",0.999,20,2,0.797,0.71,0.751,0.601,342
"8_9","mpnet-stripped","mpnet","stripped",0.999,20,3,0.751,0.728,0.739,0.586,321
"8_9","mpnet-stripped","mpnet","stripped",0.999,20,4,0.685,0.807,0.741,0.588,437
"8_9","mpnet-stripped","mpnet","stripped",0.999,25,1,0.685,0.807,0.741,0.588,437
"8_9","mpnet-stripped","mpnet","stripped",0.999,25,2,0.797,0.71,0.751,0.601,342
"8_9","mpnet-stripped","mpnet","stripped",0.999,25,3,0.744,0.728,0.736,0.582,324
"8_9","mpnet-stripped","mpnet","stripped",0.999,25,4,0.685,0.807,0.741,0.588,437
"8_9","mpnet-stripped","mpnet","stripped",0.999,30,1,0.685,0.807,0.741,0.588,437
"8_9","mpnet-stripped","mpnet","stripped",0.999,30,2,0.797,0.71,0.751,0.601,342
"8_9","mpnet-stripped","mpnet","stripped",0.999,30,3,0.742,0.728,0.735,0.581,325
"8_9","mpnet-stripped","mpnet","stripped",0.999,30,4,0.685,0.807,0.741,0.588,437
"10_9","SapBERT-base-regen","SapBERT","base",0.95,3,1,0.706,0.39,0.502,0.335,529
"10_9","SapBERT-base-regen","SapBERT","base",0.95,3,2,0.832,0.318,0.46,0.299,366
"10_9","SapBERT-base-regen","SapBERT","base",0.95,3,3,0.701,0.255,0.374,0.23,349
"10_9","SapBERT-base-regen","SapBERT","base",0.95,3,4,0.709,0.395,0.507,0.34,534
"10_9","SapBERT-base-regen","SapBERT","base",0.95,5,1,0.704,0.398,0.509,0.341,543
"10_9","SapBERT-base-regen","SapBERT","base",0.95,5,2,0.819,0.323,0.463,0.302,378
"10_9","SapBERT-base-regen","SapBERT","base",0.95,5,3,0.695,0.285,0.404,0.253,394
"10_9","SapBERT-base-regen","SapBERT","base",0.95,5,4,0.701,0.408,0.516,0.347,558
"10_9","SapBERT-base-regen","SapBERT","base",0.95,10,1,0.701,0.398,0.508,0.34,546
"10_9","SapBERT-base-regen","SapBERT","base",0.95,10,2,0.817,0.334,0.474,0.311,391
"10_9","SapBERT-base-regen","SapBERT","base",0.95,10,3,0.709,0.322,0.443,0.285,437
"10_9","SapBERT-base-regen","SapBERT","base",0.95,10,4,0.7,0.418,0.523,0.355,574
"10_9","SapBERT-base-regen","SapBERT","base",0.95,15,1,0.701,0.398,0.508,0.34,546
"10_9","SapBERT-base-regen","SapBERT","base",0.95,15,2,0.805,0.335,0.473,0.31,399
"10_9","SapBERT-base-regen","SapBERT","base",0.95,15,3,0.706,0.338,0.457,0.297,461
"10_9","SapBERT-base-regen","SapBERT","base",0.95,15,4,0.693,0.419,0.522,0.354,582
"10_9","SapBERT-base-regen","SapBERT","base",0.95,20,1,0.701,0.401,0.51,0.343,550
"10_9","SapBERT-base-regen","SapBERT","base",0.95,20,2,0.801,0.339,0.476,0.313,406
"10_9","SapBERT-base-regen","SapBERT","base",0.95,20,3,0.705,0.349,0.467,0.304,476
"10_9","SapBERT-base-regen","SapBERT","base",0.95,20,4,0.692,0.427,0.528,0.359,593
"10_9","SapBERT-base-regen","SapBERT","base",0.95,25,1,0.702,0.402,0.511,0.344,551
"10_9","SapBERT-base-regen","SapBERT","base",0.95,25,2,0.801,0.339,0.476,0.313,406
"10_9","SapBERT-base-regen","SapBERT","base",0.95,25,3,0.706,0.355,0.472,0.309,484
"10_9","SapBERT-base-regen","SapBERT","base",0.95,25,4,0.693,0.428,0.529,0.36,594
"10_9","SapBERT-base-regen","SapBERT","base",0.95,30,1,0.702,0.402,0.511,0.344,551
"10_9","SapBERT-base-regen","SapBERT","base",0.95,30,2,0.799,0.34,0.477,0.314,408
"10_9","SapBERT-base-regen","SapBERT","base",0.95,30,3,0.703,0.361,0.477,0.313,493
"10_9","SapBERT-base-regen","SapBERT","base",0.95,30,4,0.692,0.429,0.53,0.36,596
"10_9","SapBERT-base-regen","SapBERT","base",0.99,3,1,0.708,0.383,0.497,0.331,519
"10_9","SapBERT-base-regen","SapBERT","base",0.99,3,2,0.845,0.297,0.44,0.281,337
"10_9","SapBERT-base-regen","SapBERT","base",0.99,3,3,0.696,0.25,0.368,0.225,344
"10_9","SapBERT-base-regen","SapBERT","base",0.99,3,4,0.708,0.383,0.497,0.331,519
"10_9","SapBERT-base-regen","SapBERT","base",0.99,5,1,0.706,0.393,0.505,0.338,534
"10_9","SapBERT-base-regen","SapBERT","base",0.99,5,2,0.845,0.297,0.44,0.281,337
"10_9","SapBERT-base-regen","SapBERT","base",0.99,5,3,0.699,0.275,0.395,0.246,379
"10_9","SapBERT-base-regen","SapBERT","base",0.99,5,4,0.706,0.393,0.505,0.338,534
"10_9","SapBERT-base-regen","SapBERT","base",0.99,10,1,0.704,0.393,0.504,0.337,537
"10_9","SapBERT-base-regen","SapBERT","base",0.99,10,2,0.846,0.299,0.442,0.283,339
"10_9","SapBERT-base-regen","SapBERT","base",0.99,10,3,0.711,0.302,0.424,0.269,409
"10_9","SapBERT-base-regen","SapBERT","base",0.99,10,4,0.705,0.395,0.506,0.339,539
"10_9","SapBERT-base-regen","SapBERT","base",0.99,15,1,0.704,0.393,0.504,0.337,537
"10_9","SapBERT-base-regen","SapBERT","base",0.99,15,2,0.846,0.299,0.442,0.283,339
"10_9","SapBERT-base-regen","SapBERT","base",0.99,15,3,0.717,0.316,0.439,0.281,424
"10_9","SapBERT-base-regen","SapBERT","base",0.99,15,4,0.705,0.395,0.506,0.339,539
"10_9","SapBERT-base-regen","SapBERT","base",0.99,20,1,0.704,0.396,0.507,0.339,541
"10_9","SapBERT-base-regen","SapBERT","base",0.99,20,2,0.844,0.3,0.443,0.284,341
"10_9","SapBERT-base-regen","SapBERT","base",0.99,20,3,0.716,0.323,0.445,0.287,434
"10_9","SapBERT-base-regen","SapBERT","base",0.99,20,4,0.704,0.399,0.509,0.342,545
"10_9","SapBERT-base-regen","SapBERT","base",0.99,25,1,0.705,0.397,0.508,0.34,542
"10_9","SapBERT-base-regen","SapBERT","base",0.99,25,2,0.844,0.3,0.443,0.284,341
"10_9","SapBERT-base-regen","SapBERT","base",0.99,25,3,0.718,0.329,0.451,0.291,440
"10_9","SapBERT-base-regen","SapBERT","base",0.99,25,4,0.705,0.4,0.51,0.343,546
"10_9","SapBERT-base-regen","SapBERT","base",0.99,30,1,0.705,0.397,0.508,0.34,542
"10_9","SapBERT-base-regen","SapBERT","base",0.99,30,2,0.841,0.3,0.442,0.284,342
"10_9","SapBERT-base-regen","SapBERT","base",0.99,30,3,0.714,0.333,0.454,0.294,448
"10_9","SapBERT-base-regen","SapBERT","base",0.99,30,4,0.704,0.4,0.51,0.342,547
"10_9","SapBERT-base-regen","SapBERT","base",0.995,3,1,0.708,0.381,0.495,0.329,516
"10_9","SapBERT-base-regen","SapBERT","base",0.995,3,2,0.846,0.293,0.435,0.279,333
"10_9","SapBERT-base-regen","SapBERT","base",0.995,3,3,0.696,0.25,0.368,0.225,344
"10_9","SapBERT-base-regen","SapBERT","base",0.995,3,4,0.708,0.381,0.495,0.329,516
"10_9","SapBERT-base-regen","SapBERT","base",0.995,5,1,0.707,0.391,0.504,0.336,531
"10_9","SapBERT-base-regen","SapBERT","base",0.995,5,2,0.846,0.293,0.435,0.279,333
"10_9","SapBERT-base-regen","SapBERT","base",0.995,5,3,0.701,0.275,0.395,0.246,378
"10_9","SapBERT-base-regen","SapBERT","base",0.995,5,4,0.707,0.391,0.504,0.336,531
"10_9","SapBERT-base-regen","SapBERT","base",0.995,10,1,0.704,0.391,0.503,0.335,534
"10_9","SapBERT-base-regen","SapBERT","base",0.995,10,2,0.847,0.296,0.439,0.281,335
"10_9","SapBERT-base-regen","SapBERT","base",0.995,10,3,0.712,0.301,0.423,0.268,407
"10_9","SapBERT-base-regen","SapBERT","base",0.995,10,4,0.705,0.393,0.505,0.337,536
"10_9","SapBERT-base-regen","SapBERT","base",0.995,15,1,0.704,0.391,0.503,0.335,534
"10_9","SapBERT-base-regen","SapBERT","base",0.995,15,2,0.847,0.296,0.439,0.281,335
"10_9","SapBERT-base-regen","SapBERT","base",0.995,15,3,0.718,0.315,0.438,0.28,422
"10_9","SapBERT-base-regen","SapBERT","base",0.995,15,4,0.705,0.393,0.505,0.337,536
"10_9","SapBERT-base-regen","SapBERT","base",0.995,20,1,0.704,0.394,0.505,0.338,538
"10_9","SapBERT-base-regen","SapBERT","base",0.995,20,2,0.845,0.296,0.438,0.28,336
"10_9","SapBERT-base-regen","SapBERT","base",0.995,20,3,0.717,0.321,0.443,0.285,431
"10_9","SapBERT-base-regen","SapBERT","base",0.995,20,4,0.704,0.396,0.507,0.339,541
"10_9","SapBERT-base-regen","SapBERT","base",0.995,25,1,0.705,0.395,0.506,0.339,539
"10_9","SapBERT-base-regen","SapBERT","base",0.995,25,2,0.845,0.296,0.438,0.28,336
"10_9","SapBERT-base-regen","SapBERT","base",0.995,25,3,0.718,0.327,0.449,0.289,437
"10_9","SapBERT-base-regen","SapBERT","base",0.995,25,4,0.705,0.397,0.508,0.34,542
"10_9","SapBERT-base-regen","SapBERT","base",0.995,30,1,0.705,0.395,0.506,0.339,539
"10_9","SapBERT-base-regen","SapBERT","base",0.995,30,2,0.845,0.296,0.438,0.28,336
"10_9","SapBERT-base-regen","SapBERT","base",0.995,30,3,0.716,0.331,0.453,0.292,444
"10_9","SapBERT-base-regen","SapBERT","base",0.995,30,4,0.705,0.397,0.508,0.34,542
"10_9","SapBERT-base-regen","SapBERT","base",0.999,3,1,0.708,0.38,0.495,0.328,515
"10_9","SapBERT-base-regen","SapBERT","base",0.999,3,2,0.845,0.29,0.432,0.276,330
"10_9","SapBERT-base-regen","SapBERT","base",0.999,3,3,0.696,0.249,0.367,0.224,343
"10_9","SapBERT-base-regen","SapBERT","base",0.999,3,4,0.708,0.38,0.495,0.328,515
"10_9","SapBERT-base-regen","SapBERT","base",0.999,5,1,0.706,0.39,0.502,0.335,530
"10_9","SapBERT-base-regen","SapBERT","base",0.999,5,2,0.845,0.29,0.432,0.276,330
"10_9","SapBERT-base-regen","SapBERT","base",0.999,5,3,0.7,0.274,0.394,0.245,377
"10_9","SapBERT-base-regen","SapBERT","base",0.999,5,4,0.706,0.39,0.502,0.335,530
"10_9","SapBERT-base-regen","SapBERT","base",0.999,10,1,0.703,0.39,0.502,0.335,533
"10_9","SapBERT-base-regen","SapBERT","base",0.999,10,2,0.845,0.291,0.433,0.277,331
"10_9","SapBERT-base-regen","SapBERT","base",0.999,10,3,0.711,0.299,0.421,0.266,405
"10_9","SapBERT-base-regen","SapBERT","base",0.999,10,4,0.704,0.391,0.503,0.335,534
"10_9","SapBERT-base-regen","SapBERT","base",0.999,15,1,0.703,0.39,0.502,0.335,533
"10_9","SapBERT-base-regen","SapBERT","base",0.999,15,2,0.845,0.291,0.433,0.277,331
"10_9","SapBERT-base-regen","SapBERT","base",0.999,15,3,0.716,0.313,0.436,0.278,420
"10_9","SapBERT-base-regen","SapBERT","base",0.999,15,4,0.704,0.391,0.503,0.335,534
"10_9","SapBERT-base-regen","SapBERT","base",0.999,20,1,0.704,0.393,0.504,0.337,537
"10_9","SapBERT-base-regen","SapBERT","base",0.999,20,2,0.845,0.291,0.433,0.277,331
"10_9","SapBERT-base-regen","SapBERT","base",0.999,20,3,0.717,0.319,0.442,0.283,428
"10_9","SapBERT-base-regen","SapBERT","base",0.999,20,4,0.704,0.394,0.505,0.338,538
"10_9","SapBERT-base-regen","SapBERT","base",0.999,25,1,0.704,0.394,0.505,0.338,538
"10_9","SapBERT-base-regen","SapBERT","base",0.999,25,2,0.845,0.291,0.433,0.277,331
"10_9","SapBERT-base-regen","SapBERT","base",0.999,25,3,0.719,0.324,0.447,0.288,434
"10_9","SapBERT-base-regen","SapBERT","base",0.999,25,4,0.705,0.395,0.506,0.339,539
"10_9","SapBERT-base-regen","SapBERT","base",0.999,30,1,0.704,0.394,0.505,0.338,538
"10_9","SapBERT-base-regen","SapBERT","base",0.999,30,2,0.845,0.291,0.433,0.277,331
"10_9","SapBERT-base-regen","SapBERT","base",0.999,30,3,0.716,0.329,0.451,0.291,441
"10_9","SapBERT-base-regen","SapBERT","base",0.999,30,4,0.705,0.395,0.506,0.339,539
"8_9","SapBERT-base-regen","SapBERT","base",0.95,3,1,0.727,0.837,0.778,0.637,431
"8_9","SapBERT-base-regen","SapBERT","base",0.95,3,2,0.845,0.792,0.818,0.691,360
"8_9","SapBERT-base-regen","SapBERT","base",0.95,3,3,0.781,0.701,0.739,0.586,297
"8_9","SapBERT-base-regen","SapBERT","base",0.95,3,4,0.724,0.84,0.778,0.636,434
"8_9","SapBERT-base-regen","SapBERT","base",0.95,5,1,0.725,0.837,0.777,0.635,432
"8_9","SapBERT-base-regen","SapBERT","base",0.95,5,2,0.84,0.795,0.817,0.69,363
"8_9","SapBERT-base-regen","SapBERT","base",0.95,5,3,0.77,0.719,0.744,0.592,309
"8_9","SapBERT-base-regen","SapBERT","base",0.95,5,4,0.719,0.843,0.776,0.634,438
"8_9","SapBERT-base-regen","SapBERT","base",0.95,10,1,0.719,0.837,0.774,0.631,435
"8_9","SapBERT-base-regen","SapBERT","base",0.95,10,2,0.84,0.795,0.817,0.69,363
"8_9","SapBERT-base-regen","SapBERT","base",0.95,10,3,0.761,0.731,0.746,0.595,318
"8_9","SapBERT-base-regen","SapBERT","base",0.95,10,4,0.714,0.843,0.773,0.63,441
"8_9","SapBERT-base-regen","SapBERT","base",0.95,15,1,0.718,0.837,0.773,0.63,436
"8_9","SapBERT-base-regen","SapBERT","base",0.95,15,2,0.838,0.798,0.818,0.691,365
"8_9","SapBERT-base-regen","SapBERT","base",0.95,15,3,0.756,0.74,0.748,0.598,324
"8_9","SapBERT-base-regen","SapBERT","base",0.95,15,4,0.711,0.846,0.773,0.629,444
"8_9","SapBERT-base-regen","SapBERT","base",0.95,20,1,0.718,0.837,0.773,0.63,436
"8_9","SapBERT-base-regen","SapBERT","base",0.95,20,2,0.835,0.798,0.816,0.689,366
"8_9","SapBERT-base-regen","SapBERT","base",0.95,20,3,0.75,0.743,0.746,0.596,328
"8_9","SapBERT-base-regen","SapBERT","base",0.95,20,4,0.709,0.846,0.771,0.628,445
"8_9","SapBERT-base-regen","SapBERT","base",0.95,25,1,0.718,0.837,0.773,0.63,436
"8_9","SapBERT-base-regen","SapBERT","base",0.95,25,2,0.825,0.798,0.811,0.682,370
"8_9","SapBERT-base-regen","SapBERT","base",0.95,25,3,0.734,0.743,0.738,0.586,335
"8_9","SapBERT-base-regen","SapBERT","base",0.95,25,4,0.702,0.846,0.767,0.622,449
"8_9","SapBERT-base-regen","SapBERT","base",0.95,30,1,0.718,0.837,0.773,0.63,436
"8_9","SapBERT-base-regen","SapBERT","base",0.95,30,2,0.825,0.798,0.811,0.682,370
"8_9","SapBERT-base-regen","SapBERT","base",0.95,30,3,0.734,0.743,0.738,0.586,335
"8_9","SapBERT-base-regen","SapBERT","base",0.95,30,4,0.702,0.846,0.767,0.622,449
"8_9","SapBERT-base-regen","SapBERT","base",0.99,3,1,0.73,0.834,0.779,0.637,428
"8_9","SapBERT-base-regen","SapBERT","base",0.99,3,2,0.861,0.785,0.821,0.697,352
"8_9","SapBERT-base-regen","SapBERT","base",0.99,3,3,0.786,0.701,0.741,0.589,295
"8_9","SapBERT-base-regen","SapBERT","base",0.99,3,4,0.731,0.837,0.78,0.64,429
"8_9","SapBERT-base-regen","SapBERT","base",0.99,5,1,0.728,0.834,0.777,0.636,429
"8_9","SapBERT-base-regen","SapBERT","base",0.99,5,2,0.858,0.785,0.82,0.695,353
"8_9","SapBERT-base-regen","SapBERT","base",0.99,5,3,0.777,0.716,0.745,0.594,305
"8_9","SapBERT-base-regen","SapBERT","base",0.99,5,4,0.727,0.837,0.778,0.637,431
"8_9","SapBERT-base-regen","SapBERT","base",0.99,10,1,0.723,0.834,0.775,0.632,432
"8_9","SapBERT-base-regen","SapBERT","base",0.99,10,2,0.858,0.785,0.82,0.695,353
"8_9","SapBERT-base-regen","SapBERT","base",0.99,10,3,0.768,0.728,0.747,0.597,314
"8_9","SapBERT-base-regen","SapBERT","base",0.99,10,4,0.721,0.837,0.775,0.632,434
"8_9","SapBERT-base-regen","SapBERT","base",0.99,15,1,0.721,0.834,0.773,0.63,433
"8_9","SapBERT-base-regen","SapBERT","base",0.99,15,2,0.858,0.785,0.82,0.695,353
"8_9","SapBERT-base-regen","SapBERT","base",0.99,15,3,0.764,0.734,0.749,0.599,318
"8_9","SapBERT-base-regen","SapBERT","base",0.99,15,4,0.719,0.837,0.774,0.631,435
"8_9","SapBERT-base-regen","SapBERT","base",0.99,20,1,0.721,0.834,0.773,0.63,433
"8_9","SapBERT-base-regen","SapBERT","base",0.99,20,2,0.858,0.785,0.82,0.695,353
"8_9","SapBERT-base-regen","SapBERT","base",0.99,20,3,0.76,0.737,0.748,0.598,321
"8_9","SapBERT-base-regen","SapBERT","base",0.99,20,4,0.719,0.837,0.774,0.631,435
"8_9","SapBERT-base-regen","SapBERT","base",0.99,25,1,0.721,0.834,0.773,0.63,433
"8_9","SapBERT-base-regen","SapBERT","base",0.99,25,2,0.855,0.785,0.819,0.693,354
"8_9","SapBERT-base-regen","SapBERT","base",0.99,25,3,0.751,0.737,0.744,0.592,325
"8_9","SapBERT-base-regen","SapBERT","base",0.99,25,4,0.718,0.837,0.773,0.63,436
"8_9","SapBERT-base-regen","SapBERT","base",0.99,30,1,0.721,0.834,0.773,0.63,433
"8_9","SapBERT-base-regen","SapBERT","base",0.99,30,2,0.855,0.785,0.819,0.693,354
"8_9","SapBERT-base-regen","SapBERT","base",0.99,30,3,0.751,0.737,0.744,0.592,325
"8_9","SapBERT-base-regen","SapBERT","base",0.99,30,4,0.718,0.837,0.773,0.63,436
"8_9","SapBERT-base-regen","SapBERT","base",0.995,3,1,0.73,0.834,0.779,0.637,427
"8_9","SapBERT-base-regen","SapBERT","base",0.995,3,2,0.859,0.773,0.814,0.686,347
"8_9","SapBERT-base-regen","SapBERT","base",0.995,3,3,0.786,0.698,0.739,0.586,294
"8_9","SapBERT-base-regen","SapBERT","base",0.995,3,4,0.73,0.834,0.779,0.637,427
"8_9","SapBERT-base-regen","SapBERT","base",0.995,5,1,0.728,0.834,0.777,0.636,428
"8_9","SapBERT-base-regen","SapBERT","base",0.995,5,2,0.859,0.773,0.814,0.686,347
"8_9","SapBERT-base-regen","SapBERT","base",0.995,5,3,0.779,0.713,0.745,0.593,303
"8_9","SapBERT-base-regen","SapBERT","base",0.995,5,4,0.728,0.834,0.777,0.636,428
"8_9","SapBERT-base-regen","SapBERT","base",0.995,10,1,0.723,0.834,0.775,0.632,431
"8_9","SapBERT-base-regen","SapBERT","base",0.995,10,2,0.859,0.773,0.814,0.686,347
"8_9","SapBERT-base-regen","SapBERT","base",0.995,10,3,0.769,0.725,0.746,0.596,312
"8_9","SapBERT-base-regen","SapBERT","base",0.995,10,4,0.723,0.834,0.775,0.632,431
"8_9","SapBERT-base-regen","SapBERT","base",0.995,15,1,0.721,0.834,0.773,0.63,432
"8_9","SapBERT-base-regen","SapBERT","base",0.995,15,2,0.859,0.773,0.814,0.686,347
"8_9","SapBERT-base-regen","SapBERT","base",0.995,15,3,0.766,0.731,0.748,0.598,316
"8_9","SapBERT-base-regen","SapBERT","base",0.995,15,4,0.721,0.834,0.773,0.63,432
"8_9","SapBERT-base-regen","SapBERT","base",0.995,20,1,0.721,0.834,0.773,0.63,432
"8_9","SapBERT-base-regen","SapBERT","base",0.995,20,2,0.859,0.773,0.814,0.686,347
"8_9","SapBERT-base-regen","SapBERT","base",0.995,20,3,0.762,0.734,0.748,0.597,319
"8_9","SapBERT-base-regen","SapBERT","base",0.995,20,4,0.721,0.834,0.773,0.63,432
"8_9","SapBERT-base-regen","SapBERT","base",0.995,25,1,0.721,0.834,0.773,0.63,432
"8_9","SapBERT-base-regen","SapBERT","base",0.995,25,2,0.859,0.773,0.814,0.686,347
"8_9","SapBERT-base-regen","SapBERT","base",0.995,25,3,0.755,0.734,0.744,0.593,322
"8_9","SapBERT-base-regen","SapBERT","base",0.995,25,4,0.721,0.834,0.773,0.63,432
"8_9","SapBERT-base-regen","SapBERT","base",0.995,30,1,0.721,0.834,0.773,0.63,432
"8_9","SapBERT-base-regen","SapBERT","base",0.995,30,2,0.859,0.773,0.814,0.686,347
"8_9","SapBERT-base-regen","SapBERT","base",0.995,30,3,0.755,0.734,0.744,0.593,322
"8_9","SapBERT-base-regen","SapBERT","base",0.995,30,4,0.721,0.834,0.773,0.63,432
"8_9","SapBERT-base-regen","SapBERT","base",0.999,3,1,0.732,0.834,0.78,0.639,426
"8_9","SapBERT-base-regen","SapBERT","base",0.999,3,2,0.861,0.77,0.813,0.685,345
"8_9","SapBERT-base-regen","SapBERT","base",0.999,3,3,0.786,0.698,0.739,0.586,294
"8_9","SapBERT-base-regen","SapBERT","base",0.999,3,4,0.732,0.834,0.78,0.639,426
"8_9","SapBERT-base-regen","SapBERT","base",0.999,5,1,0.73,0.834,0.779,0.637,427
"8_9","SapBERT-base-regen","SapBERT","base",0.999,5,2,0.861,0.77,0.813,0.685,345
"8_9","SapBERT-base-regen","SapBERT","base",0.999,5,3,0.779,0.713,0.745,0.593,303
"8_9","SapBERT-base-regen","SapBERT","base",0.999,5,4,0.73,0.834,0.779,0.637,427
"8_9","SapBERT-base-regen","SapBERT","base",0.999,10,1,0.724,0.834,0.775,0.633,430
"8_9","SapBERT-base-regen","SapBERT","base",0.999,10,2,0.861,0.77,0.813,0.685,345
"8_9","SapBERT-base-regen","SapBERT","base",0.999,10,3,0.769,0.725,0.746,0.596,312
"8_9","SapBERT-base-regen","SapBERT","base",0.999,10,4,0.724,0.834,0.775,0.633,430
"8_9","SapBERT-base-regen","SapBERT","base",0.999,15,1,0.723,0.834,0.775,0.632,431
"8_9","SapBERT-base-regen","SapBERT","base",0.999,15,2,0.861,0.77,0.813,0.685,345
"8_9","SapBERT-base-regen","SapBERT","base",0.999,15,3,0.766,0.731,0.748,0.598,316
"8_9","SapBERT-base-regen","SapBERT","base",0.999,15,4,0.723,0.834,0.775,0.632,431
"8_9","SapBERT-base-regen","SapBERT","base",0.999,20,1,0.723,0.834,0.775,0.632,431
"8_9","SapBERT-base-regen","SapBERT","base",0.999,20,2,0.861,0.77,0.813,0.685,345
"8_9","SapBERT-base-regen","SapBERT","base",0.999,20,3,0.762,0.734,0.748,0.597,319
"8_9","SapBERT-base-regen","SapBERT","base",0.999,20,4,0.723,0.834,0.775,0.632,431
"8_9","SapBERT-base-regen","SapBERT","base",0.999,25,1,0.723,0.834,0.775,0.632,431
"8_9","SapBERT-base-regen","SapBERT","base",0.999,25,2,0.861,0.77,0.813,0.685,345
"8_9","SapBERT-base-regen","SapBERT","base",0.999,25,3,0.755,0.734,0.744,0.593,322
"8_9","SapBERT-base-regen","SapBERT","base",0.999,25,4,0.723,0.834,0.775,0.632,431
"8_9","SapBERT-base-regen","SapBERT","base",0.999,30,1,0.723,0.834,0.775,0.632,431
"8_9","SapBERT-base-regen","SapBERT","base",0.999,30,2,0.861,0.77,0.813,0.685,345
"8_9","SapBERT-base-regen","SapBERT","base",0.999,30,3,0.755,0.734,0.744,0.593,322
"8_9","SapBERT-base-regen","SapBERT","base",0.999,30,4,0.723,0.834,0.775,0.632,431
"10_9","SapBERT-base","SapBERT","base",0.95,3,1,0.706,0.39,0.502,0.335,529
"10_9","SapBERT-base","SapBERT","base",0.95,3,2,0.832,0.318,0.46,0.299,366
"10_9","SapBERT-base","SapBERT","base",0.95,3,3,0.701,0.255,0.374,0.23,349
"10_9","SapBERT-base","SapBERT","base",0.95,3,4,0.709,0.395,0.507,0.34,534
"10_9","SapBERT-base","SapBERT","base",0.95,5,1,0.704,0.398,0.509,0.341,543
"10_9","SapBERT-base","SapBERT","base",0.95,5,2,0.819,0.323,0.463,0.302,378
"10_9","SapBERT-base","SapBERT","base",0.95,5,3,0.695,0.285,0.404,0.253,394
"10_9","SapBERT-base","SapBERT","base",0.95,5,4,0.701,0.408,0.516,0.347,558
"10_9","SapBERT-base","SapBERT","base",0.95,10,1,0.701,0.398,0.508,0.34,546
"10_9","SapBERT-base","SapBERT","base",0.95,10,2,0.817,0.334,0.474,0.311,391
"10_9","SapBERT-base","SapBERT","base",0.95,10,3,0.709,0.322,0.443,0.285,437
"10_9","SapBERT-base","SapBERT","base",0.95,10,4,0.7,0.418,0.523,0.355,574
"10_9","SapBERT-base","SapBERT","base",0.95,15,1,0.701,0.398,0.508,0.34,546
"10_9","SapBERT-base","SapBERT","base",0.95,15,2,0.805,0.335,0.473,0.31,399
"10_9","SapBERT-base","SapBERT","base",0.95,15,3,0.706,0.338,0.457,0.297,461
"10_9","SapBERT-base","SapBERT","base",0.95,15,4,0.693,0.419,0.522,0.354,582
"10_9","SapBERT-base","SapBERT","base",0.95,20,1,0.701,0.401,0.51,0.343,550
"10_9","SapBERT-base","SapBERT","base",0.95,20,2,0.801,0.339,0.476,0.313,406
"10_9","SapBERT-base","SapBERT","base",0.95,20,3,0.705,0.349,0.467,0.304,476
"10_9","SapBERT-base","SapBERT","base",0.95,20,4,0.692,0.427,0.528,0.359,593
"10_9","SapBERT-base","SapBERT","base",0.95,25,1,0.702,0.402,0.511,0.344,551
"10_9","SapBERT-base","SapBERT","base",0.95,25,2,0.801,0.339,0.476,0.313,406
"10_9","SapBERT-base","SapBERT","base",0.95,25,3,0.706,0.355,0.472,0.309,484
"10_9","SapBERT-base","SapBERT","base",0.95,25,4,0.693,0.428,0.529,0.36,594
"10_9","SapBERT-base","SapBERT","base",0.95,30,1,0.702,0.402,0.511,0.344,551
"10_9","SapBERT-base","SapBERT","base",0.95,30,2,0.799,0.34,0.477,0.314,408
"10_9","SapBERT-base","SapBERT","base",0.95,30,3,0.703,0.361,0.477,0.313,493
"10_9","SapBERT-base","SapBERT","base",0.95,30,4,0.692,0.429,0.53,0.36,596
"10_9","SapBERT-base","SapBERT","base",0.99,3,1,0.708,0.383,0.497,0.331,519
"10_9","SapBERT-base","SapBERT","base",0.99,3,2,0.845,0.297,0.44,0.281,337
"10_9","SapBERT-base","SapBERT","base",0.99,3,3,0.696,0.25,0.368,0.225,344
"10_9","SapBERT-base","SapBERT","base",0.99,3,4,0.708,0.383,0.497,0.331,519
"10_9","SapBERT-base","SapBERT","base",0.99,5,1,0.706,0.393,0.505,0.338,534
"10_9","SapBERT-base","SapBERT","base",0.99,5,2,0.845,0.297,0.44,0.281,337
"10_9","SapBERT-base","SapBERT","base",0.99,5,3,0.699,0.275,0.395,0.246,379
"10_9","SapBERT-base","SapBERT","base",0.99,5,4,0.706,0.393,0.505,0.338,534
"10_9","SapBERT-base","SapBERT","base",0.99,10,1,0.704,0.393,0.504,0.337,537
"10_9","SapBERT-base","SapBERT","base",0.99,10,2,0.846,0.299,0.442,0.283,339
"10_9","SapBERT-base","SapBERT","base",0.99,10,3,0.711,0.302,0.424,0.269,409
"10_9","SapBERT-base","SapBERT","base",0.99,10,4,0.705,0.395,0.506,0.339,539
"10_9","SapBERT-base","SapBERT","base",0.99,15,1,0.704,0.393,0.504,0.337,537
"10_9","SapBERT-base","SapBERT","base",0.99,15,2,0.846,0.299,0.442,0.283,339
"10_9","SapBERT-base","SapBERT","base",0.99,15,3,0.717,0.316,0.439,0.281,424
"10_9","SapBERT-base","SapBERT","base",0.99,15,4,0.705,0.395,0.506,0.339,539
"10_9","SapBERT-base","SapBERT","base",0.99,20,1,0.704,0.396,0.507,0.339,541
"10_9","SapBERT-base","SapBERT","base",0.99,20,2,0.844,0.3,0.443,0.284,341
"10_9","SapBERT-base","SapBERT","base",0.99,20,3,0.716,0.323,0.445,0.287,434
"10_9","SapBERT-base","SapBERT","base",0.99,20,4,0.704,0.399,0.509,0.342,545
"10_9","SapBERT-base","SapBERT","base",0.99,25,1,0.705,0.397,0.508,0.34,542
"10_9","SapBERT-base","SapBERT","base",0.99,25,2,0.844,0.3,0.443,0.284,341
"10_9","SapBERT-base","SapBERT","base",0.99,25,3,0.718,0.329,0.451,0.291,440
"10_9","SapBERT-base","SapBERT","base",0.99,25,4,0.705,0.4,0.51,0.343,546
"10_9","SapBERT-base","SapBERT","base",0.99,30,1,0.705,0.397,0.508,0.34,542
"10_9","SapBERT-base","SapBERT","base",0.99,30,2,0.841,0.3,0.442,0.284,342
"10_9","SapBERT-base","SapBERT","base",0.99,30,3,0.714,0.333,0.454,0.294,448
"10_9","SapBERT-base","SapBERT","base",0.99,30,4,0.704,0.4,0.51,0.342,547
"10_9","SapBERT-base","SapBERT","base",0.995,3,1,0.708,0.381,0.495,0.329,516
"10_9","SapBERT-base","SapBERT","base",0.995,3,2,0.846,0.293,0.435,0.279,333
"10_9","SapBERT-base","SapBERT","base",0.995,3,3,0.696,0.25,0.368,0.225,344
"10_9","SapBERT-base","SapBERT","base",0.995,3,4,0.708,0.381,0.495,0.329,516
"10_9","SapBERT-base","SapBERT","base",0.995,5,1,0.707,0.391,0.504,0.336,531
"10_9","SapBERT-base","SapBERT","base",0.995,5,2,0.846,0.293,0.435,0.279,333
"10_9","SapBERT-base","SapBERT","base",0.995,5,3,0.701,0.275,0.395,0.246,378
"10_9","SapBERT-base","SapBERT","base",0.995,5,4,0.707,0.391,0.504,0.336,531
"10_9","SapBERT-base","SapBERT","base",0.995,10,1,0.704,0.391,0.503,0.335,534
"10_9","SapBERT-base","SapBERT","base",0.995,10,2,0.847,0.296,0.439,0.281,335
"10_9","SapBERT-base","SapBERT","base",0.995,10,3,0.712,0.301,0.423,0.268,407
"10_9","SapBERT-base","SapBERT","base",0.995,10,4,0.705,0.393,0.505,0.337,536
"10_9","SapBERT-base","SapBERT","base",0.995,15,1,0.704,0.391,0.503,0.335,534
"10_9","SapBERT-base","SapBERT","base",0.995,15,2,0.847,0.296,0.439,0.281,335
"10_9","SapBERT-base","SapBERT","base",0.995,15,3,0.718,0.315,0.438,0.28,422
"10_9","SapBERT-base","SapBERT","base",0.995,15,4,0.705,0.393,0.505,0.337,536
"10_9","SapBERT-base","SapBERT","base",0.995,20,1,0.704,0.394,0.505,0.338,538
"10_9","SapBERT-base","SapBERT","base",0.995,20,2,0.845,0.296,0.438,0.28,336
"10_9","SapBERT-base","SapBERT","base",0.995,20,3,0.717,0.321,0.443,0.285,431
"10_9","SapBERT-base","SapBERT","base",0.995,20,4,0.704,0.396,0.507,0.339,541
"10_9","SapBERT-base","SapBERT","base",0.995,25,1,0.705,0.395,0.506,0.339,539
"10_9","SapBERT-base","SapBERT","base",0.995,25,2,0.845,0.296,0.438,0.28,336
"10_9","SapBERT-base","SapBERT","base",0.995,25,3,0.718,0.327,0.449,0.289,437
"10_9","SapBERT-base","SapBERT","base",0.995,25,4,0.705,0.397,0.508,0.34,542
"10_9","SapBERT-base","SapBERT","base",0.995,30,1,0.705,0.395,0.506,0.339,539
"10_9","SapBERT-base","SapBERT","base",0.995,30,2,0.845,0.296,0.438,0.28,336
"10_9","SapBERT-base","SapBERT","base",0.995,30,3,0.716,0.331,0.453,0.292,444
"10_9","SapBERT-base","SapBERT","base",0.995,30,4,0.705,0.397,0.508,0.34,542
"10_9","SapBERT-base","SapBERT","base",0.999,3,1,0.708,0.38,0.495,0.328,515
"10_9","SapBERT-base","SapBERT","base",0.999,3,2,0.845,0.29,0.432,0.276,330
"10_9","SapBERT-base","SapBERT","base",0.999,3,3,0.696,0.249,0.367,0.224,343
"10_9","SapBERT-base","SapBERT","base",0.999,3,4,0.708,0.38,0.495,0.328,515
"10_9","SapBERT-base","SapBERT","base",0.999,5,1,0.706,0.39,0.502,0.335,530
"10_9","SapBERT-base","SapBERT","base",0.999,5,2,0.845,0.29,0.432,0.276,330
"10_9","SapBERT-base","SapBERT","base",0.999,5,3,0.7,0.274,0.394,0.245,377
"10_9","SapBERT-base","SapBERT","base",0.999,5,4,0.706,0.39,0.502,0.335,530
"10_9","SapBERT-base","SapBERT","base",0.999,10,1,0.703,0.39,0.502,0.335,533
"10_9","SapBERT-base","SapBERT","base",0.999,10,2,0.845,0.291,0.433,0.277,331
"10_9","SapBERT-base","SapBERT","base",0.999,10,3,0.711,0.299,0.421,0.266,405
"10_9","SapBERT-base","SapBERT","base",0.999,10,4,0.704,0.391,0.503,0.335,534
"10_9","SapBERT-base","SapBERT","base",0.999,15,1,0.703,0.39,0.502,0.335,533
"10_9","SapBERT-base","SapBERT","base",0.999,15,2,0.845,0.291,0.433,0.277,331
"10_9","SapBERT-base","SapBERT","base",0.999,15,3,0.716,0.313,0.436,0.278,420
"10_9","SapBERT-base","SapBERT","base",0.999,15,4,0.704,0.391,0.503,0.335,534
"10_9","SapBERT-base","SapBERT","base",0.999,20,1,0.704,0.393,0.504,0.337,537
"10_9","SapBERT-base","SapBERT","base",0.999,20,2,0.845,0.291,0.433,0.277,331
"10_9","SapBERT-base","SapBERT","base",0.999,20,3,0.717,0.319,0.442,0.283,428
"10_9","SapBERT-base","SapBERT","base",0.999,20,4,0.704,0.394,0.505,0.338,538
"10_9","SapBERT-base","SapBERT","base",0.999,25,1,0.704,0.394,0.505,0.338,538
"10_9","SapBERT-base","SapBERT","base",0.999,25,2,0.845,0.291,0.433,0.277,331
"10_9","SapBERT-base","SapBERT","base",0.999,25,3,0.719,0.324,0.447,0.288,434
"10_9","SapBERT-base","SapBERT","base",0.999,25,4,0.705,0.395,0.506,0.339,539
"10_9","SapBERT-base","SapBERT","base",0.999,30,1,0.704,0.394,0.505,0.338,538
"10_9","SapBERT-base","SapBERT","base",0.999,30,2,0.845,0.291,0.433,0.277,331
"10_9","SapBERT-base","SapBERT","base",0.999,30,3,0.716,0.329,0.451,0.291,441
"10_9","SapBERT-base","SapBERT","base",0.999,30,4,0.705,0.395,0.506,0.339,539
"8_9","SapBERT-base","SapBERT","base",0.95,3,1,0.727,0.837,0.778,0.637,431
"8_9","SapBERT-base","SapBERT","base",0.95,3,2,0.845,0.792,0.818,0.691,360
"8_9","SapBERT-base","SapBERT","base",0.95,3,3,0.781,0.701,0.739,0.586,297
"8_9","SapBERT-base","SapBERT","base",0.95,3,4,0.724,0.84,0.778,0.636,434
"8_9","SapBERT-base","SapBERT","base",0.95,5,1,0.725,0.837,0.777,0.635,432
"8_9","SapBERT-base","SapBERT","base",0.95,5,2,0.84,0.795,0.817,0.69,363
"8_9","SapBERT-base","SapBERT","base",0.95,5,3,0.77,0.719,0.744,0.592,309
"8_9","SapBERT-base","SapBERT","base",0.95,5,4,0.719,0.843,0.776,0.634,438
"8_9","SapBERT-base","SapBERT","base",0.95,10,1,0.719,0.837,0.774,0.631,435
"8_9","SapBERT-base","SapBERT","base",0.95,10,2,0.84,0.795,0.817,0.69,363
"8_9","SapBERT-base","SapBERT","base",0.95,10,3,0.761,0.731,0.746,0.595,318
"8_9","SapBERT-base","SapBERT","base",0.95,10,4,0.714,0.843,0.773,0.63,441
"8_9","SapBERT-base","SapBERT","base",0.95,15,1,0.718,0.837,0.773,0.63,436
"8_9","SapBERT-base","SapBERT","base",0.95,15,2,0.838,0.798,0.818,0.691,365
"8_9","SapBERT-base","SapBERT","base",0.95,15,3,0.756,0.74,0.748,0.598,324
"8_9","SapBERT-base","SapBERT","base",0.95,15,4,0.711,0.846,0.773,0.629,444
"8_9","SapBERT-base","SapBERT","base",0.95,20,1,0.718,0.837,0.773,0.63,436
"8_9","SapBERT-base","SapBERT","base",0.95,20,2,0.835,0.798,0.816,0.689,366
"8_9","SapBERT-base","SapBERT","base",0.95,20,3,0.75,0.743,0.746,0.596,328
"8_9","SapBERT-base","SapBERT","base",0.95,20,4,0.709,0.846,0.771,0.628,445
"8_9","SapBERT-base","SapBERT","base",0.95,25,1,0.718,0.837,0.773,0.63,436
"8_9","SapBERT-base","SapBERT","base",0.95,25,2,0.825,0.798,0.811,0.682,370
"8_9","SapBERT-base","SapBERT","base",0.95,25,3,0.734,0.743,0.738,0.586,335
"8_9","SapBERT-base","SapBERT","base",0.95,25,4,0.702,0.846,0.767,0.622,449
"8_9","SapBERT-base","SapBERT","base",0.95,30,1,0.718,0.837,0.773,0.63,436
"8_9","SapBERT-base","SapBERT","base",0.95,30,2,0.825,0.798,0.811,0.682,370
"8_9","SapBERT-base","SapBERT","base",0.95,30,3,0.734,0.743,0.738,0.586,335
"8_9","SapBERT-base","SapBERT","base",0.95,30,4,0.702,0.846,0.767,0.622,449
"8_9","SapBERT-base","SapBERT","base",0.99,3,1,0.73,0.834,0.779,0.637,428
"8_9","SapBERT-base","SapBERT","base",0.99,3,2,0.861,0.785,0.821,0.697,352
"8_9","SapBERT-base","SapBERT","base",0.99,3,3,0.786,0.701,0.741,0.589,295
"8_9","SapBERT-base","SapBERT","base",0.99,3,4,0.731,0.837,0.78,0.64,429
"8_9","SapBERT-base","SapBERT","base",0.99,5,1,0.728,0.834,0.777,0.636,429
"8_9","SapBERT-base","SapBERT","base",0.99,5,2,0.858,0.785,0.82,0.695,353
"8_9","SapBERT-base","SapBERT","base",0.99,5,3,0.777,0.716,0.745,0.594,305
"8_9","SapBERT-base","SapBERT","base",0.99,5,4,0.727,0.837,0.778,0.637,431
"8_9","SapBERT-base","SapBERT","base",0.99,10,1,0.723,0.834,0.775,0.632,432
"8_9","SapBERT-base","SapBERT","base",0.99,10,2,0.858,0.785,0.82,0.695,353
"8_9","SapBERT-base","SapBERT","base",0.99,10,3,0.768,0.728,0.747,0.597,314
"8_9","SapBERT-base","SapBERT","base",0.99,10,4,0.721,0.837,0.775,0.632,434
"8_9","SapBERT-base","SapBERT","base",0.99,15,1,0.721,0.834,0.773,0.63,433
"8_9","SapBERT-base","SapBERT","base",0.99,15,2,0.858,0.785,0.82,0.695,353
"8_9","SapBERT-base","SapBERT","base",0.99,15,3,0.764,0.734,0.749,0.599,318
"8_9","SapBERT-base","SapBERT","base",0.99,15,4,0.719,0.837,0.774,0.631,435
"8_9","SapBERT-base","SapBERT","base",0.99,20,1,0.721,0.834,0.773,0.63,433
"8_9","SapBERT-base","SapBERT","base",0.99,20,2,0.858,0.785,0.82,0.695,353
"8_9","SapBERT-base","SapBERT","base",0.99,20,3,0.76,0.737,0.748,0.598,321
"8_9","SapBERT-base","SapBERT","base",0.99,20,4,0.719,0.837,0.774,0.631,435
"8_9","SapBERT-base","SapBERT","base",0.99,25,1,0.721,0.834,0.773,0.63,433
"8_9","SapBERT-base","SapBERT","base",0.99,25,2,0.855,0.785,0.819,0.693,354
"8_9","SapBERT-base","SapBERT","base",0.99,25,3,0.751,0.737,0.744,0.592,325
"8_9","SapBERT-base","SapBERT","base",0.99,25,4,0.718,0.837,0.773,0.63,436
"8_9","SapBERT-base","SapBERT","base",0.99,30,1,0.721,0.834,0.773,0.63,433
"8_9","SapBERT-base","SapBERT","base",0.99,30,2,0.855,0.785,0.819,0.693,354
"8_9","SapBERT-base","SapBERT","base",0.99,30,3,0.751,0.737,0.744,0.592,325
"8_9","SapBERT-base","SapBERT","base",0.99,30,4,0.718,0.837,0.773,0.63,436
"8_9","SapBERT-base","SapBERT","base",0.995,3,1,0.73,0.834,0.779,0.637,427
"8_9","SapBERT-base","SapBERT","base",0.995,3,2,0.859,0.773,0.814,0.686,347
"8_9","SapBERT-base","SapBERT","base",0.995,3,3,0.786,0.698,0.739,0.586,294
"8_9","SapBERT-base","SapBERT","base",0.995,3,4,0.73,0.834,0.779,0.637,427
"8_9","SapBERT-base","SapBERT","base",0.995,5,1,0.728,0.834,0.777,0.636,428
"8_9","SapBERT-base","SapBERT","base",0.995,5,2,0.859,0.773,0.814,0.686,347
"8_9","SapBERT-base","SapBERT","base",0.995,5,3,0.779,0.713,0.745,0.593,303
"8_9","SapBERT-base","SapBERT","base",0.995,5,4,0.728,0.834,0.777,0.636,428
"8_9","SapBERT-base","SapBERT","base",0.995,10,1,0.723,0.834,0.775,0.632,431
"8_9","SapBERT-base","SapBERT","base",0.995,10,2,0.859,0.773,0.814,0.686,347
"8_9","SapBERT-base","SapBERT","base",0.995,10,3,0.769,0.725,0.746,0.596,312
"8_9","SapBERT-base","SapBERT","base",0.995,10,4,0.723,0.834,0.775,0.632,431
"8_9","SapBERT-base","SapBERT","base",0.995,15,1,0.721,0.834,0.773,0.63,432
"8_9","SapBERT-base","SapBERT","base",0.995,15,2,0.859,0.773,0.814,0.686,347
"8_9","SapBERT-base","SapBERT","base",0.995,15,3,0.766,0.731,0.748,0.598,316
"8_9","SapBERT-base","SapBERT","base",0.995,15,4,0.721,0.834,0.773,0.63,432
"8_9","SapBERT-base","SapBERT","base",0.995,20,1,0.721,0.834,0.773,0.63,432
"8_9","SapBERT-base","SapBERT","base",0.995,20,2,0.859,0.773,0.814,0.686,347
"8_9","SapBERT-base","SapBERT","base",0.995,20,3,0.762,0.734,0.748,0.597,319
"8_9","SapBERT-base","SapBERT","base",0.995,20,4,0.721,0.834,0.773,0.63,432
"8_9","SapBERT-base","SapBERT","base",0.995,25,1,0.721,0.834,0.773,0.63,432
"8_9","SapBERT-base","SapBERT","base",0.995,25,2,0.859,0.773,0.814,0.686,347
"8_9","SapBERT-base","SapBERT","base",0.995,25,3,0.755,0.734,0.744,0.593,322
"8_9","SapBERT-base","SapBERT","base",0.995,25,4,0.721,0.834,0.773,0.63,432
"8_9","SapBERT-base","SapBERT","base",0.995,30,1,0.721,0.834,0.773,0.63,432
"8_9","SapBERT-base","SapBERT","base",0.995,30,2,0.859,0.773,0.814,0.686,347
"8_9","SapBERT-base","SapBERT","base",0.995,30,3,0.755,0.734,0.744,0.593,322
"8_9","SapBERT-base","SapBERT","base",0.995,30,4,0.721,0.834,0.773,0.63,432
"8_9","SapBERT-base","SapBERT","base",0.999,3,1,0.732,0.834,0.78,0.639,426
"8_9","SapBERT-base","SapBERT","base",0.999,3,2,0.861,0.77,0.813,0.685,345
"8_9","SapBERT-base","SapBERT","base",0.999,3,3,0.786,0.698,0.739,0.586,294
"8_9","SapBERT-base","SapBERT","base",0.999,3,4,0.732,0.834,0.78,0.639,426
"8_9","SapBERT-base","SapBERT","base",0.999,5,1,0.73,0.834,0.779,0.637,427
"8_9","SapBERT-base","SapBERT","base",0.999,5,2,0.861,0.77,0.813,0.685,345
"8_9","SapBERT-base","SapBERT","base",0.999,5,3,0.779,0.713,0.745,0.593,303
"8_9","SapBERT-base","SapBERT","base",0.999,5,4,0.73,0.834,0.779,0.637,427
"8_9","SapBERT-base","SapBERT","base",0.999,10,1,0.724,0.834,0.775,0.633,430
"8_9","SapBERT-base","SapBERT","base",0.999,10,2,0.861,0.77,0.813,0.685,345
"8_9","SapBERT-base","SapBERT","base",0.999,10,3,0.769,0.725,0.746,0.596,312
"8_9","SapBERT-base","SapBERT","base",0.999,10,4,0.724,0.834,0.775,0.633,430
"8_9","SapBERT-base","SapBERT","base",0.999,15,1,0.723,0.834,0.775,0.632,431
"8_9","SapBERT-base","SapBERT","base",0.999,15,2,0.861,0.77,0.813,0.685,345
"8_9","SapBERT-base","SapBERT","base",0.999,15,3,0.766,0.731,0.748,0.598,316
"8_9","SapBERT-base","SapBERT","base",0.999,15,4,0.723,0.834,0.775,0.632,431
"8_9","SapBERT-base","SapBERT","base",0.999,20,1,0.723,0.834,0.775,0.632,431
"8_9","SapBERT-base","SapBERT","base",0.999,20,2,0.861,0.77,0.813,0.685,345
"8_9","SapBERT-base","SapBERT","base",0.999,20,3,0.762,0.734,0.748,0.597,319
"8_9","SapBERT-base","SapBERT","base",0.999,20,4,0.723,0.834,0.775,0.632,431
"8_9","SapBERT-base","SapBERT","base",0.999,25,1,0.723,0.834,0.775,0.632,431
"8_9","SapBERT-base","SapBERT","base",0.999,25,2,0.861,0.77,0.813,0.685,345
"8_9","SapBERT-base","SapBERT","base",0.999,25,3,0.755,0.734,0.744,0.593,322
"8_9","SapBERT-base","SapBERT","base",0.999,25,4,0.723,0.834,0.775,0.632,431
"8_9","SapBERT-base","SapBERT","base",0.999,30,1,0.723,0.834,0.775,0.632,431
"8_9","SapBERT-base","SapBERT","base",0.999,30,2,0.861,0.77,0.813,0.685,345
"8_9","SapBERT-base","SapBERT","base",0.999,30,3,0.755,0.734,0.744,0.593,322
"8_9","SapBERT-base","SapBERT","base",0.999,30,4,0.723,0.834,0.775,0.632,431
"10_9","SapBERT-stripped","SapBERT","stripped",0.95,3,1,0.718,0.391,0.506,0.339,522
"10_9","SapBERT-stripped","SapBERT","stripped",0.95,3,2,0.854,0.324,0.47,0.307,364
"10_9","SapBERT-stripped","SapBERT","stripped",0.95,3,3,0.7,0.254,0.373,0.229,348
"10_9","SapBERT-stripped","SapBERT","stripped",0.95,3,4,0.72,0.4,0.514,0.346,533
"10_9","SapBERT-stripped","SapBERT","stripped",0.95,5,1,0.717,0.4,0.514,0.346,536
"10_9","SapBERT-stripped","SapBERT","stripped",0.95,5,2,0.842,0.329,0.473,0.31,374
"10_9","SapBERT-stripped","SapBERT","stripped",0.95,5,3,0.693,0.284,0.403,0.252,394
"10_9","SapBERT-stripped","SapBERT","stripped",0.95,5,4,0.712,0.412,0.522,0.353,555
"10_9","SapBERT-stripped","SapBERT","stripped",0.95,10,1,0.714,0.4,0.513,0.345,539
"10_9","SapBERT-stripped","SapBERT","stripped",0.95,10,2,0.836,0.336,0.479,0.315,385
"10_9","SapBERT-stripped","SapBERT","stripped",0.95,10,3,0.699,0.317,0.436,0.279,436
"10_9","SapBERT-stripped","SapBERT","stripped",0.95,10,4,0.708,0.419,0.526,0.358,569
"10_9","SapBERT-stripped","SapBERT","stripped",0.95,15,1,0.714,0.4,0.513,0.345,539
"10_9","SapBERT-stripped","SapBERT","stripped",0.95,15,2,0.828,0.338,0.48,0.316,392
"10_9","SapBERT-stripped","SapBERT","stripped",0.95,15,3,0.699,0.332,0.45,0.29,457
"10_9","SapBERT-stripped","SapBERT","stripped",0.95,15,4,0.704,0.422,0.528,0.358,576
"10_9","SapBERT-stripped","SapBERT","stripped",0.95,20,1,0.715,0.403,0.515,0.347,543
"10_9","SapBERT-stripped","SapBERT","stripped",0.95,20,2,0.829,0.342,0.484,0.319,395
"10_9","SapBERT-stripped","SapBERT","stripped",0.95,20,3,0.704,0.345,0.463,0.301,471
"10_9","SapBERT-stripped","SapBERT","stripped",0.95,20,4,0.706,0.428,0.533,0.363,583
"10_9","SapBERT-stripped","SapBERT","stripped",0.95,25,1,0.715,0.404,0.516,0.348,544
"10_9","SapBERT-stripped","SapBERT","stripped",0.95,25,2,0.823,0.343,0.484,0.319,399
"10_9","SapBERT-stripped","SapBERT","stripped",0.95,25,3,0.701,0.35,0.467,0.305,480
"10_9","SapBERT-stripped","SapBERT","stripped",0.95,25,4,0.703,0.43,0.534,0.364,588
"10_9","SapBERT-stripped","SapBERT","stripped",0.95,30,1,0.715,0.404,0.516,0.348,544
"10_9","SapBERT-stripped","SapBERT","stripped",0.95,30,2,0.819,0.344,0.484,0.319,402
"10_9","SapBERT-stripped","SapBERT","stripped",0.95,30,3,0.698,0.355,0.471,0.308,489
"10_9","SapBERT-stripped","SapBERT","stripped",0.95,30,4,0.701,0.431,0.534,0.364,591
"10_9","SapBERT-stripped","SapBERT","stripped",0.99,3,1,0.725,0.387,0.505,0.338,513
"10_9","SapBERT-stripped","SapBERT","stripped",0.99,3,2,0.869,0.304,0.45,0.291,335
"10_9","SapBERT-stripped","SapBERT","stripped",0.99,3,3,0.698,0.247,0.365,0.223,339
"10_9","SapBERT-stripped","SapBERT","stripped",0.99,3,4,0.726,0.39,0.507,0.34,515
"10_9","SapBERT-stripped","SapBERT","stripped",0.99,5,1,0.724,0.398,0.514,0.346,528
"10_9","SapBERT-stripped","SapBERT","stripped",0.99,5,2,0.867,0.305,0.451,0.292,337
"10_9","SapBERT-stripped","SapBERT","stripped",0.99,5,3,0.699,0.275,0.395,0.246,379
"10_9","SapBERT-stripped","SapBERT","stripped",0.99,5,4,0.724,0.401,0.516,0.348,532
"10_9","SapBERT-stripped","SapBERT","stripped",0.99,10,1,0.721,0.398,0.513,0.345,531
"10_9","SapBERT-stripped","SapBERT","stripped",0.99,10,2,0.867,0.306,0.452,0.293,338
"10_9","SapBERT-stripped","SapBERT","stripped",0.99,10,3,0.707,0.301,0.422,0.268,410
"10_9","SapBERT-stripped","SapBERT","stripped",0.99,10,4,0.722,0.402,0.516,0.348,536
"10_9","SapBERT-stripped","SapBERT","stripped",0.99,15,1,0.721,0.398,0.513,0.345,531
"10_9","SapBERT-stripped","SapBERT","stripped",0.99,15,2,0.867,0.306,0.452,0.293,338
"10_9","SapBERT-stripped","SapBERT","stripped",0.99,15,3,0.714,0.314,0.436,0.279,423
"10_9","SapBERT-stripped","SapBERT","stripped",0.99,15,4,0.722,0.402,0.516,0.348,536
"10_9","SapBERT-stripped","SapBERT","stripped",0.99,20,1,0.722,0.401,0.516,0.348,535
"10_9","SapBERT-stripped","SapBERT","stripped",0.99,20,2,0.867,0.306,0.452,0.293,338
"10_9","SapBERT-stripped","SapBERT","stripped",0.99,20,3,0.716,0.323,0.445,0.287,434
"10_9","SapBERT-stripped","SapBERT","stripped",0.99,20,4,0.722,0.406,0.52,0.351,540
"10_9","SapBERT-stripped","SapBERT","stripped",0.99,25,1,0.722,0.402,0.516,0.348,536
"10_9","SapBERT-stripped","SapBERT","stripped",0.99,25,2,0.867,0.307,0.453,0.294,339
"10_9","SapBERT-stripped","SapBERT","stripped",0.99,25,3,0.718,0.329,0.451,0.291,440
"10_9","SapBERT-stripped","SapBERT","stripped",0.99,25,4,0.723,0.408,0.522,0.353,542
"10_9","SapBERT-stripped","SapBERT","stripped",0.99,30,1,0.722,0.402,0.516,0.348,536
"10_9","SapBERT-stripped","SapBERT","stripped",0.99,30,2,0.867,0.307,0.453,0.294,339
"10_9","SapBERT-stripped","SapBERT","stripped",0.99,30,3,0.717,0.333,0.455,0.294,446
"10_9","SapBERT-stripped","SapBERT","stripped",0.99,30,4,0.723,0.408,0.522,0.353,542
"10_9","SapBERT-stripped","SapBERT","stripped",0.995,3,1,0.725,0.387,0.505,0.338,513
"10_9","SapBERT-stripped","SapBERT","stripped",0.995,3,2,0.868,0.302,0.448,0.289,333
"10_9","SapBERT-stripped","SapBERT","stripped",0.995,3,3,0.697,0.245,0.363,0.222,338
"10_9","SapBERT-stripped","SapBERT","stripped",0.995,3,4,0.725,0.388,0.505,0.339,514
"10_9","SapBERT-stripped","SapBERT","stripped",0.995,5,1,0.724,0.398,0.514,0.346,528
"10_9","SapBERT-stripped","SapBERT","stripped",0.995,5,2,0.868,0.302,0.448,0.289,333
"10_9","SapBERT-stripped","SapBERT","stripped",0.995,5,3,0.699,0.273,0.393,0.245,376
"10_9","SapBERT-stripped","SapBERT","stripped",0.995,5,4,0.725,0.399,0.515,0.347,529
"10_9","SapBERT-stripped","SapBERT","stripped",0.995,10,1,0.721,0.398,0.513,0.345,531
"10_9","SapBERT-stripped","SapBERT","stripped",0.995,10,2,0.869,0.303,0.449,0.29,334
"10_9","SapBERT-stripped","SapBERT","stripped",0.995,10,3,0.707,0.299,0.42,0.266,407
"10_9","SapBERT-stripped","SapBERT","stripped",0.995,10,4,0.723,0.4,0.515,0.347,533
"10_9","SapBERT-stripped","SapBERT","stripped",0.995,15,1,0.721,0.398,0.513,0.345,531
"10_9","SapBERT-stripped","SapBERT","stripped",0.995,15,2,0.869,0.303,0.449,0.29,334
"10_9","SapBERT-stripped","SapBERT","stripped",0.995,15,3,0.714,0.312,0.434,0.277,420
"10_9","SapBERT-stripped","SapBERT","stripped",0.995,15,4,0.723,0.4,0.515,0.347,533
"10_9","SapBERT-stripped","SapBERT","stripped",0.995,20,1,0.722,0.401,0.516,0.348,535
"10_9","SapBERT-stripped","SapBERT","stripped",0.995,20,2,0.869,0.303,0.449,0.29,334
"10_9","SapBERT-stripped","SapBERT","stripped",0.995,20,3,0.717,0.321,0.443,0.285,431
"10_9","SapBERT-stripped","SapBERT","stripped",0.995,20,4,0.723,0.403,0.518,0.349,537
"10_9","SapBERT-stripped","SapBERT","stripped",0.995,25,1,0.722,0.402,0.516,0.348,536
"10_9","SapBERT-stripped","SapBERT","stripped",0.995,25,2,0.869,0.304,0.45,0.291,335
"10_9","SapBERT-stripped","SapBERT","stripped",0.995,25,3,0.718,0.327,0.449,0.289,437
"10_9","SapBERT-stripped","SapBERT","stripped",0.995,25,4,0.724,0.406,0.52,0.351,539
"10_9","SapBERT-stripped","SapBERT","stripped",0.995,30,1,0.722,0.402,0.516,0.348,536
"10_9","SapBERT-stripped","SapBERT","stripped",0.995,30,2,0.869,0.304,0.45,0.291,335
"10_9","SapBERT-stripped","SapBERT","stripped",0.995,30,3,0.718,0.331,0.453,0.293,443
"10_9","SapBERT-stripped","SapBERT","stripped",0.995,30,4,0.724,0.406,0.52,0.351,539
"10_9","SapBERT-stripped","SapBERT","stripped",0.999,3,1,0.725,0.387,0.505,0.338,513
"10_9","SapBERT-stripped","SapBERT","stripped",0.999,3,2,0.867,0.299,0.445,0.286,330
"10_9","SapBERT-stripped","SapBERT","stripped",0.999,3,3,0.696,0.244,0.361,0.221,337
"10_9","SapBERT-stripped","SapBERT","stripped",0.999,3,4,0.725,0.387,0.505,0.338,513
"10_9","SapBERT-stripped","SapBERT","stripped",0.999,5,1,0.724,0.398,0.514,0.346,528
"10_9","SapBERT-stripped","SapBERT","stripped",0.999,5,2,0.867,0.299,0.445,0.286,330
"10_9","SapBERT-stripped","SapBERT","stripped",0.999,5,3,0.699,0.272,0.392,0.244,375
"10_9","SapBERT-stripped","SapBERT","stripped",0.999,5,4,0.724,0.398,0.514,0.346,528
"10_9","SapBERT-stripped","SapBERT","stripped",0.999,10,1,0.721,0.398,0.513,0.345,531
"10_9","SapBERT-stripped","SapBERT","stripped",0.999,10,2,0.867,0.3,0.446,0.287,331
"10_9","SapBERT-stripped","SapBERT","stripped",0.999,10,3,0.706,0.298,0.419,0.265,406
"10_9","SapBERT-stripped","SapBERT","stripped",0.999,10,4,0.722,0.399,0.514,0.346,532
"10_9","SapBERT-stripped","SapBERT","stripped",0.999,15,1,0.721,0.398,0.513,0.345,531
"10_9","SapBERT-stripped","SapBERT","stripped",0.999,15,2,0.867,0.3,0.446,0.287,331
"10_9","SapBERT-stripped","SapBERT","stripped",0.999,15,3,0.713,0.311,0.433,0.276,419
"10_9","SapBERT-stripped","SapBERT","stripped",0.999,15,4,0.722,0.399,0.514,0.346,532
"10_9","SapBERT-stripped","SapBERT","stripped",0.999,20,1,0.722,0.401,0.516,0.348,535
"10_9","SapBERT-stripped","SapBERT","stripped",0.999,20,2,0.867,0.3,0.446,0.287,331
"10_9","SapBERT-stripped","SapBERT","stripped",0.999,20,3,0.716,0.32,0.442,0.284,430
"10_9","SapBERT-stripped","SapBERT","stripped",0.999,20,4,0.722,0.402,0.516,0.348,536
"10_9","SapBERT-stripped","SapBERT","stripped",0.999,25,1,0.722,0.402,0.516,0.348,536
"10_9","SapBERT-stripped","SapBERT","stripped",0.999,25,2,0.867,0.3,0.446,0.287,331
"10_9","SapBERT-stripped","SapBERT","stripped",0.999,25,3,0.717,0.324,0.446,0.288,435
"10_9","SapBERT-stripped","SapBERT","stripped",0.999,25,4,0.723,0.403,0.518,0.349,537
"10_9","SapBERT-stripped","SapBERT","stripped",0.999,30,1,0.722,0.402,0.516,0.348,536
"10_9","SapBERT-stripped","SapBERT","stripped",0.999,30,2,0.867,0.3,0.446,0.287,331
"10_9","SapBERT-stripped","SapBERT","stripped",0.999,30,3,0.716,0.329,0.451,0.291,441
"10_9","SapBERT-stripped","SapBERT","stripped",0.999,30,4,0.723,0.403,0.518,0.349,537
"8_9","SapBERT-stripped","SapBERT","stripped",0.95,3,1,0.713,0.834,0.769,0.624,437
"8_9","SapBERT-stripped","SapBERT","stripped",0.95,3,2,0.823,0.789,0.806,0.674,367
"8_9","SapBERT-stripped","SapBERT","stripped",0.95,3,3,0.782,0.704,0.741,0.588,298
"8_9","SapBERT-stripped","SapBERT","stripped",0.95,3,4,0.711,0.846,0.773,0.629,444
"8_9","SapBERT-stripped","SapBERT","stripped",0.95,5,1,0.711,0.834,0.768,0.623,438
"8_9","SapBERT-stripped","SapBERT","stripped",0.95,5,2,0.818,0.789,0.803,0.671,369
"8_9","SapBERT-stripped","SapBERT","stripped",0.95,5,3,0.765,0.719,0.741,0.589,311
"8_9","SapBERT-stripped","SapBERT","stripped",0.95,5,4,0.705,0.846,0.769,0.625,447
"8_9","SapBERT-stripped","SapBERT","stripped",0.95,10,1,0.706,0.834,0.765,0.619,441
"8_9","SapBERT-stripped","SapBERT","stripped",0.95,10,2,0.818,0.789,0.803,0.671,369
"8_9","SapBERT-stripped","SapBERT","stripped",0.95,10,3,0.752,0.731,0.741,0.589,322
"8_9","SapBERT-stripped","SapBERT","stripped",0.95,10,4,0.7,0.846,0.766,0.621,450
"8_9","SapBERT-stripped","SapBERT","stripped",0.95,15,1,0.704,0.834,0.764,0.617,442
"8_9","SapBERT-stripped","SapBERT","stripped",0.95,15,2,0.816,0.792,0.804,0.672,371
"8_9","SapBERT-stripped","SapBERT","stripped",0.95,15,3,0.742,0.74,0.741,0.589,330
"8_9","SapBERT-stripped","SapBERT","stripped",0.95,15,4,0.697,0.849,0.766,0.62,453
"8_9","SapBERT-stripped","SapBERT","stripped",0.95,20,1,0.704,0.834,0.764,0.617,442
"8_9","SapBERT-stripped","SapBERT","stripped",0.95,20,2,0.814,0.792,0.803,0.67,372
"8_9","SapBERT-stripped","SapBERT","stripped",0.95,20,3,0.739,0.743,0.741,0.589,333
"8_9","SapBERT-stripped","SapBERT","stripped",0.95,20,4,0.696,0.849,0.765,0.619,454
"8_9","SapBERT-stripped","SapBERT","stripped",0.95,25,1,0.704,0.834,0.764,0.617,442
"8_9","SapBERT-stripped","SapBERT","stripped",0.95,25,2,0.809,0.792,0.8,0.667,374
"8_9","SapBERT-stripped","SapBERT","stripped",0.95,25,3,0.728,0.743,0.735,0.582,338
"8_9","SapBERT-stripped","SapBERT","stripped",0.95,25,4,0.692,0.849,0.763,0.616,456
"8_9","SapBERT-stripped","SapBERT","stripped",0.95,30,1,0.704,0.834,0.764,0.617,442
"8_9","SapBERT-stripped","SapBERT","stripped",0.95,30,2,0.809,0.792,0.8,0.667,374
"8_9","SapBERT-stripped","SapBERT","stripped",0.95,30,3,0.728,0.743,0.735,0.582,338
"8_9","SapBERT-stripped","SapBERT","stripped",0.95,30,4,0.692,0.849,0.763,0.616,456
"8_9","SapBERT-stripped","SapBERT","stripped",0.99,3,1,0.713,0.834,0.769,0.624,437
"8_9","SapBERT-stripped","SapBERT","stripped",0.99,3,2,0.829,0.761,0.794,0.658,354
"8_9","SapBERT-stripped","SapBERT","stripped",0.99,3,3,0.788,0.695,0.739,0.585,292
"8_9","SapBERT-stripped","SapBERT","stripped",0.99,3,4,0.714,0.837,0.771,0.627,438
"8_9","SapBERT-stripped","SapBERT","stripped",0.99,5,1,0.711,0.834,0.768,0.623,438
"8_9","SapBERT-stripped","SapBERT","stripped",0.99,5,2,0.826,0.761,0.792,0.656,355
"8_9","SapBERT-stripped","SapBERT","stripped",0.99,5,3,0.773,0.71,0.74,0.588,304
"8_9","SapBERT-stripped","SapBERT","stripped",0.99,5,4,0.71,0.837,0.768,0.624,440
"8_9","SapBERT-stripped","SapBERT","stripped",0.99,10,1,0.706,0.834,0.765,0.619,441
"8_9","SapBERT-stripped","SapBERT","stripped",0.99,10,2,0.826,0.761,0.792,0.656,355
"8_9","SapBERT-stripped","SapBERT","stripped",0.99,10,3,0.759,0.722,0.74,0.587,315
"8_9","SapBERT-stripped","SapBERT","stripped",0.99,10,4,0.705,0.837,0.765,0.62,443
"8_9","SapBERT-stripped","SapBERT","stripped",0.99,15,1,0.704,0.834,0.764,0.617,442
"8_9","SapBERT-stripped","SapBERT","stripped",0.99,15,2,0.826,0.761,0.792,0.656,355
"8_9","SapBERT-stripped","SapBERT","stripped",0.99,15,3,0.751,0.728,0.739,0.586,321
"8_9","SapBERT-stripped","SapBERT","stripped",0.99,15,4,0.703,0.837,0.764,0.618,444
"8_9","SapBERT-stripped","SapBERT","stripped",0.99,20,1,0.704,0.834,0.764,0.617,442
"8_9","SapBERT-stripped","SapBERT","stripped",0.99,20,2,0.826,0.761,0.792,0.656,355
"8_9","SapBERT-stripped","SapBERT","stripped",0.99,20,3,0.749,0.731,0.74,0.587,323
"8_9","SapBERT-stripped","SapBERT","stripped",0.99,20,4,0.703,0.837,0.764,0.618,444
"8_9","SapBERT-stripped","SapBERT","stripped",0.99,25,1,0.704,0.834,0.764,0.617,442
"8_9","SapBERT-stripped","SapBERT","stripped",0.99,25,2,0.826,0.761,0.792,0.656,355
"8_9","SapBERT-stripped","SapBERT","stripped",0.99,25,3,0.742,0.731,0.736,0.583,326
"8_9","SapBERT-stripped","SapBERT","stripped",0.99,25,4,0.703,0.837,0.764,0.618,444
"8_9","SapBERT-stripped","SapBERT","stripped",0.99,30,1,0.704,0.834,0.764,0.617,442
"8_9","SapBERT-stripped","SapBERT","stripped",0.99,30,2,0.826,0.761,0.792,0.656,355
"8_9","SapBERT-stripped","SapBERT","stripped",0.99,30,3,0.742,0.731,0.736,0.583,326
"8_9","SapBERT-stripped","SapBERT","stripped",0.99,30,4,0.703,0.837,0.764,0.618,444
"8_9","SapBERT-stripped","SapBERT","stripped",0.995,3,1,0.713,0.834,0.769,0.624,437
"8_9","SapBERT-stripped","SapBERT","stripped",0.995,3,2,0.828,0.758,0.791,0.655,353
"8_9","SapBERT-stripped","SapBERT","stripped",0.995,3,3,0.787,0.692,0.736,0.583,291
"8_9","SapBERT-stripped","SapBERT","stripped",0.995,3,4,0.713,0.834,0.769,0.624,437
"8_9","SapBERT-stripped","SapBERT","stripped",0.995,5,1,0.711,0.834,0.768,0.623,438
"8_9","SapBERT-stripped","SapBERT","stripped",0.995,5,2,0.828,0.758,0.791,0.655,353
"8_9","SapBERT-stripped","SapBERT","stripped",0.995,5,3,0.775,0.707,0.739,0.586,302
"8_9","SapBERT-stripped","SapBERT","stripped",0.995,5,4,0.711,0.834,0.768,0.623,438
"8_9","SapBERT-stripped","SapBERT","stripped",0.995,10,1,0.706,0.834,0.765,0.619,441
"8_9","SapBERT-stripped","SapBERT","stripped",0.995,10,2,0.828,0.758,0.791,0.655,353
"8_9","SapBERT-stripped","SapBERT","stripped",0.995,10,3,0.76,0.719,0.739,0.586,313
"8_9","SapBERT-stripped","SapBERT","stripped",0.995,10,4,0.706,0.834,0.765,0.619,441
"8_9","SapBERT-stripped","SapBERT","stripped",0.995,15,1,0.704,0.834,0.764,0.617,442
"8_9","SapBERT-stripped","SapBERT","stripped",0.995,15,2,0.828,0.758,0.791,0.655,353
"8_9","SapBERT-stripped","SapBERT","stripped",0.995,15,3,0.752,0.725,0.738,0.585,319
"8_9","SapBERT-stripped","SapBERT","stripped",0.995,15,4,0.704,0.834,0.764,0.617,442
"8_9","SapBERT-stripped","SapBERT","stripped",0.995,20,1,0.704,0.834,0.764,0.617,442
"8_9","SapBERT-stripped","SapBERT","stripped",0.995,20,2,0.828,0.758,0.791,0.655,353
"8_9","SapBERT-stripped","SapBERT","stripped",0.995,20,3,0.751,0.728,0.739,0.586,321
"8_9","SapBERT-stripped","SapBERT","stripped",0.995,20,4,0.704,0.834,0.764,0.617,442
"8_9","SapBERT-stripped","SapBERT","stripped",0.995,25,1,0.704,0.834,0.764,0.617,442
"8_9","SapBERT-stripped","SapBERT","stripped",0.995,25,2,0.828,0.758,0.791,0.655,353
"8_9","SapBERT-stripped","SapBERT","stripped",0.995,25,3,0.744,0.728,0.736,0.582,324
"8_9","SapBERT-stripped","SapBERT","stripped",0.995,25,4,0.704,0.834,0.764,0.617,442
"8_9","SapBERT-stripped","SapBERT","stripped",0.995,30,1,0.704,0.834,0.764,0.617,442
"8_9","SapBERT-stripped","SapBERT","stripped",0.995,30,2,0.828,0.758,0.791,0.655,353
"8_9","SapBERT-stripped","SapBERT","stripped",0.995,30,3,0.744,0.728,0.736,0.582,324
"8_9","SapBERT-stripped","SapBERT","stripped",0.995,30,4,0.704,0.834,0.764,0.617,442
"8_9","SapBERT-stripped","SapBERT","stripped",0.999,3,1,0.715,0.834,0.77,0.626,436
"8_9","SapBERT-stripped","SapBERT","stripped",0.999,3,2,0.83,0.752,0.789,0.652,350
"8_9","SapBERT-stripped","SapBERT","stripped",0.999,3,3,0.787,0.692,0.736,0.583,291
"8_9","SapBERT-stripped","SapBERT","stripped",0.999,3,4,0.715,0.834,0.77,0.626,436
"8_9","SapBERT-stripped","SapBERT","stripped",0.999,5,1,0.713,0.834,0.769,0.624,437
"8_9","SapBERT-stripped","SapBERT","stripped",0.999,5,2,0.83,0.752,0.789,0.652,350
"8_9","SapBERT-stripped","SapBERT","stripped",0.999,5,3,0.775,0.707,0.739,0.586,302
"8_9","SapBERT-stripped","SapBERT","stripped",0.999,5,4,0.713,0.834,0.769,0.624,437
"8_9","SapBERT-stripped","SapBERT","stripped",0.999,10,1,0.708,0.834,0.766,0.62,440
"8_9","SapBERT-stripped","SapBERT","stripped",0.999,10,2,0.83,0.752,0.789,0.652,350
"8_9","SapBERT-stripped","SapBERT","stripped",0.999,10,3,0.76,0.719,0.739,0.586,313
"8_9","SapBERT-stripped","SapBERT","stripped",0.999,10,4,0.708,0.834,0.766,0.62,440
"8_9","SapBERT-stripped","SapBERT","stripped",0.999,15,1,0.706,0.834,0.765,0.619,441
"8_9","SapBERT-stripped","SapBERT","stripped",0.999,15,2,0.83,0.752,0.789,0.652,350
"8_9","SapBERT-stripped","SapBERT","stripped",0.999,15,3,0.752,0.725,0.738,0.585,319
"8_9","SapBERT-stripped","SapBERT","stripped",0.999,15,4,0.706,0.834,0.765,0.619,441
"8_9","SapBERT-stripped","SapBERT","stripped",0.999,20,1,0.706,0.834,0.765,0.619,441
"8_9","SapBERT-stripped","SapBERT","stripped",0.999,20,2,0.83,0.752,0.789,0.652,350
"8_9","SapBERT-stripped","SapBERT","stripped",0.999,20,3,0.751,0.728,0.739,0.586,321
"8_9","SapBERT-stripped","SapBERT","stripped",0.999,20,4,0.706,0.834,0.765,0.619,441
"8_9","SapBERT-stripped","SapBERT","stripped",0.999,25,1,0.706,0.834,0.765,0.619,441
"8_9","SapBERT-stripped","SapBERT","stripped",0.999,25,2,0.83,0.752,0.789,0.652,350
"8_9","SapBERT-stripped","SapBERT","stripped",0.999,25,3,0.744,0.728,0.736,0.582,324
"8_9","SapBERT-stripped","SapBERT","stripped",0.999,25,4,0.706,0.834,0.765,0.619,441
"8_9","SapBERT-stripped","SapBERT","stripped",0.999,30,1,0.706,0.834,0.765,0.619,441
"8_9","SapBERT-stripped","SapBERT","stripped",0.999,30,2,0.83,0.752,0.789,0.652,350
"8_9","SapBERT-stripped","SapBERT","stripped",0.999,30,3,0.744,0.728,0.736,0.582,324
"8_9","SapBERT-stripped","SapBERT","stripped",0.999,30,4,0.706,0.834,0.765,0.619,441
