"track","track_label","model","icd9","group","n","mean","sd","min","q1","median","q3","max","nearest_target","nearest_target_label","icd9_label","ccs_id","ccs_category"
"10_9","ICD-9-CM to ICD-10-CA","ClinicalBERT","140","has a reference match",2038,0.825,0.043,0.639,0.799,0.825,0.846,0.965,"C03","Malignant neoplasm of gum","malignant neoplasm of lip",1,"cancer of head and neck"
"10_9","ICD-9-CM to ICD-10-CA","ClinicalBERT","141","has a reference match",2038,0.823,0.047,0.619,0.795,0.823,0.848,0.955,"C03","Malignant neoplasm of gum","malignant neoplasm of tongue",1,"cancer of head and neck"
"10_9","ICD-9-CM to ICD-10-CA","ClinicalBERT","142","has a reference match",2038,0.831,0.047,0.635,0.802,0.832,0.857,0.959,"D11","Benign neoplasm of major salivary glands","malignant neoplasm of major salivary glands",1,"cancer of head and neck"
"10_9","ICD-9-CM to ICD-10-CA","ClinicalBERT","143","has a reference match",2038,0.813,0.045,0.626,0.785,0.813,0.835,0.97,"C03","Malignant neoplasm of gum","malignant neoplasm of gum",1,"cancer of head and neck"
"10_9","ICD-9-CM to ICD-10-CA","ClinicalBERT","144","has a reference match",2038,0.82,0.045,0.637,0.793,0.82,0.843,0.953,"C11","Malignant neoplasm of nasopharynx","malignant neoplasm of floor of mouth",1,"cancer of head and neck"
"10_9","ICD-9-CM to ICD-10-CA","ClinicalBERT","145","has a reference match",2038,0.838,0.044,0.648,0.811,0.838,0.862,0.968,"C02","Malignant neoplasm of other and unspecified parts of tongue","malignant neoplasm of other and unspecified parts of mouth",1,"cancer of head and neck"
"10_9","ICD-9-CM to ICD-10-CA","ClinicalBERT","146","has a reference match",2038,0.815,0.047,0.613,0.785,0.814,0.84,0.966,"C10","Malignant neoplasm of oropharynx","malignant neoplasm of oropharynx",1,"cancer of head and neck"
"10_9","ICD-9-CM to ICD-10-CA","ClinicalBERT","147","has a reference match",2038,0.818,0.047,0.638,0.788,0.818,0.842,0.958,"C11","Malignant neoplasm of nasopharynx","malignant neoplasm of nasopharynx",1,"cancer of head and neck"
"10_9","ICD-9-CM to ICD-10-CA","ClinicalBERT","148","has a reference match",2038,0.818,0.044,0.637,0.79,0.817,0.841,0.963,"C10","Malignant neoplasm of oropharynx","malignant neoplasm of hypopharynx",1,"cancer of head and neck"
"10_9","ICD-9-CM to ICD-10-CA","ClinicalBERT","149","has a reference match",2038,0.82,0.047,0.623,0.79,0.818,0.848,0.979,"C14","Malignant neoplasm of other and ill-defined sites in the lip, oral cavity and pharynx","malignant neoplasm of other and illdefined sites within the lip oral cavity and pharynx",1,"cancer of head and neck"
"10_9","ICD-9-CM to ICD-10-CA","ClinicalBERT","150","has a reference match",2038,0.824,0.041,0.668,0.798,0.824,0.846,0.963,"C15","Malignant neoplasm of oesophagus","malignant neoplasm of esophagus",2,"cancer of esophagus"
"10_9","ICD-9-CM to ICD-10-CA","ClinicalBERT","151","has a reference match",2038,0.824,0.044,0.641,0.796,0.824,0.847,0.952,"C15","Malignant neoplasm of oesophagus","malignant neoplasm of stomach",3,"cancer of stomach"
"10_9","ICD-9-CM to ICD-10-CA","ClinicalBERT","152","has a reference match",2038,0.819,0.048,0.617,0.789,0.819,0.847,0.956,"C48","Malignant neoplasm of retroperitoneum and peritoneum","malignant neoplasm of small intestine including duodenum",4,"cancer of other gi organs peritoneum"
"10_9","ICD-9-CM to ICD-10-CA","ClinicalBERT","153","has a reference match",2038,0.824,0.048,0.618,0.795,0.824,0.85,0.962,"C18","Malignant neoplasm of colon","malignant neoplasm of colon",5,"colon cancer"
"10_9","ICD-9-CM to ICD-10-CA","ClinicalBERT","154","has a reference match",2038,0.843,0.044,0.658,0.815,0.843,0.866,0.972,"C21","Malignant neoplasm of anus and anal canal","malignant neoplasm of rectum rectosigmoid junction and anus",6,"cancer of rectum and anus"
"10_9","ICD-9-CM to ICD-10-CA","ClinicalBERT","155","has a reference match",2038,0.831,0.045,0.652,0.802,0.832,0.857,0.969,"C22","Malignant neoplasm of liver and intrahepatic bile ducts","malignant neoplasm of liver and intrahepatic bile ducts",7,"cancer of liver and intrahepatic bile duct"
"10_9","ICD-9-CM to ICD-10-CA","ClinicalBERT","156","has a reference match",2038,0.833,0.045,0.658,0.804,0.834,0.859,0.965,"C22","Malignant neoplasm of liver and intrahepatic bile ducts","malignant neoplasm of gallbladder and extrahepatic bile ducts",4,"cancer of other gi organs peritoneum"
"10_9","ICD-9-CM to ICD-10-CA","ClinicalBERT","157","has a reference match",2038,0.819,0.045,0.649,0.792,0.819,0.842,0.956,"C15","Malignant neoplasm of oesophagus","malignant neoplasm of pancreas",8,"pancreas cancer"
"10_9","ICD-9-CM to ICD-10-CA","ClinicalBERT","158","has a reference match",2038,0.803,0.051,0.589,0.772,0.802,0.832,0.963,"C48","Malignant neoplasm of retroperitoneum and peritoneum","malignant neoplasm of retroperitoneum and peritoneum",4,"cancer of other gi organs peritoneum"
"10_9","ICD-9-CM to ICD-10-CA","ClinicalBERT","159","has a reference match",2038,0.824,0.048,0.623,0.795,0.822,0.853,0.976,"C39","Malignant neoplasm of other and ill-defined sites in the respiratory system and intrathoracic organs","malignant neoplasm of other and illdefined sites within the digestive organs and peritoneum",4,"cancer of other gi organs peritoneum"
"10_9","ICD-9-CM to ICD-10-CA","ClinicalBERT","160","has a reference match",2038,0.837,0.048,0.648,0.808,0.838,0.864,0.966,"C30","Malignant neoplasm of nasal cavity and middle ear","malignant neoplasm of nasal cavities middle ear and accessory sinuses",1,"cancer of head and neck"
"10_9","ICD-9-CM to ICD-10-CA","ClinicalBERT","161","has a reference match",2038,0.821,0.047,0.629,0.792,0.822,0.845,0.958,"C32","Malignant neoplasm of larynx","malignant neoplasm of larynx",1,"cancer of head and neck"
"10_9","ICD-9-CM to ICD-10-CA","ClinicalBERT","162","has a reference match",2038,0.829,0.048,0.617,0.8,0.83,0.858,0.964,"C34","Malignant neoplasm of bronchus and lung","malignant neoplasm of trachea bronchus and lung",9,"lung and other respiratory cancer"
"10_9","ICD-9-CM to ICD-10-CA","ClinicalBERT","163","has a reference match",2038,0.808,0.051,0.587,0.778,0.808,0.837,0.959,"C38","Malignant neoplasm of heart, mediastinum and pleura","malignant neoplasm of pleura",9,"lung and other respiratory cancer"
"10_9","ICD-9-CM to ICD-10-CA","ClinicalBERT","164","has a reference match",2038,0.831,0.046,0.645,0.802,0.832,0.856,0.957,"D20","Benign neoplasm of soft tissue of retroperitoneum and peritoneum","malignant neoplasm of thymus heart and mediastinum",10,"other cancers"
"10_9","ICD-9-CM to ICD-10-CA","ClinicalBERT","165","has a reference match",2038,0.822,0.05,0.604,0.79,0.82,0.855,0.981,"C39","Malignant neoplasm of other and ill-defined sites in the respiratory system and intrathoracic organs","malignant neoplasm of other and illdefined sites within the respiratory system and intrathoracic organs",9,"lung and other respiratory cancer"
"10_9","ICD-9-CM to ICD-10-CA","ClinicalBERT","170","has a reference match",2038,0.813,0.046,0.642,0.783,0.813,0.838,0.95,"C40","Malignant neoplasm of bone and articular cartilage of limbs","malignant neoplasm of bone and articular cartilage",11,"cancer of bone and connective tissue"
"10_9","ICD-9-CM to ICD-10-CA","ClinicalBERT","171","has a reference match",2038,0.827,0.044,0.683,0.798,0.828,0.853,0.952,"C26","Malignant neoplasm of other and ill-defined digestive organs","malignant neoplasm of connective and other soft tissue",11,"cancer of bone and connective tissue"
"10_9","ICD-9-CM to ICD-10-CA","ClinicalBERT","172","has a reference match",2038,0.841,0.041,0.664,0.814,0.843,0.869,0.949,"C43","Malignant melanoma of skin","malignant melanoma of skin",12,"skin melanoma"
"10_9","ICD-9-CM to ICD-10-CA","ClinicalBERT","174","has a reference match",2038,0.824,0.047,0.657,0.796,0.825,0.85,0.955,"C50","Malignant neoplasm of breast","malignant neoplasm of female breast",13,"breast cancer"
"10_9","ICD-9-CM to ICD-10-CA","ClinicalBERT","175","no reference match",2038,0.825,0.047,0.641,0.796,0.826,0.849,0.955,"C30","Malignant neoplasm of nasal cavity and middle ear","malignant neoplasm of male breast",13,"breast cancer"
"10_9","ICD-9-CM to ICD-10-CA","ClinicalBERT","176","has a reference match",2038,0.841,0.049,0.684,0.805,0.843,0.88,0.941,"L42","Pityriasis rosea","kaposis sarcoma",10,"other cancers"
"10_9","ICD-9-CM to ICD-10-CA","ClinicalBERT","179","has a reference match",2038,0.825,0.041,0.665,0.796,0.825,0.854,0.964,"C55","Malignant neoplasm of uterus, part unspecified","malignant neoplasm of uterus part unspecified",14,"uterus cancer"
"10_9","ICD-9-CM to ICD-10-CA","ClinicalBERT","180","has a reference match",2038,0.83,0.044,0.664,0.803,0.83,0.854,0.963,"C53","Malignant neoplasm of cervix uteri","malignant neoplasm of cervix uteri",15,"cervix cancer"
"10_9","ICD-9-CM to ICD-10-CA","ClinicalBERT","181","has a reference match",2038,0.83,0.044,0.642,0.803,0.831,0.855,0.953,"C58","Malignant neoplasm of placenta","malignant neoplasm of placenta",16,"cancer of other female genital organs"
"10_9","ICD-9-CM to ICD-10-CA","ClinicalBERT","182","has a reference match",2038,0.815,0.047,0.606,0.786,0.814,0.839,0.952,"D20","Benign neoplasm of soft tissue of retroperitoneum and peritoneum","malignant neoplasm of body of uterus",14,"uterus cancer"
"10_9","ICD-9-CM to ICD-10-CA","ClinicalBERT","183","has a reference match",2038,0.838,0.046,0.652,0.809,0.839,0.864,0.96,"D28","Benign neoplasm of other and unspecified female genital organs","malignant neoplasm of ovary and other uterine adnexa",16,"cancer of other female genital organs"
"10_9","ICD-9-CM to ICD-10-CA","ClinicalBERT","184","has a reference match",2038,0.839,0.048,0.634,0.809,0.839,0.867,0.977,"D28","Benign neoplasm of other and unspecified female genital organs","malignant neoplasm of other and unspecified female genital organs",16,"cancer of other female genital organs"
"10_9","ICD-9-CM to ICD-10-CA","ClinicalBERT","185","has a reference match",2038,0.825,0.046,0.644,0.796,0.826,0.85,0.954,"C61","Malignant neoplasm of prostate","malignant neoplasm of prostate",17,"prostate cancer"
"10_9","ICD-9-CM to ICD-10-CA","ClinicalBERT","186","has a reference match",2038,0.837,0.042,0.682,0.809,0.837,0.863,0.956,"C15","Malignant neoplasm of oesophagus","malignant neoplasm of testis",18,"testis cancer"
"10_9","ICD-9-CM to ICD-10-CA","ClinicalBERT","187","has a reference match",2038,0.846,0.045,0.651,0.819,0.846,0.874,0.967,"C63","Malignant neoplasm of other and unspecified male genital organs","malignant neoplasm of penis and other male genital organs",19,"cancer of other male genital organs"
"10_9","ICD-9-CM to ICD-10-CA","ClinicalBERT","188","has a reference match",2038,0.84,0.045,0.647,0.812,0.84,0.863,0.96,"C67","Malignant neoplasm of bladder","malignant neoplasm of bladder",20,"bladder cancer"
"10_9","ICD-9-CM to ICD-10-CA","ClinicalBERT","189","has a reference match",2038,0.856,0.045,0.653,0.828,0.857,0.885,0.973,"C68","Malignant neoplasm of other and unspecified urinary organs","malignant neoplasm of kidney and other and unspecified urinary organs",21,"cancer of kidney and other urinary organs"
"10_9","ICD-9-CM to ICD-10-CA","ClinicalBERT","190","has a reference match",2038,0.838,0.043,0.654,0.812,0.839,0.861,0.959,"C03","Malignant neoplasm of gum","malignant neoplasm of eye",10,"other cancers"
"10_9","ICD-9-CM to ICD-10-CA","ClinicalBERT","191","has a reference match",2038,0.821,0.046,0.621,0.794,0.822,0.846,0.958,"C71","Malignant neoplasm of brain","malignant neoplasm of brain",22,"cancer of brain and nervous system"
"10_9","ICD-9-CM to ICD-10-CA","ClinicalBERT","192","has a reference match",2038,0.843,0.044,0.658,0.815,0.843,0.871,0.963,"C26","Malignant neoplasm of other and ill-defined digestive organs","malignant neoplasm of other and unspecified parts of nervous system",22,"cancer of brain and nervous system"
"10_9","ICD-9-CM to ICD-10-CA","ClinicalBERT","193","has a reference match",2038,0.825,0.047,0.649,0.796,0.825,0.85,0.959,"D34","Benign neoplasm of thyroid gland","malignant neoplasm of thyroid gland",23,"thyroid cancer"
"10_9","ICD-9-CM to ICD-10-CA","ClinicalBERT","194","has a reference match",2038,0.836,0.045,0.668,0.807,0.835,0.863,0.977,"C75","Malignant neoplasm of other endocrine glands and related structures","malignant neoplasm of other endocrine glands and related structures",10,"other cancers"
"10_9","ICD-9-CM to ICD-10-CA","ClinicalBERT","195","has a reference match",2038,0.842,0.042,0.67,0.816,0.842,0.867,0.968,"C79","Secondary malignant neoplasm of other and unspecified sites","malignant neoplasm of other and illdefined sites",10,"other cancers"
"10_9","ICD-9-CM to ICD-10-CA","ClinicalBERT","196","has a reference match",2038,0.818,0.046,0.67,0.786,0.819,0.848,0.946,"C24","Malignant neoplasm of other and unspecified parts of biliary tract","secondary and unspecified malignant neoplasm of lymph nodes",24,"secondary malignancy"
"10_9","ICD-9-CM to ICD-10-CA","ClinicalBERT","197","has a reference match",2038,0.846,0.043,0.67,0.819,0.849,0.877,0.951,"D01","Carcinoma in situ of other and unspecified digestive organs","secondary malignant neoplasm of respiratory and digestive systems",24,"secondary malignancy"
"10_9","ICD-9-CM to ICD-10-CA","ClinicalBERT","198","has a reference match",2038,0.843,0.043,0.691,0.816,0.844,0.871,0.959,"C26","Malignant neoplasm of other and ill-defined digestive organs","secondary malignant neoplasm of other specified sites",24,"secondary malignancy"
"10_9","ICD-9-CM to ICD-10-CA","ClinicalBERT","199","has a reference match",2038,0.825,0.04,0.635,0.801,0.825,0.849,0.969,"C80","Malignant neoplasm without specification of site","malignant neoplasm without specification of site",25,"malignant neoplasm without specification of site"
"10_9","ICD-9-CM to ICD-10-CA","ClinicalBERT","200","has a reference match",2038,0.807,0.053,0.584,0.774,0.806,0.843,0.94,"C77","Secondary and unspecified malignant neoplasm of lymph nodes","lymphosarcoma and reticulosarcoma and other specified malignant tumors of lymphatic tissue",26,"nonhodgkins lymphoma"
"10_9","ICD-9-CM to ICD-10-CA","ClinicalBERT","201","has a reference match",2038,0.816,0.059,0.633,0.772,0.812,0.863,0.945,"B57","Chagas' disease","hodgkins disease",27,"hodgkins disease"
"10_9","ICD-9-CM to ICD-10-CA","ClinicalBERT","202","has a reference match",2038,0.811,0.05,0.633,0.777,0.812,0.842,0.951,"C96","Other and unspecified malignant neoplasms of lymphoid, haematopoietic and related tissue","other malignant neoplasms of lymphoid and histiocytic tissue",26,"nonhodgkins lymphoma"
"10_9","ICD-9-CM to ICD-10-CA","ClinicalBERT","203","has a reference match",2038,0.817,0.048,0.589,0.784,0.821,0.853,0.956,"C90","Multiple myeloma and malignant plasma cell neoplasms","multiple myeloma and immunoproliferative neoplasms",28,"multiple myeloma and leukemias"
"10_9","ICD-9-CM to ICD-10-CA","ClinicalBERT","204","has a reference match",2038,0.794,0.05,0.627,0.756,0.796,0.832,0.944,"C91","Lymphoid leukaemia","lymphoid leukemia",28,"multiple myeloma and leukemias"
"10_9","ICD-9-CM to ICD-10-CA","ClinicalBERT","205","has a reference match",2038,0.813,0.05,0.668,0.774,0.815,0.851,0.949,"C91","Lymphoid leukaemia","myeloid leukemia",28,"multiple myeloma and leukemias"
"10_9","ICD-9-CM to ICD-10-CA","ClinicalBERT","206","has a reference match",2038,0.825,0.051,0.668,0.783,0.83,0.865,0.956,"C93","Monocytic leukaemia","monocytic leukemia",28,"multiple myeloma and leukemias"
"10_9","ICD-9-CM to ICD-10-CA","ClinicalBERT","207","has a reference match",2038,0.826,0.058,0.648,0.784,0.829,0.876,0.939,"L11","Other acantholytic disorders","other specified leukemia",28,"multiple myeloma and leukemias"
"10_9","ICD-9-CM to ICD-10-CA","ClinicalBERT","208","has a reference match",2038,0.828,0.046,0.627,0.797,0.832,0.862,0.955,"C95","Leukaemia of unspecified cell type","leukemia of unspecified cell type",28,"multiple myeloma and leukemias"
"10_9","ICD-9-CM to ICD-10-CA","ClinicalBERT","209","no reference match",2038,0.836,0.039,0.693,0.808,0.842,0.867,0.915,"A74","Other diseases caused by chlamydiae","neuroendocrine tumors",10,"other cancers"
"10_9","ICD-9-CM to ICD-10-CA","ClinicalBERT","225","has a reference match",2038,0.834,0.044,0.671,0.806,0.835,0.859,0.96,"D33","Benign neoplasm of brain and other parts of central nervous system","benign neoplasm of brain and other parts of nervous system",29,"other and unspecified benign neoplasm"
"10_9","ICD-9-CM to ICD-10-CA","ClinicalBERT","230","has a reference match",2038,0.853,0.042,0.689,0.825,0.854,0.88,0.972,"D01","Carcinoma in situ of other and unspecified digestive organs","carcinoma in situ of digestive organs",4,"cancer of other gi organs peritoneum"
"10_9","ICD-9-CM to ICD-10-CA","ClinicalBERT","231","has a reference match",2038,0.848,0.042,0.663,0.82,0.85,0.877,0.97,"D02","Carcinoma in situ of middle ear and respiratory system","carcinoma in situ of respiratory system",9,"lung and other respiratory cancer"
"10_9","ICD-9-CM to ICD-10-CA","ClinicalBERT","233","has a reference match",2038,0.834,0.047,0.634,0.804,0.835,0.863,0.966,"D02","Carcinoma in situ of middle ear and respiratory system","carcinoma in situ of breast and genitourinary system",10,"other cancers"
"10_9","ICD-9-CM to ICD-10-CA","ClinicalBERT","234","has a reference match",2038,0.846,0.042,0.686,0.819,0.847,0.87,0.975,"D09","Carcinoma in situ of other and unspecified sites","carcinoma in situ of other and unspecified sites",10,"other cancers"
"10_9","ICD-9-CM to ICD-10-CA","ClinicalBERT","237","has a reference match",2038,0.846,0.045,0.656,0.817,0.847,0.875,0.971,"D43","Neoplasm of uncertain or unknown behaviour of brain and central nervous system","neoplasm of uncertain behavior of endocrine glands and nervous system",30,"neoplasms of unspecified nature"
"10_9","ICD-9-CM to ICD-10-CA","ClinicalBERT","238","has a reference match",2038,0.835,0.044,0.645,0.807,0.834,0.863,0.965,"C39","Malignant neoplasm of other and ill-defined sites in the respiratory system and intrathoracic organs","neoplasm of uncertain behavior of other and unspecified sites and tissues",30,"neoplasms of unspecified nature"
"10_9","ICD-9-CM to ICD-10-CA","ClinicalBERT","239","no reference match",2038,0.831,0.041,0.662,0.804,0.833,0.859,0.942,"D15","Benign neoplasm of other and unspecified intrathoracic organs","neoplasms of unspecified nature",30,"neoplasms of unspecified nature"
"10_9","ICD-9-CM to ICD-10-CA","ClinicalBERT","240","has a reference match",2038,0.849,0.039,0.701,0.822,0.856,0.881,0.931,"K46","Unspecified abdominal hernia","simple and unspecified goiter",31,"thyroid disorders"
"10_9","ICD-9-CM to ICD-10-CA","ClinicalBERT","241","has a reference match",2038,0.866,0.043,0.729,0.833,0.87,0.902,0.946,"B70","Diphyllobothriasis and sparganosis","nontoxic nodular goiter",31,"thyroid disorders"
"10_9","ICD-9-CM to ICD-10-CA","ClinicalBERT","242","has a reference match",2038,0.848,0.047,0.688,0.815,0.856,0.885,0.942,"J31","Chronic rhinitis, nasopharyngitis and pharyngitis","thyrotoxicosis with or without goiter",31,"thyroid disorders"
"10_9","ICD-9-CM to ICD-10-CA","ClinicalBERT","243","has a reference match",2038,0.831,0.05,0.651,0.793,0.831,0.871,0.947,"D51","Vitamin B12 deficiency anaemia","congenital hypothyroidism",31,"thyroid disorders"
"10_9","ICD-9-CM to ICD-10-CA","ClinicalBERT","244","has a reference match",2038,0.829,0.051,0.673,0.791,0.832,0.868,0.932,"A24","Glanders and melioidosis","acquired hypothyroidism",31,"thyroid disorders"
"10_9","ICD-9-CM to ICD-10-CA","ClinicalBERT","245","has a reference match",2038,0.82,0.06,0.62,0.776,0.82,0.867,0.946,"E20","Hypoparathyroidism","thyroiditis",31,"thyroid disorders"
"10_9","ICD-9-CM to ICD-10-CA","ClinicalBERT","246","has a reference match",2038,0.802,0.053,0.637,0.762,0.809,0.844,0.935,"N64","Other disorders of breast","other disorders of thyroid",31,"thyroid disorders"
"10_9","ICD-9-CM to ICD-10-CA","ClinicalBERT","249","no reference match",2038,0.817,0.054,0.663,0.774,0.817,0.859,0.951,"O24","Diabetes mellitus in pregnancy","secondary diabetes mellitus",32,"diabetes mellitus"
"10_9","ICD-9-CM to ICD-10-CA","ClinicalBERT","250","has a reference match",2038,0.779,0.06,0.607,0.734,0.776,0.825,0.928,"E11","Type 2 diabetes mellitus","diabetes mellitus",32,"diabetes mellitus"
"10_9","ICD-9-CM to ICD-10-CA","ClinicalBERT","251","has a reference match",2038,0.85,0.045,0.68,0.822,0.858,0.884,0.939,"N29","Other disorders of kidney and ureter in diseases classified elsewhere","other disorders of pancreatic internal secretiondisorders of parathyroid gland",33,"other endocrine disorders"
"10_9","ICD-9-CM to ICD-10-CA","ClinicalBERT","252","has a reference match",2038,0.842,0.052,0.667,0.805,0.846,0.885,0.945,"N75","Diseases of Bartholin's gland","disorders of parathyroid gland",33,"other endocrine disorders"
"10_9","ICD-9-CM to ICD-10-CA","ClinicalBERT","253","has a reference match",2038,0.824,0.05,0.601,0.793,0.827,0.861,0.938,"Y53","Agents primarily affecting the gastrointestinal system","disorders of the pituitary gland and its hypothalamic control",33,"other endocrine disorders"
"10_9","ICD-9-CM to ICD-10-CA","ClinicalBERT","254","has a reference match",2038,0.838,0.05,0.666,0.8,0.842,0.879,0.953,"N75","Diseases of Bartholin's gland","diseases of thymus gland",33,"other endocrine disorders"
"10_9","ICD-9-CM to ICD-10-CA","ClinicalBERT","255","has a reference match",2038,0.869,0.037,0.715,0.845,0.876,0.897,0.943,"K55","Vascular disorders of intestine","disorders of adrenal glands",33,"other endocrine disorders"
"10_9","ICD-9-CM to ICD-10-CA","ClinicalBERT","256","has a reference match",2038,0.837,0.045,0.69,0.804,0.844,0.874,0.929,"E28","Ovarian dysfunction","ovarian dysfunction",33,"other endocrine disorders"
"10_9","ICD-9-CM to ICD-10-CA","ClinicalBERT","257","has a reference match",2038,0.829,0.05,0.666,0.792,0.835,0.868,0.932,"M47","Spondylosis","testicular dysfunction",33,"other endocrine disorders"
"10_9","ICD-9-CM to ICD-10-CA","ClinicalBERT","258","has a reference match",2038,0.843,0.044,0.683,0.816,0.85,0.876,0.935,"E75","Disorders of sphingolipid metabolism and other lipid storage disorders","polyglandular dysfunction and related disorders",33,"other endocrine disorders"
"10_9","ICD-9-CM to ICD-10-CA","ClinicalBERT","259","has a reference match",2038,0.792,0.046,0.636,0.761,0.797,0.826,0.898,"B71","Other cestode infections","other endocrine disorders",33,"other endocrine disorders"
"10_9","ICD-9-CM to ICD-10-CA","ClinicalBERT","260","has a reference match",2038,0.787,0.037,0.634,0.762,0.791,0.813,0.925,"E40","Kwashiorkor","kwashiorkor",34,"nutritional deficiencies"
"10_9","ICD-9-CM to ICD-10-CA","ClinicalBERT","261","has a reference match",2038,0.817,0.03,0.703,0.797,0.817,0.837,0.929,"E41","Nutritional marasmus","nutritional marasmus",34,"nutritional deficiencies"
"10_9","ICD-9-CM to ICD-10-CA","ClinicalBERT","262","has a reference match",2038,0.782,0.034,0.635,0.761,0.786,0.806,0.902,"O25","Malnutrition in pregnancy","other severe proteincalorie malnutrition",34,"nutritional deficiencies"
"10_9","ICD-9-CM to ICD-10-CA","ClinicalBERT","263","has a reference match",2038,0.772,0.033,0.632,0.751,0.776,0.796,0.897,"E46","Unspecified protein-energy malnutrition","other and unspecified proteincalorie malnutrition",34,"nutritional deficiencies"
"10_9","ICD-9-CM to ICD-10-CA","ClinicalBERT","268","has a reference match",2038,0.802,0.043,0.666,0.769,0.802,0.835,0.913,"E54","Ascorbic acid deficiency","vitamin d deficiency",34,"nutritional deficiencies"
"10_9","ICD-9-CM to ICD-10-CA","ClinicalBERT","270","has a reference match",2038,0.786,0.048,0.557,0.757,0.789,0.818,0.911,"E70","Disorders of aromatic amino-acid metabolism","disorders of aminoacid transport and metabolism",35,"other nutritional endocrine immunity and metabolic disorders"
"10_9","ICD-9-CM to ICD-10-CA","ClinicalBERT","271","has a reference match",2038,0.783,0.03,0.641,0.764,0.785,0.803,0.866,"E72","Other disorders of amino-acid metabolism","disorders of carbohydrate transport and metabolism",35,"other nutritional endocrine immunity and metabolic disorders"
"10_9","ICD-9-CM to ICD-10-CA","ClinicalBERT","272","has a reference match",2038,0.855,0.041,0.708,0.829,0.861,0.886,0.948,"E75","Disorders of sphingolipid metabolism and other lipid storage disorders","disorders of lipoid metabolism",36,"disorders of lipid metabolism"
"10_9","ICD-9-CM to ICD-10-CA","ClinicalBERT","273","has a reference match",2038,0.79,0.031,0.645,0.771,0.793,0.812,0.87,"P71","Transitory neonatal disorders of calcium and magnesium metabolism","disorders of plasma protein metabolism",35,"other nutritional endocrine immunity and metabolic disorders"
"10_9","ICD-9-CM to ICD-10-CA","ClinicalBERT","274","has a reference match",2038,0.792,0.046,0.642,0.758,0.79,0.828,0.897,"K25","Gastric ulcer","gout",37,"gout and other crystal arthropathies"
"10_9","ICD-9-CM to ICD-10-CA","ClinicalBERT","275","has a reference match",2038,0.847,0.033,0.688,0.826,0.851,0.871,0.927,"P71","Transitory neonatal disorders of calcium and magnesium metabolism","disorders of mineral metabolism",35,"other nutritional endocrine immunity and metabolic disorders"
"10_9","ICD-9-CM to ICD-10-CA","ClinicalBERT","277","has a reference match",2038,0.824,0.036,0.686,0.801,0.827,0.85,0.915,"K93","Disorders of other digestive organs in diseases classified elsewhere","other and unspecified disorders of metabolism",35,"other nutritional endocrine immunity and metabolic disorders"
"10_9","ICD-9-CM to ICD-10-CA","ClinicalBERT","278","has a reference match",2038,0.844,0.042,0.684,0.818,0.851,0.874,0.925,"R34","Anuria and oliguria","overweight obesity and other hyperalimentation",35,"other nutritional endocrine immunity and metabolic disorders"
"10_9","ICD-9-CM to ICD-10-CA","ClinicalBERT","279","has a reference match",2038,0.833,0.033,0.679,0.814,0.838,0.856,0.906,"I99","Other and unspecified disorders of circulatory system","disorders involving the immune mechanism",35,"other nutritional endocrine immunity and metabolic disorders"
"10_9","ICD-9-CM to ICD-10-CA","ClinicalBERT","280","has a reference match",2038,0.841,0.05,0.664,0.803,0.844,0.88,0.956,"D51","Vitamin B12 deficiency anaemia","iron deficiency anemias",38,"anemia"
"10_9","ICD-9-CM to ICD-10-CA","ClinicalBERT","282","has a reference match",2038,0.818,0.047,0.649,0.782,0.821,0.854,0.925,"D58","Other hereditary haemolytic anaemias","hereditary hemolytic anemias",38,"anemia"
"10_9","ICD-9-CM to ICD-10-CA","ClinicalBERT","283","has a reference match",2038,0.836,0.044,0.674,0.804,0.841,0.872,0.937,"D58","Other hereditary haemolytic anaemias","acquired hemolytic anemias",38,"anemia"
"10_9","ICD-9-CM to ICD-10-CA","ClinicalBERT","284","has a reference match",2038,0.831,0.038,0.656,0.805,0.836,0.86,0.916,"C94","Other leukaemias of specified cell type","aplastic anemia and other bone marrow failure syndromes",38,"anemia"
"10_9","ICD-9-CM to ICD-10-CA","ClinicalBERT","285","has a reference match",2038,0.852,0.046,0.697,0.819,0.86,0.89,0.942,"D58","Other hereditary haemolytic anaemias","other and unspecified anemias",38,"anemia"
"10_9","ICD-9-CM to ICD-10-CA","ClinicalBERT","286","has a reference match",2038,0.855,0.037,0.686,0.833,0.861,0.883,0.938,"D68","Other coagulation defects","coagulation defects",39,"other hematologic conditions"
"10_9","ICD-9-CM to ICD-10-CA","ClinicalBERT","287","has a reference match",2038,0.843,0.036,0.695,0.82,0.848,0.87,0.951,"D69","Purpura and other haemorrhagic conditions","purpura and other hemorrhagic conditions",39,"other hematologic conditions"
"10_9","ICD-9-CM to ICD-10-CA","ClinicalBERT","288","has a reference match",2038,0.769,0.027,0.628,0.752,0.77,0.787,0.875,"R71","Abnormality of red blood cells","diseases of white blood cells",39,"other hematologic conditions"
"10_9","ICD-9-CM to ICD-10-CA","ClinicalBERT","289","has a reference match",2038,0.826,0.036,0.692,0.804,0.83,0.851,0.92,"D75","Other diseases of blood and blood-forming organs","other diseases of blood and bloodforming organs",39,"other hematologic conditions"
"10_9","ICD-9-CM to ICD-10-CA","ClinicalBERT","290","has a reference match",2038,0.821,0.062,0.612,0.777,0.82,0.871,0.94,"B74","Filariasis","dementias",40,"delirium dementia and other cognitive disorders"
"10_9","ICD-9-CM to ICD-10-CA","ClinicalBERT","291","has a reference match",2038,0.806,0.037,0.669,0.779,0.809,0.835,0.891,"N95","Menopausal and other perimenopausal disorders","alcoholinduced mental disorders",41,"alcohol and substancerelated disorders"
"10_9","ICD-9-CM to ICD-10-CA","ClinicalBERT","292","has a reference match",2038,0.812,0.042,0.657,0.783,0.815,0.845,0.9,"N03","Chronic nephritic syndrome","druginduced mental disorders",41,"alcohol and substancerelated disorders"
"10_9","ICD-9-CM to ICD-10-CA","ClinicalBERT","294","has a reference match",2038,0.844,0.037,0.705,0.82,0.848,0.871,0.931,"G94","Other disorders of brain in diseases classified elsewhere","persistent mental disorders due to conditions classified elsewhere",40,"delirium dementia and other cognitive disorders"
"10_9","ICD-9-CM to ICD-10-CA","ClinicalBERT","295","has a reference match",2038,0.838,0.05,0.68,0.8,0.84,0.878,0.948,"N95","Menopausal and other perimenopausal disorders","schizophrenic disorders",42,"schizophrenia and other psychotic disorders"
"10_9","ICD-9-CM to ICD-10-CA","ClinicalBERT","296","has a reference match",2038,0.823,0.047,0.671,0.789,0.825,0.862,0.929,"P78","Other perinatal digestive system disorders","episodic mood disorders",43,"mood and anxiety disorders"
"10_9","ICD-9-CM to ICD-10-CA","ClinicalBERT","297","has a reference match",2038,0.846,0.035,0.716,0.823,0.85,0.874,0.924,"F92","Mixed disorders of conduct and emotions","delusional disorders",42,"schizophrenia and other psychotic disorders"
"10_9","ICD-9-CM to ICD-10-CA","ClinicalBERT","298","has a reference match",2038,0.811,0.04,0.676,0.783,0.815,0.842,0.905,"N95","Menopausal and other perimenopausal disorders","other nonorganic psychoses",42,"schizophrenia and other psychotic disorders"
"10_9","ICD-9-CM to ICD-10-CA","ClinicalBERT","299","has a reference match",2038,0.799,0.055,0.624,0.76,0.797,0.845,0.927,"F84","Pervasive developmental disorders","pervasive developmental disorders",44,"disorders usually diagnosed in infancy childhood or adolescence"
"10_9","ICD-9-CM to ICD-10-CA","ClinicalBERT","300","has a reference match",2038,0.854,0.04,0.655,0.828,0.859,0.884,0.943,"F61","Mixed and other personality disorders","anxiety dissociative and somatoform disorders",43,"mood and anxiety disorders"
"10_9","ICD-9-CM to ICD-10-CA","ClinicalBERT","301","has a reference match",2038,0.811,0.06,0.617,0.767,0.807,0.86,0.934,"B74","Filariasis","personality disorders",45,"personality disorders"
"10_9","ICD-9-CM to ICD-10-CA","ClinicalBERT","303","has a reference match",2038,0.86,0.044,0.69,0.83,0.862,0.895,0.944,"N34","Urethritis and urethral syndrome","alcohol dependence syndrome",41,"alcohol and substancerelated disorders"
"10_9","ICD-9-CM to ICD-10-CA","ClinicalBERT","304","has a reference match",2038,0.827,0.046,0.666,0.794,0.827,0.863,0.924,"N18","Chronic kidney disease","drug dependence",41,"alcohol and substancerelated disorders"
"10_9","ICD-9-CM to ICD-10-CA","ClinicalBERT","305","has a reference match",2038,0.825,0.045,0.574,0.8,0.83,0.856,0.944,"F55","Abuse of non-dependence-producing substances","nondependent abuse of drugs",41,"alcohol and substancerelated disorders"
"10_9","ICD-9-CM to ICD-10-CA","ClinicalBERT","306","has a reference match",2038,0.823,0.032,0.717,0.801,0.822,0.845,0.938,"N25","Disorders resulting from impaired renal tubular function","physiological malfunction arising from mental factors",46,"miscellaneous mental health disorders"
"10_9","ICD-9-CM to ICD-10-CA","ClinicalBERT","307","has a reference match",2038,0.81,0.049,0.633,0.78,0.816,0.848,0.929,"M25","Other joint disorders, not elsewhere classified","special symptoms or syndromes not elsewhere classified",46,"miscellaneous mental health disorders"
"10_9","ICD-9-CM to ICD-10-CA","ClinicalBERT","308","has a reference match",2038,0.81,0.035,0.659,0.788,0.812,0.834,0.9,"T73","Effects of other deprivation","acute reaction to stress",43,"mood and anxiety disorders"
"10_9","ICD-9-CM to ICD-10-CA","ClinicalBERT","309","has a reference match",2038,0.759,0.038,0.602,0.735,0.759,0.784,0.878,"P92","Feeding problems of newborn","adjustment reaction",47,"adjustment disorders"
"10_9","ICD-9-CM to ICD-10-CA","ClinicalBERT","310","has a reference match",2038,0.845,0.04,0.704,0.819,0.849,0.876,0.937,"F53","Mental and behavioural disorders associated with the puerperium, not elsewhere classified","specific nonpsychotic mental disorders due to brain damage",46,"miscellaneous mental health disorders"
"10_9","ICD-9-CM to ICD-10-CA","ClinicalBERT","311","has a reference match",2038,0.842,0.044,0.686,0.813,0.849,0.878,0.946,"H93","Other disorders of ear, not elsewhere classified","depressive disorder not elsewhere classified",43,"mood and anxiety disorders"
"10_9","ICD-9-CM to ICD-10-CA","ClinicalBERT","312","has a reference match",2038,0.8,0.038,0.647,0.775,0.801,0.825,0.913,"R57","Shock, not elsewhere classified","disturbance of conduct not elsewhere classified",48,"attentiondeficit conduct and disruptive behavior disorders"
"10_9","ICD-9-CM to ICD-10-CA","ClinicalBERT","314","has a reference match",2038,0.834,0.041,0.672,0.804,0.837,0.868,0.916,"N32","Other disorders of bladder","hyperkinetic syndrome of childhood",48,"attentiondeficit conduct and disruptive behavior disorders"
"10_9","ICD-9-CM to ICD-10-CA","ClinicalBERT","315","has a reference match",2038,0.796,0.036,0.656,0.772,0.797,0.819,0.888,"N31","Neuromuscular dysfunction of bladder, not elsewhere classified","specific delays in development",49,"developmental disorders"
"10_9","ICD-9-CM to ICD-10-CA","ClinicalBERT","316","has a reference match",2038,0.84,0.044,0.665,0.813,0.842,0.871,0.946,"N08","Glomerular disorders in diseases classified elsewhere","psychic factors associated with diseases classified elsewhere",46,"miscellaneous mental health disorders"
"10_9","ICD-9-CM to ICD-10-CA","ClinicalBERT","317","has a reference match",2038,0.815,0.045,0.68,0.781,0.815,0.851,0.921,"M82","Osteoporosis in diseases classified elsewhere","mild intellectual disabilities",49,"developmental disorders"
"10_9","ICD-9-CM to ICD-10-CA","ClinicalBERT","318","has a reference match",2038,0.808,0.04,0.668,0.779,0.809,0.839,0.913,"O92","Other disorders of breast and lactation associated with childbirth","other specified intellectual disabilities",49,"developmental disorders"
"10_9","ICD-9-CM to ICD-10-CA","ClinicalBERT","319","has a reference match",2038,0.797,0.029,0.668,0.778,0.798,0.817,0.867,"F09","Unspecified organic or symptomatic mental disorder","unspecified intellectual disabilities",49,"developmental disorders"
"10_9","ICD-9-CM to ICD-10-CA","ClinicalBERT","327","no reference match",2038,0.77,0.066,0.541,0.725,0.773,0.823,0.915,"P78","Other perinatal digestive system disorders","organic sleep disorders",50,"other nervous system conditions"
"10_9","ICD-9-CM to ICD-10-CA","ClinicalBERT","330","has a reference match",2038,0.796,0.058,0.513,0.761,0.801,0.837,0.933,"F93","Emotional disorders with onset specific to childhood","cerebral degenerations usually manifest in childhood",50,"other nervous system conditions"
"10_9","ICD-9-CM to ICD-10-CA","ClinicalBERT","331","has a reference match",2038,0.803,0.045,0.643,0.772,0.807,0.837,0.91,"M71","Other bursopathies","other cerebral degenerations",40,"delirium dementia and other cognitive disorders"
"10_9","ICD-9-CM to ICD-10-CA","ClinicalBERT","332","has a reference match",2038,0.801,0.051,0.64,0.765,0.799,0.841,0.909,"N73","Other female pelvic inflammatory diseases","parkinsons disease",51,"parkinsons disease"
"10_9","ICD-9-CM to ICD-10-CA","ClinicalBERT","333","has a reference match",2038,0.853,0.042,0.717,0.826,0.858,0.886,0.937,"G31","Other degenerative diseases of nervous system, not elsewhere classified","other extrapyramidal disease and abnormal movement disorders",50,"other nervous system conditions"
"10_9","ICD-9-CM to ICD-10-CA","ClinicalBERT","334","has a reference match",2038,0.838,0.046,0.68,0.804,0.84,0.875,0.93,"L73","Other follicular disorders","spinocerebellar disease",50,"other nervous system conditions"
"10_9","ICD-9-CM to ICD-10-CA","ClinicalBERT","335","has a reference match",2038,0.841,0.054,0.664,0.8,0.842,0.885,0.954,"M72","Fibroblastic disorders","anterior horn cell disease",50,"other nervous system conditions"
"10_9","ICD-9-CM to ICD-10-CA","ClinicalBERT","336","has a reference match",2038,0.814,0.047,0.646,0.779,0.817,0.85,0.935,"G95","Other diseases of spinal cord","other diseases of spinal cord",50,"other nervous system conditions"
"10_9","ICD-9-CM to ICD-10-CA","ClinicalBERT","337","has a reference match",2038,0.818,0.042,0.651,0.79,0.823,0.85,0.909,"N95","Menopausal and other perimenopausal disorders","disorders of the autonomic nervous system",50,"other nervous system conditions"
"10_9","ICD-9-CM to ICD-10-CA","ClinicalBERT","338","no reference match",2038,0.805,0.032,0.685,0.785,0.807,0.827,0.893,"R52","Pain, not elsewhere classified","pain not elsewhere classified",50,"other nervous system conditions"
"10_9","ICD-9-CM to ICD-10-CA","ClinicalBERT","339","no reference match",2038,0.816,0.045,0.648,0.786,0.82,0.851,0.915,"A69","Other spirochaetal infections","other headache syndromes",52,"headache including migraine"
"10_9","ICD-9-CM to ICD-10-CA","ClinicalBERT","340","has a reference match",2038,0.823,0.058,0.644,0.78,0.822,0.871,0.948,"M34","Systemic sclerosis","multiple sclerosis",53,"multiple sclerosis"
"10_9","ICD-9-CM to ICD-10-CA","ClinicalBERT","341","has a reference match",2038,0.807,0.044,0.665,0.776,0.812,0.841,0.908,"A74","Other diseases caused by chlamydiae","other demyelinating diseases of central nervous system",50,"other nervous system conditions"
"10_9","ICD-9-CM to ICD-10-CA","ClinicalBERT","342","has a reference match",2038,0.858,0.031,0.732,0.838,0.859,0.88,0.95,"G82","Paraplegia and tetraplegia","hemiplegia and hemiparesis",54,"paralysis"
"10_9","ICD-9-CM to ICD-10-CA","ClinicalBERT","343","has a reference match",2038,0.783,0.053,0.618,0.744,0.781,0.826,0.913,"M83","Adult osteomalacia","infantile cerebral palsy",54,"paralysis"
"10_9","ICD-9-CM to ICD-10-CA","ClinicalBERT","344","has a reference match",2038,0.814,0.038,0.67,0.788,0.819,0.843,0.914,"G83","Other paralytic syndromes","other paralytic syndromes",54,"paralysis"
"10_9","ICD-9-CM to ICD-10-CA","ClinicalBERT","345","has a reference match",2038,0.844,0.035,0.672,0.823,0.849,0.869,0.939,"G45","Transient cerebral ischaemic attacks and related syndromes","epilepsy and recurrent seizures",55,"epilepsyconvulsions"
"10_9","ICD-9-CM to ICD-10-CA","ClinicalBERT","346","has a reference match",2038,0.817,0.039,0.666,0.789,0.819,0.846,0.903,"M06","Other rheumatoid arthritis","migraine",52,"headache including migraine"
"10_9","ICD-9-CM to ICD-10-CA","ClinicalBERT","347","has a reference match",2038,0.821,0.041,0.664,0.794,0.824,0.851,0.913,"M87","Osteonecrosis","cataplexy and narcolepsy",50,"other nervous system conditions"
"10_9","ICD-9-CM to ICD-10-CA","ClinicalBERT","348","has a reference match",2038,0.823,0.035,0.688,0.8,0.827,0.848,0.917,"G93","Other disorders of brain","other conditions of brain",50,"other nervous system conditions"
"10_9","ICD-9-CM to ICD-10-CA","ClinicalBERT","353","has a reference match",2038,0.811,0.036,0.66,0.791,0.816,0.835,0.958,"G54","Nerve root and plexus disorders","nerve root and plexus disorders",50,"other nervous system conditions"
"10_9","ICD-9-CM to ICD-10-CA","ClinicalBERT","354","has a reference match",2038,0.852,0.036,0.666,0.83,0.856,0.878,0.929,"C95","Leukaemia of unspecified cell type","mononeuritis of upper limb and mononeuritis multiplex",50,"other nervous system conditions"
"10_9","ICD-9-CM to ICD-10-CA","ClinicalBERT","355","has a reference match",2038,0.862,0.033,0.68,0.842,0.866,0.886,0.95,"A49","Bacterial infection of unspecified site","mononeuritis of lower limb and unspecified site",50,"other nervous system conditions"
"10_9","ICD-9-CM to ICD-10-CA","ClinicalBERT","356","has a reference match",2038,0.83,0.047,0.667,0.796,0.833,0.868,0.928,"M82","Osteoporosis in diseases classified elsewhere","hereditary and idiopathic peripheral neuropathy",50,"other nervous system conditions"
"10_9","ICD-9-CM to ICD-10-CA","ClinicalBERT","357","has a reference match",2038,0.819,0.047,0.635,0.787,0.822,0.857,0.914,"P78","Other perinatal digestive system disorders","inflammatory and toxic neuropathy",50,"other nervous system conditions"
"10_9","ICD-9-CM to ICD-10-CA","ClinicalBERT","358","has a reference match",2038,0.818,0.049,0.65,0.783,0.819,0.858,0.932,"M11","Other crystal arthropathies","myoneural disorders",50,"other nervous system conditions"
"10_9","ICD-9-CM to ICD-10-CA","ClinicalBERT","359","has a reference match",2038,0.814,0.047,0.669,0.779,0.816,0.851,0.919,"M93","Other osteochondropathies","muscular dystrophies and other myopathies",50,"other nervous system conditions"
"10_9","ICD-9-CM to ICD-10-CA","ClinicalBERT","360","has a reference match",2038,0.792,0.03,0.668,0.773,0.793,0.811,0.891,"L87","Transepidermal elimination disorders","disorders of the globe",56,"other eye disorders"
"10_9","ICD-9-CM to ICD-10-CA","ClinicalBERT","361","has a reference match",2038,0.816,0.041,0.664,0.786,0.817,0.848,0.911,"M71","Other bursopathies","retinal detachments and defects",57,"retinal detachments defects vascular occlusion and retinopathy"
"10_9","ICD-9-CM to ICD-10-CA","ClinicalBERT","362","has a reference match",2038,0.819,0.044,0.673,0.788,0.819,0.854,0.93,"M71","Other bursopathies","other retinal disorders",57,"retinal detachments defects vascular occlusion and retinopathy"
"10_9","ICD-9-CM to ICD-10-CA","ClinicalBERT","363","has a reference match",2038,0.847,0.037,0.706,0.823,0.852,0.875,0.921,"L91","Hypertrophic disorders of skin","chorioretinal inflammations scars and other disorders of choroid",56,"other eye disorders"
"10_9","ICD-9-CM to ICD-10-CA","ClinicalBERT","364","has a reference match",2038,0.834,0.029,0.69,0.817,0.834,0.853,0.923,"I78","Diseases of capillaries","disorders of iris and ciliary body",56,"other eye disorders"
"10_9","ICD-9-CM to ICD-10-CA","ClinicalBERT","365","has a reference match",2038,0.802,0.064,0.601,0.757,0.798,0.852,0.94,"M86","Osteomyelitis","glaucoma",58,"glaucoma"
"10_9","ICD-9-CM to ICD-10-CA","ClinicalBERT","366","has a reference match",2038,0.797,0.059,0.604,0.756,0.795,0.842,0.925,"H25","Senile cataract","cataract",59,"cataract"
"10_9","ICD-9-CM to ICD-10-CA","ClinicalBERT","369","has a reference match",2038,0.836,0.042,0.68,0.806,0.838,0.868,0.929,"M82","Osteoporosis in diseases classified elsewhere","blindness and low vision",60,"blindness and vision defects"
"10_9","ICD-9-CM to ICD-10-CA","ClinicalBERT","370","has a reference match",2038,0.82,0.061,0.617,0.778,0.818,0.868,0.946,"M33","Dermatopolymyositis","keratitis",56,"other eye disorders"
"10_9","ICD-9-CM to ICD-10-CA","ClinicalBERT","371","has a reference match",2038,0.856,0.03,0.722,0.838,0.858,0.877,0.927,"H02","Other disorders of eyelid","corneal opacity and other disorders of cornea",56,"other eye disorders"
"10_9","ICD-9-CM to ICD-10-CA","ClinicalBERT","372","has a reference match",2038,0.802,0.029,0.632,0.784,0.805,0.822,0.88,"K08","Other disorders of teeth and supporting structures","disorders of conjunctiva",56,"other eye disorders"
"10_9","ICD-9-CM to ICD-10-CA","ClinicalBERT","376","has a reference match",2038,0.794,0.034,0.655,0.775,0.798,0.818,0.907,"H05","Disorders of orbit","disorders of the orbit",56,"other eye disorders"
"10_9","ICD-9-CM to ICD-10-CA","ClinicalBERT","377","has a reference match",2038,0.832,0.036,0.653,0.812,0.837,0.858,0.92,"I77","Other disorders of arteries and arterioles","disorders of optic nerve and visual pathways",56,"other eye disorders"
"10_9","ICD-9-CM to ICD-10-CA","ClinicalBERT","379","has a reference match",2038,0.835,0.045,0.676,0.803,0.837,0.871,0.946,"H61","Other disorders of external ear","other disorders of eye",56,"other eye disorders"
"10_9","ICD-9-CM to ICD-10-CA","ClinicalBERT","380","has a reference match",2038,0.825,0.031,0.679,0.806,0.828,0.846,0.91,"N47","Disorders of prepuce","disorders of external ear",61,"other ear and sense organ disorders"
"10_9","ICD-9-CM to ICD-10-CA","ClinicalBERT","381","has a reference match",2038,0.832,0.041,0.641,0.803,0.836,0.865,0.926,"O92","Other disorders of breast and lactation associated with childbirth","nonsuppurative otitis media and eustachian tube disorders",62,"otitis media and related conditions"
"10_9","ICD-9-CM to ICD-10-CA","ClinicalBERT","382","has a reference match",2038,0.848,0.031,0.715,0.827,0.853,0.872,0.933,"H66","Suppurative and unspecified otitis media","suppurative and unspecified otitis media",62,"otitis media and related conditions"
"10_9","ICD-9-CM to ICD-10-CA","ClinicalBERT","383","has a reference match",2038,0.834,0.036,0.663,0.808,0.839,0.861,0.92,"N95","Menopausal and other perimenopausal disorders","mastoiditis and related conditions",62,"otitis media and related conditions"
"10_9","ICD-9-CM to ICD-10-CA","ClinicalBERT","384","has a reference match",2038,0.836,0.034,0.698,0.816,0.84,0.86,0.938,"H73","Other disorders of tympanic membrane","other disorders of tympanic membrane",61,"other ear and sense organ disorders"
"10_9","ICD-9-CM to ICD-10-CA","ClinicalBERT","386","has a reference match",2038,0.855,0.037,0.702,0.832,0.86,0.882,0.93,"H58","Other disorders of eye and adnexa in diseases classified elsewhere","vertiginous syndromes and other disorders of vestibular system",63,"conditions associated with dizziness or vertigo"
"10_9","ICD-9-CM to ICD-10-CA","ClinicalBERT","389","has a reference match",2038,0.816,0.045,0.679,0.783,0.814,0.852,0.918,"M82","Osteoporosis in diseases classified elsewhere","hearing loss",61,"other ear and sense organ disorders"
"10_9","ICD-9-CM to ICD-10-CA","ClinicalBERT","393","has a reference match",2038,0.812,0.048,0.647,0.778,0.812,0.851,0.917,"M86","Osteomyelitis","chronic rheumatic pericarditis",64,"peri endo and myocarditis cardiomyopathy"
"10_9","ICD-9-CM to ICD-10-CA","ClinicalBERT","394","has a reference match",2038,0.739,0.033,0.604,0.718,0.743,0.762,0.862,"M22","Disorders of patella","diseases of mitral valve",65,"heart valve disorders"
"10_9","ICD-9-CM to ICD-10-CA","ClinicalBERT","395","has a reference match",2038,0.755,0.04,0.607,0.728,0.76,0.784,0.895,"M22","Disorders of patella","diseases of aortic valve",65,"heart valve disorders"
"10_9","ICD-9-CM to ICD-10-CA","ClinicalBERT","396","has a reference match",2038,0.766,0.037,0.618,0.741,0.771,0.793,0.861,"T82","Complications of cardiac and vascular prosthetic devices, implants and grafts","diseases of mitral and aortic valves",65,"heart valve disorders"
"10_9","ICD-9-CM to ICD-10-CA","ClinicalBERT","397","has a reference match",2038,0.777,0.041,0.619,0.752,0.783,0.806,0.877,"I77","Other disorders of arteries and arterioles","diseases of other endocardial structures",65,"heart valve disorders"
"10_9","ICD-9-CM to ICD-10-CA","ClinicalBERT","398","has a reference match",2038,0.785,0.054,0.62,0.746,0.783,0.829,0.909,"I09","Other rheumatic heart diseases","other rheumatic heart disease",64,"peri endo and myocarditis cardiomyopathy"
"10_9","ICD-9-CM to ICD-10-CA","ClinicalBERT","401","has a reference match",2038,0.83,0.059,0.64,0.788,0.83,0.878,0.953,"I12","Hypertensive renal disease","essential hypertension",66,"hypertension"
"10_9","ICD-9-CM to ICD-10-CA","ClinicalBERT","402","has a reference match",2038,0.781,0.05,0.624,0.745,0.778,0.819,0.89,"K21","Gastro-oesophageal reflux disease","hypertensive heart disease",67,"hypertension complications"
"10_9","ICD-9-CM to ICD-10-CA","ClinicalBERT","403","has a reference match",2038,0.789,0.044,0.644,0.756,0.789,0.824,0.89,"Q61","Cystic kidney disease","hypertensive chronic kidney disease",67,"hypertension complications"
"10_9","ICD-9-CM to ICD-10-CA","ClinicalBERT","404","has a reference match",2038,0.838,0.05,0.675,0.8,0.84,0.878,0.945,"A24","Glanders and melioidosis","hypertensive heart and chronic kidney disease",67,"hypertension complications"
"10_9","ICD-9-CM to ICD-10-CA","ClinicalBERT","405","has a reference match",2038,0.855,0.042,0.709,0.827,0.858,0.888,0.966,"I15","Secondary hypertension","secondary hypertension",67,"hypertension complications"
"10_9","ICD-9-CM to ICD-10-CA","ClinicalBERT","410","has a reference match",2038,0.771,0.035,0.661,0.746,0.772,0.796,0.914,"I21","Acute myocardial infarction","acute myocardial infarction",68,"acute myocardial infarction"
"10_9","ICD-9-CM to ICD-10-CA","ClinicalBERT","411","has a reference match",2038,0.804,0.036,0.652,0.783,0.81,0.83,0.882,"A74","Other diseases caused by chlamydiae","other acute and subacute forms of ischemic heart disease",69,"coronary atherosclerosis and other heart disease"
"10_9","ICD-9-CM to ICD-10-CA","ClinicalBERT","412","has a reference match",2038,0.768,0.048,0.587,0.736,0.77,0.803,0.891,"I72","Other aneurysm and dissection","old myocardial infarction",69,"coronary atherosclerosis and other heart disease"
"10_9","ICD-9-CM to ICD-10-CA","ClinicalBERT","413","has a reference match",2038,0.82,0.051,0.675,0.78,0.817,0.859,0.939,"I20","Angina pectoris","angina pectoris",69,"coronary atherosclerosis and other heart disease"
"10_9","ICD-9-CM to ICD-10-CA","ClinicalBERT","414","has a reference match",2038,0.807,0.044,0.65,0.774,0.812,0.842,0.905,"A74","Other diseases caused by chlamydiae","other forms of chronic ischemic heart disease",69,"coronary atherosclerosis and other heart disease"
"10_9","ICD-9-CM to ICD-10-CA","ClinicalBERT","415","has a reference match",2038,0.781,0.049,0.617,0.744,0.789,0.82,0.89,"I36","Nonrheumatic tricuspid valve disorders","acute pulmonary heart disease",70,"pulmonary heart disease"
"10_9","ICD-9-CM to ICD-10-CA","ClinicalBERT","416","has a reference match",2038,0.781,0.052,0.611,0.742,0.78,0.823,0.894,"M82","Osteoporosis in diseases classified elsewhere","chronic pulmonary heart disease",70,"pulmonary heart disease"
"10_9","ICD-9-CM to ICD-10-CA","ClinicalBERT","417","has a reference match",2038,0.794,0.043,0.634,0.764,0.798,0.824,0.905,"K92","Other diseases of digestive system","other diseases of pulmonary circulation",70,"pulmonary heart disease"
"10_9","ICD-9-CM to ICD-10-CA","ClinicalBERT","423","has a reference match",2038,0.777,0.038,0.625,0.754,0.779,0.802,0.873,"J85","Abscess of lung and mediastinum","other diseases of pericardium",64,"peri endo and myocarditis cardiomyopathy"
"10_9","ICD-9-CM to ICD-10-CA","ClinicalBERT","424","has a reference match",2038,0.808,0.048,0.628,0.776,0.814,0.844,0.916,"A74","Other diseases caused by chlamydiae","other diseases of endocardium",65,"heart valve disorders"
"10_9","ICD-9-CM to ICD-10-CA","ClinicalBERT","425","has a reference match",2038,0.832,0.052,0.653,0.794,0.833,0.875,0.942,"I42","Cardiomyopathy","cardiomyopathy",64,"peri endo and myocarditis cardiomyopathy"
"10_9","ICD-9-CM to ICD-10-CA","ClinicalBERT","426","has a reference match",2038,0.776,0.04,0.61,0.751,0.781,0.806,0.871,"F91","Conduct disorders","conduction disorders",71,"conduction disorders"
"10_9","ICD-9-CM to ICD-10-CA","ClinicalBERT","427","has a reference match",2038,0.811,0.04,0.671,0.784,0.815,0.842,0.897,"N95","Menopausal and other perimenopausal disorders","cardiac dysrhythmias",72,"cardiac dysrhythmias arrest chf and ventricular fibrillation"
"10_9","ICD-9-CM to ICD-10-CA","ClinicalBERT","428","has a reference match",2038,0.791,0.052,0.604,0.755,0.797,0.831,0.894,"Y95","Nosocomial condition","heart failure",72,"cardiac dysrhythmias arrest chf and ventricular fibrillation"
"10_9","ICD-9-CM to ICD-10-CA","ClinicalBERT","429","has a reference match",2038,0.763,0.039,0.583,0.74,0.768,0.789,0.876,"I51","Complications and ill-defined descriptions of heart disease","illdefined descriptions and complications of heart disease",73,"other and illdefined heart disease"
"10_9","ICD-9-CM to ICD-10-CA","ClinicalBERT","430","has a reference match",2038,0.819,0.036,0.71,0.792,0.822,0.845,0.941,"I60","Subarachnoid haemorrhage","subarachnoid hemorrhage",74,"acute cerebrovascular disease"
"10_9","ICD-9-CM to ICD-10-CA","ClinicalBERT","431","has a reference match",2038,0.811,0.03,0.699,0.793,0.813,0.831,0.935,"I61","Intracerebral haemorrhage","intracerebral hemorrhage",74,"acute cerebrovascular disease"
"10_9","ICD-9-CM to ICD-10-CA","ClinicalBERT","432","has a reference match",2038,0.824,0.032,0.699,0.803,0.825,0.846,0.931,"I61","Intracerebral haemorrhage","other and unspecified intracranial hemorrhage",74,"acute cerebrovascular disease"
"10_9","ICD-9-CM to ICD-10-CA","ClinicalBERT","433","has a reference match",2038,0.8,0.036,0.669,0.773,0.803,0.828,0.915,"I71","Aortic aneurysm and dissection","occlusion and stenosis of precerebral arteries",74,"acute cerebrovascular disease"
"10_9","ICD-9-CM to ICD-10-CA","ClinicalBERT","434","has a reference match",2038,0.803,0.037,0.669,0.777,0.806,0.828,0.912,"I71","Aortic aneurysm and dissection","occlusion of cerebral arteries",74,"acute cerebrovascular disease"
"10_9","ICD-9-CM to ICD-10-CA","ClinicalBERT","435","has a reference match",2038,0.79,0.039,0.649,0.764,0.79,0.815,0.908,"I66","Occlusion and stenosis of cerebral arteries, not resulting in cerebral infarction","transient cerebral ischemia",75,"transient cerebral ischemia"
"10_9","ICD-9-CM to ICD-10-CA","ClinicalBERT","436","has a reference match",2038,0.822,0.044,0.626,0.795,0.83,0.856,0.909,"J03","Acute tonsillitis","acute but illdefined cerebrovascular disease",74,"acute cerebrovascular disease"
"10_9","ICD-9-CM to ICD-10-CA","ClinicalBERT","437","has a reference match",2038,0.833,0.046,0.646,0.803,0.841,0.87,0.915,"M82","Osteoporosis in diseases classified elsewhere","other and illdefined cerebrovascular disease",76,"other and illdefined cerebrovascular disease"
"10_9","ICD-9-CM to ICD-10-CA","ClinicalBERT","438","has a reference match",2038,0.834,0.041,0.645,0.811,0.841,0.866,0.913,"I69","Sequelae of cerebrovascular disease","late effects of cerebrovascular disease",76,"other and illdefined cerebrovascular disease"
"10_9","ICD-9-CM to ICD-10-CA","ClinicalBERT","440","has a reference match",2038,0.812,0.045,0.661,0.778,0.815,0.846,0.943,"I70","Atherosclerosis","atherosclerosis",77,"other circulatory disease"
"10_9","ICD-9-CM to ICD-10-CA","ClinicalBERT","441","has a reference match",2038,0.752,0.04,0.623,0.723,0.753,0.78,0.931,"I71","Aortic aneurysm and dissection","aortic aneurysm and dissection",77,"other circulatory disease"
"10_9","ICD-9-CM to ICD-10-CA","ClinicalBERT","442","has a reference match",2038,0.733,0.047,0.561,0.704,0.735,0.765,0.91,"I72","Other aneurysm and dissection","other aneurysm",77,"other circulatory disease"
"10_9","ICD-9-CM to ICD-10-CA","ClinicalBERT","443","has a reference match",2038,0.792,0.053,0.615,0.753,0.793,0.835,0.917,"I73","Other peripheral vascular diseases","other peripheral vascular disease",77,"other circulatory disease"
"10_9","ICD-9-CM to ICD-10-CA","ClinicalBERT","444","has a reference match",2038,0.814,0.034,0.679,0.792,0.816,0.838,0.923,"I74","Arterial embolism and thrombosis","arterial embolism and thrombosis",78,"aortic and peripheral arterial embolism or thrombosis"
"10_9","ICD-9-CM to ICD-10-CA","ClinicalBERT","445","no reference match",2038,0.711,0.041,0.552,0.686,0.713,0.736,0.853,"M66","Spontaneous rupture of synovium and tendon","atheroembolism",78,"aortic and peripheral arterial embolism or thrombosis"
"10_9","ICD-9-CM to ICD-10-CA","ClinicalBERT","446","has a reference match",2038,0.86,0.04,0.686,0.833,0.866,0.89,0.956,"M30","Polyarteritis nodosa and related conditions","polyarteritis nodosa and allied conditions",77,"other circulatory disease"
"10_9","ICD-9-CM to ICD-10-CA","ClinicalBERT","447","has a reference match",2038,0.821,0.038,0.678,0.796,0.826,0.848,0.936,"I77","Other disorders of arteries and arterioles","other disorders of arteries and arterioles",77,"other circulatory disease"
"10_9","ICD-9-CM to ICD-10-CA","ClinicalBERT","448","has a reference match",2038,0.815,0.031,0.679,0.797,0.818,0.837,0.921,"I78","Diseases of capillaries","disease of capillaries",77,"other circulatory disease"
"10_9","ICD-9-CM to ICD-10-CA","ClinicalBERT","453","has a reference match",2038,0.819,0.036,0.675,0.797,0.823,0.845,0.899,"P54","Other neonatal haemorrhages","other venous embolism and thrombosis",79,"phlebitis thrombophlebitis and thromboembolism"
"10_9","ICD-9-CM to ICD-10-CA","ClinicalBERT","456","has a reference match",2038,0.817,0.031,0.698,0.797,0.819,0.839,0.929,"I86","Varicose veins of other sites","varicose veins of other sites",80,"other diseases of veins and lymphatics"
"10_9","ICD-9-CM to ICD-10-CA","ClinicalBERT","457","has a reference match",2038,0.805,0.048,0.621,0.772,0.81,0.841,0.922,"C94","Other leukaemias of specified cell type","noninfectious disorders of lymphatic channels",80,"other diseases of veins and lymphatics"
"10_9","ICD-9-CM to ICD-10-CA","ClinicalBERT","459","has a reference match",2038,0.83,0.037,0.676,0.806,0.834,0.856,0.93,"I99","Other and unspecified disorders of circulatory system","other disorders of circulatory system",80,"other diseases of veins and lymphatics"
"10_9","ICD-9-CM to ICD-10-CA","ClinicalBERT","472","has a reference match",2038,0.816,0.038,0.645,0.788,0.818,0.845,0.909,"O92","Other disorders of breast and lactation associated with childbirth","chronic pharyngitis and nasopharyngitis",81,"other upper respiratory disease"
"10_9","ICD-9-CM to ICD-10-CA","ClinicalBERT","473","has a reference match",2038,0.826,0.056,0.633,0.789,0.826,0.871,0.935,"J32","Chronic sinusitis","chronic sinusitis",82,"other upper respiratory infections"
"10_9","ICD-9-CM to ICD-10-CA","ClinicalBERT","474","has a reference match",2038,0.854,0.04,0.668,0.826,0.858,0.885,0.942,"N95","Menopausal and other perimenopausal disorders","chronic disease of tonsils and adenoids",83,"acute and chronic tonsillitis"
"10_9","ICD-9-CM to ICD-10-CA","ClinicalBERT","476","has a reference match",2038,0.826,0.044,0.658,0.795,0.831,0.862,0.916,"M82","Osteoporosis in diseases classified elsewhere","chronic laryngitis and laryngotracheitis",81,"other upper respiratory disease"
"10_9","ICD-9-CM to ICD-10-CA","ClinicalBERT","477","has a reference match",2038,0.834,0.036,0.661,0.811,0.839,0.861,0.91,"D58","Other hereditary haemolytic anaemias","allergic rhinitis",81,"other upper respiratory disease"
"10_9","ICD-9-CM to ICD-10-CA","ClinicalBERT","478","has a reference match",2038,0.813,0.044,0.656,0.784,0.819,0.845,0.922,"K92","Other diseases of digestive system","other diseases of upper respiratory tract",81,"other upper respiratory disease"
"10_9","ICD-9-CM to ICD-10-CA","ClinicalBERT","491","has a reference match",2038,0.821,0.046,0.673,0.787,0.82,0.856,0.92,"N03","Chronic nephritic syndrome","chronic bronchitis",84,"chronic obstructive pulmonary disease copd"
"10_9","ICD-9-CM to ICD-10-CA","ClinicalBERT","492","has a reference match",2038,0.805,0.046,0.639,0.775,0.807,0.842,0.897,"M87","Osteonecrosis","emphysema",84,"chronic obstructive pulmonary disease copd"
"10_9","ICD-9-CM to ICD-10-CA","ClinicalBERT","493","has a reference match",2038,0.826,0.044,0.664,0.793,0.826,0.859,0.929,"D52","Folate deficiency anaemia","asthma",85,"asthma"
"10_9","ICD-9-CM to ICD-10-CA","ClinicalBERT","494","has a reference match",2038,0.844,0.042,0.686,0.816,0.848,0.877,0.932,"J47","Bronchiectasis","bronchiectasis",84,"chronic obstructive pulmonary disease copd"
"10_9","ICD-9-CM to ICD-10-CA","ClinicalBERT","495","has a reference match",2038,0.86,0.036,0.695,0.837,0.864,0.886,0.938,"J61","Pneumoconiosis due to asbestos and other mineral fibres","extrinsic allergic alveolitis",86,"lung disease due to external agents"
"10_9","ICD-9-CM to ICD-10-CA","ClinicalBERT","496","has a reference match",2038,0.84,0.039,0.677,0.817,0.846,0.869,0.93,"M96","Postprocedural musculoskeletal disorders, not elsewhere classified","chronic airway obstruction not elsewhere classified",84,"chronic obstructive pulmonary disease copd"
"10_9","ICD-9-CM to ICD-10-CA","ClinicalBERT","500","has a reference match",2038,0.831,0.026,0.683,0.816,0.834,0.849,0.906,"J61","Pneumoconiosis due to asbestos and other mineral fibres","coal workers pneumoconiosis",86,"lung disease due to external agents"
"10_9","ICD-9-CM to ICD-10-CA","ClinicalBERT","501","has a reference match",2038,0.849,0.05,0.676,0.814,0.849,0.89,0.947,"E20","Hypoparathyroidism","asbestosis",86,"lung disease due to external agents"
"10_9","ICD-9-CM to ICD-10-CA","ClinicalBERT","502","has a reference match",2038,0.846,0.03,0.721,0.827,0.848,0.867,0.955,"J63","Pneumoconiosis due to other inorganic dusts","pneumoconiosis due to other silica or silicates",86,"lung disease due to external agents"
"10_9","ICD-9-CM to ICD-10-CA","ClinicalBERT","503","has a reference match",2038,0.834,0.034,0.704,0.813,0.836,0.858,0.962,"J63","Pneumoconiosis due to other inorganic dusts","pneumoconiosis due to other inorganic dust",86,"lung disease due to external agents"
"10_9","ICD-9-CM to ICD-10-CA","ClinicalBERT","504","has a reference match",2038,0.86,0.036,0.711,0.838,0.864,0.886,0.955,"J61","Pneumoconiosis due to asbestos and other mineral fibres","pneumonopathy due to inhalation of other dust",86,"lung disease due to external agents"
"10_9","ICD-9-CM to ICD-10-CA","ClinicalBERT","505","has a reference match",2038,0.798,0.032,0.67,0.777,0.799,0.819,0.904,"J63","Pneumoconiosis due to other inorganic dusts","pneumoconiosis unspecified",86,"lung disease due to external agents"
"10_9","ICD-9-CM to ICD-10-CA","ClinicalBERT","506","has a reference match",2038,0.803,0.035,0.612,0.783,0.805,0.827,0.942,"J68","Respiratory conditions due to inhalation of chemicals, gases, fumes and vapours","respiratory conditions due to chemical fumes and vapors",86,"lung disease due to external agents"
"10_9","ICD-9-CM to ICD-10-CA","ClinicalBERT","508","has a reference match",2038,0.824,0.031,0.685,0.805,0.826,0.845,0.942,"J68","Respiratory conditions due to inhalation of chemicals, gases, fumes and vapours","respiratory conditions due to other and unspecified external agents",86,"lung disease due to external agents"
"10_9","ICD-9-CM to ICD-10-CA","ClinicalBERT","512","has a reference match",2038,0.776,0.036,0.638,0.751,0.773,0.8,0.905,"J93","Pneumothorax","pneumothorax and air leak",87,"other lower respiratory disease"
"10_9","ICD-9-CM to ICD-10-CA","ClinicalBERT","514","has a reference match",2038,0.772,0.045,0.585,0.745,0.778,0.802,0.9,"J91","Pleural effusion in conditions classified elsewhere","pulmonary congestion and hypostasis",87,"other lower respiratory disease"
"10_9","ICD-9-CM to ICD-10-CA","ClinicalBERT","515","no reference match",2038,0.852,0.041,0.694,0.823,0.858,0.886,0.932,"N72","Inflammatory disease of cervix uteri","postinflammatory pulmonary fibrosis",87,"other lower respiratory disease"
"10_9","ICD-9-CM to ICD-10-CA","ClinicalBERT","516","has a reference match",2038,0.85,0.04,0.697,0.821,0.857,0.882,0.932,"N88","Other noninflammatory disorders of cervix uteri","other alveolar and parietoalveolar pneumonopathy",87,"other lower respiratory disease"
"10_9","ICD-9-CM to ICD-10-CA","ClinicalBERT","517","has a reference match",2038,0.84,0.037,0.698,0.816,0.844,0.865,0.945,"M73","Soft tissue disorders in diseases classified elsewhere","lung involvement in conditions classified elsewhere",87,"other lower respiratory disease"
"10_9","ICD-9-CM to ICD-10-CA","ClinicalBERT","518","has a reference match",2038,0.817,0.043,0.675,0.786,0.822,0.85,0.919,"K92","Other diseases of digestive system","other diseases of lung",88,"respiratory failure pulmonary collapse"
"10_9","ICD-9-CM to ICD-10-CA","ClinicalBERT","523","has a reference match",2038,0.83,0.044,0.684,0.798,0.834,0.866,0.931,"K05","Gingivitis and periodontal diseases","gingival and periodontal diseases",89,"disorders of teeth and jaw"
"10_9","ICD-9-CM to ICD-10-CA","ClinicalBERT","525","has a reference match",2038,0.779,0.032,0.656,0.759,0.781,0.801,0.892,"K08","Other disorders of teeth and supporting structures","other diseases and conditions of the teeth and supporting structures",89,"disorders of teeth and jaw"
"10_9","ICD-9-CM to ICD-10-CA","ClinicalBERT","530","has a reference match",2038,0.811,0.049,0.639,0.776,0.812,0.849,0.919,"K22","Other diseases of oesophagus","diseases of oesophagus",90,"esophageal disorders"
"10_9","ICD-9-CM to ICD-10-CA","ClinicalBERT","531","has a reference match",2038,0.83,0.039,0.691,0.802,0.831,0.858,0.94,"K25","Gastric ulcer","gastric ulcer",91,"gasduo ulcer without hemorrhage"
"10_9","ICD-9-CM to ICD-10-CA","ClinicalBERT","532","has a reference match",2038,0.819,0.034,0.684,0.796,0.822,0.844,0.912,"K28","Gastrojejunal ulcer","duodenal ulcer",91,"gasduo ulcer without hemorrhage"
"10_9","ICD-9-CM to ICD-10-CA","ClinicalBERT","533","has a reference match",2038,0.809,0.03,0.684,0.792,0.81,0.829,0.934,"K27","Peptic ulcer, site unspecified","peptic ulcer site unspecified",91,"gasduo ulcer without hemorrhage"
"10_9","ICD-9-CM to ICD-10-CA","ClinicalBERT","534","has a reference match",2038,0.817,0.036,0.673,0.79,0.819,0.845,0.925,"K28","Gastrojejunal ulcer","gastrojejunal ulcer",91,"gasduo ulcer without hemorrhage"
"10_9","ICD-9-CM to ICD-10-CA","ClinicalBERT","535","has a reference match",2038,0.856,0.035,0.705,0.833,0.86,0.883,0.93,"G08","Intracranial and intraspinal phlebitis and thrombophlebitis","gastritis and duodenitis",92,"gastritis and duodenitis"
"10_9","ICD-9-CM to ICD-10-CA","ClinicalBERT","537","has a reference match",2038,0.817,0.043,0.657,0.786,0.823,0.85,0.925,"K92","Other diseases of digestive system","other diseases of stomach and duodenum",93,"other disorders of stomach and duodenum"
"10_9","ICD-9-CM to ICD-10-CA","ClinicalBERT","555","has a reference match",2038,0.815,0.05,0.615,0.784,0.822,0.855,0.912,"I85","Oesophageal varices","regional enteritis",94,"regional enteritis and ulcerative colitis"
"10_9","ICD-9-CM to ICD-10-CA","ClinicalBERT","556","has a reference match",2038,0.835,0.049,0.665,0.803,0.837,0.872,0.935,"M06","Other rheumatoid arthritis","ulcerative colitis",94,"regional enteritis and ulcerative colitis"
"10_9","ICD-9-CM to ICD-10-CA","ClinicalBERT","557","has a reference match",2038,0.835,0.043,0.667,0.803,0.84,0.87,0.922,"K57","Diverticular disease of intestine","vascular insufficiency of intestine",77,"other circulatory disease"
"10_9","ICD-9-CM to ICD-10-CA","ClinicalBERT","558","has a reference match",2038,0.851,0.036,0.709,0.826,0.856,0.879,0.934,"G08","Intracranial and intraspinal phlebitis and thrombophlebitis","other and unspecified noninfectious gastroenteritis and colitis",95,"noninfectious gastroenteritis"
"10_9","ICD-9-CM to ICD-10-CA","ClinicalBERT","562","has a reference match",2038,0.809,0.038,0.668,0.783,0.811,0.838,0.911,"L05","Pilonidal cyst","diverticula of intestine",96,"diverticulosis and diverticulitis"
"10_9","ICD-9-CM to ICD-10-CA","ClinicalBERT","564","has a reference match",2038,0.824,0.046,0.652,0.795,0.829,0.857,0.943,"M25","Other joint disorders, not elsewhere classified","functional digestive disorders not elsewhere classified",97,"other gastrointestinal disorders"
"10_9","ICD-9-CM to ICD-10-CA","ClinicalBERT","571","has a reference match",2038,0.824,0.038,0.673,0.796,0.825,0.852,0.91,"N95","Menopausal and other perimenopausal disorders","chronic liver disease and cirrhosis",98,"hepatitis and other liver diseases"
"10_9","ICD-9-CM to ICD-10-CA","ClinicalBERT","572","has a reference match",2038,0.836,0.036,0.676,0.812,0.84,0.864,0.912,"B91","Sequelae of poliomyelitis","liver abscess and sequelae of chronic liver disease",98,"hepatitis and other liver diseases"
"10_9","ICD-9-CM to ICD-10-CA","ClinicalBERT","573","has a reference match",2038,0.807,0.046,0.65,0.772,0.808,0.844,0.92,"K76","Other diseases of liver","other diseases of liver",98,"hepatitis and other liver diseases"
"10_9","ICD-9-CM to ICD-10-CA","ClinicalBERT","575","has a reference match",2038,0.812,0.049,0.634,0.778,0.816,0.849,0.926,"K82","Other diseases of gallbladder","other disorders of gallbladder",99,"biliary tract disease"
"10_9","ICD-9-CM to ICD-10-CA","ClinicalBERT","576","has a reference match",2038,0.828,0.043,0.672,0.797,0.834,0.859,0.929,"N32","Other disorders of bladder","other disorders of biliary tract",99,"biliary tract disease"
"10_9","ICD-9-CM to ICD-10-CA","ClinicalBERT","577","has a reference match",2038,0.815,0.036,0.659,0.79,0.819,0.842,0.904,"K57","Diverticular disease of intestine","diseases of pancreas",100,"pancreatic disorders excluding diabetes"
"10_9","ICD-9-CM to ICD-10-CA","ClinicalBERT","579","has a reference match",2038,0.853,0.036,0.701,0.83,0.857,0.88,0.93,"G91","Hydrocephalus","intestinal malabsorption",97,"other gastrointestinal disorders"
"10_9","ICD-9-CM to ICD-10-CA","ClinicalBERT","581","has a reference match",2038,0.832,0.048,0.658,0.801,0.834,0.869,0.939,"N04","Nephrotic syndrome","nephrotic syndrome",101,"chronic kideny disease and related conditions"
"10_9","ICD-9-CM to ICD-10-CA","ClinicalBERT","582","has a reference match",2038,0.804,0.054,0.631,0.768,0.804,0.847,0.917,"N03","Chronic nephritic syndrome","chronic glomerulonephritis",101,"chronic kideny disease and related conditions"
"10_9","ICD-9-CM to ICD-10-CA","ClinicalBERT","583","has a reference match",2038,0.853,0.034,0.722,0.831,0.856,0.878,0.927,"G03","Meningitis due to other and unspecified causes","nephritis and nephropathy not specified as acute or chronic",101,"chronic kideny disease and related conditions"
"10_9","ICD-9-CM to ICD-10-CA","ClinicalBERT","585","has a reference match",2038,0.81,0.052,0.634,0.775,0.811,0.851,0.92,"Y95","Nosocomial condition","chronic kidney disease",101,"chronic kideny disease and related conditions"
"10_9","ICD-9-CM to ICD-10-CA","ClinicalBERT","586","has a reference match",2038,0.829,0.035,0.697,0.807,0.833,0.854,0.924,"N05","Unspecified nephritic syndrome","renal failure unspecified",101,"chronic kideny disease and related conditions"
"10_9","ICD-9-CM to ICD-10-CA","ClinicalBERT","587","has a reference match",2038,0.827,0.041,0.665,0.8,0.833,0.859,0.908,"E85","Amyloidosis","renal sclerosis unspecified",101,"chronic kideny disease and related conditions"
"10_9","ICD-9-CM to ICD-10-CA","ClinicalBERT","588","has a reference match",2038,0.804,0.029,0.69,0.786,0.807,0.824,0.913,"N25","Disorders resulting from impaired renal tubular function","disorders resulting from impaired renal function",102,"other diseases of kidney and ureters"
"10_9","ICD-9-CM to ICD-10-CA","ClinicalBERT","590","has a reference match",2038,0.826,0.034,0.673,0.804,0.831,0.852,0.91,"T82","Complications of cardiac and vascular prosthetic devices, implants and grafts","infections of kidney",103,"urinary tract infections"
"10_9","ICD-9-CM to ICD-10-CA","ClinicalBERT","595","has a reference match",2038,0.825,0.052,0.652,0.791,0.825,0.865,0.943,"N30","Cystitis","cystitis",103,"urinary tract infections"
"10_9","ICD-9-CM to ICD-10-CA","ClinicalBERT","596","has a reference match",2038,0.839,0.044,0.692,0.807,0.843,0.873,0.957,"N32","Other disorders of bladder","other disorders of bladder",104,"other diseases of bladder and urethra"
"10_9","ICD-9-CM to ICD-10-CA","ClinicalBERT","599","has a reference match",2038,0.837,0.043,0.645,0.808,0.843,0.87,0.934,"N39","Other disorders of urinary system","other disorders of urethra and urinary tract",104,"other diseases of bladder and urethra"
"10_9","ICD-9-CM to ICD-10-CA","ClinicalBERT","600","has a reference match",2038,0.827,0.052,0.664,0.786,0.828,0.872,0.966,"N40","Hyperplasia of prostate","hyperplasia of prostate",105,"hyperplasia of prostate"
"10_9","ICD-9-CM to ICD-10-CA","ClinicalBERT","601","has a reference match",2038,0.824,0.044,0.67,0.79,0.827,0.858,0.922,"N73","Other female pelvic inflammatory diseases","inflammatory diseases of prostate",106,"other male genital disorders"
"10_9","ICD-9-CM to ICD-10-CA","ClinicalBERT","607","has a reference match",2038,0.818,0.038,0.677,0.792,0.822,0.847,0.9,"K57","Diverticular disease of intestine","disorders of penis",106,"other male genital disorders"
"10_9","ICD-9-CM to ICD-10-CA","ClinicalBERT","610","has a reference match",2038,0.837,0.051,0.675,0.798,0.847,0.881,0.929,"N60","Benign mammary dysplasia","benign mammary dysplasias",107,"nonmalignant breast conditions"
"10_9","ICD-9-CM to ICD-10-CA","ClinicalBERT","614","has a reference match",2038,0.849,0.04,0.696,0.824,0.852,0.878,0.939,"N72","Inflammatory disease of cervix uteri","inflammatory disease of ovary fallopian tube pelvic cellular tissue and peritoneum",108,"other female genital disorders"
"10_9","ICD-9-CM to ICD-10-CA","ClinicalBERT","615","has a reference match",2038,0.846,0.044,0.666,0.816,0.851,0.88,0.955,"N71","Inflammatory disease of uterus, except cervix","inflammatory diseases of uterus except cervix",108,"other female genital disorders"
"10_9","ICD-9-CM to ICD-10-CA","ClinicalBERT","617","has a reference match",2038,0.828,0.048,0.663,0.794,0.832,0.866,0.927,"K21","Gastro-oesophageal reflux disease","endometriosis",108,"other female genital disorders"
"10_9","ICD-9-CM to ICD-10-CA","ClinicalBERT","618","has a reference match",2038,0.809,0.052,0.64,0.771,0.809,0.85,0.936,"N81","Female genital prolapse","genital prolapse",110,"prolapse of female genital organs"
"10_9","ICD-9-CM to ICD-10-CA","ClinicalBERT","619","has a reference match",2038,0.841,0.032,0.67,0.821,0.844,0.864,0.949,"N82","Fistulae involving female genital tract","fistula involving female genital tract",108,"other female genital disorders"
"10_9","ICD-9-CM to ICD-10-CA","ClinicalBERT","621","has a reference match",2038,0.825,0.037,0.671,0.804,0.827,0.848,0.936,"K91","Postprocedural disorders of digestive system, not elsewhere classified","disorders of uterus not elsewhere classified",108,"other female genital disorders"
"10_9","ICD-9-CM to ICD-10-CA","ClinicalBERT","625","has a reference match",2038,0.798,0.053,0.547,0.765,0.803,0.837,0.965,"N94","Pain and other conditions associated with female genital organs and menstrual cycle","pain and other symptoms associated with female genital organs",108,"other female genital disorders"
"10_9","ICD-9-CM to ICD-10-CA","ClinicalBERT","626","has a reference match",2038,0.835,0.041,0.601,0.811,0.839,0.865,0.93,"N94","Pain and other conditions associated with female genital organs and menstrual cycle","disorders of menstruation and other abnormal bleeding from female genital tract",109,"menstrual disorders"
"10_9","ICD-9-CM to ICD-10-CA","ClinicalBERT","627","has a reference match",2038,0.823,0.041,0.635,0.793,0.827,0.856,0.94,"N95","Menopausal and other perimenopausal disorders","menopausal and postmenopausal disorders",111,"menopausal disorders"
"10_9","ICD-9-CM to ICD-10-CA","ClinicalBERT","628","has a reference match",2038,0.812,0.037,0.595,0.79,0.817,0.836,0.973,"N97","Female infertility","female infertility",112,"female infertility"
"10_9","ICD-9-CM to ICD-10-CA","ClinicalBERT","629","has a reference match",2038,0.831,0.04,0.654,0.804,0.834,0.86,0.947,"N50","Other disorders of male genital organs","other disorders of female genital organs",108,"other female genital disorders"
"10_9","ICD-9-CM to ICD-10-CA","ClinicalBERT","691","has a reference match",2038,0.825,0.042,0.629,0.797,0.829,0.858,0.922,"M30","Polyarteritis nodosa and related conditions","atopic dermatitis and related conditions",113,"allergic reactions"
"10_9","ICD-9-CM to ICD-10-CA","ClinicalBERT","694","has a reference match",2038,0.827,0.037,0.704,0.802,0.831,0.854,0.92,"L92","Granulomatous disorders of skin and subcutaneous tissue","bullous dermatoses",114,"other inflammatory condition of skin"
"10_9","ICD-9-CM to ICD-10-CA","ClinicalBERT","695","has a reference match",2038,0.793,0.031,0.671,0.773,0.794,0.813,0.937,"L51","Erythema multiforme","erythematous conditions",114,"other inflammatory condition of skin"
"10_9","ICD-9-CM to ICD-10-CA","ClinicalBERT","696","has a reference match",2038,0.841,0.04,0.662,0.814,0.845,0.872,0.937,"N95","Menopausal and other perimenopausal disorders","psoriasis and similar disorders",114,"other inflammatory condition of skin"
"10_9","ICD-9-CM to ICD-10-CA","ClinicalBERT","701","has a reference match",2038,0.822,0.032,0.702,0.803,0.827,0.845,0.911,"L91","Hypertrophic disorders of skin","other hypertrophic and atrophic conditions of skin",115,"other skin disorders"
"10_9","ICD-9-CM to ICD-10-CA","ClinicalBERT","705","has a reference match",2038,0.814,0.044,0.647,0.782,0.816,0.848,0.914,"M82","Osteoporosis in diseases classified elsewhere","diseases of sweat glands",115,"other skin disorders"
"10_9","ICD-9-CM to ICD-10-CA","ClinicalBERT","707","has a reference match",2038,0.807,0.035,0.658,0.784,0.81,0.832,0.916,"L91","Hypertrophic disorders of skin","chronic ulcer of skin",116,"chronic ulcer of skin"
"10_9","ICD-9-CM to ICD-10-CA","ClinicalBERT","710","has a reference match",2038,0.827,0.036,0.689,0.805,0.83,0.853,0.914,"L92","Granulomatous disorders of skin and subcutaneous tissue","diffuse diseases of connective tissue",117,"systemic lupus erythematosus and connective tissue disorders"
"10_9","ICD-9-CM to ICD-10-CA","ClinicalBERT","712","has a reference match",2038,0.801,0.055,0.632,0.76,0.797,0.847,0.949,"M11","Other crystal arthropathies","crystal arthropathies",37,"gout and other crystal arthropathies"
"10_9","ICD-9-CM to ICD-10-CA","ClinicalBERT","713","has a reference match",2038,0.845,0.044,0.683,0.815,0.85,0.878,0.96,"M14","Arthropathies in other diseases classified elsewhere","arthropathy associated with other disorders classified elsewhere",118,"joint disorders"
"10_9","ICD-9-CM to ICD-10-CA","ClinicalBERT","714","has a reference match",2038,0.846,0.042,0.67,0.815,0.851,0.879,0.946,"M07","Psoriatic and enteropathic arthropathies","rheumatoid arthritis and other inflammatory polyarthropathies",119,"rheumatoid arthritis and related disease"
"10_9","ICD-9-CM to ICD-10-CA","ClinicalBERT","715","has a reference match",2038,0.833,0.04,0.679,0.804,0.836,0.863,0.927,"M82","Osteoporosis in diseases classified elsewhere","osteoarthrosis and allied disorders",120,"osteoarthritis"
"10_9","ICD-9-CM to ICD-10-CA","ClinicalBERT","716","has a reference match",2038,0.83,0.044,0.683,0.796,0.833,0.865,0.935,"M07","Psoriatic and enteropathic arthropathies","other and unspecified arthropathies",118,"joint disorders"
"10_9","ICD-9-CM to ICD-10-CA","ClinicalBERT","717","has a reference match",2038,0.787,0.038,0.643,0.761,0.79,0.813,0.906,"M23","Internal derangement of knee","internal derangement of knee",118,"joint disorders"
"10_9","ICD-9-CM to ICD-10-CA","ClinicalBERT","718","has a reference match",2038,0.83,0.038,0.666,0.807,0.834,0.858,0.927,"M89","Other disorders of bone","other derangement of joint",118,"joint disorders"
"10_9","ICD-9-CM to ICD-10-CA","ClinicalBERT","719","has a reference match",2038,0.845,0.037,0.665,0.822,0.849,0.872,0.925,"M14","Arthropathies in other diseases classified elsewhere","other and unspecified disorders of joint",118,"joint disorders"
"10_9","ICD-9-CM to ICD-10-CA","ClinicalBERT","720","has a reference match",2038,0.85,0.044,0.639,0.821,0.855,0.884,0.944,"K74","Fibrosis and cirrhosis of liver","ankylosing spondylitis and other inflammatory spondylopathies",121,"spondylosis intervertebral disc disorders other back problems"
"10_9","ICD-9-CM to ICD-10-CA","ClinicalBERT","721","has a reference match",2038,0.839,0.044,0.682,0.805,0.841,0.874,0.939,"M82","Osteoporosis in diseases classified elsewhere","spondylosis and allied disorders",121,"spondylosis intervertebral disc disorders other back problems"
"10_9","ICD-9-CM to ICD-10-CA","ClinicalBERT","722","has a reference match",2038,0.82,0.04,0.679,0.79,0.824,0.85,0.936,"M50","Cervical disc disorders","intervertebral disc disorders",121,"spondylosis intervertebral disc disorders other back problems"
"10_9","ICD-9-CM to ICD-10-CA","ClinicalBERT","730","has a reference match",2038,0.839,0.036,0.626,0.817,0.844,0.864,0.92,"M07","Psoriatic and enteropathic arthropathies","osteomyelitis periostitis and other infections involving bone",122,"infective arthritis and osteomyelitis"
"10_9","ICD-9-CM to ICD-10-CA","ClinicalBERT","731","has a reference match",2038,0.802,0.053,0.56,0.769,0.806,0.84,0.948,"M03","Postinfective and reactive arthropathies in diseases classified elsewhere","osteitis deformans and osteopathies associated with other disorders classified elsewhere",123,"osteoporosis and other bone disease"
"10_9","ICD-9-CM to ICD-10-CA","ClinicalBERT","732","has a reference match",2038,0.828,0.048,0.674,0.791,0.828,0.866,0.939,"M93","Other osteochondropathies","osteochondropathies",123,"osteoporosis and other bone disease"
"10_9","ICD-9-CM to ICD-10-CA","ClinicalBERT","733","has a reference match",2038,0.825,0.038,0.684,0.8,0.829,0.852,0.916,"M67","Other disorders of synovium and tendon","other disorders of bone and cartilage",123,"osteoporosis and other bone disease"
"10_9","ICD-9-CM to ICD-10-CA","ClinicalBERT","735","has a reference match",2038,0.828,0.034,0.62,0.81,0.833,0.852,0.937,"M20","Acquired deformities of fingers and toes","acquired deformities of toe",124,"acquired foot deformities"
"10_9","ICD-9-CM to ICD-10-CA","ClinicalBERT","737","has a reference match",2038,0.773,0.042,0.525,0.748,0.777,0.803,0.89,"S82","Fracture of lower leg, including ankle","curvature of spine",125,"other acquired deformities"
"10_9","ICD-9-CM to ICD-10-CA","ClinicalBERT","740","has a reference match",2038,0.832,0.031,0.692,0.813,0.835,0.852,0.925,"Q00","Anencephaly and similar malformations","anencephalus and similar anomalies",126,"nervous system congenital anomalies"
"10_9","ICD-9-CM to ICD-10-CA","ClinicalBERT","741","has a reference match",2038,0.827,0.04,0.688,0.797,0.831,0.859,0.923,"M81","Osteoporosis without pathological fracture","spina bifida",126,"nervous system congenital anomalies"
"10_9","ICD-9-CM to ICD-10-CA","ClinicalBERT","742","has a reference match",2038,0.778,0.043,0.648,0.747,0.776,0.808,0.912,"Q27","Other congenital malformations of peripheral vascular system","other congenital anomalies of nervous system",126,"nervous system congenital anomalies"
"10_9","ICD-9-CM to ICD-10-CA","ClinicalBERT","743","has a reference match",2038,0.79,0.041,0.61,0.764,0.79,0.816,0.919,"Q14","Congenital malformations of posterior segment of eye","congenital anomalies of eye",127,"other congenital anomalies"
"10_9","ICD-9-CM to ICD-10-CA","ClinicalBERT","744","has a reference match",2038,0.797,0.042,0.635,0.769,0.797,0.826,0.928,"Q18","Other congenital malformations of face and neck","congenital anomalies of ear face and neck",127,"other congenital anomalies"
"10_9","ICD-9-CM to ICD-10-CA","ClinicalBERT","745","has a reference match",2038,0.836,0.031,0.686,0.817,0.837,0.857,0.915,"T83","Complications of genitourinary prosthetic devices, implants and grafts","bulbus cordis anomalies and anomalies of cardiac septal closure",128,"cardiac and circulatory congenital anomalies"
"10_9","ICD-9-CM to ICD-10-CA","ClinicalBERT","746","has a reference match",2038,0.772,0.044,0.636,0.74,0.771,0.803,0.9,"Q25","Congenital malformations of great arteries","other congenital anomalies of heart",128,"cardiac and circulatory congenital anomalies"
"10_9","ICD-9-CM to ICD-10-CA","ClinicalBERT","747","has a reference match",2038,0.79,0.042,0.642,0.761,0.789,0.818,0.92,"Q27","Other congenital malformations of peripheral vascular system","other congenital anomalies of circulatory system",128,"cardiac and circulatory congenital anomalies"
"10_9","ICD-9-CM to ICD-10-CA","ClinicalBERT","748","has a reference match",2038,0.787,0.037,0.627,0.763,0.786,0.812,0.903,"Q32","Congenital malformations of trachea and bronchus","congenital anomalies of respiratory system",127,"other congenital anomalies"
"10_9","ICD-9-CM to ICD-10-CA","ClinicalBERT","749","has a reference match",2038,0.814,0.039,0.633,0.787,0.815,0.844,0.912,"H71","Cholesteatoma of middle ear","cleft palate and cleft lip",127,"other congenital anomalies"
"10_9","ICD-9-CM to ICD-10-CA","ClinicalBERT","750","has a reference match",2038,0.819,0.041,0.669,0.791,0.822,0.848,0.942,"Q38","Other congenital malformations of tongue, mouth and pharynx","other congenital anomalies of upper alimentary tract",129,"digestive congenital anomalies"
"10_9","ICD-9-CM to ICD-10-CA","ClinicalBERT","751","has a reference match",2038,0.783,0.043,0.634,0.753,0.782,0.812,0.916,"Q27","Other congenital malformations of peripheral vascular system","other congenital anomalies of digestive system",129,"digestive congenital anomalies"
"10_9","ICD-9-CM to ICD-10-CA","ClinicalBERT","752","has a reference match",2038,0.791,0.045,0.563,0.765,0.794,0.821,0.919,"Q50","Congenital malformations of ovaries, fallopian tubes and broad ligaments","congenital anomalies of genital organs",130,"genitourinary congenital anomalies"
"10_9","ICD-9-CM to ICD-10-CA","ClinicalBERT","753","has a reference match",2038,0.784,0.043,0.579,0.757,0.785,0.814,0.907,"Q64","Other congenital malformations of urinary system","congenital anomalies of urinary system",130,"genitourinary congenital anomalies"
"10_9","ICD-9-CM to ICD-10-CA","ClinicalBERT","754","has a reference match",2038,0.802,0.04,0.654,0.773,0.802,0.832,0.907,"Q32","Congenital malformations of trachea and bronchus","certain congenital musculoskeletal deformities",127,"other congenital anomalies"
"10_9","ICD-9-CM to ICD-10-CA","ClinicalBERT","755","has a reference match",2038,0.776,0.041,0.64,0.749,0.774,0.802,0.91,"Q27","Other congenital malformations of peripheral vascular system","other congenital anomalies of limbs",127,"other congenital anomalies"
"10_9","ICD-9-CM to ICD-10-CA","ClinicalBERT","756","has a reference match",2038,0.784,0.049,0.646,0.746,0.782,0.821,0.914,"Q27","Other congenital malformations of peripheral vascular system","other congenital musculoskeletal anomalies",127,"other congenital anomalies"
"10_9","ICD-9-CM to ICD-10-CA","ClinicalBERT","757","has a reference match",2038,0.798,0.039,0.628,0.774,0.799,0.823,0.92,"Q50","Congenital malformations of ovaries, fallopian tubes and broad ligaments","congenital anomalies of the integument",127,"other congenital anomalies"
"10_9","ICD-9-CM to ICD-10-CA","ClinicalBERT","758","has a reference match",2038,0.797,0.05,0.629,0.761,0.801,0.838,0.91,"M11","Other crystal arthropathies","chromosomal anomalies",127,"other congenital anomalies"
"10_9","ICD-9-CM to ICD-10-CA","ClinicalBERT","759","has a reference match",2038,0.789,0.044,0.643,0.756,0.79,0.822,0.914,"Q25","Congenital malformations of great arteries","other and unspecified congenital anomalies",127,"other congenital anomalies"
"10_9","ICD-9-CM to ICD-10-CA","SapBERT","140","has a reference match",2038,0.294,0.062,0.095,0.255,0.289,0.326,0.68,"C00","Malignant neoplasm of lip","malignant neoplasm of lip",1,"cancer of head and neck"
"10_9","ICD-9-CM to ICD-10-CA","SapBERT","141","has a reference match",2038,0.25,0.07,0.023,0.205,0.246,0.291,0.653,"C04","Malignant neoplasm of floor of mouth","malignant neoplasm of tongue",1,"cancer of head and neck"
"10_9","ICD-9-CM to ICD-10-CA","SapBERT","142","has a reference match",2038,0.268,0.068,0.071,0.224,0.265,0.306,0.643,"C08","Malignant neoplasm of other and unspecified major salivary glands","malignant neoplasm of major salivary glands",1,"cancer of head and neck"
"10_9","ICD-9-CM to ICD-10-CA","SapBERT","143","has a reference match",2038,0.284,0.067,0.071,0.242,0.281,0.321,0.764,"C03","Malignant neoplasm of gum","malignant neoplasm of gum",1,"cancer of head and neck"
"10_9","ICD-9-CM to ICD-10-CA","SapBERT","144","has a reference match",2038,0.255,0.067,0.052,0.213,0.253,0.296,0.811,"C04","Malignant neoplasm of floor of mouth","malignant neoplasm of floor of mouth",1,"cancer of head and neck"
"10_9","ICD-9-CM to ICD-10-CA","SapBERT","145","has a reference match",2038,0.281,0.087,0.019,0.217,0.274,0.337,0.8,"C06","Malignant neoplasm of other and unspecified parts of mouth","malignant neoplasm of other and unspecified parts of mouth",1,"cancer of head and neck"
"10_9","ICD-9-CM to ICD-10-CA","SapBERT","146","has a reference match",2038,0.258,0.068,0.025,0.214,0.253,0.294,0.762,"C10","Malignant neoplasm of oropharynx","malignant neoplasm of oropharynx",1,"cancer of head and neck"
"10_9","ICD-9-CM to ICD-10-CA","SapBERT","147","has a reference match",2038,0.264,0.067,0.058,0.22,0.26,0.302,0.738,"C11","Malignant neoplasm of nasopharynx","malignant neoplasm of nasopharynx",1,"cancer of head and neck"
"10_9","ICD-9-CM to ICD-10-CA","SapBERT","148","has a reference match",2038,0.236,0.063,0.027,0.196,0.23,0.268,0.734,"C13","Malignant neoplasm of hypopharynx","malignant neoplasm of hypopharynx",1,"cancer of head and neck"
"10_9","ICD-9-CM to ICD-10-CA","SapBERT","149","has a reference match",2038,0.314,0.083,0.068,0.253,0.308,0.371,0.825,"C14","Malignant neoplasm of other and ill-defined sites in the lip, oral cavity and pharynx","malignant neoplasm of other and illdefined sites within the lip oral cavity and pharynx",1,"cancer of head and neck"
"10_9","ICD-9-CM to ICD-10-CA","SapBERT","150","has a reference match",2038,0.28,0.067,0.079,0.236,0.279,0.322,0.736,"C15","Malignant neoplasm of oesophagus","malignant neoplasm of esophagus",2,"cancer of esophagus"
"10_9","ICD-9-CM to ICD-10-CA","SapBERT","151","has a reference match",2038,0.259,0.064,0.055,0.218,0.255,0.295,0.735,"C16","Malignant neoplasm of stomach","malignant neoplasm of stomach",3,"cancer of stomach"
"10_9","ICD-9-CM to ICD-10-CA","SapBERT","152","has a reference match",2038,0.291,0.064,0.128,0.245,0.286,0.332,0.668,"C17","Malignant neoplasm of small intestine","malignant neoplasm of small intestine including duodenum",4,"cancer of other gi organs peritoneum"
"10_9","ICD-9-CM to ICD-10-CA","SapBERT","153","has a reference match",2038,0.245,0.071,0.061,0.2,0.238,0.281,0.735,"C18","Malignant neoplasm of colon","malignant neoplasm of colon",5,"colon cancer"
"10_9","ICD-9-CM to ICD-10-CA","SapBERT","154","has a reference match",2038,0.278,0.063,0.059,0.236,0.274,0.317,0.711,"C19","Malignant neoplasm of rectosigmoid junction","malignant neoplasm of rectum rectosigmoid junction and anus",6,"cancer of rectum and anus"
"10_9","ICD-9-CM to ICD-10-CA","SapBERT","155","has a reference match",2038,0.318,0.06,0.131,0.28,0.317,0.355,0.642,"C22","Malignant neoplasm of liver and intrahepatic bile ducts","malignant neoplasm of liver and intrahepatic bile ducts",7,"cancer of liver and intrahepatic bile duct"
"10_9","ICD-9-CM to ICD-10-CA","SapBERT","156","has a reference match",2038,0.31,0.061,0.117,0.269,0.308,0.349,0.569,"C22","Malignant neoplasm of liver and intrahepatic bile ducts","malignant neoplasm of gallbladder and extrahepatic bile ducts",4,"cancer of other gi organs peritoneum"
"10_9","ICD-9-CM to ICD-10-CA","SapBERT","157","has a reference match",2038,0.257,0.065,0.073,0.214,0.252,0.293,0.696,"C25","Malignant neoplasm of pancreas","malignant neoplasm of pancreas",8,"pancreas cancer"
"10_9","ICD-9-CM to ICD-10-CA","SapBERT","158","has a reference match",2038,0.295,0.07,0.086,0.25,0.289,0.333,0.792,"C48","Malignant neoplasm of retroperitoneum and peritoneum","malignant neoplasm of retroperitoneum and peritoneum",4,"cancer of other gi organs peritoneum"
"10_9","ICD-9-CM to ICD-10-CA","SapBERT","159","has a reference match",2038,0.316,0.087,0.057,0.252,0.306,0.378,0.648,"C26","Malignant neoplasm of other and ill-defined digestive organs","malignant neoplasm of other and illdefined sites within the digestive organs and peritoneum",4,"cancer of other gi organs peritoneum"
"10_9","ICD-9-CM to ICD-10-CA","SapBERT","160","has a reference match",2038,0.284,0.07,0.034,0.238,0.282,0.327,0.68,"C30","Malignant neoplasm of nasal cavity and middle ear","malignant neoplasm of nasal cavities middle ear and accessory sinuses",1,"cancer of head and neck"
"10_9","ICD-9-CM to ICD-10-CA","SapBERT","161","has a reference match",2038,0.267,0.064,0.08,0.224,0.262,0.304,0.615,"C32","Malignant neoplasm of larynx","malignant neoplasm of larynx",1,"cancer of head and neck"
"10_9","ICD-9-CM to ICD-10-CA","SapBERT","162","has a reference match",2038,0.298,0.063,0.05,0.257,0.295,0.336,0.65,"C34","Malignant neoplasm of bronchus and lung","malignant neoplasm of trachea bronchus and lung",9,"lung and other respiratory cancer"
"10_9","ICD-9-CM to ICD-10-CA","SapBERT","163","has a reference match",2038,0.257,0.064,0.06,0.218,0.256,0.295,0.578,"C38","Malignant neoplasm of heart, mediastinum and pleura","malignant neoplasm of pleura",9,"lung and other respiratory cancer"
"10_9","ICD-9-CM to ICD-10-CA","SapBERT","164","has a reference match",2038,0.313,0.062,0.132,0.271,0.309,0.351,0.632,"C37","Malignant neoplasm of thymus","malignant neoplasm of thymus heart and mediastinum",10,"other cancers"
"10_9","ICD-9-CM to ICD-10-CA","SapBERT","165","has a reference match",2038,0.343,0.093,0.127,0.272,0.335,0.411,0.764,"C39","Malignant neoplasm of other and ill-defined sites in the respiratory system and intrathoracic organs","malignant neoplasm of other and illdefined sites within the respiratory system and intrathoracic organs",9,"lung and other respiratory cancer"
"10_9","ICD-9-CM to ICD-10-CA","SapBERT","170","has a reference match",2038,0.323,0.063,0.123,0.282,0.318,0.36,0.696,"C40","Malignant neoplasm of bone and articular cartilage of limbs","malignant neoplasm of bone and articular cartilage",11,"cancer of bone and connective tissue"
"10_9","ICD-9-CM to ICD-10-CA","SapBERT","171","has a reference match",2038,0.312,0.073,0.121,0.262,0.305,0.357,0.68,"C49","Malignant neoplasm of other connective and soft tissue","malignant neoplasm of connective and other soft tissue",11,"cancer of bone and connective tissue"
"10_9","ICD-9-CM to ICD-10-CA","SapBERT","172","has a reference match",2038,0.266,0.063,0.084,0.223,0.263,0.304,0.652,"C43","Malignant melanoma of skin","malignant melanoma of skin",12,"skin melanoma"
"10_9","ICD-9-CM to ICD-10-CA","SapBERT","174","has a reference match",2038,0.288,0.067,0.082,0.244,0.287,0.327,0.61,"C50","Malignant neoplasm of breast","malignant neoplasm of female breast",13,"breast cancer"
"10_9","ICD-9-CM to ICD-10-CA","SapBERT","175","no reference match",2038,0.275,0.068,0.066,0.233,0.272,0.312,0.621,"C50","Malignant neoplasm of breast","malignant neoplasm of male breast",13,"breast cancer"
"10_9","ICD-9-CM to ICD-10-CA","SapBERT","176","has a reference match",2038,0.326,0.074,0.081,0.278,0.328,0.376,0.705,"C46","Kaposi's sarcoma","kaposis sarcoma",10,"other cancers"
"10_9","ICD-9-CM to ICD-10-CA","SapBERT","179","has a reference match",2038,0.276,0.069,0.031,0.23,0.271,0.316,0.684,"C55","Malignant neoplasm of uterus, part unspecified","malignant neoplasm of uterus part unspecified",14,"uterus cancer"
"10_9","ICD-9-CM to ICD-10-CA","SapBERT","180","has a reference match",2038,0.274,0.069,0.018,0.232,0.269,0.305,0.685,"C53","Malignant neoplasm of cervix uteri","malignant neoplasm of cervix uteri",15,"cervix cancer"
"10_9","ICD-9-CM to ICD-10-CA","SapBERT","181","has a reference match",2038,0.267,0.069,0.032,0.222,0.266,0.308,0.741,"C58","Malignant neoplasm of placenta","malignant neoplasm of placenta",16,"cancer of other female genital organs"
"10_9","ICD-9-CM to ICD-10-CA","SapBERT","182","has a reference match",2038,0.266,0.067,0.023,0.223,0.264,0.308,0.611,"C54","Malignant neoplasm of corpus uteri","malignant neoplasm of body of uterus",14,"uterus cancer"
"10_9","ICD-9-CM to ICD-10-CA","SapBERT","183","has a reference match",2038,0.313,0.071,0.084,0.265,0.307,0.356,0.62,"C56","Malignant neoplasm of ovary","malignant neoplasm of ovary and other uterine adnexa",16,"cancer of other female genital organs"
"10_9","ICD-9-CM to ICD-10-CA","SapBERT","184","has a reference match",2038,0.3,0.091,0.05,0.233,0.294,0.361,0.749,"C57","Malignant neoplasm of other and unspecified female genital organs","malignant neoplasm of other and unspecified female genital organs",16,"cancer of other female genital organs"
"10_9","ICD-9-CM to ICD-10-CA","SapBERT","185","has a reference match",2038,0.259,0.066,0.072,0.218,0.254,0.293,0.738,"C61","Malignant neoplasm of prostate","malignant neoplasm of prostate",17,"prostate cancer"
"10_9","ICD-9-CM to ICD-10-CA","SapBERT","186","has a reference match",2038,0.261,0.063,0.022,0.22,0.258,0.302,0.641,"C62","Malignant neoplasm of testis","malignant neoplasm of testis",18,"testis cancer"
"10_9","ICD-9-CM to ICD-10-CA","SapBERT","187","has a reference match",2038,0.294,0.07,0.094,0.248,0.287,0.335,0.694,"C63","Malignant neoplasm of other and unspecified male genital organs","malignant neoplasm of penis and other male genital organs",19,"cancer of other male genital organs"
"10_9","ICD-9-CM to ICD-10-CA","SapBERT","188","has a reference match",2038,0.272,0.064,0.067,0.23,0.267,0.309,0.69,"C67","Malignant neoplasm of bladder","malignant neoplasm of bladder",20,"bladder cancer"
"10_9","ICD-9-CM to ICD-10-CA","SapBERT","189","has a reference match",2038,0.3,0.072,0.083,0.251,0.295,0.344,0.603,"C64","Malignant neoplasm of kidney, except renal pelvis","malignant neoplasm of kidney and other and unspecified urinary organs",21,"cancer of kidney and other urinary organs"
"10_9","ICD-9-CM to ICD-10-CA","SapBERT","190","has a reference match",2038,0.267,0.069,0.038,0.223,0.269,0.312,0.624,"C69","Malignant neoplasm of eye and adnexa","malignant neoplasm of eye",10,"other cancers"
"10_9","ICD-9-CM to ICD-10-CA","SapBERT","191","has a reference match",2038,0.287,0.06,0.107,0.247,0.28,0.321,0.768,"C71","Malignant neoplasm of brain","malignant neoplasm of brain",22,"cancer of brain and nervous system"
"10_9","ICD-9-CM to ICD-10-CA","SapBERT","192","has a reference match",2038,0.283,0.087,0.011,0.221,0.281,0.339,0.617,"C72","Malignant neoplasm of spinal cord, cranial nerves and other parts of central nervous system","malignant neoplasm of other and unspecified parts of nervous system",22,"cancer of brain and nervous system"
"10_9","ICD-9-CM to ICD-10-CA","SapBERT","193","has a reference match",2038,0.243,0.069,-0.017,0.198,0.242,0.288,0.718,"C73","Malignant neoplasm of thyroid gland","malignant neoplasm of thyroid gland",23,"thyroid cancer"
"10_9","ICD-9-CM to ICD-10-CA","SapBERT","194","has a reference match",2038,0.329,0.079,0.078,0.274,0.325,0.383,0.683,"C75","Malignant neoplasm of other endocrine glands and related structures","malignant neoplasm of other endocrine glands and related structures",10,"other cancers"
"10_9","ICD-9-CM to ICD-10-CA","SapBERT","195","has a reference match",2038,0.326,0.08,0.108,0.268,0.32,0.38,0.651,"C79","Secondary malignant neoplasm of other and unspecified sites","malignant neoplasm of other and illdefined sites",10,"other cancers"
"10_9","ICD-9-CM to ICD-10-CA","SapBERT","196","has a reference match",2038,0.298,0.065,0.077,0.255,0.294,0.34,0.678,"C77","Secondary and unspecified malignant neoplasm of lymph nodes","secondary and unspecified malignant neoplasm of lymph nodes",24,"secondary malignancy"
"10_9","ICD-9-CM to ICD-10-CA","SapBERT","197","has a reference match",2038,0.338,0.072,0.13,0.288,0.335,0.385,0.774,"C78","Secondary malignant neoplasm of respiratory and digestive organs","secondary malignant neoplasm of respiratory and digestive systems",24,"secondary malignancy"
"10_9","ICD-9-CM to ICD-10-CA","SapBERT","198","has a reference match",2038,0.304,0.091,0.066,0.24,0.295,0.365,0.706,"C79","Secondary malignant neoplasm of other and unspecified sites","secondary malignant neoplasm of other specified sites",24,"secondary malignancy"
"10_9","ICD-9-CM to ICD-10-CA","SapBERT","199","has a reference match",2038,0.303,0.066,0.078,0.26,0.303,0.344,0.631,"C79","Secondary malignant neoplasm of other and unspecified sites","malignant neoplasm without specification of site",25,"malignant neoplasm without specification of site"
"10_9","ICD-9-CM to ICD-10-CA","SapBERT","200","has a reference match",2038,0.3,0.074,0.087,0.248,0.299,0.347,0.657,"C96","Other and unspecified malignant neoplasms of lymphoid, haematopoietic and related tissue","lymphosarcoma and reticulosarcoma and other specified malignant tumors of lymphatic tissue",26,"nonhodgkins lymphoma"
"10_9","ICD-9-CM to ICD-10-CA","SapBERT","201","has a reference match",2038,0.294,0.071,0.057,0.248,0.296,0.341,0.598,"C81","Hodgkin lymphoma","hodgkins disease",27,"hodgkins disease"
"10_9","ICD-9-CM to ICD-10-CA","SapBERT","202","has a reference match",2038,0.315,0.075,0.11,0.259,0.312,0.365,0.682,"C96","Other and unspecified malignant neoplasms of lymphoid, haematopoietic and related tissue","other malignant neoplasms of lymphoid and histiocytic tissue",26,"nonhodgkins lymphoma"
"10_9","ICD-9-CM to ICD-10-CA","SapBERT","203","has a reference match",2038,0.32,0.07,0.087,0.273,0.321,0.365,0.674,"C90","Multiple myeloma and malignant plasma cell neoplasms","multiple myeloma and immunoproliferative neoplasms",28,"multiple myeloma and leukemias"
"10_9","ICD-9-CM to ICD-10-CA","SapBERT","204","has a reference match",2038,0.297,0.062,0.107,0.257,0.295,0.334,0.828,"C91","Lymphoid leukaemia","lymphoid leukemia",28,"multiple myeloma and leukemias"
"10_9","ICD-9-CM to ICD-10-CA","SapBERT","205","has a reference match",2038,0.322,0.065,0.117,0.28,0.323,0.365,0.765,"C92","Myeloid leukaemia","myeloid leukemia",28,"multiple myeloma and leukemias"
"10_9","ICD-9-CM to ICD-10-CA","SapBERT","206","has a reference match",2038,0.313,0.069,0.08,0.269,0.312,0.359,0.764,"C93","Monocytic leukaemia","monocytic leukemia",28,"multiple myeloma and leukemias"
"10_9","ICD-9-CM to ICD-10-CA","SapBERT","207","has a reference match",2038,0.335,0.083,0.106,0.274,0.326,0.395,0.715,"C94","Other leukaemias of specified cell type","other specified leukemia",28,"multiple myeloma and leukemias"
"10_9","ICD-9-CM to ICD-10-CA","SapBERT","208","has a reference match",2038,0.3,0.058,0.064,0.264,0.301,0.337,0.587,"C92","Myeloid leukaemia","leukemia of unspecified cell type",28,"multiple myeloma and leukemias"
"10_9","ICD-9-CM to ICD-10-CA","SapBERT","209","no reference match",2038,0.299,0.064,0.095,0.259,0.301,0.342,0.568,"D44","Neoplasm of uncertain or unknown behaviour of endocrine glands","neuroendocrine tumors",10,"other cancers"
"10_9","ICD-9-CM to ICD-10-CA","SapBERT","225","has a reference match",2038,0.304,0.069,0.056,0.26,0.304,0.348,0.659,"D33","Benign neoplasm of brain and other parts of central nervous system","benign neoplasm of brain and other parts of nervous system",29,"other and unspecified benign neoplasm"
"10_9","ICD-9-CM to ICD-10-CA","SapBERT","230","has a reference match",2038,0.314,0.074,0.02,0.266,0.316,0.364,0.637,"D00","Carcinoma in situ of oral cavity, oesophagus and stomach","carcinoma in situ of digestive organs",4,"cancer of other gi organs peritoneum"
"10_9","ICD-9-CM to ICD-10-CA","SapBERT","231","has a reference match",2038,0.324,0.067,0.088,0.28,0.323,0.366,0.573,"C39","Malignant neoplasm of other and ill-defined sites in the respiratory system and intrathoracic organs","carcinoma in situ of respiratory system",9,"lung and other respiratory cancer"
"10_9","ICD-9-CM to ICD-10-CA","SapBERT","233","has a reference match",2038,0.348,0.066,0.122,0.303,0.345,0.393,0.603,"D07","Carcinoma in situ of other and unspecified genital organs","carcinoma in situ of breast and genitourinary system",10,"other cancers"
"10_9","ICD-9-CM to ICD-10-CA","SapBERT","234","has a reference match",2038,0.347,0.077,0.099,0.292,0.343,0.399,0.621,"D09","Carcinoma in situ of other and unspecified sites","carcinoma in situ of other and unspecified sites",10,"other cancers"
"10_9","ICD-9-CM to ICD-10-CA","SapBERT","237","has a reference match",2038,0.295,0.079,0.034,0.244,0.292,0.35,0.61,"C75","Malignant neoplasm of other endocrine glands and related structures","neoplasm of uncertain behavior of endocrine glands and nervous system",30,"neoplasms of unspecified nature"
"10_9","ICD-9-CM to ICD-10-CA","SapBERT","238","has a reference match",2038,0.306,0.086,0.077,0.244,0.3,0.366,0.625,"D48","Neoplasm of uncertain or unknown behaviour of other and unspecified sites","neoplasm of uncertain behavior of other and unspecified sites and tissues",30,"neoplasms of unspecified nature"
"10_9","ICD-9-CM to ICD-10-CA","SapBERT","239","no reference match",2038,0.257,0.064,0.034,0.214,0.254,0.295,0.553,"C79","Secondary malignant neoplasm of other and unspecified sites","neoplasms of unspecified nature",30,"neoplasms of unspecified nature"
"10_9","ICD-9-CM to ICD-10-CA","SapBERT","240","has a reference match",2038,0.304,0.063,0.059,0.264,0.305,0.345,0.66,"E04","Other nontoxic goitre","simple and unspecified goiter",31,"thyroid disorders"
"10_9","ICD-9-CM to ICD-10-CA","SapBERT","241","has a reference match",2038,0.298,0.061,0.072,0.257,0.297,0.339,0.612,"E04","Other nontoxic goitre","nontoxic nodular goiter",31,"thyroid disorders"
"10_9","ICD-9-CM to ICD-10-CA","SapBERT","242","has a reference match",2038,0.333,0.072,0.041,0.288,0.336,0.38,0.614,"E06","Thyroiditis","thyrotoxicosis with or without goiter",31,"thyroid disorders"
"10_9","ICD-9-CM to ICD-10-CA","SapBERT","243","has a reference match",2038,0.323,0.075,0.015,0.277,0.324,0.372,0.701,"E03","Other hypothyroidism","congenital hypothyroidism",31,"thyroid disorders"
"10_9","ICD-9-CM to ICD-10-CA","SapBERT","244","has a reference match",2038,0.334,0.067,0.033,0.292,0.334,0.377,0.7,"E03","Other hypothyroidism","acquired hypothyroidism",31,"thyroid disorders"
"10_9","ICD-9-CM to ICD-10-CA","SapBERT","245","has a reference match",2038,0.301,0.08,-0.012,0.257,0.303,0.35,0.819,"E06","Thyroiditis","thyroiditis",31,"thyroid disorders"
"10_9","ICD-9-CM to ICD-10-CA","SapBERT","246","has a reference match",2038,0.342,0.095,0.058,0.274,0.328,0.403,0.823,"E07","Other disorders of thyroid","other disorders of thyroid",31,"thyroid disorders"
"10_9","ICD-9-CM to ICD-10-CA","SapBERT","249","no reference match",2038,0.341,0.066,0.102,0.3,0.342,0.384,0.739,"E11","Type 2 diabetes mellitus","secondary diabetes mellitus",32,"diabetes mellitus"
"10_9","ICD-9-CM to ICD-10-CA","SapBERT","250","has a reference match",2038,0.34,0.075,0.08,0.297,0.348,0.39,0.764,"E10","Type 1 diabetes mellitus","diabetes mellitus",32,"diabetes mellitus"
"10_9","ICD-9-CM to ICD-10-CA","SapBERT","251","has a reference match",2038,0.344,0.08,0.101,0.288,0.338,0.398,0.715,"E16","Other disorders of pancreatic internal secretion","other disorders of pancreatic internal secretiondisorders of parathyroid gland",33,"other endocrine disorders"
"10_9","ICD-9-CM to ICD-10-CA","SapBERT","252","has a reference match",2038,0.281,0.067,0.081,0.238,0.278,0.321,0.756,"E21","Hyperparathyroidism and other disorders of parathyroid gland","disorders of parathyroid gland",33,"other endocrine disorders"
"10_9","ICD-9-CM to ICD-10-CA","SapBERT","253","has a reference match",2038,0.323,0.079,0.049,0.27,0.323,0.375,0.756,"E23","Hypofunction and other disorders of pituitary gland","disorders of the pituitary gland and its hypothalamic control",33,"other endocrine disorders"
"10_9","ICD-9-CM to ICD-10-CA","SapBERT","254","has a reference match",2038,0.272,0.074,0.041,0.22,0.273,0.322,0.836,"E32","Diseases of thymus","diseases of thymus gland",33,"other endocrine disorders"
"10_9","ICD-9-CM to ICD-10-CA","SapBERT","255","has a reference match",2038,0.275,0.077,0.002,0.226,0.272,0.325,0.737,"E27","Other disorders of adrenal gland","disorders of adrenal glands",33,"other endocrine disorders"
"10_9","ICD-9-CM to ICD-10-CA","SapBERT","256","has a reference match",2038,0.371,0.078,0.107,0.321,0.374,0.425,0.825,"E28","Ovarian dysfunction","ovarian dysfunction",33,"other endocrine disorders"
"10_9","ICD-9-CM to ICD-10-CA","SapBERT","257","has a reference match",2038,0.396,0.083,0.117,0.342,0.404,0.455,0.769,"E29","Testicular dysfunction","testicular dysfunction",33,"other endocrine disorders"
"10_9","ICD-9-CM to ICD-10-CA","SapBERT","258","has a reference match",2038,0.377,0.09,0.097,0.319,0.38,0.438,0.751,"E31","Polyglandular dysfunction","polyglandular dysfunction and related disorders",33,"other endocrine disorders"
"10_9","ICD-9-CM to ICD-10-CA","SapBERT","259","has a reference match",2038,0.38,0.102,0.099,0.313,0.367,0.45,0.832,"E34","Other endocrine disorders","other endocrine disorders",33,"other endocrine disorders"
"10_9","ICD-9-CM to ICD-10-CA","SapBERT","260","has a reference match",2038,0.353,0.072,0.104,0.303,0.354,0.401,0.791,"E40","Kwashiorkor","kwashiorkor",34,"nutritional deficiencies"
"10_9","ICD-9-CM to ICD-10-CA","SapBERT","261","has a reference match",2038,0.317,0.068,0.08,0.273,0.323,0.364,0.797,"E41","Nutritional marasmus","nutritional marasmus",34,"nutritional deficiencies"
"10_9","ICD-9-CM to ICD-10-CA","SapBERT","262","has a reference match",2038,0.379,0.073,0.112,0.331,0.379,0.426,0.72,"E43","Unspecified severe protein-energy malnutrition","other severe proteincalorie malnutrition",34,"nutritional deficiencies"
"10_9","ICD-9-CM to ICD-10-CA","SapBERT","263","has a reference match",2038,0.344,0.079,0.125,0.291,0.341,0.394,0.716,"E63","Other nutritional deficiencies","other and unspecified proteincalorie malnutrition",34,"nutritional deficiencies"
"10_9","ICD-9-CM to ICD-10-CA","SapBERT","268","has a reference match",2038,0.337,0.07,0.095,0.291,0.336,0.383,0.802,"E55","Vitamin D deficiency","vitamin d deficiency",34,"nutritional deficiencies"
"10_9","ICD-9-CM to ICD-10-CA","SapBERT","270","has a reference match",2038,0.362,0.083,0.12,0.31,0.362,0.419,0.729,"E72","Other disorders of amino-acid metabolism","disorders of aminoacid transport and metabolism",35,"other nutritional endocrine immunity and metabolic disorders"
"10_9","ICD-9-CM to ICD-10-CA","SapBERT","271","has a reference match",2038,0.335,0.079,0.088,0.282,0.337,0.383,0.754,"E74","Other disorders of carbohydrate metabolism","disorders of carbohydrate transport and metabolism",35,"other nutritional endocrine immunity and metabolic disorders"
"10_9","ICD-9-CM to ICD-10-CA","SapBERT","272","has a reference match",2038,0.343,0.085,0.09,0.289,0.347,0.398,0.737,"E78","Disorders of lipoprotein metabolism and other lipidaemias","disorders of lipoid metabolism",36,"disorders of lipid metabolism"
"10_9","ICD-9-CM to ICD-10-CA","SapBERT","273","has a reference match",2038,0.329,0.087,0.061,0.269,0.332,0.385,0.684,"E77","Disorders of glycoprotein metabolism","disorders of plasma protein metabolism",35,"other nutritional endocrine immunity and metabolic disorders"
"10_9","ICD-9-CM to ICD-10-CA","SapBERT","274","has a reference match",2038,0.336,0.068,0.068,0.294,0.338,0.384,0.71,"M10","Gout","gout",37,"gout and other crystal arthropathies"
"10_9","ICD-9-CM to ICD-10-CA","SapBERT","275","has a reference match",2038,0.33,0.078,0.094,0.278,0.331,0.379,0.858,"E83","Disorders of mineral metabolism","disorders of mineral metabolism",35,"other nutritional endocrine immunity and metabolic disorders"
"10_9","ICD-9-CM to ICD-10-CA","SapBERT","277","has a reference match",2038,0.332,0.11,0.045,0.254,0.318,0.401,0.776,"E88","Other metabolic disorders","other and unspecified disorders of metabolism",35,"other nutritional endocrine immunity and metabolic disorders"
"10_9","ICD-9-CM to ICD-10-CA","SapBERT","278","has a reference match",2038,0.361,0.063,0.144,0.32,0.365,0.404,0.651,"E67","Other hyperalimentation","overweight obesity and other hyperalimentation",35,"other nutritional endocrine immunity and metabolic disorders"
"10_9","ICD-9-CM to ICD-10-CA","SapBERT","279","has a reference match",2038,0.305,0.077,0.06,0.254,0.307,0.36,0.718,"D89","Other disorders involving the immune mechanism, not elsewhere classified","disorders involving the immune mechanism",35,"other nutritional endocrine immunity and metabolic disorders"
"10_9","ICD-9-CM to ICD-10-CA","SapBERT","280","has a reference match",2038,0.308,0.071,0.027,0.266,0.311,0.353,0.643,"D50","Iron deficiency anaemia","iron deficiency anemias",38,"anemia"
"10_9","ICD-9-CM to ICD-10-CA","SapBERT","282","has a reference match",2038,0.325,0.074,0.065,0.28,0.327,0.374,0.576,"D58","Other hereditary haemolytic anaemias","hereditary hemolytic anemias",38,"anemia"
"10_9","ICD-9-CM to ICD-10-CA","SapBERT","283","has a reference match",2038,0.325,0.064,0.072,0.286,0.325,0.365,0.667,"D59","Acquired haemolytic anaemia","acquired hemolytic anemias",38,"anemia"
"10_9","ICD-9-CM to ICD-10-CA","SapBERT","284","has a reference match",2038,0.355,0.069,0.12,0.31,0.357,0.4,0.612,"D61","Other aplastic anaemias","aplastic anemia and other bone marrow failure syndromes",38,"anemia"
"10_9","ICD-9-CM to ICD-10-CA","SapBERT","285","has a reference match",2038,0.317,0.083,0.022,0.26,0.309,0.37,0.691,"D64","Other anaemias","other and unspecified anemias",38,"anemia"
"10_9","ICD-9-CM to ICD-10-CA","SapBERT","286","has a reference match",2038,0.334,0.073,0.079,0.288,0.333,0.382,0.646,"D68","Other coagulation defects","coagulation defects",39,"other hematologic conditions"
"10_9","ICD-9-CM to ICD-10-CA","SapBERT","287","has a reference match",2038,0.343,0.067,0.101,0.305,0.346,0.388,0.731,"D69","Purpura and other haemorrhagic conditions","purpura and other hemorrhagic conditions",39,"other hematologic conditions"
"10_9","ICD-9-CM to ICD-10-CA","SapBERT","288","has a reference match",2038,0.315,0.079,0.031,0.266,0.319,0.369,0.656,"D72","Other disorders of white blood cells","diseases of white blood cells",39,"other hematologic conditions"
"10_9","ICD-9-CM to ICD-10-CA","SapBERT","289","has a reference match",2038,0.361,0.087,0.107,0.299,0.35,0.42,0.76,"D75","Other diseases of blood and blood-forming organs","other diseases of blood and bloodforming organs",39,"other hematologic conditions"
"10_9","ICD-9-CM to ICD-10-CA","SapBERT","290","has a reference match",2038,0.349,0.071,0.088,0.305,0.35,0.395,0.741,"F03","Unspecified dementia","dementias",40,"delirium dementia and other cognitive disorders"
"10_9","ICD-9-CM to ICD-10-CA","SapBERT","291","has a reference match",2038,0.365,0.073,0.139,0.319,0.364,0.408,0.7,"F10","Mental and behavioural disorders due to use of alcohol","alcoholinduced mental disorders",41,"alcohol and substancerelated disorders"
"10_9","ICD-9-CM to ICD-10-CA","SapBERT","292","has a reference match",2038,0.331,0.075,0.039,0.286,0.332,0.378,0.613,"F92","Mixed disorders of conduct and emotions","druginduced mental disorders",41,"alcohol and substancerelated disorders"
"10_9","ICD-9-CM to ICD-10-CA","SapBERT","294","has a reference match",2038,0.353,0.084,0.028,0.299,0.351,0.407,0.642,"F34","Persistent mood [affective] disorders","persistent mental disorders due to conditions classified elsewhere",40,"delirium dementia and other cognitive disorders"
"10_9","ICD-9-CM to ICD-10-CA","SapBERT","295","has a reference match",2038,0.323,0.071,0.041,0.285,0.327,0.366,0.695,"F20","Schizophrenia","schizophrenic disorders",42,"schizophrenia and other psychotic disorders"
"10_9","ICD-9-CM to ICD-10-CA","SapBERT","296","has a reference match",2038,0.345,0.077,0.063,0.3,0.346,0.393,0.704,"F34","Persistent mood [affective] disorders","episodic mood disorders",43,"mood and anxiety disorders"
"10_9","ICD-9-CM to ICD-10-CA","SapBERT","297","has a reference match",2038,0.369,0.079,0.104,0.32,0.371,0.425,0.636,"F22","Persistent delusional disorders","delusional disorders",42,"schizophrenia and other psychotic disorders"
"10_9","ICD-9-CM to ICD-10-CA","SapBERT","298","has a reference match",2038,0.37,0.083,0.144,0.31,0.362,0.426,0.693,"F28","Other nonorganic psychotic disorders","other nonorganic psychoses",42,"schizophrenia and other psychotic disorders"
"10_9","ICD-9-CM to ICD-10-CA","SapBERT","299","has a reference match",2038,0.358,0.071,0.087,0.312,0.357,0.406,0.725,"F84","Pervasive developmental disorders","pervasive developmental disorders",44,"disorders usually diagnosed in infancy childhood or adolescence"
"10_9","ICD-9-CM to ICD-10-CA","SapBERT","300","has a reference match",2038,0.357,0.078,0.066,0.313,0.36,0.408,0.655,"F41","Other anxiety disorders","anxiety dissociative and somatoform disorders",43,"mood and anxiety disorders"
"10_9","ICD-9-CM to ICD-10-CA","SapBERT","301","has a reference match",2038,0.341,0.078,0.069,0.294,0.341,0.391,0.631,"F21","Schizotypal disorder","personality disorders",45,"personality disorders"
"10_9","ICD-9-CM to ICD-10-CA","SapBERT","303","has a reference match",2038,0.345,0.07,0.115,0.301,0.344,0.39,0.639,"F10","Mental and behavioural disorders due to use of alcohol","alcohol dependence syndrome",41,"alcohol and substancerelated disorders"
"10_9","ICD-9-CM to ICD-10-CA","SapBERT","304","has a reference match",2038,0.333,0.062,0.114,0.293,0.334,0.374,0.582,"F33","Recurrent depressive disorder","drug dependence",41,"alcohol and substancerelated disorders"
"10_9","ICD-9-CM to ICD-10-CA","SapBERT","305","has a reference match",2038,0.286,0.062,0.084,0.245,0.286,0.325,0.68,"F55","Abuse of non-dependence-producing substances","nondependent abuse of drugs",41,"alcohol and substancerelated disorders"
"10_9","ICD-9-CM to ICD-10-CA","SapBERT","306","has a reference match",2038,0.373,0.076,0.112,0.325,0.374,0.419,0.684,"F06","Other mental disorders due to brain damage and dysfunction and to physical disease","physiological malfunction arising from mental factors",46,"miscellaneous mental health disorders"
"10_9","ICD-9-CM to ICD-10-CA","SapBERT","307","has a reference match",2038,0.366,0.075,0.117,0.318,0.367,0.416,0.598,"Q87","Other specified congenital malformation syndromes affecting multiple systems","special symptoms or syndromes not elsewhere classified",46,"miscellaneous mental health disorders"
"10_9","ICD-9-CM to ICD-10-CA","SapBERT","308","has a reference match",2038,0.324,0.071,0.088,0.276,0.324,0.373,0.639,"F43","Reaction to severe stress, and adjustment disorders","acute reaction to stress",43,"mood and anxiety disorders"
"10_9","ICD-9-CM to ICD-10-CA","SapBERT","309","has a reference match",2038,0.329,0.069,0.099,0.282,0.332,0.375,0.593,"F43","Reaction to severe stress, and adjustment disorders","adjustment reaction",47,"adjustment disorders"
"10_9","ICD-9-CM to ICD-10-CA","SapBERT","310","has a reference match",2038,0.358,0.075,0.074,0.312,0.361,0.408,0.685,"F06","Other mental disorders due to brain damage and dysfunction and to physical disease","specific nonpsychotic mental disorders due to brain damage",46,"miscellaneous mental health disorders"
"10_9","ICD-9-CM to ICD-10-CA","SapBERT","311","has a reference match",2038,0.33,0.072,0.075,0.287,0.33,0.376,0.678,"F32","Depressive episode","depressive disorder not elsewhere classified",43,"mood and anxiety disorders"
"10_9","ICD-9-CM to ICD-10-CA","SapBERT","312","has a reference match",2038,0.343,0.074,0.066,0.292,0.343,0.395,0.576,"F91","Conduct disorders","disturbance of conduct not elsewhere classified",48,"attentiondeficit conduct and disruptive behavior disorders"
"10_9","ICD-9-CM to ICD-10-CA","SapBERT","314","has a reference match",2038,0.347,0.075,0.126,0.299,0.348,0.394,0.725,"F90","Hyperkinetic disorders","hyperkinetic syndrome of childhood",48,"attentiondeficit conduct and disruptive behavior disorders"
"10_9","ICD-9-CM to ICD-10-CA","SapBERT","315","has a reference match",2038,0.354,0.08,0.124,0.305,0.356,0.407,0.669,"E45","Retarded development following protein-energy malnutrition","specific delays in development",49,"developmental disorders"
"10_9","ICD-9-CM to ICD-10-CA","SapBERT","316","has a reference match",2038,0.362,0.086,0.038,0.302,0.358,0.42,0.661,"F06","Other mental disorders due to brain damage and dysfunction and to physical disease","psychic factors associated with diseases classified elsewhere",46,"miscellaneous mental health disorders"
"10_9","ICD-9-CM to ICD-10-CA","SapBERT","317","has a reference match",2038,0.35,0.076,0.095,0.301,0.35,0.399,0.699,"F71","Moderate mental retardation","mild intellectual disabilities",49,"developmental disorders"
"10_9","ICD-9-CM to ICD-10-CA","SapBERT","318","has a reference match",2038,0.371,0.091,0.089,0.308,0.368,0.433,0.627,"F06","Other mental disorders due to brain damage and dysfunction and to physical disease","other specified intellectual disabilities",49,"developmental disorders"
"10_9","ICD-9-CM to ICD-10-CA","SapBERT","319","has a reference match",2038,0.329,0.074,0.081,0.282,0.328,0.375,0.678,"F79","Unspecified mental retardation","unspecified intellectual disabilities",49,"developmental disorders"
"10_9","ICD-9-CM to ICD-10-CA","SapBERT","327","no reference match",2038,0.372,0.069,0.097,0.331,0.376,0.42,0.678,"G47","Other sleep disorders","organic sleep disorders",50,"other nervous system conditions"
"10_9","ICD-9-CM to ICD-10-CA","SapBERT","330","has a reference match",2038,0.343,0.076,0.08,0.295,0.341,0.391,0.652,"G30","Alzheimer's disease","cerebral degenerations usually manifest in childhood",50,"other nervous system conditions"
"10_9","ICD-9-CM to ICD-10-CA","SapBERT","331","has a reference match",2038,0.387,0.081,0.131,0.331,0.382,0.437,0.723,"I67","Other cerebrovascular diseases","other cerebral degenerations",40,"delirium dementia and other cognitive disorders"
"10_9","ICD-9-CM to ICD-10-CA","SapBERT","332","has a reference match",2038,0.357,0.076,0.051,0.307,0.363,0.41,0.733,"G20","Parkinson's disease","parkinsons disease",51,"parkinsons disease"
"10_9","ICD-9-CM to ICD-10-CA","SapBERT","333","has a reference match",2038,0.393,0.081,0.126,0.338,0.39,0.445,0.709,"G26","Extrapyramidal and movement disorders in diseases classified elsewhere","other extrapyramidal disease and abnormal movement disorders",50,"other nervous system conditions"
"10_9","ICD-9-CM to ICD-10-CA","SapBERT","334","has a reference match",2038,0.351,0.08,0.1,0.296,0.352,0.407,0.706,"G11","Hereditary ataxia","spinocerebellar disease",50,"other nervous system conditions"
"10_9","ICD-9-CM to ICD-10-CA","SapBERT","335","has a reference match",2038,0.368,0.077,0.075,0.315,0.368,0.422,0.634,"G54","Nerve root and plexus disorders","anterior horn cell disease",50,"other nervous system conditions"
"10_9","ICD-9-CM to ICD-10-CA","SapBERT","336","has a reference match",2038,0.355,0.091,0.062,0.292,0.345,0.415,0.747,"Q06","Other congenital malformations of spinal cord","other diseases of spinal cord",50,"other nervous system conditions"
"10_9","ICD-9-CM to ICD-10-CA","SapBERT","337","has a reference match",2038,0.338,0.077,0.09,0.29,0.338,0.39,0.781,"G90","Disorders of autonomic nervous system","disorders of the autonomic nervous system",50,"other nervous system conditions"
"10_9","ICD-9-CM to ICD-10-CA","SapBERT","338","no reference match",2038,0.342,0.067,0.08,0.3,0.342,0.384,0.65,"R52","Pain, not elsewhere classified","pain not elsewhere classified",50,"other nervous system conditions"
"10_9","ICD-9-CM to ICD-10-CA","SapBERT","339","no reference match",2038,0.361,0.074,0.097,0.311,0.358,0.413,0.722,"G44","Other headache syndromes","other headache syndromes",52,"headache including migraine"
"10_9","ICD-9-CM to ICD-10-CA","SapBERT","340","has a reference match",2038,0.322,0.07,0.069,0.278,0.32,0.366,0.782,"G35","Multiple sclerosis","multiple sclerosis",53,"multiple sclerosis"
"10_9","ICD-9-CM to ICD-10-CA","SapBERT","341","has a reference match",2038,0.339,0.089,0.104,0.274,0.329,0.398,0.741,"G37","Other demyelinating diseases of central nervous system","other demyelinating diseases of central nervous system",50,"other nervous system conditions"
"10_9","ICD-9-CM to ICD-10-CA","SapBERT","342","has a reference match",2038,0.383,0.064,0.158,0.344,0.388,0.425,0.678,"G81","Hemiplegia","hemiplegia and hemiparesis",54,"paralysis"
"10_9","ICD-9-CM to ICD-10-CA","SapBERT","343","has a reference match",2038,0.375,0.07,0.135,0.33,0.374,0.421,0.687,"G80","Cerebral palsy","infantile cerebral palsy",54,"paralysis"
"10_9","ICD-9-CM to ICD-10-CA","SapBERT","344","has a reference match",2038,0.401,0.078,0.182,0.344,0.401,0.457,0.729,"G83","Other paralytic syndromes","other paralytic syndromes",54,"paralysis"
"10_9","ICD-9-CM to ICD-10-CA","SapBERT","345","has a reference match",2038,0.348,0.071,0.142,0.302,0.347,0.393,0.636,"G40","Epilepsy","epilepsy and recurrent seizures",55,"epilepsyconvulsions"
"10_9","ICD-9-CM to ICD-10-CA","SapBERT","346","has a reference match",2038,0.312,0.068,0.083,0.269,0.314,0.356,0.72,"G43","Migraine","migraine",52,"headache including migraine"
"10_9","ICD-9-CM to ICD-10-CA","SapBERT","347","has a reference match",2038,0.335,0.064,0.12,0.293,0.337,0.378,0.583,"F51","Nonorganic sleep disorders","cataplexy and narcolepsy",50,"other nervous system conditions"
"10_9","ICD-9-CM to ICD-10-CA","SapBERT","348","has a reference match",2038,0.373,0.094,0.143,0.305,0.359,0.438,0.718,"Q04","Other congenital malformations of brain","other conditions of brain",50,"other nervous system conditions"
"10_9","ICD-9-CM to ICD-10-CA","SapBERT","353","has a reference match",2038,0.359,0.076,0.121,0.31,0.358,0.407,0.782,"G54","Nerve root and plexus disorders","nerve root and plexus disorders",50,"other nervous system conditions"
"10_9","ICD-9-CM to ICD-10-CA","SapBERT","354","has a reference match",2038,0.356,0.07,0.12,0.312,0.357,0.4,0.659,"G56","Mononeuropathies of upper limb","mononeuritis of upper limb and mononeuritis multiplex",50,"other nervous system conditions"
"10_9","ICD-9-CM to ICD-10-CA","SapBERT","355","has a reference match",2038,0.32,0.072,0.078,0.276,0.319,0.364,0.608,"G57","Mononeuropathies of lower limb","mononeuritis of lower limb and unspecified site",50,"other nervous system conditions"
"10_9","ICD-9-CM to ICD-10-CA","SapBERT","356","has a reference match",2038,0.344,0.074,0.093,0.298,0.344,0.392,0.755,"G60","Hereditary and idiopathic neuropathy","hereditary and idiopathic peripheral neuropathy",50,"other nervous system conditions"
"10_9","ICD-9-CM to ICD-10-CA","SapBERT","357","has a reference match",2038,0.373,0.073,0.113,0.324,0.372,0.417,0.726,"G61","Inflammatory polyneuropathy","inflammatory and toxic neuropathy",50,"other nervous system conditions"
"10_9","ICD-9-CM to ICD-10-CA","SapBERT","358","has a reference match",2038,0.383,0.079,0.119,0.337,0.388,0.435,0.673,"G71","Primary disorders of muscles","myoneural disorders",50,"other nervous system conditions"
"10_9","ICD-9-CM to ICD-10-CA","SapBERT","359","has a reference match",2038,0.353,0.084,0.064,0.302,0.353,0.404,0.752,"M62","Other disorders of muscle","muscular dystrophies and other myopathies",50,"other nervous system conditions"
"10_9","ICD-9-CM to ICD-10-CA","SapBERT","360","has a reference match",2038,0.321,0.071,0.089,0.276,0.321,0.366,0.727,"H44","Disorders of globe","disorders of the globe",56,"other eye disorders"
"10_9","ICD-9-CM to ICD-10-CA","SapBERT","361","has a reference match",2038,0.347,0.066,0.12,0.304,0.349,0.391,0.65,"H33","Retinal detachments and breaks","retinal detachments and defects",57,"retinal detachments defects vascular occlusion and retinopathy"
"10_9","ICD-9-CM to ICD-10-CA","SapBERT","362","has a reference match",2038,0.372,0.089,0.103,0.309,0.363,0.431,0.74,"H35","Other retinal disorders","other retinal disorders",57,"retinal detachments defects vascular occlusion and retinopathy"
"10_9","ICD-9-CM to ICD-10-CA","SapBERT","363","has a reference match",2038,0.352,0.068,0.079,0.311,0.354,0.395,0.691,"H31","Other disorders of choroid","chorioretinal inflammations scars and other disorders of choroid",56,"other eye disorders"
"10_9","ICD-9-CM to ICD-10-CA","SapBERT","364","has a reference match",2038,0.332,0.081,0.058,0.281,0.331,0.384,0.671,"H22","Disorders of iris and ciliary body in diseases classified elsewhere","disorders of iris and ciliary body",56,"other eye disorders"
"10_9","ICD-9-CM to ICD-10-CA","SapBERT","365","has a reference match",2038,0.354,0.073,0.104,0.308,0.357,0.403,0.74,"H40","Glaucoma","glaucoma",58,"glaucoma"
"10_9","ICD-9-CM to ICD-10-CA","SapBERT","366","has a reference match",2038,0.316,0.072,0.084,0.267,0.315,0.364,0.712,"H26","Other cataract","cataract",59,"cataract"
"10_9","ICD-9-CM to ICD-10-CA","SapBERT","369","has a reference match",2038,0.348,0.06,0.127,0.311,0.347,0.388,0.571,"I69","Sequelae of cerebrovascular disease","blindness and low vision",60,"blindness and vision defects"
"10_9","ICD-9-CM to ICD-10-CA","SapBERT","370","has a reference match",2038,0.338,0.065,0.133,0.296,0.341,0.38,0.767,"H16","Keratitis","keratitis",56,"other eye disorders"
"10_9","ICD-9-CM to ICD-10-CA","SapBERT","371","has a reference match",2038,0.372,0.066,0.144,0.329,0.372,0.418,0.602,"H26","Other cataract","corneal opacity and other disorders of cornea",56,"other eye disorders"
"10_9","ICD-9-CM to ICD-10-CA","SapBERT","372","has a reference match",2038,0.277,0.077,0.056,0.225,0.273,0.325,0.652,"H13","Disorders of conjunctiva in diseases classified elsewhere","disorders of conjunctiva",56,"other eye disorders"
"10_9","ICD-9-CM to ICD-10-CA","SapBERT","376","has a reference match",2038,0.305,0.073,0.09,0.255,0.299,0.353,0.744,"H05","Disorders of orbit","disorders of the orbit",56,"other eye disorders"
"10_9","ICD-9-CM to ICD-10-CA","SapBERT","377","has a reference match",2038,0.31,0.07,0.097,0.261,0.306,0.356,0.627,"H47","Other disorders of optic [2nd] nerve and visual pathways","disorders of optic nerve and visual pathways",56,"other eye disorders"
"10_9","ICD-9-CM to ICD-10-CA","SapBERT","379","has a reference match",2038,0.322,0.097,0.066,0.251,0.309,0.385,0.694,"Q15","Other congenital malformations of eye","other disorders of eye",56,"other eye disorders"
"10_9","ICD-9-CM to ICD-10-CA","SapBERT","380","has a reference match",2038,0.306,0.079,0.051,0.255,0.304,0.355,0.705,"H61","Other disorders of external ear","disorders of external ear",61,"other ear and sense organ disorders"
"10_9","ICD-9-CM to ICD-10-CA","SapBERT","381","has a reference match",2038,0.367,0.071,0.078,0.322,0.37,0.415,0.623,"H65","Nonsuppurative otitis media","nonsuppurative otitis media and eustachian tube disorders",62,"otitis media and related conditions"
"10_9","ICD-9-CM to ICD-10-CA","SapBERT","382","has a reference match",2038,0.329,0.068,0.084,0.287,0.331,0.377,0.652,"H66","Suppurative and unspecified otitis media","suppurative and unspecified otitis media",62,"otitis media and related conditions"
"10_9","ICD-9-CM to ICD-10-CA","SapBERT","383","has a reference match",2038,0.361,0.074,0.095,0.318,0.364,0.408,0.803,"H70","Mastoiditis and related conditions","mastoiditis and related conditions",62,"otitis media and related conditions"
"10_9","ICD-9-CM to ICD-10-CA","SapBERT","384","has a reference match",2038,0.378,0.097,0.097,0.311,0.367,0.446,0.747,"H73","Other disorders of tympanic membrane","other disorders of tympanic membrane",61,"other ear and sense organ disorders"
"10_9","ICD-9-CM to ICD-10-CA","SapBERT","386","has a reference match",2038,0.377,0.064,0.156,0.337,0.381,0.42,0.733,"H82","Vertiginous syndromes in diseases classified elsewhere","vertiginous syndromes and other disorders of vestibular system",63,"conditions associated with dizziness or vertigo"
"10_9","ICD-9-CM to ICD-10-CA","SapBERT","389","has a reference match",2038,0.334,0.068,0.105,0.293,0.334,0.377,0.641,"H91","Other hearing loss","hearing loss",61,"other ear and sense organ disorders"
"10_9","ICD-9-CM to ICD-10-CA","SapBERT","393","has a reference match",2038,0.326,0.073,0.038,0.28,0.327,0.374,0.662,"I30","Acute pericarditis","chronic rheumatic pericarditis",64,"peri endo and myocarditis cardiomyopathy"
"10_9","ICD-9-CM to ICD-10-CA","SapBERT","394","has a reference match",2038,0.306,0.072,0.038,0.26,0.305,0.35,0.718,"I34","Nonrheumatic mitral valve disorders","diseases of mitral valve",65,"heart valve disorders"
"10_9","ICD-9-CM to ICD-10-CA","SapBERT","395","has a reference match",2038,0.325,0.071,0.06,0.28,0.325,0.369,0.708,"I35","Nonrheumatic aortic valve disorders","diseases of aortic valve",65,"heart valve disorders"
"10_9","ICD-9-CM to ICD-10-CA","SapBERT","396","has a reference match",2038,0.358,0.071,0.093,0.314,0.356,0.402,0.68,"Q23","Congenital malformations of aortic and mitral valves","diseases of mitral and aortic valves",65,"heart valve disorders"
"10_9","ICD-9-CM to ICD-10-CA","SapBERT","397","has a reference match",2038,0.367,0.08,0.13,0.312,0.361,0.416,0.641,"I39","Endocarditis and heart valve disorders in diseases classified elsewhere","diseases of other endocardial structures",65,"heart valve disorders"
"10_9","ICD-9-CM to ICD-10-CA","SapBERT","398","has a reference match",2038,0.37,0.087,0.078,0.308,0.36,0.427,0.795,"I09","Other rheumatic heart diseases","other rheumatic heart disease",64,"peri endo and myocarditis cardiomyopathy"
"10_9","ICD-9-CM to ICD-10-CA","SapBERT","401","has a reference match",2038,0.325,0.067,0.1,0.282,0.322,0.366,0.783,"I10","Essential (primary) hypertension","essential hypertension",66,"hypertension"
"10_9","ICD-9-CM to ICD-10-CA","SapBERT","402","has a reference match",2038,0.349,0.062,0.131,0.313,0.347,0.384,0.789,"I11","Hypertensive heart disease","hypertensive heart disease",67,"hypertension complications"
"10_9","ICD-9-CM to ICD-10-CA","SapBERT","403","has a reference match",2038,0.327,0.066,0.116,0.284,0.326,0.366,0.692,"I12","Hypertensive renal disease","hypertensive chronic kidney disease",67,"hypertension complications"
"10_9","ICD-9-CM to ICD-10-CA","SapBERT","404","has a reference match",2038,0.342,0.071,0.089,0.297,0.344,0.386,0.686,"I12","Hypertensive renal disease","hypertensive heart and chronic kidney disease",67,"hypertension complications"
"10_9","ICD-9-CM to ICD-10-CA","SapBERT","405","has a reference match",2038,0.33,0.064,0.086,0.289,0.329,0.369,0.802,"I15","Secondary hypertension","secondary hypertension",67,"hypertension complications"
"10_9","ICD-9-CM to ICD-10-CA","SapBERT","410","has a reference match",2038,0.316,0.064,0.131,0.274,0.314,0.356,0.749,"I21","Acute myocardial infarction","acute myocardial infarction",68,"acute myocardial infarction"
"10_9","ICD-9-CM to ICD-10-CA","SapBERT","411","has a reference match",2038,0.34,0.083,0.12,0.282,0.332,0.392,0.79,"I24","Other acute ischaemic heart diseases","other acute and subacute forms of ischemic heart disease",69,"coronary atherosclerosis and other heart disease"
"10_9","ICD-9-CM to ICD-10-CA","SapBERT","412","has a reference match",2038,0.321,0.061,0.124,0.284,0.318,0.354,0.712,"I21","Acute myocardial infarction","old myocardial infarction",69,"coronary atherosclerosis and other heart disease"
"10_9","ICD-9-CM to ICD-10-CA","SapBERT","413","has a reference match",2038,0.32,0.073,0.082,0.275,0.321,0.367,0.832,"I20","Angina pectoris","angina pectoris",69,"coronary atherosclerosis and other heart disease"
"10_9","ICD-9-CM to ICD-10-CA","SapBERT","414","has a reference match",2038,0.343,0.082,0.099,0.287,0.334,0.393,0.765,"I24","Other acute ischaemic heart diseases","other forms of chronic ischemic heart disease",69,"coronary atherosclerosis and other heart disease"
"10_9","ICD-9-CM to ICD-10-CA","SapBERT","415","has a reference match",2038,0.375,0.067,0.158,0.334,0.375,0.419,0.649,"I27","Other pulmonary heart diseases","acute pulmonary heart disease",70,"pulmonary heart disease"
"10_9","ICD-9-CM to ICD-10-CA","SapBERT","416","has a reference match",2038,0.361,0.069,0.091,0.317,0.361,0.402,0.699,"I27","Other pulmonary heart diseases","chronic pulmonary heart disease",70,"pulmonary heart disease"
"10_9","ICD-9-CM to ICD-10-CA","SapBERT","417","has a reference match",2038,0.358,0.09,0.088,0.291,0.347,0.421,0.728,"I28","Other diseases of pulmonary vessels","other diseases of pulmonary circulation",70,"pulmonary heart disease"
"10_9","ICD-9-CM to ICD-10-CA","SapBERT","423","has a reference match",2038,0.312,0.085,0.064,0.252,0.303,0.369,0.797,"I31","Other diseases of pericardium","other diseases of pericardium",64,"peri endo and myocarditis cardiomyopathy"
"10_9","ICD-9-CM to ICD-10-CA","SapBERT","424","has a reference match",2038,0.356,0.079,0.092,0.304,0.35,0.404,0.675,"I43","Cardiomyopathy in diseases classified elsewhere","other diseases of endocardium",65,"heart valve disorders"
"10_9","ICD-9-CM to ICD-10-CA","SapBERT","425","has a reference match",2038,0.339,0.072,0.082,0.294,0.34,0.384,0.873,"I42","Cardiomyopathy","cardiomyopathy",64,"peri endo and myocarditis cardiomyopathy"
"10_9","ICD-9-CM to ICD-10-CA","SapBERT","426","has a reference match",2038,0.381,0.07,0.14,0.34,0.389,0.429,0.604,"I42","Cardiomyopathy","conduction disorders",71,"conduction disorders"
"10_9","ICD-9-CM to ICD-10-CA","SapBERT","427","has a reference match",2038,0.356,0.063,0.125,0.316,0.358,0.399,0.631,"I49","Other cardiac arrhythmias","cardiac dysrhythmias",72,"cardiac dysrhythmias arrest chf and ventricular fibrillation"
"10_9","ICD-9-CM to ICD-10-CA","SapBERT","428","has a reference match",2038,0.374,0.067,0.122,0.331,0.374,0.415,0.679,"I50","Heart failure","heart failure",72,"cardiac dysrhythmias arrest chf and ventricular fibrillation"
"10_9","ICD-9-CM to ICD-10-CA","SapBERT","429","has a reference match",2038,0.381,0.069,0.126,0.339,0.385,0.428,0.713,"I51","Complications and ill-defined descriptions of heart disease","illdefined descriptions and complications of heart disease",73,"other and illdefined heart disease"
"10_9","ICD-9-CM to ICD-10-CA","SapBERT","430","has a reference match",2038,0.304,0.073,0.051,0.257,0.302,0.352,0.662,"I60","Subarachnoid haemorrhage","subarachnoid hemorrhage",74,"acute cerebrovascular disease"
"10_9","ICD-9-CM to ICD-10-CA","SapBERT","431","has a reference match",2038,0.298,0.066,0.045,0.253,0.295,0.339,0.673,"I61","Intracerebral haemorrhage","intracerebral hemorrhage",74,"acute cerebrovascular disease"
"10_9","ICD-9-CM to ICD-10-CA","SapBERT","432","has a reference match",2038,0.333,0.086,0.102,0.268,0.327,0.398,0.683,"I62","Other nontraumatic intracranial haemorrhage","other and unspecified intracranial hemorrhage",74,"acute cerebrovascular disease"
"10_9","ICD-9-CM to ICD-10-CA","SapBERT","433","has a reference match",2038,0.324,0.059,0.081,0.286,0.326,0.363,0.691,"I65","Occlusion and stenosis of precerebral arteries, not resulting in cerebral infarction","occlusion and stenosis of precerebral arteries",74,"acute cerebrovascular disease"
"10_9","ICD-9-CM to ICD-10-CA","SapBERT","434","has a reference match",2038,0.321,0.06,0.109,0.282,0.32,0.358,0.586,"H34","Retinal vascular occlusions","occlusion of cerebral arteries",74,"acute cerebrovascular disease"
"10_9","ICD-9-CM to ICD-10-CA","SapBERT","435","has a reference match",2038,0.323,0.068,0.119,0.277,0.32,0.365,0.639,"I21","Acute myocardial infarction","transient cerebral ischemia",75,"transient cerebral ischemia"
"10_9","ICD-9-CM to ICD-10-CA","SapBERT","436","has a reference match",2038,0.361,0.059,0.134,0.324,0.361,0.398,0.635,"I67","Other cerebrovascular diseases","acute but illdefined cerebrovascular disease",74,"acute cerebrovascular disease"
"10_9","ICD-9-CM to ICD-10-CA","SapBERT","437","has a reference match",2038,0.393,0.075,0.16,0.34,0.386,0.445,0.752,"I67","Other cerebrovascular diseases","other and illdefined cerebrovascular disease",76,"other and illdefined cerebrovascular disease"
"10_9","ICD-9-CM to ICD-10-CA","SapBERT","438","has a reference match",2038,0.367,0.064,0.153,0.326,0.366,0.406,0.647,"I69","Sequelae of cerebrovascular disease","late effects of cerebrovascular disease",76,"other and illdefined cerebrovascular disease"
"10_9","ICD-9-CM to ICD-10-CA","SapBERT","440","has a reference match",2038,0.333,0.067,0.098,0.293,0.336,0.377,0.761,"I70","Atherosclerosis","atherosclerosis",77,"other circulatory disease"
"10_9","ICD-9-CM to ICD-10-CA","SapBERT","441","has a reference match",2038,0.33,0.063,0.093,0.29,0.333,0.373,0.756,"I71","Aortic aneurysm and dissection","aortic aneurysm and dissection",77,"other circulatory disease"
"10_9","ICD-9-CM to ICD-10-CA","SapBERT","442","has a reference match",2038,0.345,0.07,0.117,0.296,0.341,0.39,0.634,"I72","Other aneurysm and dissection","other aneurysm",77,"other circulatory disease"
"10_9","ICD-9-CM to ICD-10-CA","SapBERT","443","has a reference match",2038,0.369,0.079,0.124,0.314,0.362,0.421,0.735,"I73","Other peripheral vascular diseases","other peripheral vascular disease",77,"other circulatory disease"
"10_9","ICD-9-CM to ICD-10-CA","SapBERT","444","has a reference match",2038,0.356,0.062,0.128,0.314,0.354,0.395,0.679,"I74","Arterial embolism and thrombosis","arterial embolism and thrombosis",78,"aortic and peripheral arterial embolism or thrombosis"
"10_9","ICD-9-CM to ICD-10-CA","SapBERT","445","no reference match",2038,0.342,0.065,0.105,0.299,0.341,0.384,0.617,"I74","Arterial embolism and thrombosis","atheroembolism",78,"aortic and peripheral arterial embolism or thrombosis"
"10_9","ICD-9-CM to ICD-10-CA","SapBERT","446","has a reference match",2038,0.373,0.075,0.091,0.324,0.381,0.425,0.687,"M30","Polyarteritis nodosa and related conditions","polyarteritis nodosa and allied conditions",77,"other circulatory disease"
"10_9","ICD-9-CM to ICD-10-CA","SapBERT","447","has a reference match",2038,0.347,0.085,0.073,0.288,0.338,0.402,0.794,"I77","Other disorders of arteries and arterioles","other disorders of arteries and arterioles",77,"other circulatory disease"
"10_9","ICD-9-CM to ICD-10-CA","SapBERT","448","has a reference match",2038,0.292,0.081,0.015,0.238,0.296,0.345,0.818,"I78","Diseases of capillaries","disease of capillaries",77,"other circulatory disease"
"10_9","ICD-9-CM to ICD-10-CA","SapBERT","453","has a reference match",2038,0.338,0.077,0.139,0.282,0.334,0.391,0.736,"I82","Other venous embolism and thrombosis","other venous embolism and thrombosis",79,"phlebitis thrombophlebitis and thromboembolism"
"10_9","ICD-9-CM to ICD-10-CA","SapBERT","456","has a reference match",2038,0.279,0.076,0.048,0.225,0.278,0.328,0.713,"I86","Varicose veins of other sites","varicose veins of other sites",80,"other diseases of veins and lymphatics"
"10_9","ICD-9-CM to ICD-10-CA","SapBERT","457","has a reference match",2038,0.297,0.078,0.056,0.249,0.298,0.347,0.669,"I89","Other noninfective disorders of lymphatic vessels and lymph nodes","noninfectious disorders of lymphatic channels",80,"other diseases of veins and lymphatics"
"10_9","ICD-9-CM to ICD-10-CA","SapBERT","459","has a reference match",2038,0.34,0.095,0.092,0.27,0.323,0.405,0.768,"I99","Other and unspecified disorders of circulatory system","other disorders of circulatory system",80,"other diseases of veins and lymphatics"
"10_9","ICD-9-CM to ICD-10-CA","SapBERT","472","has a reference match",2038,0.372,0.067,0.133,0.33,0.373,0.415,0.605,"J31","Chronic rhinitis, nasopharyngitis and pharyngitis","chronic pharyngitis and nasopharyngitis",81,"other upper respiratory disease"
"10_9","ICD-9-CM to ICD-10-CA","SapBERT","473","has a reference match",2038,0.336,0.068,0.09,0.292,0.336,0.377,0.777,"J32","Chronic sinusitis","chronic sinusitis",82,"other upper respiratory infections"
"10_9","ICD-9-CM to ICD-10-CA","SapBERT","474","has a reference match",2038,0.368,0.071,0.145,0.321,0.371,0.418,0.693,"J35","Chronic diseases of tonsils and adenoids","chronic disease of tonsils and adenoids",83,"acute and chronic tonsillitis"
"10_9","ICD-9-CM to ICD-10-CA","SapBERT","476","has a reference match",2038,0.375,0.074,0.137,0.329,0.376,0.424,0.707,"J37","Chronic laryngitis and laryngotracheitis","chronic laryngitis and laryngotracheitis",81,"other upper respiratory disease"
"10_9","ICD-9-CM to ICD-10-CA","SapBERT","477","has a reference match",2038,0.313,0.07,0.077,0.265,0.314,0.357,0.56,"J45","Asthma","allergic rhinitis",81,"other upper respiratory disease"
"10_9","ICD-9-CM to ICD-10-CA","SapBERT","478","has a reference match",2038,0.358,0.093,0.066,0.291,0.348,0.42,0.734,"J39","Other diseases of upper respiratory tract","other diseases of upper respiratory tract",81,"other upper respiratory disease"
"10_9","ICD-9-CM to ICD-10-CA","SapBERT","491","has a reference match",2038,0.336,0.068,0.117,0.289,0.337,0.379,0.779,"J42","Unspecified chronic bronchitis","chronic bronchitis",84,"chronic obstructive pulmonary disease copd"
"10_9","ICD-9-CM to ICD-10-CA","SapBERT","492","has a reference match",2038,0.358,0.071,0.115,0.315,0.361,0.407,0.742,"J43","Emphysema","emphysema",84,"chronic obstructive pulmonary disease copd"
"10_9","ICD-9-CM to ICD-10-CA","SapBERT","493","has a reference match",2038,0.348,0.068,0.123,0.304,0.35,0.392,0.795,"J45","Asthma","asthma",85,"asthma"
"10_9","ICD-9-CM to ICD-10-CA","SapBERT","494","has a reference match",2038,0.345,0.072,0.07,0.301,0.346,0.391,0.772,"J47","Bronchiectasis","bronchiectasis",84,"chronic obstructive pulmonary disease copd"
"10_9","ICD-9-CM to ICD-10-CA","SapBERT","495","has a reference match",2038,0.358,0.075,0.121,0.311,0.36,0.408,0.657,"J45","Asthma","extrinsic allergic alveolitis",86,"lung disease due to external agents"
"10_9","ICD-9-CM to ICD-10-CA","SapBERT","496","has a reference match",2038,0.362,0.072,0.101,0.313,0.36,0.413,0.62,"J44","Other chronic obstructive pulmonary disease","chronic airway obstruction not elsewhere classified",84,"chronic obstructive pulmonary disease copd"
"10_9","ICD-9-CM to ICD-10-CA","SapBERT","500","has a reference match",2038,0.304,0.075,0.074,0.255,0.301,0.35,0.777,"J60","Coalworker's pneumoconiosis","coal workers pneumoconiosis",86,"lung disease due to external agents"
"10_9","ICD-9-CM to ICD-10-CA","SapBERT","501","has a reference match",2038,0.345,0.07,0.111,0.301,0.35,0.393,0.643,"J61","Pneumoconiosis due to asbestos and other mineral fibres","asbestosis",86,"lung disease due to external agents"
"10_9","ICD-9-CM to ICD-10-CA","SapBERT","502","has a reference match",2038,0.304,0.07,0.057,0.259,0.307,0.351,0.72,"J62","Pneumoconiosis due to dust containing silica","pneumoconiosis due to other silica or silicates",86,"lung disease due to external agents"
"10_9","ICD-9-CM to ICD-10-CA","SapBERT","503","has a reference match",2038,0.318,0.079,0.078,0.265,0.318,0.368,0.758,"J63","Pneumoconiosis due to other inorganic dusts","pneumoconiosis due to other inorganic dust",86,"lung disease due to external agents"
"10_9","ICD-9-CM to ICD-10-CA","SapBERT","504","has a reference match",2038,0.341,0.089,0.025,0.281,0.338,0.402,0.666,"J63","Pneumoconiosis due to other inorganic dusts","pneumonopathy due to inhalation of other dust",86,"lung disease due to external agents"
"10_9","ICD-9-CM to ICD-10-CA","SapBERT","505","has a reference match",2038,0.326,0.071,0.125,0.279,0.326,0.372,0.732,"J64","Unspecified pneumoconiosis","pneumoconiosis unspecified",86,"lung disease due to external agents"
"10_9","ICD-9-CM to ICD-10-CA","SapBERT","506","has a reference match",2038,0.328,0.076,0.082,0.275,0.328,0.376,0.618,"J68","Respiratory conditions due to inhalation of chemicals, gases, fumes and vapours","respiratory conditions due to chemical fumes and vapors",86,"lung disease due to external agents"
"10_9","ICD-9-CM to ICD-10-CA","SapBERT","508","has a reference match",2038,0.352,0.098,0.008,0.282,0.345,0.423,0.691,"Q34","Other congenital malformations of respiratory system","respiratory conditions due to other and unspecified external agents",86,"lung disease due to external agents"
"10_9","ICD-9-CM to ICD-10-CA","SapBERT","512","has a reference match",2038,0.347,0.066,0.127,0.302,0.346,0.393,0.628,"J93","Pneumothorax","pneumothorax and air leak",87,"other lower respiratory disease"
"10_9","ICD-9-CM to ICD-10-CA","SapBERT","514","has a reference match",2038,0.356,0.068,0.15,0.311,0.354,0.4,0.622,"J45","Asthma","pulmonary congestion and hypostasis",87,"other lower respiratory disease"
"10_9","ICD-9-CM to ICD-10-CA","SapBERT","515","no reference match",2038,0.369,0.071,0.115,0.324,0.37,0.417,0.612,"J60","Coalworker's pneumoconiosis","postinflammatory pulmonary fibrosis",87,"other lower respiratory disease"
"10_9","ICD-9-CM to ICD-10-CA","SapBERT","516","has a reference match",2038,0.399,0.075,0.157,0.348,0.397,0.451,0.624,"G58","Other mononeuropathies","other alveolar and parietoalveolar pneumonopathy",87,"other lower respiratory disease"
"10_9","ICD-9-CM to ICD-10-CA","SapBERT","517","has a reference match",2038,0.36,0.092,0.112,0.29,0.351,0.429,0.634,"Q34","Other congenital malformations of respiratory system","lung involvement in conditions classified elsewhere",87,"other lower respiratory disease"
"10_9","ICD-9-CM to ICD-10-CA","SapBERT","518","has a reference match",2038,0.351,0.096,0.077,0.28,0.336,0.417,0.691,"J98","Other respiratory disorders","other diseases of lung",88,"respiratory failure pulmonary collapse"
"10_9","ICD-9-CM to ICD-10-CA","SapBERT","523","has a reference match",2038,0.393,0.069,0.172,0.351,0.396,0.44,0.634,"K05","Gingivitis and periodontal diseases","gingival and periodontal diseases",89,"disorders of teeth and jaw"
"10_9","ICD-9-CM to ICD-10-CA","SapBERT","525","has a reference match",2038,0.373,0.092,0.125,0.307,0.361,0.433,0.685,"K08","Other disorders of teeth and supporting structures","other diseases and conditions of the teeth and supporting structures",89,"disorders of teeth and jaw"
"10_9","ICD-9-CM to ICD-10-CA","SapBERT","530","has a reference match",2038,0.337,0.074,0.073,0.284,0.33,0.387,0.653,"K22","Other diseases of oesophagus","diseases of oesophagus",90,"esophageal disorders"
"10_9","ICD-9-CM to ICD-10-CA","SapBERT","531","has a reference match",2038,0.305,0.062,0.085,0.263,0.302,0.344,0.657,"K25","Gastric ulcer","gastric ulcer",91,"gasduo ulcer without hemorrhage"
"10_9","ICD-9-CM to ICD-10-CA","SapBERT","532","has a reference match",2038,0.306,0.063,0.053,0.264,0.305,0.348,0.723,"K26","Duodenal ulcer","duodenal ulcer",91,"gasduo ulcer without hemorrhage"
"10_9","ICD-9-CM to ICD-10-CA","SapBERT","533","has a reference match",2038,0.302,0.064,0.035,0.262,0.299,0.343,0.566,"Y53","Agents primarily affecting the gastrointestinal system","peptic ulcer site unspecified",91,"gasduo ulcer without hemorrhage"
"10_9","ICD-9-CM to ICD-10-CA","SapBERT","534","has a reference match",2038,0.319,0.065,0.084,0.275,0.317,0.359,0.73,"K28","Gastrojejunal ulcer","gastrojejunal ulcer",91,"gasduo ulcer without hemorrhage"
"10_9","ICD-9-CM to ICD-10-CA","SapBERT","535","has a reference match",2038,0.344,0.078,0.085,0.295,0.345,0.394,0.675,"K29","Gastritis and duodenitis","gastritis and duodenitis",92,"gastritis and duodenitis"
"10_9","ICD-9-CM to ICD-10-CA","SapBERT","537","has a reference match",2038,0.36,0.098,0.034,0.291,0.347,0.419,0.716,"K31","Other diseases of stomach and duodenum","other diseases of stomach and duodenum",93,"other disorders of stomach and duodenum"
"10_9","ICD-9-CM to ICD-10-CA","SapBERT","555","has a reference match",2038,0.346,0.076,0.129,0.294,0.344,0.39,0.822,"K50","Crohn's disease [regional enteritis]","regional enteritis",94,"regional enteritis and ulcerative colitis"
"10_9","ICD-9-CM to ICD-10-CA","SapBERT","556","has a reference match",2038,0.315,0.068,0.116,0.272,0.312,0.353,0.781,"K51","Ulcerative colitis","ulcerative colitis",94,"regional enteritis and ulcerative colitis"
"10_9","ICD-9-CM to ICD-10-CA","SapBERT","557","has a reference match",2038,0.381,0.071,0.18,0.335,0.379,0.425,0.783,"K55","Vascular disorders of intestine","vascular insufficiency of intestine",77,"other circulatory disease"
"10_9","ICD-9-CM to ICD-10-CA","SapBERT","558","has a reference match",2038,0.352,0.084,0.129,0.292,0.342,0.407,0.769,"A09","Other gastroenteritis and colitis of infectious and unspecified origin","other and unspecified noninfectious gastroenteritis and colitis",95,"noninfectious gastroenteritis"
"10_9","ICD-9-CM to ICD-10-CA","SapBERT","562","has a reference match",2038,0.289,0.063,0.096,0.247,0.289,0.328,0.668,"K57","Diverticular disease of intestine","diverticula of intestine",96,"diverticulosis and diverticulitis"
"10_9","ICD-9-CM to ICD-10-CA","SapBERT","564","has a reference match",2038,0.358,0.089,0.105,0.298,0.352,0.415,0.734,"K59","Other functional intestinal disorders","functional digestive disorders not elsewhere classified",97,"other gastrointestinal disorders"
"10_9","ICD-9-CM to ICD-10-CA","SapBERT","571","has a reference match",2038,0.368,0.068,0.148,0.322,0.368,0.414,0.631,"K74","Fibrosis and cirrhosis of liver","chronic liver disease and cirrhosis",98,"hepatitis and other liver diseases"
"10_9","ICD-9-CM to ICD-10-CA","SapBERT","572","has a reference match",2038,0.388,0.065,0.179,0.347,0.39,0.434,0.578,"B94","Sequelae of other and unspecified infectious and parasitic diseases","liver abscess and sequelae of chronic liver disease",98,"hepatitis and other liver diseases"
"10_9","ICD-9-CM to ICD-10-CA","SapBERT","573","has a reference match",2038,0.363,0.094,0.076,0.298,0.35,0.423,0.756,"K76","Other diseases of liver","other diseases of liver",98,"hepatitis and other liver diseases"
"10_9","ICD-9-CM to ICD-10-CA","SapBERT","575","has a reference match",2038,0.353,0.094,0.058,0.285,0.339,0.414,0.738,"K82","Other diseases of gallbladder","other disorders of gallbladder",99,"biliary tract disease"
"10_9","ICD-9-CM to ICD-10-CA","SapBERT","576","has a reference match",2038,0.357,0.092,0.067,0.291,0.343,0.418,0.734,"K83","Other diseases of biliary tract","other disorders of biliary tract",99,"biliary tract disease"
"10_9","ICD-9-CM to ICD-10-CA","SapBERT","577","has a reference match",2038,0.339,0.079,0.084,0.286,0.338,0.391,0.689,"K86","Other diseases of pancreas","diseases of pancreas",100,"pancreatic disorders excluding diabetes"
"10_9","ICD-9-CM to ICD-10-CA","SapBERT","579","has a reference match",2038,0.367,0.073,0.13,0.317,0.364,0.412,0.705,"K90","Intestinal malabsorption","intestinal malabsorption",97,"other gastrointestinal disorders"
"10_9","ICD-9-CM to ICD-10-CA","SapBERT","581","has a reference match",2038,0.351,0.078,0.092,0.301,0.352,0.401,0.825,"N04","Nephrotic syndrome","nephrotic syndrome",101,"chronic kideny disease and related conditions"
"10_9","ICD-9-CM to ICD-10-CA","SapBERT","582","has a reference match",2038,0.324,0.077,0.052,0.275,0.323,0.374,0.707,"N18","Chronic kidney disease","chronic glomerulonephritis",101,"chronic kideny disease and related conditions"
"10_9","ICD-9-CM to ICD-10-CA","SapBERT","583","has a reference match",2038,0.372,0.073,0.096,0.328,0.371,0.416,0.645,"N08","Glomerular disorders in diseases classified elsewhere","nephritis and nephropathy not specified as acute or chronic",101,"chronic kideny disease and related conditions"
"10_9","ICD-9-CM to ICD-10-CA","SapBERT","585","has a reference match",2038,0.344,0.075,0.086,0.293,0.346,0.395,0.766,"N18","Chronic kidney disease","chronic kidney disease",101,"chronic kideny disease and related conditions"
"10_9","ICD-9-CM to ICD-10-CA","SapBERT","586","has a reference match",2038,0.344,0.072,0.1,0.298,0.345,0.39,0.657,"N19","Unspecified kidney failure","renal failure unspecified",101,"chronic kideny disease and related conditions"
"10_9","ICD-9-CM to ICD-10-CA","SapBERT","587","has a reference match",2038,0.319,0.073,0.044,0.273,0.32,0.367,0.631,"N18","Chronic kidney disease","renal sclerosis unspecified",101,"chronic kideny disease and related conditions"
"10_9","ICD-9-CM to ICD-10-CA","SapBERT","588","has a reference match",2038,0.331,0.074,0.048,0.282,0.331,0.38,0.626,"N18","Chronic kidney disease","disorders resulting from impaired renal function",102,"other diseases of kidney and ureters"
"10_9","ICD-9-CM to ICD-10-CA","SapBERT","590","has a reference match",2038,0.332,0.075,0.068,0.288,0.329,0.375,0.584,"N23","Unspecified renal colic","infections of kidney",103,"urinary tract infections"
"10_9","ICD-9-CM to ICD-10-CA","SapBERT","595","has a reference match",2038,0.324,0.079,0.056,0.275,0.324,0.372,0.803,"N30","Cystitis","cystitis",103,"urinary tract infections"
"10_9","ICD-9-CM to ICD-10-CA","SapBERT","596","has a reference match",2038,0.348,0.095,0.093,0.282,0.336,0.41,0.769,"N32","Other disorders of bladder","other disorders of bladder",104,"other diseases of bladder and urethra"
"10_9","ICD-9-CM to ICD-10-CA","SapBERT","599","has a reference match",2038,0.325,0.101,0.074,0.252,0.307,0.394,0.794,"N36","Other disorders of urethra","other disorders of urethra and urinary tract",104,"other diseases of bladder and urethra"
"10_9","ICD-9-CM to ICD-10-CA","SapBERT","600","has a reference match",2038,0.299,0.075,0.042,0.252,0.304,0.348,0.844,"N40","Hyperplasia of prostate","hyperplasia of prostate",105,"hyperplasia of prostate"
"10_9","ICD-9-CM to ICD-10-CA","SapBERT","601","has a reference match",2038,0.339,0.072,0.082,0.296,0.341,0.384,0.775,"N41","Inflammatory diseases of prostate","inflammatory diseases of prostate",106,"other male genital disorders"
"10_9","ICD-9-CM to ICD-10-CA","SapBERT","607","has a reference match",2038,0.311,0.073,0.067,0.264,0.313,0.36,0.735,"N48","Other disorders of penis","disorders of penis",106,"other male genital disorders"
"10_9","ICD-9-CM to ICD-10-CA","SapBERT","610","has a reference match",2038,0.331,0.075,0.061,0.282,0.336,0.381,0.732,"N60","Benign mammary dysplasia","benign mammary dysplasias",107,"nonmalignant breast conditions"
"10_9","ICD-9-CM to ICD-10-CA","SapBERT","614","has a reference match",2038,0.345,0.065,0.128,0.302,0.345,0.386,0.64,"N71","Inflammatory disease of uterus, except cervix","inflammatory disease of ovary fallopian tube pelvic cellular tissue and peritoneum",108,"other female genital disorders"
"10_9","ICD-9-CM to ICD-10-CA","SapBERT","615","has a reference match",2038,0.358,0.071,0.096,0.309,0.358,0.405,0.783,"N71","Inflammatory disease of uterus, except cervix","inflammatory diseases of uterus except cervix",108,"other female genital disorders"
"10_9","ICD-9-CM to ICD-10-CA","SapBERT","617","has a reference match",2038,0.336,0.066,0.075,0.296,0.34,0.379,0.77,"N80","Endometriosis","endometriosis",108,"other female genital disorders"
"10_9","ICD-9-CM to ICD-10-CA","SapBERT","618","has a reference match",2038,0.369,0.064,0.155,0.327,0.368,0.411,0.754,"N81","Female genital prolapse","genital prolapse",110,"prolapse of female genital organs"
"10_9","ICD-9-CM to ICD-10-CA","SapBERT","619","has a reference match",2038,0.215,0.061,0.027,0.173,0.213,0.253,0.723,"N82","Fistulae involving female genital tract","fistula involving female genital tract",108,"other female genital disorders"
"10_9","ICD-9-CM to ICD-10-CA","SapBERT","621","has a reference match",2038,0.312,0.083,0.023,0.256,0.311,0.364,0.627,"N85","Other noninflammatory disorders of uterus, except cervix","disorders of uterus not elsewhere classified",108,"other female genital disorders"
"10_9","ICD-9-CM to ICD-10-CA","SapBERT","625","has a reference match",2038,0.289,0.075,0.047,0.241,0.288,0.334,0.679,"N94","Pain and other conditions associated with female genital organs and menstrual cycle","pain and other symptoms associated with female genital organs",108,"other female genital disorders"
"10_9","ICD-9-CM to ICD-10-CA","SapBERT","626","has a reference match",2038,0.324,0.074,0.073,0.278,0.324,0.374,0.583,"N93","Other abnormal uterine and vaginal bleeding","disorders of menstruation and other abnormal bleeding from female genital tract",109,"menstrual disorders"
"10_9","ICD-9-CM to ICD-10-CA","SapBERT","627","has a reference match",2038,0.359,0.075,0.096,0.314,0.364,0.409,0.633,"N64","Other disorders of breast","menopausal and postmenopausal disorders",111,"menopausal disorders"
"10_9","ICD-9-CM to ICD-10-CA","SapBERT","628","has a reference match",2038,0.337,0.071,0.089,0.297,0.341,0.384,0.622,"N46","Male infertility","female infertility",112,"female infertility"
"10_9","ICD-9-CM to ICD-10-CA","SapBERT","629","has a reference match",2038,0.324,0.102,0.044,0.251,0.312,0.394,0.719,"Q52","Other congenital malformations of female genitalia","other disorders of female genital organs",108,"other female genital disorders"
"10_9","ICD-9-CM to ICD-10-CA","SapBERT","691","has a reference match",2038,0.37,0.07,0.135,0.328,0.372,0.416,0.615,"L20","Atopic dermatitis","atopic dermatitis and related conditions",113,"allergic reactions"
"10_9","ICD-9-CM to ICD-10-CA","SapBERT","694","has a reference match",2038,0.33,0.072,0.073,0.284,0.33,0.376,0.599,"L14","Bullous disorders in diseases classified elsewhere","bullous dermatoses",114,"other inflammatory condition of skin"
"10_9","ICD-9-CM to ICD-10-CA","SapBERT","695","has a reference match",2038,0.343,0.07,0.114,0.299,0.346,0.388,0.684,"L53","Other erythematous conditions","erythematous conditions",114,"other inflammatory condition of skin"
"10_9","ICD-9-CM to ICD-10-CA","SapBERT","696","has a reference match",2038,0.326,0.072,0.092,0.28,0.329,0.376,0.656,"L40","Psoriasis","psoriasis and similar disorders",114,"other inflammatory condition of skin"
"10_9","ICD-9-CM to ICD-10-CA","SapBERT","701","has a reference match",2038,0.376,0.076,0.149,0.326,0.377,0.428,0.636,"L65","Other nonscarring hair loss","other hypertrophic and atrophic conditions of skin",115,"other skin disorders"
"10_9","ICD-9-CM to ICD-10-CA","SapBERT","705","has a reference match",2038,0.341,0.079,0.061,0.296,0.345,0.391,0.782,"L75","Apocrine sweat disorders","diseases of sweat glands",115,"other skin disorders"
"10_9","ICD-9-CM to ICD-10-CA","SapBERT","707","has a reference match",2038,0.302,0.062,0.062,0.261,0.301,0.343,0.546,"K27","Peptic ulcer, site unspecified","chronic ulcer of skin",116,"chronic ulcer of skin"
"10_9","ICD-9-CM to ICD-10-CA","SapBERT","710","has a reference match",2038,0.346,0.079,0.097,0.295,0.347,0.397,0.669,"M36","Systemic disorders of connective tissue in diseases classified elsewhere","diffuse diseases of connective tissue",117,"systemic lupus erythematosus and connective tissue disorders"
"10_9","ICD-9-CM to ICD-10-CA","SapBERT","712","has a reference match",2038,0.367,0.063,0.15,0.326,0.367,0.409,0.73,"M11","Other crystal arthropathies","crystal arthropathies",37,"gout and other crystal arthropathies"
"10_9","ICD-9-CM to ICD-10-CA","SapBERT","713","has a reference match",2038,0.357,0.081,0.146,0.298,0.349,0.411,0.68,"M14","Arthropathies in other diseases classified elsewhere","arthropathy associated with other disorders classified elsewhere",118,"joint disorders"
"10_9","ICD-9-CM to ICD-10-CA","SapBERT","714","has a reference match",2038,0.338,0.071,0.108,0.288,0.335,0.387,0.603,"N71","Inflammatory disease of uterus, except cervix","rheumatoid arthritis and other inflammatory polyarthropathies",119,"rheumatoid arthritis and related disease"
"10_9","ICD-9-CM to ICD-10-CA","SapBERT","715","has a reference match",2038,0.381,0.064,0.169,0.339,0.384,0.424,0.608,"M90","Osteopathies in diseases classified elsewhere","osteoarthrosis and allied disorders",120,"osteoarthritis"
"10_9","ICD-9-CM to ICD-10-CA","SapBERT","716","has a reference match",2038,0.339,0.08,0.15,0.28,0.333,0.394,0.691,"M12","Other specific arthropathies","other and unspecified arthropathies",118,"joint disorders"
"10_9","ICD-9-CM to ICD-10-CA","SapBERT","717","has a reference match",2038,0.339,0.066,0.141,0.297,0.338,0.382,0.738,"M23","Internal derangement of knee","internal derangement of knee",118,"joint disorders"
"10_9","ICD-9-CM to ICD-10-CA","SapBERT","718","has a reference match",2038,0.375,0.079,0.146,0.32,0.368,0.425,0.684,"M24","Other specific joint derangements","other derangement of joint",118,"joint disorders"
"10_9","ICD-9-CM to ICD-10-CA","SapBERT","719","has a reference match",2038,0.326,0.089,0.114,0.258,0.313,0.388,0.693,"M25","Other joint disorders, not elsewhere classified","other and unspecified disorders of joint",118,"joint disorders"
"10_9","ICD-9-CM to ICD-10-CA","SapBERT","720","has a reference match",2038,0.347,0.066,0.12,0.306,0.347,0.388,0.681,"M46","Other inflammatory spondylopathies","ankylosing spondylitis and other inflammatory spondylopathies",121,"spondylosis intervertebral disc disorders other back problems"
"10_9","ICD-9-CM to ICD-10-CA","SapBERT","721","has a reference match",2038,0.369,0.072,0.13,0.326,0.374,0.417,0.665,"M47","Spondylosis","spondylosis and allied disorders",121,"spondylosis intervertebral disc disorders other back problems"
"10_9","ICD-9-CM to ICD-10-CA","SapBERT","722","has a reference match",2038,0.348,0.08,0.06,0.298,0.352,0.401,0.73,"M50","Cervical disc disorders","intervertebral disc disorders",121,"spondylosis intervertebral disc disorders other back problems"
"10_9","ICD-9-CM to ICD-10-CA","SapBERT","730","has a reference match",2038,0.362,0.058,0.155,0.323,0.359,0.399,0.659,"M86","Osteomyelitis","osteomyelitis periostitis and other infections involving bone",122,"infective arthritis and osteomyelitis"
"10_9","ICD-9-CM to ICD-10-CA","SapBERT","731","has a reference match",2038,0.36,0.077,0.149,0.307,0.353,0.407,0.724,"M90","Osteopathies in diseases classified elsewhere","osteitis deformans and osteopathies associated with other disorders classified elsewhere",123,"osteoporosis and other bone disease"
"10_9","ICD-9-CM to ICD-10-CA","SapBERT","732","has a reference match",2038,0.37,0.067,0.129,0.329,0.373,0.412,0.768,"M93","Other osteochondropathies","osteochondropathies",123,"osteoporosis and other bone disease"
"10_9","ICD-9-CM to ICD-10-CA","SapBERT","733","has a reference match",2038,0.368,0.088,0.072,0.305,0.355,0.424,0.781,"M94","Other disorders of cartilage","other disorders of bone and cartilage",123,"osteoporosis and other bone disease"
"10_9","ICD-9-CM to ICD-10-CA","SapBERT","735","has a reference match",2038,0.312,0.053,0.137,0.278,0.311,0.345,0.577,"Q66","Congenital deformities of feet","acquired deformities of toe",124,"acquired foot deformities"
"10_9","ICD-9-CM to ICD-10-CA","SapBERT","737","has a reference match",2038,0.281,0.064,0.044,0.237,0.284,0.324,0.593,"M41","Scoliosis","curvature of spine",125,"other acquired deformities"
"10_9","ICD-9-CM to ICD-10-CA","SapBERT","740","has a reference match",2038,0.363,0.066,0.144,0.32,0.366,0.406,0.676,"Q00","Anencephaly and similar malformations","anencephalus and similar anomalies",126,"nervous system congenital anomalies"
"10_9","ICD-9-CM to ICD-10-CA","SapBERT","741","has a reference match",2038,0.325,0.063,0.106,0.285,0.327,0.369,0.745,"Q05","Spina bifida","spina bifida",126,"nervous system congenital anomalies"
"10_9","ICD-9-CM to ICD-10-CA","SapBERT","742","has a reference match",2038,0.352,0.087,0.125,0.288,0.346,0.412,0.774,"Q07","Other congenital malformations of nervous system","other congenital anomalies of nervous system",126,"nervous system congenital anomalies"
"10_9","ICD-9-CM to ICD-10-CA","SapBERT","743","has a reference match",2038,0.315,0.067,0.108,0.271,0.313,0.351,0.666,"Q15","Other congenital malformations of eye","congenital anomalies of eye",127,"other congenital anomalies"
"10_9","ICD-9-CM to ICD-10-CA","SapBERT","744","has a reference match",2038,0.32,0.065,0.115,0.278,0.316,0.361,0.618,"Q18","Other congenital malformations of face and neck","congenital anomalies of ear face and neck",127,"other congenital anomalies"
"10_9","ICD-9-CM to ICD-10-CA","SapBERT","745","has a reference match",2038,0.364,0.062,0.137,0.326,0.365,0.403,0.557,"Q74","Other congenital malformations of limb(s)","bulbus cordis anomalies and anomalies of cardiac septal closure",128,"cardiac and circulatory congenital anomalies"
"10_9","ICD-9-CM to ICD-10-CA","SapBERT","746","has a reference match",2038,0.363,0.081,0.132,0.306,0.356,0.416,0.777,"Q24","Other congenital malformations of heart","other congenital anomalies of heart",128,"cardiac and circulatory congenital anomalies"
"10_9","ICD-9-CM to ICD-10-CA","SapBERT","747","has a reference match",2038,0.346,0.084,0.123,0.284,0.338,0.403,0.749,"Q28","Other congenital malformations of circulatory system","other congenital anomalies of circulatory system",128,"cardiac and circulatory congenital anomalies"
"10_9","ICD-9-CM to ICD-10-CA","SapBERT","748","has a reference match",2038,0.33,0.074,0.093,0.279,0.326,0.374,0.705,"Q34","Other congenital malformations of respiratory system","congenital anomalies of respiratory system",127,"other congenital anomalies"
"10_9","ICD-9-CM to ICD-10-CA","SapBERT","749","has a reference match",2038,0.347,0.058,0.153,0.308,0.344,0.384,0.665,"Q37","Cleft palate with cleft lip","cleft palate and cleft lip",127,"other congenital anomalies"
"10_9","ICD-9-CM to ICD-10-CA","SapBERT","750","has a reference match",2038,0.365,0.08,0.125,0.31,0.361,0.419,0.774,"Q40","Other congenital malformations of upper alimentary tract","other congenital anomalies of upper alimentary tract",129,"digestive congenital anomalies"
"10_9","ICD-9-CM to ICD-10-CA","SapBERT","751","has a reference match",2038,0.354,0.09,0.133,0.288,0.343,0.416,0.802,"Q45","Other congenital malformations of digestive system","other congenital anomalies of digestive system",129,"digestive congenital anomalies"
"10_9","ICD-9-CM to ICD-10-CA","SapBERT","752","has a reference match",2038,0.331,0.073,0.125,0.283,0.326,0.375,0.673,"Q52","Other congenital malformations of female genitalia","congenital anomalies of genital organs",130,"genitourinary congenital anomalies"
"10_9","ICD-9-CM to ICD-10-CA","SapBERT","753","has a reference match",2038,0.319,0.067,0.112,0.273,0.315,0.358,0.642,"Q64","Other congenital malformations of urinary system","congenital anomalies of urinary system",130,"genitourinary congenital anomalies"
"10_9","ICD-9-CM to ICD-10-CA","SapBERT","754","has a reference match",2038,0.357,0.071,0.128,0.311,0.352,0.396,0.717,"Q68","Other congenital musculoskeletal deformities","certain congenital musculoskeletal deformities",127,"other congenital anomalies"
"10_9","ICD-9-CM to ICD-10-CA","SapBERT","755","has a reference match",2038,0.371,0.077,0.134,0.318,0.365,0.419,0.738,"Q75","Other congenital malformations of skull and face bones","other congenital anomalies of limbs",127,"other congenital anomalies"
"10_9","ICD-9-CM to ICD-10-CA","SapBERT","756","has a reference match",2038,0.373,0.084,0.115,0.316,0.365,0.424,0.778,"Q75","Other congenital malformations of skull and face bones","other congenital musculoskeletal anomalies",127,"other congenital anomalies"
"10_9","ICD-9-CM to ICD-10-CA","SapBERT","757","has a reference match",2038,0.323,0.069,0.097,0.278,0.32,0.363,0.713,"Q84","Other congenital malformations of integument","congenital anomalies of the integument",127,"other congenital anomalies"
"10_9","ICD-9-CM to ICD-10-CA","SapBERT","758","has a reference match",2038,0.334,0.068,0.102,0.294,0.335,0.375,0.559,"Q75","Other congenital malformations of skull and face bones","chromosomal anomalies",127,"other congenital anomalies"
"10_9","ICD-9-CM to ICD-10-CA","SapBERT","759","has a reference match",2038,0.328,0.098,0.049,0.254,0.319,0.394,0.747,"Q89","Other congenital malformations, not elsewhere classified","other and unspecified congenital anomalies",127,"other congenital anomalies"
"10_9","ICD-9-CM to ICD-10-CA","mpnet","140","has a reference match",2038,0.162,0.11,-0.059,0.09,0.136,0.203,0.837,"C00","Malignant neoplasm of lip","malignant neoplasm of lip",1,"cancer of head and neck"
"10_9","ICD-9-CM to ICD-10-CA","mpnet","141","has a reference match",2038,0.181,0.118,-0.074,0.097,0.16,0.232,0.8,"C01","Malignant neoplasm of base of tongue","malignant neoplasm of tongue",1,"cancer of head and neck"
"10_9","ICD-9-CM to ICD-10-CA","mpnet","142","has a reference match",2038,0.137,0.129,-0.08,0.05,0.108,0.189,0.847,"C08","Malignant neoplasm of other and unspecified major salivary glands","malignant neoplasm of major salivary glands",1,"cancer of head and neck"
"10_9","ICD-9-CM to ICD-10-CA","mpnet","143","has a reference match",2038,0.154,0.111,-0.073,0.078,0.131,0.199,0.88,"C03","Malignant neoplasm of gum","malignant neoplasm of gum",1,"cancer of head and neck"
"10_9","ICD-9-CM to ICD-10-CA","mpnet","144","has a reference match",2038,0.2,0.111,-0.067,0.126,0.181,0.246,0.854,"C04","Malignant neoplasm of floor of mouth","malignant neoplasm of floor of mouth",1,"cancer of head and neck"
"10_9","ICD-9-CM to ICD-10-CA","mpnet","145","has a reference match",2038,0.166,0.115,-0.077,0.089,0.143,0.212,0.78,"C06","Malignant neoplasm of other and unspecified parts of mouth","malignant neoplasm of other and unspecified parts of mouth",1,"cancer of head and neck"
"10_9","ICD-9-CM to ICD-10-CA","mpnet","146","has a reference match",2038,0.167,0.117,-0.054,0.09,0.141,0.211,0.81,"C10","Malignant neoplasm of oropharynx","malignant neoplasm of oropharynx",1,"cancer of head and neck"
"10_9","ICD-9-CM to ICD-10-CA","mpnet","147","has a reference match",2038,0.168,0.124,-0.079,0.077,0.146,0.229,0.92,"C11","Malignant neoplasm of nasopharynx","malignant neoplasm of nasopharynx",1,"cancer of head and neck"
"10_9","ICD-9-CM to ICD-10-CA","mpnet","148","has a reference match",2038,0.176,0.121,-0.058,0.088,0.152,0.232,0.909,"C13","Malignant neoplasm of hypopharynx","malignant neoplasm of hypopharynx",1,"cancer of head and neck"
"10_9","ICD-9-CM to ICD-10-CA","mpnet","149","has a reference match",2038,0.16,0.124,-0.063,0.077,0.131,0.208,0.858,"C14","Malignant neoplasm of other and ill-defined sites in the lip, oral cavity and pharynx","malignant neoplasm of other and illdefined sites within the lip oral cavity and pharynx",1,"cancer of head and neck"
"10_9","ICD-9-CM to ICD-10-CA","mpnet","150","has a reference match",2038,0.133,0.107,-0.076,0.064,0.11,0.167,0.705,"C15","Malignant neoplasm of oesophagus","malignant neoplasm of esophagus",2,"cancer of esophagus"
"10_9","ICD-9-CM to ICD-10-CA","mpnet","151","has a reference match",2038,0.168,0.118,-0.066,0.09,0.139,0.209,0.79,"C16","Malignant neoplasm of stomach","malignant neoplasm of stomach",3,"cancer of stomach"
"10_9","ICD-9-CM to ICD-10-CA","mpnet","152","has a reference match",2038,0.122,0.117,-0.079,0.047,0.094,0.157,0.797,"C17","Malignant neoplasm of small intestine","malignant neoplasm of small intestine including duodenum",4,"cancer of other gi organs peritoneum"
"10_9","ICD-9-CM to ICD-10-CA","mpnet","153","has a reference match",2038,0.166,0.113,-0.08,0.091,0.141,0.214,0.773,"C18","Malignant neoplasm of colon","malignant neoplasm of colon",5,"colon cancer"
"10_9","ICD-9-CM to ICD-10-CA","mpnet","154","has a reference match",2038,0.171,0.105,-0.045,0.102,0.15,0.212,0.753,"C20","Malignant neoplasm of rectum","malignant neoplasm of rectum rectosigmoid junction and anus",6,"cancer of rectum and anus"
"10_9","ICD-9-CM to ICD-10-CA","mpnet","155","has a reference match",2038,0.137,0.112,-0.104,0.064,0.114,0.18,0.774,"C22","Malignant neoplasm of liver and intrahepatic bile ducts","malignant neoplasm of liver and intrahepatic bile ducts",7,"cancer of liver and intrahepatic bile duct"
"10_9","ICD-9-CM to ICD-10-CA","mpnet","156","has a reference match",2038,0.117,0.113,-0.116,0.039,0.09,0.162,0.732,"C23","Malignant neoplasm of gallbladder","malignant neoplasm of gallbladder and extrahepatic bile ducts",4,"cancer of other gi organs peritoneum"
"10_9","ICD-9-CM to ICD-10-CA","mpnet","157","has a reference match",2038,0.15,0.113,-0.049,0.076,0.122,0.189,0.779,"C25","Malignant neoplasm of pancreas","malignant neoplasm of pancreas",8,"pancreas cancer"
"10_9","ICD-9-CM to ICD-10-CA","mpnet","158","has a reference match",2038,0.139,0.116,-0.087,0.059,0.111,0.183,0.897,"C48","Malignant neoplasm of retroperitoneum and peritoneum","malignant neoplasm of retroperitoneum and peritoneum",4,"cancer of other gi organs peritoneum"
"10_9","ICD-9-CM to ICD-10-CA","mpnet","159","has a reference match",2038,0.165,0.128,-0.063,0.076,0.133,0.214,0.761,"D13","Benign neoplasm of other and ill-defined parts of digestive system","malignant neoplasm of other and illdefined sites within the digestive organs and peritoneum",4,"cancer of other gi organs peritoneum"
"10_9","ICD-9-CM to ICD-10-CA","mpnet","160","has a reference match",2038,0.13,0.12,-0.097,0.052,0.103,0.174,0.758,"C30","Malignant neoplasm of nasal cavity and middle ear","malignant neoplasm of nasal cavities middle ear and accessory sinuses",1,"cancer of head and neck"
"10_9","ICD-9-CM to ICD-10-CA","mpnet","161","has a reference match",2038,0.182,0.115,-0.061,0.106,0.161,0.227,0.764,"C32","Malignant neoplasm of larynx","malignant neoplasm of larynx",1,"cancer of head and neck"
"10_9","ICD-9-CM to ICD-10-CA","mpnet","162","has a reference match",2038,0.158,0.119,-0.083,0.078,0.132,0.205,0.727,"C34","Malignant neoplasm of bronchus and lung","malignant neoplasm of trachea bronchus and lung",9,"lung and other respiratory cancer"
"10_9","ICD-9-CM to ICD-10-CA","mpnet","163","has a reference match",2038,0.17,0.109,-0.062,0.096,0.15,0.215,0.631,"C38","Malignant neoplasm of heart, mediastinum and pleura","malignant neoplasm of pleura",9,"lung and other respiratory cancer"
"10_9","ICD-9-CM to ICD-10-CA","mpnet","164","has a reference match",2038,0.137,0.107,-0.077,0.059,0.122,0.192,0.709,"C37","Malignant neoplasm of thymus","malignant neoplasm of thymus heart and mediastinum",10,"other cancers"
"10_9","ICD-9-CM to ICD-10-CA","mpnet","165","has a reference match",2038,0.182,0.126,-0.085,0.098,0.157,0.233,0.782,"C39","Malignant neoplasm of other and ill-defined sites in the respiratory system and intrathoracic organs","malignant neoplasm of other and illdefined sites within the respiratory system and intrathoracic organs",9,"lung and other respiratory cancer"
"10_9","ICD-9-CM to ICD-10-CA","mpnet","170","has a reference match",2038,0.142,0.117,-0.101,0.06,0.115,0.196,0.797,"D16","Benign neoplasm of bone and articular cartilage","malignant neoplasm of bone and articular cartilage",11,"cancer of bone and connective tissue"
"10_9","ICD-9-CM to ICD-10-CA","mpnet","171","has a reference match",2038,0.194,0.126,-0.054,0.105,0.17,0.257,0.755,"C49","Malignant neoplasm of other connective and soft tissue","malignant neoplasm of connective and other soft tissue",11,"cancer of bone and connective tissue"
"10_9","ICD-9-CM to ICD-10-CA","mpnet","172","has a reference match",2038,0.181,0.105,-0.054,0.111,0.163,0.23,0.75,"C43","Malignant melanoma of skin","malignant melanoma of skin",12,"skin melanoma"
"10_9","ICD-9-CM to ICD-10-CA","mpnet","174","has a reference match",2038,0.155,0.11,-0.059,0.085,0.129,0.19,0.706,"D24","Benign neoplasm of breast","malignant neoplasm of female breast",13,"breast cancer"
"10_9","ICD-9-CM to ICD-10-CA","mpnet","175","no reference match",2038,0.132,0.114,-0.1,0.061,0.104,0.166,0.68,"C50","Malignant neoplasm of breast","malignant neoplasm of male breast",13,"breast cancer"
"10_9","ICD-9-CM to ICD-10-CA","mpnet","176","has a reference match",2038,0.253,0.104,-0.061,0.175,0.245,0.317,0.798,"C46","Kaposi's sarcoma","kaposis sarcoma",10,"other cancers"
"10_9","ICD-9-CM to ICD-10-CA","mpnet","179","has a reference match",2038,0.174,0.123,-0.085,0.091,0.143,0.217,0.738,"C55","Malignant neoplasm of uterus, part unspecified","malignant neoplasm of uterus part unspecified",14,"uterus cancer"
"10_9","ICD-9-CM to ICD-10-CA","mpnet","180","has a reference match",2038,0.126,0.117,-0.125,0.051,0.099,0.164,0.794,"C53","Malignant neoplasm of cervix uteri","malignant neoplasm of cervix uteri",15,"cervix cancer"
"10_9","ICD-9-CM to ICD-10-CA","mpnet","181","has a reference match",2038,0.162,0.114,-0.063,0.083,0.134,0.215,0.843,"C58","Malignant neoplasm of placenta","malignant neoplasm of placenta",16,"cancer of other female genital organs"
"10_9","ICD-9-CM to ICD-10-CA","mpnet","182","has a reference match",2038,0.161,0.121,-0.101,0.08,0.131,0.205,0.717,"C55","Malignant neoplasm of uterus, part unspecified","malignant neoplasm of body of uterus",14,"uterus cancer"
"10_9","ICD-9-CM to ICD-10-CA","mpnet","183","has a reference match",2038,0.133,0.118,-0.12,0.057,0.108,0.174,0.698,"D27","Benign neoplasm of ovary","malignant neoplasm of ovary and other uterine adnexa",16,"cancer of other female genital organs"
"10_9","ICD-9-CM to ICD-10-CA","mpnet","184","has a reference match",2038,0.17,0.122,-0.054,0.092,0.139,0.212,0.758,"D28","Benign neoplasm of other and unspecified female genital organs","malignant neoplasm of other and unspecified female genital organs",16,"cancer of other female genital organs"
"10_9","ICD-9-CM to ICD-10-CA","mpnet","185","has a reference match",2038,0.143,0.111,-0.057,0.073,0.118,0.177,0.724,"C61","Malignant neoplasm of prostate","malignant neoplasm of prostate",17,"prostate cancer"
"10_9","ICD-9-CM to ICD-10-CA","mpnet","186","has a reference match",2038,0.173,0.113,-0.029,0.1,0.147,0.209,0.805,"C62","Malignant neoplasm of testis","malignant neoplasm of testis",18,"testis cancer"
"10_9","ICD-9-CM to ICD-10-CA","mpnet","187","has a reference match",2038,0.16,0.116,-0.047,0.086,0.131,0.196,0.735,"C60","Malignant neoplasm of penis","malignant neoplasm of penis and other male genital organs",19,"cancer of other male genital organs"
"10_9","ICD-9-CM to ICD-10-CA","mpnet","188","has a reference match",2038,0.152,0.108,-0.076,0.083,0.125,0.187,0.81,"C67","Malignant neoplasm of bladder","malignant neoplasm of bladder",20,"bladder cancer"
"10_9","ICD-9-CM to ICD-10-CA","mpnet","189","has a reference match",2038,0.149,0.12,-0.089,0.07,0.121,0.191,0.719,"C68","Malignant neoplasm of other and unspecified urinary organs","malignant neoplasm of kidney and other and unspecified urinary organs",21,"cancer of kidney and other urinary organs"
"10_9","ICD-9-CM to ICD-10-CA","mpnet","190","has a reference match",2038,0.155,0.107,-0.042,0.084,0.132,0.194,0.676,"C69","Malignant neoplasm of eye and adnexa","malignant neoplasm of eye",10,"other cancers"
"10_9","ICD-9-CM to ICD-10-CA","mpnet","191","has a reference match",2038,0.174,0.108,-0.08,0.103,0.155,0.212,0.722,"C71","Malignant neoplasm of brain","malignant neoplasm of brain",22,"cancer of brain and nervous system"
"10_9","ICD-9-CM to ICD-10-CA","mpnet","192","has a reference match",2038,0.185,0.117,-0.069,0.105,0.162,0.235,0.73,"C72","Malignant neoplasm of spinal cord, cranial nerves and other parts of central nervous system","malignant neoplasm of other and unspecified parts of nervous system",22,"cancer of brain and nervous system"
"10_9","ICD-9-CM to ICD-10-CA","mpnet","193","has a reference match",2038,0.144,0.104,-0.076,0.081,0.124,0.174,0.806,"C73","Malignant neoplasm of thyroid gland","malignant neoplasm of thyroid gland",23,"thyroid cancer"
"10_9","ICD-9-CM to ICD-10-CA","mpnet","194","has a reference match",2038,0.149,0.121,-0.102,0.071,0.121,0.189,0.809,"C75","Malignant neoplasm of other endocrine glands and related structures","malignant neoplasm of other endocrine glands and related structures",10,"other cancers"
"10_9","ICD-9-CM to ICD-10-CA","mpnet","195","has a reference match",2038,0.199,0.123,-0.019,0.118,0.172,0.245,0.737,"C97","Malignant neoplasms of independent (primary) multiple sites","malignant neoplasm of other and illdefined sites",10,"other cancers"
"10_9","ICD-9-CM to ICD-10-CA","mpnet","196","has a reference match",2038,0.164,0.127,-0.063,0.078,0.136,0.213,0.874,"C77","Secondary and unspecified malignant neoplasm of lymph nodes","secondary and unspecified malignant neoplasm of lymph nodes",24,"secondary malignancy"
"10_9","ICD-9-CM to ICD-10-CA","mpnet","197","has a reference match",2038,0.168,0.122,-0.071,0.088,0.142,0.213,0.814,"C78","Secondary malignant neoplasm of respiratory and digestive organs","secondary malignant neoplasm of respiratory and digestive systems",24,"secondary malignancy"
"10_9","ICD-9-CM to ICD-10-CA","mpnet","198","has a reference match",2038,0.179,0.124,-0.038,0.1,0.149,0.219,0.802,"C79","Secondary malignant neoplasm of other and unspecified sites","secondary malignant neoplasm of other specified sites",24,"secondary malignancy"
"10_9","ICD-9-CM to ICD-10-CA","mpnet","199","has a reference match",2038,0.201,0.115,-0.027,0.125,0.177,0.247,0.738,"C80","Malignant neoplasm without specification of site","malignant neoplasm without specification of site",25,"malignant neoplasm without specification of site"
"10_9","ICD-9-CM to ICD-10-CA","mpnet","200","has a reference match",2038,0.153,0.112,-0.086,0.077,0.133,0.196,0.71,"C96","Other and unspecified malignant neoplasms of lymphoid, haematopoietic and related tissue","lymphosarcoma and reticulosarcoma and other specified malignant tumors of lymphatic tissue",26,"nonhodgkins lymphoma"
"10_9","ICD-9-CM to ICD-10-CA","mpnet","201","has a reference match",2038,0.214,0.09,-0.046,0.152,0.215,0.275,0.681,"C81","Hodgkin lymphoma","hodgkins disease",27,"hodgkins disease"
"10_9","ICD-9-CM to ICD-10-CA","mpnet","202","has a reference match",2038,0.17,0.128,-0.062,0.081,0.148,0.225,0.862,"C96","Other and unspecified malignant neoplasms of lymphoid, haematopoietic and related tissue","other malignant neoplasms of lymphoid and histiocytic tissue",26,"nonhodgkins lymphoma"
"10_9","ICD-9-CM to ICD-10-CA","mpnet","203","has a reference match",2038,0.144,0.099,-0.085,0.074,0.124,0.193,0.773,"C90","Multiple myeloma and malignant plasma cell neoplasms","multiple myeloma and immunoproliferative neoplasms",28,"multiple myeloma and leukemias"
"10_9","ICD-9-CM to ICD-10-CA","mpnet","204","has a reference match",2038,0.252,0.093,-0.044,0.188,0.247,0.311,0.689,"C91","Lymphoid leukaemia","lymphoid leukemia",28,"multiple myeloma and leukemias"
"10_9","ICD-9-CM to ICD-10-CA","mpnet","205","has a reference match",2038,0.228,0.086,-0.028,0.169,0.225,0.281,0.676,"C92","Myeloid leukaemia","myeloid leukemia",28,"multiple myeloma and leukemias"
"10_9","ICD-9-CM to ICD-10-CA","mpnet","206","has a reference match",2038,0.225,0.089,-0.037,0.166,0.217,0.282,0.724,"C93","Monocytic leukaemia","monocytic leukemia",28,"multiple myeloma and leukemias"
"10_9","ICD-9-CM to ICD-10-CA","mpnet","207","has a reference match",2038,0.257,0.091,-0.027,0.197,0.256,0.318,0.658,"C94","Other leukaemias of specified cell type","other specified leukemia",28,"multiple myeloma and leukemias"
"10_9","ICD-9-CM to ICD-10-CA","mpnet","208","has a reference match",2038,0.24,0.101,-0.045,0.175,0.231,0.298,0.695,"C95","Leukaemia of unspecified cell type","leukemia of unspecified cell type",28,"multiple myeloma and leukemias"
"10_9","ICD-9-CM to ICD-10-CA","mpnet","209","no reference match",2038,0.19,0.101,-0.09,0.117,0.177,0.243,0.619,"D44","Neoplasm of uncertain or unknown behaviour of endocrine glands","neuroendocrine tumors",10,"other cancers"
"10_9","ICD-9-CM to ICD-10-CA","mpnet","225","has a reference match",2038,0.176,0.107,-0.048,0.105,0.156,0.223,0.707,"D33","Benign neoplasm of brain and other parts of central nervous system","benign neoplasm of brain and other parts of nervous system",29,"other and unspecified benign neoplasm"
"10_9","ICD-9-CM to ICD-10-CA","mpnet","230","has a reference match",2038,0.171,0.105,-0.04,0.101,0.148,0.211,0.763,"D01","Carcinoma in situ of other and unspecified digestive organs","carcinoma in situ of digestive organs",4,"cancer of other gi organs peritoneum"
"10_9","ICD-9-CM to ICD-10-CA","mpnet","231","has a reference match",2038,0.185,0.113,-0.085,0.114,0.163,0.229,0.699,"C39","Malignant neoplasm of other and ill-defined sites in the respiratory system and intrathoracic organs","carcinoma in situ of respiratory system",9,"lung and other respiratory cancer"
"10_9","ICD-9-CM to ICD-10-CA","mpnet","233","has a reference match",2038,0.175,0.103,-0.066,0.108,0.157,0.218,0.655,"D05","Carcinoma in situ of breast","carcinoma in situ of breast and genitourinary system",10,"other cancers"
"10_9","ICD-9-CM to ICD-10-CA","mpnet","234","has a reference match",2038,0.2,0.109,-0.036,0.125,0.183,0.247,0.708,"D09","Carcinoma in situ of other and unspecified sites","carcinoma in situ of other and unspecified sites",10,"other cancers"
"10_9","ICD-9-CM to ICD-10-CA","mpnet","237","has a reference match",2038,0.145,0.111,-0.071,0.07,0.124,0.192,0.788,"D44","Neoplasm of uncertain or unknown behaviour of endocrine glands","neoplasm of uncertain behavior of endocrine glands and nervous system",30,"neoplasms of unspecified nature"
"10_9","ICD-9-CM to ICD-10-CA","mpnet","238","has a reference match",2038,0.197,0.11,-0.031,0.121,0.181,0.246,0.633,"D48","Neoplasm of uncertain or unknown behaviour of other and unspecified sites","neoplasm of uncertain behavior of other and unspecified sites and tissues",30,"neoplasms of unspecified nature"
"10_9","ICD-9-CM to ICD-10-CA","mpnet","239","no reference match",2038,0.224,0.124,-0.011,0.136,0.201,0.28,0.7,"C97","Malignant neoplasms of independent (primary) multiple sites","neoplasms of unspecified nature",30,"neoplasms of unspecified nature"
"10_9","ICD-9-CM to ICD-10-CA","mpnet","240","has a reference match",2038,0.179,0.063,-0.031,0.137,0.178,0.222,0.473,"E04","Other nontoxic goitre","simple and unspecified goiter",31,"thyroid disorders"
"10_9","ICD-9-CM to ICD-10-CA","mpnet","241","has a reference match",2038,0.239,0.086,-0.041,0.182,0.248,0.298,0.552,"E04","Other nontoxic goitre","nontoxic nodular goiter",31,"thyroid disorders"
"10_9","ICD-9-CM to ICD-10-CA","mpnet","242","has a reference match",2038,0.222,0.086,-0.049,0.165,0.226,0.278,0.687,"E05","Thyrotoxicosis [hyperthyroidism]","thyrotoxicosis with or without goiter",31,"thyroid disorders"
"10_9","ICD-9-CM to ICD-10-CA","mpnet","243","has a reference match",2038,0.221,0.094,-0.029,0.156,0.217,0.282,0.715,"E20","Hypoparathyroidism","congenital hypothyroidism",31,"thyroid disorders"
"10_9","ICD-9-CM to ICD-10-CA","mpnet","244","has a reference match",2038,0.231,0.084,0.018,0.174,0.229,0.283,0.726,"E20","Hypoparathyroidism","acquired hypothyroidism",31,"thyroid disorders"
"10_9","ICD-9-CM to ICD-10-CA","mpnet","245","has a reference match",2038,0.231,0.085,-0.05,0.174,0.231,0.286,0.745,"E06","Thyroiditis","thyroiditis",31,"thyroid disorders"
"10_9","ICD-9-CM to ICD-10-CA","mpnet","246","has a reference match",2038,0.209,0.104,-0.043,0.134,0.207,0.275,0.782,"E07","Other disorders of thyroid","other disorders of thyroid",31,"thyroid disorders"
"10_9","ICD-9-CM to ICD-10-CA","mpnet","249","no reference match",2038,0.237,0.085,-0.026,0.18,0.236,0.291,0.71,"E14","Unspecified diabetes mellitus","secondary diabetes mellitus",32,"diabetes mellitus"
"10_9","ICD-9-CM to ICD-10-CA","mpnet","250","has a reference match",2038,0.153,0.072,-0.067,0.103,0.149,0.197,0.579,"E10","Type 1 diabetes mellitus","diabetes mellitus",32,"diabetes mellitus"
"10_9","ICD-9-CM to ICD-10-CA","mpnet","251","has a reference match",2038,0.14,0.096,-0.082,0.068,0.135,0.201,0.661,"E21","Hyperparathyroidism and other disorders of parathyroid gland","other disorders of pancreatic internal secretiondisorders of parathyroid gland",33,"other endocrine disorders"
"10_9","ICD-9-CM to ICD-10-CA","mpnet","252","has a reference match",2038,0.186,0.103,-0.084,0.111,0.182,0.252,0.848,"E21","Hyperparathyroidism and other disorders of parathyroid gland","disorders of parathyroid gland",33,"other endocrine disorders"
"10_9","ICD-9-CM to ICD-10-CA","mpnet","253","has a reference match",2038,0.144,0.098,-0.094,0.07,0.136,0.205,0.783,"E23","Hypofunction and other disorders of pituitary gland","disorders of the pituitary gland and its hypothalamic control",33,"other endocrine disorders"
"10_9","ICD-9-CM to ICD-10-CA","mpnet","254","has a reference match",2038,0.216,0.105,-0.068,0.14,0.224,0.29,0.815,"E32","Diseases of thymus","diseases of thymus gland",33,"other endocrine disorders"
"10_9","ICD-9-CM to ICD-10-CA","mpnet","255","has a reference match",2038,0.203,0.106,-0.049,0.122,0.203,0.274,0.785,"E27","Other disorders of adrenal gland","disorders of adrenal glands",33,"other endocrine disorders"
"10_9","ICD-9-CM to ICD-10-CA","mpnet","256","has a reference match",2038,0.221,0.099,-0.03,0.152,0.215,0.282,0.792,"E28","Ovarian dysfunction","ovarian dysfunction",33,"other endocrine disorders"
"10_9","ICD-9-CM to ICD-10-CA","mpnet","257","has a reference match",2038,0.248,0.096,-0.005,0.184,0.251,0.311,0.817,"E29","Testicular dysfunction","testicular dysfunction",33,"other endocrine disorders"
"10_9","ICD-9-CM to ICD-10-CA","mpnet","258","has a reference match",2038,0.197,0.105,-0.054,0.117,0.187,0.265,0.792,"E31","Polyglandular dysfunction","polyglandular dysfunction and related disorders",33,"other endocrine disorders"
"10_9","ICD-9-CM to ICD-10-CA","mpnet","259","has a reference match",2038,0.237,0.118,-0.062,0.152,0.237,0.315,0.74,"E34","Other endocrine disorders","other endocrine disorders",33,"other endocrine disorders"
"10_9","ICD-9-CM to ICD-10-CA","mpnet","260","has a reference match",2038,0.119,0.053,-0.055,0.085,0.116,0.15,0.646,"E40","Kwashiorkor","kwashiorkor",34,"nutritional deficiencies"
"10_9","ICD-9-CM to ICD-10-CA","mpnet","261","has a reference match",2038,0.124,0.066,-0.08,0.08,0.119,0.163,0.652,"E41","Nutritional marasmus","nutritional marasmus",34,"nutritional deficiencies"
"10_9","ICD-9-CM to ICD-10-CA","mpnet","262","has a reference match",2038,0.189,0.091,-0.099,0.129,0.187,0.242,0.729,"E43","Unspecified severe protein-energy malnutrition","other severe proteincalorie malnutrition",34,"nutritional deficiencies"
"10_9","ICD-9-CM to ICD-10-CA","mpnet","263","has a reference match",2038,0.205,0.095,-0.113,0.146,0.203,0.262,0.768,"E43","Unspecified severe protein-energy malnutrition","other and unspecified proteincalorie malnutrition",34,"nutritional deficiencies"
"10_9","ICD-9-CM to ICD-10-CA","mpnet","268","has a reference match",2038,0.205,0.099,-0.066,0.136,0.205,0.269,0.711,"E55","Vitamin D deficiency","vitamin d deficiency",34,"nutritional deficiencies"
"10_9","ICD-9-CM to ICD-10-CA","mpnet","270","has a reference match",2038,0.152,0.097,-0.081,0.081,0.147,0.213,0.695,"E72","Other disorders of amino-acid metabolism","disorders of aminoacid transport and metabolism",35,"other nutritional endocrine immunity and metabolic disorders"
"10_9","ICD-9-CM to ICD-10-CA","mpnet","271","has a reference match",2038,0.195,0.107,-0.067,0.12,0.185,0.261,0.739,"E74","Other disorders of carbohydrate metabolism","disorders of carbohydrate transport and metabolism",35,"other nutritional endocrine immunity and metabolic disorders"
"10_9","ICD-9-CM to ICD-10-CA","mpnet","272","has a reference match",2038,0.183,0.101,-0.085,0.111,0.178,0.25,0.766,"E78","Disorders of lipoprotein metabolism and other lipidaemias","disorders of lipoid metabolism",36,"disorders of lipid metabolism"
"10_9","ICD-9-CM to ICD-10-CA","mpnet","273","has a reference match",2038,0.197,0.113,-0.077,0.112,0.189,0.267,0.691,"E72","Other disorders of amino-acid metabolism","disorders of plasma protein metabolism",35,"other nutritional endocrine immunity and metabolic disorders"
"10_9","ICD-9-CM to ICD-10-CA","mpnet","274","has a reference match",2038,0.235,0.081,-0.011,0.177,0.231,0.292,0.691,"M10","Gout","gout",37,"gout and other crystal arthropathies"
"10_9","ICD-9-CM to ICD-10-CA","mpnet","275","has a reference match",2038,0.194,0.11,-0.074,0.117,0.185,0.262,0.873,"E83","Disorders of mineral metabolism","disorders of mineral metabolism",35,"other nutritional endocrine immunity and metabolic disorders"
"10_9","ICD-9-CM to ICD-10-CA","mpnet","277","has a reference match",2038,0.229,0.12,-0.076,0.146,0.226,0.308,0.719,"E74","Other disorders of carbohydrate metabolism","other and unspecified disorders of metabolism",35,"other nutritional endocrine immunity and metabolic disorders"
"10_9","ICD-9-CM to ICD-10-CA","mpnet","278","has a reference match",2038,0.181,0.082,-0.043,0.124,0.177,0.229,0.535,"E88","Other metabolic disorders","overweight obesity and other hyperalimentation",35,"other nutritional endocrine immunity and metabolic disorders"
"10_9","ICD-9-CM to ICD-10-CA","mpnet","279","has a reference match",2038,0.268,0.118,-0.043,0.182,0.271,0.355,0.869,"D89","Other disorders involving the immune mechanism, not elsewhere classified","disorders involving the immune mechanism",35,"other nutritional endocrine immunity and metabolic disorders"
"10_9","ICD-9-CM to ICD-10-CA","mpnet","280","has a reference match",2038,0.167,0.089,-0.117,0.109,0.164,0.222,0.737,"D50","Iron deficiency anaemia","iron deficiency anemias",38,"anemia"
"10_9","ICD-9-CM to ICD-10-CA","mpnet","282","has a reference match",2038,0.188,0.1,-0.118,0.114,0.187,0.255,0.822,"D58","Other hereditary haemolytic anaemias","hereditary hemolytic anemias",38,"anemia"
"10_9","ICD-9-CM to ICD-10-CA","mpnet","283","has a reference match",2038,0.223,0.095,-0.112,0.159,0.221,0.285,0.725,"D59","Acquired haemolytic anaemia","acquired hemolytic anemias",38,"anemia"
"10_9","ICD-9-CM to ICD-10-CA","mpnet","284","has a reference match",2038,0.181,0.089,-0.085,0.12,0.177,0.238,0.71,"D61","Other aplastic anaemias","aplastic anemia and other bone marrow failure syndromes",38,"anemia"
"10_9","ICD-9-CM to ICD-10-CA","mpnet","285","has a reference match",2038,0.254,0.098,-0.109,0.188,0.255,0.322,0.666,"D64","Other anaemias","other and unspecified anemias",38,"anemia"
"10_9","ICD-9-CM to ICD-10-CA","mpnet","286","has a reference match",2038,0.256,0.088,-0.062,0.193,0.259,0.317,0.773,"D68","Other coagulation defects","coagulation defects",39,"other hematologic conditions"
"10_9","ICD-9-CM to ICD-10-CA","mpnet","287","has a reference match",2038,0.242,0.09,-0.053,0.182,0.237,0.299,0.832,"D69","Purpura and other haemorrhagic conditions","purpura and other hemorrhagic conditions",39,"other hematologic conditions"
"10_9","ICD-9-CM to ICD-10-CA","mpnet","288","has a reference match",2038,0.202,0.107,-0.064,0.118,0.189,0.279,0.778,"D72","Other disorders of white blood cells","diseases of white blood cells",39,"other hematologic conditions"
"10_9","ICD-9-CM to ICD-10-CA","mpnet","289","has a reference match",2038,0.252,0.12,-0.095,0.166,0.255,0.339,0.818,"D77","Other disorders of blood and blood-forming organs in diseases classified elsewhere","other diseases of blood and bloodforming organs",39,"other hematologic conditions"
"10_9","ICD-9-CM to ICD-10-CA","mpnet","290","has a reference match",2038,0.169,0.071,-0.064,0.119,0.162,0.211,0.597,"F03","Unspecified dementia","dementias",40,"delirium dementia and other cognitive disorders"
"10_9","ICD-9-CM to ICD-10-CA","mpnet","291","has a reference match",2038,0.14,0.095,-0.062,0.082,0.123,0.176,0.821,"F10","Mental and behavioural disorders due to use of alcohol","alcoholinduced mental disorders",41,"alcohol and substancerelated disorders"
"10_9","ICD-9-CM to ICD-10-CA","mpnet","292","has a reference match",2038,0.171,0.105,-0.053,0.105,0.153,0.212,0.747,"F19","Mental and behavioural disorders due to multiple drug use and use of other psychoactive substances","druginduced mental disorders",41,"alcohol and substancerelated disorders"
"10_9","ICD-9-CM to ICD-10-CA","mpnet","294","has a reference match",2038,0.165,0.103,-0.054,0.1,0.152,0.208,0.712,"F06","Other mental disorders due to brain damage and dysfunction and to physical disease","persistent mental disorders due to conditions classified elsewhere",40,"delirium dementia and other cognitive disorders"
"10_9","ICD-9-CM to ICD-10-CA","mpnet","295","has a reference match",2038,0.16,0.091,-0.071,0.1,0.147,0.208,0.645,"F25","Schizoaffective disorders","schizophrenic disorders",42,"schizophrenia and other psychotic disorders"
"10_9","ICD-9-CM to ICD-10-CA","mpnet","296","has a reference match",2038,0.152,0.103,-0.061,0.09,0.136,0.193,0.711,"F34","Persistent mood [affective] disorders","episodic mood disorders",43,"mood and anxiety disorders"
"10_9","ICD-9-CM to ICD-10-CA","mpnet","297","has a reference match",2038,0.155,0.091,-0.05,0.098,0.143,0.194,0.706,"F22","Persistent delusional disorders","delusional disorders",42,"schizophrenia and other psychotic disorders"
"10_9","ICD-9-CM to ICD-10-CA","mpnet","298","has a reference match",2038,0.19,0.104,-0.039,0.121,0.179,0.24,0.705,"F28","Other nonorganic psychotic disorders","other nonorganic psychoses",42,"schizophrenia and other psychotic disorders"
"10_9","ICD-9-CM to ICD-10-CA","mpnet","299","has a reference match",2038,0.172,0.098,-0.046,0.108,0.16,0.227,0.771,"F84","Pervasive developmental disorders","pervasive developmental disorders",44,"disorders usually diagnosed in infancy childhood or adolescence"
"10_9","ICD-9-CM to ICD-10-CA","mpnet","300","has a reference match",2038,0.139,0.098,-0.07,0.075,0.125,0.18,0.635,"F40","Phobic anxiety disorders","anxiety dissociative and somatoform disorders",43,"mood and anxiety disorders"
"10_9","ICD-9-CM to ICD-10-CA","mpnet","301","has a reference match",2038,0.161,0.085,-0.027,0.108,0.149,0.196,0.618,"F61","Mixed and other personality disorders","personality disorders",45,"personality disorders"
"10_9","ICD-9-CM to ICD-10-CA","mpnet","303","has a reference match",2038,0.221,0.088,-0.009,0.162,0.212,0.271,0.698,"F10","Mental and behavioural disorders due to use of alcohol","alcohol dependence syndrome",41,"alcohol and substancerelated disorders"
"10_9","ICD-9-CM to ICD-10-CA","mpnet","304","has a reference match",2038,0.187,0.086,-0.045,0.126,0.178,0.235,0.615,"F55","Abuse of non-dependence-producing substances","drug dependence",41,"alcohol and substancerelated disorders"
"10_9","ICD-9-CM to ICD-10-CA","mpnet","305","has a reference match",2038,0.171,0.083,-0.024,0.118,0.157,0.206,0.721,"F55","Abuse of non-dependence-producing substances","nondependent abuse of drugs",41,"alcohol and substancerelated disorders"
"10_9","ICD-9-CM to ICD-10-CA","mpnet","306","has a reference match",2038,0.257,0.095,0.025,0.191,0.251,0.311,0.706,"F06","Other mental disorders due to brain damage and dysfunction and to physical disease","physiological malfunction arising from mental factors",46,"miscellaneous mental health disorders"
"10_9","ICD-9-CM to ICD-10-CA","mpnet","307","has a reference match",2038,0.29,0.099,0.002,0.225,0.294,0.363,0.569,"G26","Extrapyramidal and movement disorders in diseases classified elsewhere","special symptoms or syndromes not elsewhere classified",46,"miscellaneous mental health disorders"
"10_9","ICD-9-CM to ICD-10-CA","mpnet","308","has a reference match",2038,0.264,0.084,-0.001,0.205,0.268,0.323,0.631,"F43","Reaction to severe stress, and adjustment disorders","acute reaction to stress",43,"mood and anxiety disorders"
"10_9","ICD-9-CM to ICD-10-CA","mpnet","309","has a reference match",2038,0.136,0.061,-0.022,0.092,0.133,0.176,0.34,"R27","Other lack of coordination","adjustment reaction",47,"adjustment disorders"
"10_9","ICD-9-CM to ICD-10-CA","mpnet","310","has a reference match",2038,0.174,0.104,-0.063,0.101,0.159,0.221,0.793,"F06","Other mental disorders due to brain damage and dysfunction and to physical disease","specific nonpsychotic mental disorders due to brain damage",46,"miscellaneous mental health disorders"
"10_9","ICD-9-CM to ICD-10-CA","mpnet","311","has a reference match",2038,0.178,0.088,-0.052,0.119,0.168,0.223,0.639,"F33","Recurrent depressive disorder","depressive disorder not elsewhere classified",43,"mood and anxiety disorders"
"10_9","ICD-9-CM to ICD-10-CA","mpnet","312","has a reference match",2038,0.203,0.073,0.038,0.156,0.194,0.242,0.519,"Y25","Contact with explosive material, undetermined intent","disturbance of conduct not elsewhere classified",48,"attentiondeficit conduct and disruptive behavior disorders"
"10_9","ICD-9-CM to ICD-10-CA","mpnet","314","has a reference match",2038,0.222,0.1,-0.062,0.15,0.223,0.295,0.631,"F90","Hyperkinetic disorders","hyperkinetic syndrome of childhood",48,"attentiondeficit conduct and disruptive behavior disorders"
"10_9","ICD-9-CM to ICD-10-CA","mpnet","315","has a reference match",2038,0.138,0.06,-0.057,0.098,0.136,0.173,0.361,"O63","Long labour","specific delays in development",49,"developmental disorders"
"10_9","ICD-9-CM to ICD-10-CA","mpnet","316","has a reference match",2038,0.167,0.098,-0.059,0.102,0.162,0.226,0.62,"F54","Psychological and behavioural factors associated with disorders or diseases classified elsewhere","psychic factors associated with diseases classified elsewhere",46,"miscellaneous mental health disorders"
"10_9","ICD-9-CM to ICD-10-CA","mpnet","317","has a reference match",2038,0.2,0.089,-0.035,0.137,0.194,0.255,0.643,"F78","Other mental retardation","mild intellectual disabilities",49,"developmental disorders"
"10_9","ICD-9-CM to ICD-10-CA","mpnet","318","has a reference match",2038,0.217,0.092,-0.026,0.151,0.211,0.275,0.659,"F78","Other mental retardation","other specified intellectual disabilities",49,"developmental disorders"
"10_9","ICD-9-CM to ICD-10-CA","mpnet","319","has a reference match",2038,0.219,0.09,-0.044,0.158,0.214,0.275,0.695,"F79","Unspecified mental retardation","unspecified intellectual disabilities",49,"developmental disorders"
"10_9","ICD-9-CM to ICD-10-CA","mpnet","327","no reference match",2038,0.171,0.092,-0.07,0.104,0.164,0.23,0.702,"F51","Nonorganic sleep disorders","organic sleep disorders",50,"other nervous system conditions"
"10_9","ICD-9-CM to ICD-10-CA","mpnet","330","has a reference match",2038,0.214,0.1,-0.027,0.144,0.206,0.277,0.591,"G32","Other degenerative disorders of nervous system in diseases classified elsewhere","cerebral degenerations usually manifest in childhood",50,"other nervous system conditions"
"10_9","ICD-9-CM to ICD-10-CA","mpnet","331","has a reference match",2038,0.256,0.107,-0.033,0.179,0.248,0.322,0.707,"G32","Other degenerative disorders of nervous system in diseases classified elsewhere","other cerebral degenerations",40,"delirium dementia and other cognitive disorders"
"10_9","ICD-9-CM to ICD-10-CA","mpnet","332","has a reference match",2038,0.245,0.092,-0.057,0.181,0.243,0.305,0.67,"G22","Parkinsonism in diseases classified elsewhere","parkinsons disease",51,"parkinsons disease"
"10_9","ICD-9-CM to ICD-10-CA","mpnet","333","has a reference match",2038,0.234,0.109,-0.053,0.161,0.229,0.311,0.819,"G26","Extrapyramidal and movement disorders in diseases classified elsewhere","other extrapyramidal disease and abnormal movement disorders",50,"other nervous system conditions"
"10_9","ICD-9-CM to ICD-10-CA","mpnet","334","has a reference match",2038,0.262,0.103,-0.025,0.19,0.26,0.332,0.614,"G37","Other demyelinating diseases of central nervous system","spinocerebellar disease",50,"other nervous system conditions"
"10_9","ICD-9-CM to ICD-10-CA","mpnet","335","has a reference match",2038,0.259,0.101,-0.09,0.184,0.262,0.332,0.534,"N75","Diseases of Bartholin's gland","anterior horn cell disease",50,"other nervous system conditions"
"10_9","ICD-9-CM to ICD-10-CA","mpnet","336","has a reference match",2038,0.262,0.11,-0.022,0.186,0.252,0.33,0.78,"G95","Other diseases of spinal cord","other diseases of spinal cord",50,"other nervous system conditions"
"10_9","ICD-9-CM to ICD-10-CA","mpnet","337","has a reference match",2038,0.237,0.103,-0.006,0.163,0.232,0.305,0.73,"G90","Disorders of autonomic nervous system","disorders of the autonomic nervous system",50,"other nervous system conditions"
"10_9","ICD-9-CM to ICD-10-CA","mpnet","338","no reference match",2038,0.214,0.074,0,0.162,0.213,0.263,0.745,"R52","Pain, not elsewhere classified","pain not elsewhere classified",50,"other nervous system conditions"
"10_9","ICD-9-CM to ICD-10-CA","mpnet","339","no reference match",2038,0.203,0.092,-0.04,0.134,0.196,0.264,0.766,"G44","Other headache syndromes","other headache syndromes",52,"headache including migraine"
"10_9","ICD-9-CM to ICD-10-CA","mpnet","340","has a reference match",2038,0.24,0.098,-0.055,0.172,0.236,0.301,0.83,"G35","Multiple sclerosis","multiple sclerosis",53,"multiple sclerosis"
"10_9","ICD-9-CM to ICD-10-CA","mpnet","341","has a reference match",2038,0.238,0.117,-0.031,0.155,0.227,0.312,0.842,"G37","Other demyelinating diseases of central nervous system","other demyelinating diseases of central nervous system",50,"other nervous system conditions"
"10_9","ICD-9-CM to ICD-10-CA","mpnet","342","has a reference match",2038,0.198,0.098,-0.083,0.135,0.192,0.257,0.744,"G81","Hemiplegia","hemiplegia and hemiparesis",54,"paralysis"
"10_9","ICD-9-CM to ICD-10-CA","mpnet","343","has a reference match",2038,0.226,0.091,-0.056,0.163,0.22,0.282,0.621,"G80","Cerebral palsy","infantile cerebral palsy",54,"paralysis"
"10_9","ICD-9-CM to ICD-10-CA","mpnet","344","has a reference match",2038,0.226,0.1,-0.03,0.155,0.226,0.296,0.804,"G83","Other paralytic syndromes","other paralytic syndromes",54,"paralysis"
"10_9","ICD-9-CM to ICD-10-CA","mpnet","345","has a reference match",2038,0.221,0.09,-0.027,0.161,0.219,0.28,0.681,"G41","Status epilepticus","epilepsy and recurrent seizures",55,"epilepsyconvulsions"
"10_9","ICD-9-CM to ICD-10-CA","mpnet","346","has a reference match",2038,0.198,0.072,-0.003,0.146,0.197,0.246,0.657,"G43","Migraine","migraine",52,"headache including migraine"
"10_9","ICD-9-CM to ICD-10-CA","mpnet","347","has a reference match",2038,0.183,0.084,-0.072,0.127,0.177,0.234,0.555,"Y47","Sedatives, hypnotics and antianxiety drugs","cataplexy and narcolepsy",50,"other nervous system conditions"
"10_9","ICD-9-CM to ICD-10-CA","mpnet","348","has a reference match",2038,0.244,0.122,-0.04,0.156,0.232,0.322,0.733,"G94","Other disorders of brain in diseases classified elsewhere","other conditions of brain",50,"other nervous system conditions"
"10_9","ICD-9-CM to ICD-10-CA","mpnet","353","has a reference match",2038,0.192,0.104,-0.036,0.115,0.185,0.254,0.845,"G54","Nerve root and plexus disorders","nerve root and plexus disorders",50,"other nervous system conditions"
"10_9","ICD-9-CM to ICD-10-CA","mpnet","354","has a reference match",2038,0.242,0.108,-0.042,0.163,0.234,0.319,0.683,"G56","Mononeuropathies of upper limb","mononeuritis of upper limb and mononeuritis multiplex",50,"other nervous system conditions"
"10_9","ICD-9-CM to ICD-10-CA","mpnet","355","has a reference match",2038,0.238,0.107,-0.016,0.161,0.229,0.306,0.699,"G56","Mononeuropathies of upper limb","mononeuritis of lower limb and unspecified site",50,"other nervous system conditions"
"10_9","ICD-9-CM to ICD-10-CA","mpnet","356","has a reference match",2038,0.209,0.111,-0.043,0.129,0.203,0.274,0.753,"G60","Hereditary and idiopathic neuropathy","hereditary and idiopathic peripheral neuropathy",50,"other nervous system conditions"
"10_9","ICD-9-CM to ICD-10-CA","mpnet","357","has a reference match",2038,0.275,0.105,0.003,0.199,0.271,0.346,0.674,"G61","Inflammatory polyneuropathy","inflammatory and toxic neuropathy",50,"other nervous system conditions"
"10_9","ICD-9-CM to ICD-10-CA","mpnet","358","has a reference match",2038,0.217,0.113,-0.09,0.142,0.213,0.29,0.663,"G73","Disorders of myoneural junction and muscle in diseases classified elsewhere","myoneural disorders",50,"other nervous system conditions"
"10_9","ICD-9-CM to ICD-10-CA","mpnet","359","has a reference match",2038,0.174,0.114,-0.071,0.089,0.163,0.245,0.671,"M63","Disorders of muscle in diseases classified elsewhere","muscular dystrophies and other myopathies",50,"other nervous system conditions"
"10_9","ICD-9-CM to ICD-10-CA","mpnet","360","has a reference match",2038,0.216,0.104,-0.074,0.151,0.215,0.285,0.585,"F06","Other mental disorders due to brain damage and dysfunction and to physical disease","disorders of the globe",56,"other eye disorders"
"10_9","ICD-9-CM to ICD-10-CA","mpnet","361","has a reference match",2038,0.206,0.094,-0.038,0.138,0.198,0.264,0.794,"H33","Retinal detachments and breaks","retinal detachments and defects",57,"retinal detachments defects vascular occlusion and retinopathy"
"10_9","ICD-9-CM to ICD-10-CA","mpnet","362","has a reference match",2038,0.195,0.119,-0.095,0.107,0.19,0.274,0.74,"H36","Retinal disorders in diseases classified elsewhere","other retinal disorders",57,"retinal detachments defects vascular occlusion and retinopathy"
"10_9","ICD-9-CM to ICD-10-CA","mpnet","363","has a reference match",2038,0.167,0.101,-0.08,0.097,0.164,0.23,0.677,"H30","Chorioretinal inflammation","chorioretinal inflammations scars and other disorders of choroid",56,"other eye disorders"
"10_9","ICD-9-CM to ICD-10-CA","mpnet","364","has a reference match",2038,0.18,0.114,-0.138,0.103,0.177,0.251,0.851,"H22","Disorders of iris and ciliary body in diseases classified elsewhere","disorders of iris and ciliary body",56,"other eye disorders"
"10_9","ICD-9-CM to ICD-10-CA","mpnet","365","has a reference match",2038,0.143,0.086,-0.052,0.082,0.135,0.19,0.703,"H40","Glaucoma","glaucoma",58,"glaucoma"
"10_9","ICD-9-CM to ICD-10-CA","mpnet","366","has a reference match",2038,0.234,0.072,0.022,0.186,0.233,0.278,0.602,"H26","Other cataract","cataract",59,"cataract"
"10_9","ICD-9-CM to ICD-10-CA","mpnet","369","has a reference match",2038,0.246,0.08,-0.043,0.193,0.244,0.294,0.605,"H54","Visual impairment including blindness (binocular or monocular)","blindness and low vision",60,"blindness and vision defects"
"10_9","ICD-9-CM to ICD-10-CA","mpnet","370","has a reference match",2038,0.224,0.103,-0.028,0.151,0.218,0.289,0.725,"H16","Keratitis","keratitis",56,"other eye disorders"
"10_9","ICD-9-CM to ICD-10-CA","mpnet","371","has a reference match",2038,0.206,0.1,-0.058,0.144,0.204,0.264,0.705,"H17","Corneal scars and opacities","corneal opacity and other disorders of cornea",56,"other eye disorders"
"10_9","ICD-9-CM to ICD-10-CA","mpnet","372","has a reference match",2038,0.192,0.104,-0.063,0.117,0.188,0.259,0.74,"H13","Disorders of conjunctiva in diseases classified elsewhere","disorders of conjunctiva",56,"other eye disorders"
"10_9","ICD-9-CM to ICD-10-CA","mpnet","376","has a reference match",2038,0.237,0.095,-0.027,0.174,0.235,0.301,0.781,"H05","Disorders of orbit","disorders of the orbit",56,"other eye disorders"
"10_9","ICD-9-CM to ICD-10-CA","mpnet","377","has a reference match",2038,0.166,0.11,-0.063,0.082,0.156,0.232,0.738,"H47","Other disorders of optic [2nd] nerve and visual pathways","disorders of optic nerve and visual pathways",56,"other eye disorders"
"10_9","ICD-9-CM to ICD-10-CA","mpnet","379","has a reference match",2038,0.206,0.118,-0.076,0.12,0.197,0.285,0.674,"Q15","Other congenital malformations of eye","other disorders of eye",56,"other eye disorders"
"10_9","ICD-9-CM to ICD-10-CA","mpnet","380","has a reference match",2038,0.228,0.108,-0.046,0.148,0.228,0.3,0.749,"H61","Other disorders of external ear","disorders of external ear",61,"other ear and sense organ disorders"
"10_9","ICD-9-CM to ICD-10-CA","mpnet","381","has a reference match",2038,0.178,0.099,-0.079,0.11,0.176,0.24,0.708,"H69","Other disorders of Eustachian tube","nonsuppurative otitis media and eustachian tube disorders",62,"otitis media and related conditions"
"10_9","ICD-9-CM to ICD-10-CA","mpnet","382","has a reference match",2038,0.242,0.094,-0.021,0.179,0.237,0.301,0.841,"H66","Suppurative and unspecified otitis media","suppurative and unspecified otitis media",62,"otitis media and related conditions"
"10_9","ICD-9-CM to ICD-10-CA","mpnet","383","has a reference match",2038,0.226,0.094,-0.045,0.162,0.225,0.287,0.804,"H70","Mastoiditis and related conditions","mastoiditis and related conditions",62,"otitis media and related conditions"
"10_9","ICD-9-CM to ICD-10-CA","mpnet","384","has a reference match",2038,0.197,0.114,-0.092,0.117,0.197,0.273,0.812,"H73","Other disorders of tympanic membrane","other disorders of tympanic membrane",61,"other ear and sense organ disorders"
"10_9","ICD-9-CM to ICD-10-CA","mpnet","386","has a reference match",2038,0.199,0.1,-0.078,0.129,0.189,0.259,0.748,"H81","Disorders of vestibular function","vertiginous syndromes and other disorders of vestibular system",63,"conditions associated with dizziness or vertigo"
"10_9","ICD-9-CM to ICD-10-CA","mpnet","389","has a reference match",2038,0.214,0.074,-0.014,0.166,0.214,0.257,0.639,"H91","Other hearing loss","hearing loss",61,"other ear and sense organ disorders"
"10_9","ICD-9-CM to ICD-10-CA","mpnet","393","has a reference match",2038,0.237,0.094,-0.022,0.168,0.234,0.3,0.671,"I09","Other rheumatic heart diseases","chronic rheumatic pericarditis",64,"peri endo and myocarditis cardiomyopathy"
"10_9","ICD-9-CM to ICD-10-CA","mpnet","394","has a reference match",2038,0.193,0.099,-0.063,0.126,0.188,0.254,0.829,"I34","Nonrheumatic mitral valve disorders","diseases of mitral valve",65,"heart valve disorders"
"10_9","ICD-9-CM to ICD-10-CA","mpnet","395","has a reference match",2038,0.201,0.096,-0.025,0.135,0.194,0.258,0.77,"I06","Rheumatic aortic valve diseases","diseases of aortic valve",65,"heart valve disorders"
"10_9","ICD-9-CM to ICD-10-CA","mpnet","396","has a reference match",2038,0.184,0.1,-0.067,0.116,0.173,0.242,0.782,"I34","Nonrheumatic mitral valve disorders","diseases of mitral and aortic valves",65,"heart valve disorders"
"10_9","ICD-9-CM to ICD-10-CA","mpnet","397","has a reference match",2038,0.221,0.108,-0.072,0.147,0.22,0.292,0.691,"I39","Endocarditis and heart valve disorders in diseases classified elsewhere","diseases of other endocardial structures",65,"heart valve disorders"
"10_9","ICD-9-CM to ICD-10-CA","mpnet","398","has a reference match",2038,0.18,0.109,-0.042,0.097,0.176,0.247,0.836,"I09","Other rheumatic heart diseases","other rheumatic heart disease",64,"peri endo and myocarditis cardiomyopathy"
"10_9","ICD-9-CM to ICD-10-CA","mpnet","401","has a reference match",2038,0.181,0.08,-0.012,0.128,0.176,0.231,0.691,"I10","Essential (primary) hypertension","essential hypertension",66,"hypertension"
"10_9","ICD-9-CM to ICD-10-CA","mpnet","402","has a reference match",2038,0.216,0.091,-0.024,0.155,0.209,0.27,0.645,"I11","Hypertensive heart disease","hypertensive heart disease",67,"hypertension complications"
"10_9","ICD-9-CM to ICD-10-CA","mpnet","403","has a reference match",2038,0.173,0.099,-0.066,0.105,0.16,0.228,0.719,"N18","Chronic kidney disease","hypertensive chronic kidney disease",67,"hypertension complications"
"10_9","ICD-9-CM to ICD-10-CA","mpnet","404","has a reference match",2038,0.111,0.101,-0.108,0.04,0.098,0.16,0.734,"I13","Hypertensive heart and renal disease","hypertensive heart and chronic kidney disease",67,"hypertension complications"
"10_9","ICD-9-CM to ICD-10-CA","mpnet","405","has a reference match",2038,0.211,0.078,-0.018,0.159,0.21,0.26,0.681,"I15","Secondary hypertension","secondary hypertension",67,"hypertension complications"
"10_9","ICD-9-CM to ICD-10-CA","mpnet","410","has a reference match",2038,0.226,0.087,-0.019,0.166,0.221,0.277,0.683,"I21","Acute myocardial infarction","acute myocardial infarction",68,"acute myocardial infarction"
"10_9","ICD-9-CM to ICD-10-CA","mpnet","411","has a reference match",2038,0.209,0.091,-0.027,0.146,0.205,0.257,0.67,"I23","Certain current complications following acute myocardial infarction","other acute and subacute forms of ischemic heart disease",69,"coronary atherosclerosis and other heart disease"
"10_9","ICD-9-CM to ICD-10-CA","mpnet","412","has a reference match",2038,0.189,0.085,-0.025,0.131,0.181,0.234,0.677,"I21","Acute myocardial infarction","old myocardial infarction",69,"coronary atherosclerosis and other heart disease"
"10_9","ICD-9-CM to ICD-10-CA","mpnet","413","has a reference match",2038,0.241,0.093,-0.013,0.182,0.24,0.293,0.722,"I20","Angina pectoris","angina pectoris",69,"coronary atherosclerosis and other heart disease"
"10_9","ICD-9-CM to ICD-10-CA","mpnet","414","has a reference match",2038,0.186,0.095,-0.038,0.12,0.178,0.236,0.683,"I25","Chronic ischaemic heart disease","other forms of chronic ischemic heart disease",69,"coronary atherosclerosis and other heart disease"
"10_9","ICD-9-CM to ICD-10-CA","mpnet","415","has a reference match",2038,0.238,0.092,-0.023,0.179,0.234,0.29,0.627,"I40","Acute myocarditis","acute pulmonary heart disease",70,"pulmonary heart disease"
"10_9","ICD-9-CM to ICD-10-CA","mpnet","416","has a reference match",2038,0.231,0.096,-0.014,0.167,0.226,0.285,0.681,"J44","Other chronic obstructive pulmonary disease","chronic pulmonary heart disease",70,"pulmonary heart disease"
"10_9","ICD-9-CM to ICD-10-CA","mpnet","417","has a reference match",2038,0.231,0.109,-0.076,0.154,0.228,0.302,0.688,"I28","Other diseases of pulmonary vessels","other diseases of pulmonary circulation",70,"pulmonary heart disease"
"10_9","ICD-9-CM to ICD-10-CA","mpnet","423","has a reference match",2038,0.193,0.096,-0.094,0.13,0.19,0.251,0.812,"I31","Other diseases of pericardium","other diseases of pericardium",64,"peri endo and myocarditis cardiomyopathy"
"10_9","ICD-9-CM to ICD-10-CA","mpnet","424","has a reference match",2038,0.23,0.102,-0.028,0.167,0.228,0.293,0.69,"I39","Endocarditis and heart valve disorders in diseases classified elsewhere","other diseases of endocardium",65,"heart valve disorders"
"10_9","ICD-9-CM to ICD-10-CA","mpnet","425","has a reference match",2038,0.232,0.091,-0.009,0.17,0.231,0.291,0.763,"I42","Cardiomyopathy","cardiomyopathy",64,"peri endo and myocarditis cardiomyopathy"
"10_9","ICD-9-CM to ICD-10-CA","mpnet","426","has a reference match",2038,0.237,0.083,-0.009,0.18,0.234,0.294,0.71,"I45","Other conduction disorders","conduction disorders",71,"conduction disorders"
"10_9","ICD-9-CM to ICD-10-CA","mpnet","427","has a reference match",2038,0.201,0.079,-0.042,0.149,0.199,0.25,0.628,"I49","Other cardiac arrhythmias","cardiac dysrhythmias",72,"cardiac dysrhythmias arrest chf and ventricular fibrillation"
"10_9","ICD-9-CM to ICD-10-CA","mpnet","428","has a reference match",2038,0.238,0.089,-0.042,0.181,0.236,0.293,0.657,"I42","Cardiomyopathy","heart failure",72,"cardiac dysrhythmias arrest chf and ventricular fibrillation"
"10_9","ICD-9-CM to ICD-10-CA","mpnet","429","has a reference match",2038,0.224,0.094,-0.026,0.162,0.221,0.279,0.705,"I51","Complications and ill-defined descriptions of heart disease","illdefined descriptions and complications of heart disease",73,"other and illdefined heart disease"
"10_9","ICD-9-CM to ICD-10-CA","mpnet","430","has a reference match",2038,0.201,0.086,-0.019,0.14,0.196,0.251,0.81,"I60","Subarachnoid haemorrhage","subarachnoid hemorrhage",74,"acute cerebrovascular disease"
"10_9","ICD-9-CM to ICD-10-CA","mpnet","431","has a reference match",2038,0.208,0.089,-0.026,0.15,0.202,0.257,0.786,"I61","Intracerebral haemorrhage","intracerebral hemorrhage",74,"acute cerebrovascular disease"
"10_9","ICD-9-CM to ICD-10-CA","mpnet","432","has a reference match",2038,0.217,0.089,-0.028,0.159,0.212,0.267,0.752,"I62","Other nontraumatic intracranial haemorrhage","other and unspecified intracranial hemorrhage",74,"acute cerebrovascular disease"
"10_9","ICD-9-CM to ICD-10-CA","mpnet","433","has a reference match",2038,0.18,0.084,-0.044,0.125,0.174,0.229,0.767,"I65","Occlusion and stenosis of precerebral arteries, not resulting in cerebral infarction","occlusion and stenosis of precerebral arteries",74,"acute cerebrovascular disease"
"10_9","ICD-9-CM to ICD-10-CA","mpnet","434","has a reference match",2038,0.202,0.087,-0.022,0.145,0.196,0.25,0.711,"I66","Occlusion and stenosis of cerebral arteries, not resulting in cerebral infarction","occlusion of cerebral arteries",74,"acute cerebrovascular disease"
"10_9","ICD-9-CM to ICD-10-CA","mpnet","435","has a reference match",2038,0.229,0.086,0.019,0.169,0.223,0.282,0.701,"G45","Transient cerebral ischaemic attacks and related syndromes","transient cerebral ischemia",75,"transient cerebral ischemia"
"10_9","ICD-9-CM to ICD-10-CA","mpnet","436","has a reference match",2038,0.218,0.094,-0.057,0.154,0.213,0.272,0.702,"I68","Cerebrovascular disorders in diseases classified elsewhere","acute but illdefined cerebrovascular disease",74,"acute cerebrovascular disease"
"10_9","ICD-9-CM to ICD-10-CA","mpnet","437","has a reference match",2038,0.204,0.102,-0.058,0.132,0.196,0.262,0.763,"I68","Cerebrovascular disorders in diseases classified elsewhere","other and illdefined cerebrovascular disease",76,"other and illdefined cerebrovascular disease"
"10_9","ICD-9-CM to ICD-10-CA","mpnet","438","has a reference match",2038,0.158,0.089,-0.068,0.096,0.152,0.209,0.682,"I69","Sequelae of cerebrovascular disease","late effects of cerebrovascular disease",76,"other and illdefined cerebrovascular disease"
"10_9","ICD-9-CM to ICD-10-CA","mpnet","440","has a reference match",2038,0.23,0.091,-0.038,0.169,0.229,0.286,0.682,"I70","Atherosclerosis","atherosclerosis",77,"other circulatory disease"
"10_9","ICD-9-CM to ICD-10-CA","mpnet","441","has a reference match",2038,0.168,0.079,-0.059,0.114,0.162,0.216,0.807,"I71","Aortic aneurysm and dissection","aortic aneurysm and dissection",77,"other circulatory disease"
"10_9","ICD-9-CM to ICD-10-CA","mpnet","442","has a reference match",2038,0.207,0.078,0.004,0.154,0.202,0.259,0.668,"I72","Other aneurysm and dissection","other aneurysm",77,"other circulatory disease"
"10_9","ICD-9-CM to ICD-10-CA","mpnet","443","has a reference match",2038,0.239,0.105,-0.027,0.166,0.233,0.309,0.742,"I73","Other peripheral vascular diseases","other peripheral vascular disease",77,"other circulatory disease"
"10_9","ICD-9-CM to ICD-10-CA","mpnet","444","has a reference match",2038,0.204,0.086,-0.049,0.145,0.196,0.252,0.782,"I74","Arterial embolism and thrombosis","arterial embolism and thrombosis",78,"aortic and peripheral arterial embolism or thrombosis"
"10_9","ICD-9-CM to ICD-10-CA","mpnet","445","no reference match",2038,0.228,0.077,0.004,0.177,0.229,0.278,0.518,"I42","Cardiomyopathy","atheroembolism",78,"aortic and peripheral arterial embolism or thrombosis"
"10_9","ICD-9-CM to ICD-10-CA","mpnet","446","has a reference match",2038,0.191,0.108,-0.065,0.11,0.182,0.267,0.926,"M30","Polyarteritis nodosa and related conditions","polyarteritis nodosa and allied conditions",77,"other circulatory disease"
"10_9","ICD-9-CM to ICD-10-CA","mpnet","447","has a reference match",2038,0.189,0.114,-0.078,0.107,0.179,0.261,0.786,"I79","Disorders of arteries, arterioles and capillaries in diseases classified elsewhere","other disorders of arteries and arterioles",77,"other circulatory disease"
"10_9","ICD-9-CM to ICD-10-CA","mpnet","448","has a reference match",2038,0.264,0.103,-0.031,0.194,0.27,0.335,0.789,"I78","Diseases of capillaries","disease of capillaries",77,"other circulatory disease"
"10_9","ICD-9-CM to ICD-10-CA","mpnet","453","has a reference match",2038,0.213,0.082,-0.025,0.159,0.209,0.257,0.797,"I82","Other venous embolism and thrombosis","other venous embolism and thrombosis",79,"phlebitis thrombophlebitis and thromboembolism"
"10_9","ICD-9-CM to ICD-10-CA","mpnet","456","has a reference match",2038,0.223,0.091,-0.02,0.16,0.222,0.282,0.85,"I86","Varicose veins of other sites","varicose veins of other sites",80,"other diseases of veins and lymphatics"
"10_9","ICD-9-CM to ICD-10-CA","mpnet","457","has a reference match",2038,0.201,0.105,-0.075,0.126,0.207,0.278,0.713,"I89","Other noninfective disorders of lymphatic vessels and lymph nodes","noninfectious disorders of lymphatic channels",80,"other diseases of veins and lymphatics"
"10_9","ICD-9-CM to ICD-10-CA","mpnet","459","has a reference match",2038,0.24,0.115,-0.058,0.163,0.241,0.315,0.812,"I99","Other and unspecified disorders of circulatory system","other disorders of circulatory system",80,"other diseases of veins and lymphatics"
"10_9","ICD-9-CM to ICD-10-CA","mpnet","472","has a reference match",2038,0.171,0.11,-0.089,0.095,0.17,0.24,0.815,"J31","Chronic rhinitis, nasopharyngitis and pharyngitis","chronic pharyngitis and nasopharyngitis",81,"other upper respiratory disease"
"10_9","ICD-9-CM to ICD-10-CA","mpnet","473","has a reference match",2038,0.223,0.09,-0.029,0.161,0.22,0.278,0.715,"J32","Chronic sinusitis","chronic sinusitis",82,"other upper respiratory infections"
"10_9","ICD-9-CM to ICD-10-CA","mpnet","474","has a reference match",2038,0.22,0.113,-0.051,0.142,0.221,0.293,0.9,"J35","Chronic diseases of tonsils and adenoids","chronic disease of tonsils and adenoids",83,"acute and chronic tonsillitis"
"10_9","ICD-9-CM to ICD-10-CA","mpnet","476","has a reference match",2038,0.169,0.101,-0.074,0.1,0.167,0.233,0.852,"J37","Chronic laryngitis and laryngotracheitis","chronic laryngitis and laryngotracheitis",81,"other upper respiratory disease"
"10_9","ICD-9-CM to ICD-10-CA","mpnet","477","has a reference match",2038,0.231,0.097,-0.025,0.16,0.227,0.293,0.594,"J31","Chronic rhinitis, nasopharyngitis and pharyngitis","allergic rhinitis",81,"other upper respiratory disease"
"10_9","ICD-9-CM to ICD-10-CA","mpnet","478","has a reference match",2038,0.23,0.116,-0.062,0.147,0.22,0.305,0.705,"J06","Acute upper respiratory infections of multiple and unspecified sites","other diseases of upper respiratory tract",81,"other upper respiratory disease"
"10_9","ICD-9-CM to ICD-10-CA","mpnet","491","has a reference match",2038,0.25,0.1,-0.011,0.184,0.244,0.31,0.761,"J47","Bronchiectasis","chronic bronchitis",84,"chronic obstructive pulmonary disease copd"
"10_9","ICD-9-CM to ICD-10-CA","mpnet","492","has a reference match",2038,0.231,0.078,-0.032,0.178,0.229,0.28,0.663,"J43","Emphysema","emphysema",84,"chronic obstructive pulmonary disease copd"
"10_9","ICD-9-CM to ICD-10-CA","mpnet","493","has a reference match",2038,0.203,0.08,-0.062,0.147,0.201,0.255,0.656,"J45","Asthma","asthma",85,"asthma"
"10_9","ICD-9-CM to ICD-10-CA","mpnet","494","has a reference match",2038,0.248,0.091,-0.035,0.189,0.244,0.302,0.767,"J47","Bronchiectasis","bronchiectasis",84,"chronic obstructive pulmonary disease copd"
"10_9","ICD-9-CM to ICD-10-CA","mpnet","495","has a reference match",2038,0.223,0.098,-0.03,0.154,0.216,0.284,0.583,"L26","Exfoliative dermatitis","extrinsic allergic alveolitis",86,"lung disease due to external agents"
"10_9","ICD-9-CM to ICD-10-CA","mpnet","496","has a reference match",2038,0.253,0.099,-0.009,0.192,0.254,0.312,0.675,"J95","Postprocedural respiratory disorders, not elsewhere classified","chronic airway obstruction not elsewhere classified",84,"chronic obstructive pulmonary disease copd"
"10_9","ICD-9-CM to ICD-10-CA","mpnet","500","has a reference match",2038,0.176,0.085,-0.046,0.117,0.168,0.226,0.867,"J60","Coalworker's pneumoconiosis","coal workers pneumoconiosis",86,"lung disease due to external agents"
"10_9","ICD-9-CM to ICD-10-CA","mpnet","501","has a reference match",2038,0.281,0.081,0.005,0.232,0.284,0.333,0.647,"J61","Pneumoconiosis due to asbestos and other mineral fibres","asbestosis",86,"lung disease due to external agents"
"10_9","ICD-9-CM to ICD-10-CA","mpnet","502","has a reference match",2038,0.226,0.084,-0.03,0.168,0.229,0.279,0.814,"J62","Pneumoconiosis due to dust containing silica","pneumoconiosis due to other silica or silicates",86,"lung disease due to external agents"
"10_9","ICD-9-CM to ICD-10-CA","mpnet","503","has a reference match",2038,0.228,0.09,-0.026,0.164,0.218,0.284,0.853,"J63","Pneumoconiosis due to other inorganic dusts","pneumoconiosis due to other inorganic dust",86,"lung disease due to external agents"
"10_9","ICD-9-CM to ICD-10-CA","mpnet","504","has a reference match",2038,0.239,0.089,-0.021,0.179,0.233,0.288,0.725,"J67","Hypersensitivity pneumonitis due to organic dust","pneumonopathy due to inhalation of other dust",86,"lung disease due to external agents"
"10_9","ICD-9-CM to ICD-10-CA","mpnet","505","has a reference match",2038,0.28,0.103,-0.02,0.213,0.277,0.348,0.718,"J64","Unspecified pneumoconiosis","pneumoconiosis unspecified",86,"lung disease due to external agents"
"10_9","ICD-9-CM to ICD-10-CA","mpnet","506","has a reference match",2038,0.229,0.102,0,0.162,0.216,0.275,0.821,"J68","Respiratory conditions due to inhalation of chemicals, gases, fumes and vapours","respiratory conditions due to chemical fumes and vapors",86,"lung disease due to external agents"
"10_9","ICD-9-CM to ICD-10-CA","mpnet","508","has a reference match",2038,0.257,0.106,0.001,0.183,0.253,0.32,0.682,"J70","Respiratory conditions due to other external agents","respiratory conditions due to other and unspecified external agents",86,"lung disease due to external agents"
"10_9","ICD-9-CM to ICD-10-CA","mpnet","512","has a reference match",2038,0.206,0.089,-0.028,0.144,0.197,0.26,0.724,"J93","Pneumothorax","pneumothorax and air leak",87,"other lower respiratory disease"
"10_9","ICD-9-CM to ICD-10-CA","mpnet","514","has a reference match",2038,0.232,0.109,-0.075,0.158,0.23,0.301,0.661,"J42","Unspecified chronic bronchitis","pulmonary congestion and hypostasis",87,"other lower respiratory disease"
"10_9","ICD-9-CM to ICD-10-CA","mpnet","515","no reference match",2038,0.209,0.094,-0.086,0.147,0.204,0.266,0.569,"J95","Postprocedural respiratory disorders, not elsewhere classified","postinflammatory pulmonary fibrosis",87,"other lower respiratory disease"
"10_9","ICD-9-CM to ICD-10-CA","mpnet","516","has a reference match",2038,0.202,0.102,-0.083,0.131,0.198,0.261,0.562,"J02","Acute pharyngitis","other alveolar and parietoalveolar pneumonopathy",87,"other lower respiratory disease"
"10_9","ICD-9-CM to ICD-10-CA","mpnet","517","has a reference match",2038,0.277,0.098,-0.011,0.213,0.276,0.333,0.678,"J42","Unspecified chronic bronchitis","lung involvement in conditions classified elsewhere",87,"other lower respiratory disease"
"10_9","ICD-9-CM to ICD-10-CA","mpnet","518","has a reference match",2038,0.224,0.112,-0.067,0.147,0.221,0.292,0.667,"J47","Bronchiectasis","other diseases of lung",88,"respiratory failure pulmonary collapse"
"10_9","ICD-9-CM to ICD-10-CA","mpnet","523","has a reference match",2038,0.158,0.086,-0.07,0.102,0.155,0.213,0.802,"K05","Gingivitis and periodontal diseases","gingival and periodontal diseases",89,"disorders of teeth and jaw"
"10_9","ICD-9-CM to ICD-10-CA","mpnet","525","has a reference match",2038,0.216,0.093,-0.058,0.155,0.212,0.272,0.751,"K08","Other disorders of teeth and supporting structures","other diseases and conditions of the teeth and supporting structures",89,"disorders of teeth and jaw"
"10_9","ICD-9-CM to ICD-10-CA","mpnet","530","has a reference match",2038,0.228,0.099,-0.041,0.16,0.229,0.291,0.78,"K23","Disorders of oesophagus in diseases classified elsewhere","diseases of oesophagus",90,"esophageal disorders"
"10_9","ICD-9-CM to ICD-10-CA","mpnet","531","has a reference match",2038,0.239,0.089,-0.039,0.181,0.237,0.297,0.674,"K25","Gastric ulcer","gastric ulcer",91,"gasduo ulcer without hemorrhage"
"10_9","ICD-9-CM to ICD-10-CA","mpnet","532","has a reference match",2038,0.259,0.102,-0.036,0.193,0.257,0.322,0.792,"K26","Duodenal ulcer","duodenal ulcer",91,"gasduo ulcer without hemorrhage"
"10_9","ICD-9-CM to ICD-10-CA","mpnet","533","has a reference match",2038,0.24,0.099,-0.032,0.173,0.239,0.305,0.814,"K27","Peptic ulcer, site unspecified","peptic ulcer site unspecified",91,"gasduo ulcer without hemorrhage"
"10_9","ICD-9-CM to ICD-10-CA","mpnet","534","has a reference match",2038,0.257,0.095,-0.033,0.195,0.256,0.317,0.792,"K28","Gastrojejunal ulcer","gastrojejunal ulcer",91,"gasduo ulcer without hemorrhage"
"10_9","ICD-9-CM to ICD-10-CA","mpnet","535","has a reference match",2038,0.214,0.107,-0.036,0.142,0.21,0.275,0.788,"K29","Gastritis and duodenitis","gastritis and duodenitis",92,"gastritis and duodenitis"
"10_9","ICD-9-CM to ICD-10-CA","mpnet","537","has a reference match",2038,0.215,0.122,-0.073,0.132,0.214,0.287,0.717,"K31","Other diseases of stomach and duodenum","other diseases of stomach and duodenum",93,"other disorders of stomach and duodenum"
"10_9","ICD-9-CM to ICD-10-CA","mpnet","555","has a reference match",2038,0.251,0.101,-0.037,0.182,0.248,0.315,0.671,"K50","Crohn's disease [regional enteritis]","regional enteritis",94,"regional enteritis and ulcerative colitis"
"10_9","ICD-9-CM to ICD-10-CA","mpnet","556","has a reference match",2038,0.245,0.094,-0.023,0.18,0.247,0.306,0.77,"K51","Ulcerative colitis","ulcerative colitis",94,"regional enteritis and ulcerative colitis"
"10_9","ICD-9-CM to ICD-10-CA","mpnet","557","has a reference match",2038,0.199,0.1,-0.064,0.131,0.191,0.26,0.799,"K55","Vascular disorders of intestine","vascular insufficiency of intestine",77,"other circulatory disease"
"10_9","ICD-9-CM to ICD-10-CA","mpnet","558","has a reference match",2038,0.205,0.109,-0.079,0.125,0.195,0.274,0.844,"A09","Other gastroenteritis and colitis of infectious and unspecified origin","other and unspecified noninfectious gastroenteritis and colitis",95,"noninfectious gastroenteritis"
"10_9","ICD-9-CM to ICD-10-CA","mpnet","562","has a reference match",2038,0.21,0.094,-0.02,0.146,0.206,0.264,0.847,"K57","Diverticular disease of intestine","diverticula of intestine",96,"diverticulosis and diverticulitis"
"10_9","ICD-9-CM to ICD-10-CA","mpnet","564","has a reference match",2038,0.18,0.118,-0.075,0.096,0.174,0.255,0.677,"K91","Postprocedural disorders of digestive system, not elsewhere classified","functional digestive disorders not elsewhere classified",97,"other gastrointestinal disorders"
"10_9","ICD-9-CM to ICD-10-CA","mpnet","571","has a reference match",2038,0.199,0.103,-0.076,0.131,0.203,0.266,0.666,"K75","Other inflammatory liver diseases","chronic liver disease and cirrhosis",98,"hepatitis and other liver diseases"
"10_9","ICD-9-CM to ICD-10-CA","mpnet","572","has a reference match",2038,0.186,0.101,-0.089,0.116,0.183,0.256,0.571,"K75","Other inflammatory liver diseases","liver abscess and sequelae of chronic liver disease",98,"hepatitis and other liver diseases"
"10_9","ICD-9-CM to ICD-10-CA","mpnet","573","has a reference match",2038,0.233,0.114,-0.1,0.16,0.239,0.313,0.737,"K76","Other diseases of liver","other diseases of liver",98,"hepatitis and other liver diseases"
"10_9","ICD-9-CM to ICD-10-CA","mpnet","575","has a reference match",2038,0.172,0.109,-0.066,0.093,0.168,0.237,0.755,"K82","Other diseases of gallbladder","other disorders of gallbladder",99,"biliary tract disease"
"10_9","ICD-9-CM to ICD-10-CA","mpnet","576","has a reference match",2038,0.18,0.112,-0.083,0.101,0.178,0.25,0.808,"K83","Other diseases of biliary tract","other disorders of biliary tract",99,"biliary tract disease"
"10_9","ICD-9-CM to ICD-10-CA","mpnet","577","has a reference match",2038,0.189,0.099,-0.036,0.122,0.188,0.255,0.766,"K86","Other diseases of pancreas","diseases of pancreas",100,"pancreatic disorders excluding diabetes"
"10_9","ICD-9-CM to ICD-10-CA","mpnet","579","has a reference match",2038,0.224,0.099,-0.029,0.158,0.219,0.288,0.716,"K90","Intestinal malabsorption","intestinal malabsorption",97,"other gastrointestinal disorders"
"10_9","ICD-9-CM to ICD-10-CA","mpnet","581","has a reference match",2038,0.26,0.111,-0.067,0.192,0.264,0.327,0.821,"N04","Nephrotic syndrome","nephrotic syndrome",101,"chronic kideny disease and related conditions"
"10_9","ICD-9-CM to ICD-10-CA","mpnet","582","has a reference match",2038,0.239,0.107,-0.065,0.166,0.24,0.314,0.728,"N03","Chronic nephritic syndrome","chronic glomerulonephritis",101,"chronic kideny disease and related conditions"
"10_9","ICD-9-CM to ICD-10-CA","mpnet","583","has a reference match",2038,0.23,0.107,-0.091,0.159,0.231,0.295,0.772,"N05","Unspecified nephritic syndrome","nephritis and nephropathy not specified as acute or chronic",101,"chronic kideny disease and related conditions"
"10_9","ICD-9-CM to ICD-10-CA","mpnet","585","has a reference match",2038,0.22,0.095,-0.07,0.158,0.221,0.277,0.684,"N18","Chronic kidney disease","chronic kidney disease",101,"chronic kideny disease and related conditions"
"10_9","ICD-9-CM to ICD-10-CA","mpnet","586","has a reference match",2038,0.265,0.099,-0.106,0.202,0.267,0.328,0.756,"N19","Unspecified kidney failure","renal failure unspecified",101,"chronic kideny disease and related conditions"
"10_9","ICD-9-CM to ICD-10-CA","mpnet","587","has a reference match",2038,0.268,0.103,-0.073,0.197,0.27,0.337,0.681,"N05","Unspecified nephritic syndrome","renal sclerosis unspecified",101,"chronic kideny disease and related conditions"
"10_9","ICD-9-CM to ICD-10-CA","mpnet","588","has a reference match",2038,0.211,0.113,-0.081,0.13,0.209,0.283,0.716,"N29","Other disorders of kidney and ureter in diseases classified elsewhere","disorders resulting from impaired renal function",102,"other diseases of kidney and ureters"
"10_9","ICD-9-CM to ICD-10-CA","mpnet","590","has a reference match",2038,0.209,0.108,-0.087,0.129,0.194,0.279,0.578,"N00","Acute nephritic syndrome","infections of kidney",103,"urinary tract infections"
"10_9","ICD-9-CM to ICD-10-CA","mpnet","595","has a reference match",2038,0.245,0.099,-0.029,0.184,0.249,0.313,0.642,"N30","Cystitis","cystitis",103,"urinary tract infections"
"10_9","ICD-9-CM to ICD-10-CA","mpnet","596","has a reference match",2038,0.182,0.102,-0.079,0.119,0.178,0.237,0.827,"N33","Bladder disorders in diseases classified elsewhere","other disorders of bladder",104,"other diseases of bladder and urethra"
"10_9","ICD-9-CM to ICD-10-CA","mpnet","599","has a reference match",2038,0.211,0.118,-0.094,0.133,0.203,0.277,0.87,"N36","Other disorders of urethra","other disorders of urethra and urinary tract",104,"other diseases of bladder and urethra"
"10_9","ICD-9-CM to ICD-10-CA","mpnet","600","has a reference match",2038,0.192,0.096,-0.069,0.13,0.193,0.257,0.682,"N40","Hyperplasia of prostate","hyperplasia of prostate",105,"hyperplasia of prostate"
"10_9","ICD-9-CM to ICD-10-CA","mpnet","601","has a reference match",2038,0.153,0.106,-0.141,0.076,0.146,0.22,0.895,"N41","Inflammatory diseases of prostate","inflammatory diseases of prostate",106,"other male genital disorders"
"10_9","ICD-9-CM to ICD-10-CA","mpnet","607","has a reference match",2038,0.21,0.103,-0.059,0.143,0.206,0.273,0.876,"N48","Other disorders of penis","disorders of penis",106,"other male genital disorders"
"10_9","ICD-9-CM to ICD-10-CA","mpnet","610","has a reference match",2038,0.2,0.099,-0.052,0.13,0.199,0.262,0.818,"N60","Benign mammary dysplasia","benign mammary dysplasias",107,"nonmalignant breast conditions"
"10_9","ICD-9-CM to ICD-10-CA","mpnet","614","has a reference match",2038,0.206,0.113,-0.055,0.126,0.198,0.279,0.764,"N83","Noninflammatory disorders of ovary, fallopian tube and broad ligament","inflammatory disease of ovary fallopian tube pelvic cellular tissue and peritoneum",108,"other female genital disorders"
"10_9","ICD-9-CM to ICD-10-CA","mpnet","615","has a reference match",2038,0.212,0.118,-0.06,0.12,0.208,0.288,0.842,"N85","Other noninflammatory disorders of uterus, except cervix","inflammatory diseases of uterus except cervix",108,"other female genital disorders"
"10_9","ICD-9-CM to ICD-10-CA","mpnet","617","has a reference match",2038,0.256,0.1,0.005,0.186,0.254,0.321,0.706,"N80","Endometriosis","endometriosis",108,"other female genital disorders"
"10_9","ICD-9-CM to ICD-10-CA","mpnet","618","has a reference match",2038,0.24,0.092,-0.029,0.178,0.237,0.294,0.74,"N81","Female genital prolapse","genital prolapse",110,"prolapse of female genital organs"
"10_9","ICD-9-CM to ICD-10-CA","mpnet","619","has a reference match",2038,0.241,0.097,-0.043,0.174,0.232,0.297,0.775,"N82","Fistulae involving female genital tract","fistula involving female genital tract",108,"other female genital disorders"
"10_9","ICD-9-CM to ICD-10-CA","mpnet","621","has a reference match",2038,0.212,0.121,-0.039,0.121,0.204,0.288,0.806,"N85","Other noninflammatory disorders of uterus, except cervix","disorders of uterus not elsewhere classified",108,"other female genital disorders"
"10_9","ICD-9-CM to ICD-10-CA","mpnet","625","has a reference match",2038,0.221,0.099,-0.029,0.156,0.212,0.273,0.74,"N94","Pain and other conditions associated with female genital organs and menstrual cycle","pain and other symptoms associated with female genital organs",108,"other female genital disorders"
"10_9","ICD-9-CM to ICD-10-CA","mpnet","626","has a reference match",2038,0.208,0.1,-0.037,0.139,0.199,0.261,0.718,"N93","Other abnormal uterine and vaginal bleeding","disorders of menstruation and other abnormal bleeding from female genital tract",109,"menstrual disorders"
"10_9","ICD-9-CM to ICD-10-CA","mpnet","627","has a reference match",2038,0.194,0.106,-0.058,0.111,0.189,0.267,0.792,"N95","Menopausal and other perimenopausal disorders","menopausal and postmenopausal disorders",111,"menopausal disorders"
"10_9","ICD-9-CM to ICD-10-CA","mpnet","628","has a reference match",2038,0.185,0.092,-0.009,0.123,0.174,0.236,0.745,"N97","Female infertility","female infertility",112,"female infertility"
"10_9","ICD-9-CM to ICD-10-CA","mpnet","629","has a reference match",2038,0.221,0.124,-0.065,0.13,0.217,0.299,0.76,"N89","Other noninflammatory disorders of vagina","other disorders of female genital organs",108,"other female genital disorders"
"10_9","ICD-9-CM to ICD-10-CA","mpnet","691","has a reference match",2038,0.222,0.103,-0.034,0.148,0.215,0.283,0.673,"L20","Atopic dermatitis","atopic dermatitis and related conditions",113,"allergic reactions"
"10_9","ICD-9-CM to ICD-10-CA","mpnet","694","has a reference match",2038,0.186,0.093,-0.073,0.123,0.176,0.241,0.627,"L14","Bullous disorders in diseases classified elsewhere","bullous dermatoses",114,"other inflammatory condition of skin"
"10_9","ICD-9-CM to ICD-10-CA","mpnet","695","has a reference match",2038,0.288,0.111,-0.026,0.21,0.288,0.362,0.695,"L99","Other disorders of skin and subcutaneous tissue in diseases classified elsewhere","erythematous conditions",114,"other inflammatory condition of skin"
"10_9","ICD-9-CM to ICD-10-CA","mpnet","696","has a reference match",2038,0.178,0.102,-0.087,0.107,0.171,0.236,0.741,"M07","Psoriatic and enteropathic arthropathies","psoriasis and similar disorders",114,"other inflammatory condition of skin"
"10_9","ICD-9-CM to ICD-10-CA","mpnet","701","has a reference match",2038,0.167,0.105,-0.102,0.096,0.16,0.23,0.771,"L91","Hypertrophic disorders of skin","other hypertrophic and atrophic conditions of skin",115,"other skin disorders"
"10_9","ICD-9-CM to ICD-10-CA","mpnet","705","has a reference match",2038,0.177,0.112,-0.096,0.104,0.174,0.245,0.715,"L75","Apocrine sweat disorders","diseases of sweat glands",115,"other skin disorders"
"10_9","ICD-9-CM to ICD-10-CA","mpnet","707","has a reference match",2038,0.262,0.11,-0.066,0.184,0.259,0.336,0.72,"L97","Ulcer of lower limb, not elsewhere classified","chronic ulcer of skin",116,"chronic ulcer of skin"
"10_9","ICD-9-CM to ICD-10-CA","mpnet","710","has a reference match",2038,0.258,0.128,-0.048,0.159,0.257,0.345,0.804,"M36","Systemic disorders of connective tissue in diseases classified elsewhere","diffuse diseases of connective tissue",117,"systemic lupus erythematosus and connective tissue disorders"
"10_9","ICD-9-CM to ICD-10-CA","mpnet","712","has a reference match",2038,0.245,0.103,-0.015,0.172,0.244,0.312,0.818,"M11","Other crystal arthropathies","crystal arthropathies",37,"gout and other crystal arthropathies"
"10_9","ICD-9-CM to ICD-10-CA","mpnet","713","has a reference match",2038,0.272,0.123,-0.032,0.184,0.262,0.351,0.741,"M14","Arthropathies in other diseases classified elsewhere","arthropathy associated with other disorders classified elsewhere",118,"joint disorders"
"10_9","ICD-9-CM to ICD-10-CA","mpnet","714","has a reference match",2038,0.248,0.108,-0.049,0.173,0.241,0.319,0.719,"M06","Other rheumatoid arthritis","rheumatoid arthritis and other inflammatory polyarthropathies",119,"rheumatoid arthritis and related disease"
"10_9","ICD-9-CM to ICD-10-CA","mpnet","715","has a reference match",2038,0.202,0.113,-0.049,0.122,0.188,0.267,0.659,"M83","Adult osteomalacia","osteoarthrosis and allied disorders",120,"osteoarthritis"
"10_9","ICD-9-CM to ICD-10-CA","mpnet","716","has a reference match",2038,0.235,0.121,-0.027,0.151,0.218,0.299,0.715,"M14","Arthropathies in other diseases classified elsewhere","other and unspecified arthropathies",118,"joint disorders"
"10_9","ICD-9-CM to ICD-10-CA","mpnet","717","has a reference match",2038,0.224,0.104,-0.032,0.158,0.212,0.274,0.814,"M23","Internal derangement of knee","internal derangement of knee",118,"joint disorders"
"10_9","ICD-9-CM to ICD-10-CA","mpnet","718","has a reference match",2038,0.145,0.066,-0.018,0.101,0.143,0.184,0.744,"M24","Other specific joint derangements","other derangement of joint",118,"joint disorders"
"10_9","ICD-9-CM to ICD-10-CA","mpnet","719","has a reference match",2038,0.223,0.124,-0.042,0.133,0.208,0.295,0.74,"M25","Other joint disorders, not elsewhere classified","other and unspecified disorders of joint",118,"joint disorders"
"10_9","ICD-9-CM to ICD-10-CA","mpnet","720","has a reference match",2038,0.221,0.108,-0.04,0.144,0.214,0.289,0.828,"M45","Ankylosing spondylitis","ankylosing spondylitis and other inflammatory spondylopathies",121,"spondylosis intervertebral disc disorders other back problems"
"10_9","ICD-9-CM to ICD-10-CA","mpnet","721","has a reference match",2038,0.202,0.111,-0.036,0.126,0.185,0.257,0.807,"M47","Spondylosis","spondylosis and allied disorders",121,"spondylosis intervertebral disc disorders other back problems"
"10_9","ICD-9-CM to ICD-10-CA","mpnet","722","has a reference match",2038,0.164,0.103,-0.063,0.093,0.156,0.222,0.815,"M51","Other intervertebral disc disorders","intervertebral disc disorders",121,"spondylosis intervertebral disc disorders other back problems"
"10_9","ICD-9-CM to ICD-10-CA","mpnet","730","has a reference match",2038,0.184,0.106,-0.06,0.103,0.172,0.259,0.698,"M86","Osteomyelitis","osteomyelitis periostitis and other infections involving bone",122,"infective arthritis and osteomyelitis"
"10_9","ICD-9-CM to ICD-10-CA","mpnet","731","has a reference match",2038,0.204,0.113,-0.061,0.121,0.199,0.274,0.816,"M88","Paget's disease of bone [osteitis deformans]","osteitis deformans and osteopathies associated with other disorders classified elsewhere",123,"osteoporosis and other bone disease"
"10_9","ICD-9-CM to ICD-10-CA","mpnet","732","has a reference match",2038,0.231,0.101,-0.048,0.161,0.225,0.29,0.75,"M93","Other osteochondropathies","osteochondropathies",123,"osteoporosis and other bone disease"
"10_9","ICD-9-CM to ICD-10-CA","mpnet","733","has a reference match",2038,0.234,0.127,-0.074,0.137,0.228,0.316,0.764,"M94","Other disorders of cartilage","other disorders of bone and cartilage",123,"osteoporosis and other bone disease"
"10_9","ICD-9-CM to ICD-10-CA","mpnet","735","has a reference match",2038,0.201,0.104,-0.048,0.129,0.188,0.261,0.652,"M20","Acquired deformities of fingers and toes","acquired deformities of toe",124,"acquired foot deformities"
"10_9","ICD-9-CM to ICD-10-CA","mpnet","737","has a reference match",2038,0.206,0.085,-0.048,0.151,0.197,0.255,0.629,"M41","Scoliosis","curvature of spine",125,"other acquired deformities"
"10_9","ICD-9-CM to ICD-10-CA","mpnet","740","has a reference match",2038,0.221,0.099,-0.06,0.152,0.212,0.286,0.727,"Q00","Anencephaly and similar malformations","anencephalus and similar anomalies",126,"nervous system congenital anomalies"
"10_9","ICD-9-CM to ICD-10-CA","mpnet","741","has a reference match",2038,0.244,0.09,-0.025,0.185,0.246,0.307,0.757,"Q05","Spina bifida","spina bifida",126,"nervous system congenital anomalies"
"10_9","ICD-9-CM to ICD-10-CA","mpnet","742","has a reference match",2038,0.221,0.122,-0.048,0.131,0.206,0.287,0.819,"Q07","Other congenital malformations of nervous system","other congenital anomalies of nervous system",126,"nervous system congenital anomalies"
"10_9","ICD-9-CM to ICD-10-CA","mpnet","743","has a reference match",2038,0.226,0.106,-0.038,0.151,0.219,0.286,0.745,"Q15","Other congenital malformations of eye","congenital anomalies of eye",127,"other congenital anomalies"
"10_9","ICD-9-CM to ICD-10-CA","mpnet","744","has a reference match",2038,0.222,0.106,-0.046,0.146,0.213,0.288,0.711,"Q17","Other congenital malformations of ear","congenital anomalies of ear face and neck",127,"other congenital anomalies"
"10_9","ICD-9-CM to ICD-10-CA","mpnet","745","has a reference match",2038,0.199,0.097,-0.091,0.132,0.196,0.262,0.583,"Q21","Congenital malformations of cardiac septa","bulbus cordis anomalies and anomalies of cardiac septal closure",128,"cardiac and circulatory congenital anomalies"
"10_9","ICD-9-CM to ICD-10-CA","mpnet","746","has a reference match",2038,0.213,0.111,-0.061,0.139,0.204,0.274,0.758,"Q24","Other congenital malformations of heart","other congenital anomalies of heart",128,"cardiac and circulatory congenital anomalies"
"10_9","ICD-9-CM to ICD-10-CA","mpnet","747","has a reference match",2038,0.252,0.112,-0.058,0.179,0.248,0.322,0.759,"Q28","Other congenital malformations of circulatory system","other congenital anomalies of circulatory system",128,"cardiac and circulatory congenital anomalies"
"10_9","ICD-9-CM to ICD-10-CA","mpnet","748","has a reference match",2038,0.247,0.107,-0.049,0.173,0.241,0.308,0.719,"Q34","Other congenital malformations of respiratory system","congenital anomalies of respiratory system",127,"other congenital anomalies"
"10_9","ICD-9-CM to ICD-10-CA","mpnet","749","has a reference match",2038,0.18,0.093,-0.06,0.117,0.173,0.237,0.712,"Q37","Cleft palate with cleft lip","cleft palate and cleft lip",127,"other congenital anomalies"
"10_9","ICD-9-CM to ICD-10-CA","mpnet","750","has a reference match",2038,0.191,0.111,-0.064,0.114,0.179,0.259,0.749,"Q40","Other congenital malformations of upper alimentary tract","other congenital anomalies of upper alimentary tract",129,"digestive congenital anomalies"
"10_9","ICD-9-CM to ICD-10-CA","mpnet","751","has a reference match",2038,0.181,0.118,-0.054,0.095,0.167,0.249,0.773,"Q45","Other congenital malformations of digestive system","other congenital anomalies of digestive system",129,"digestive congenital anomalies"
"10_9","ICD-9-CM to ICD-10-CA","mpnet","752","has a reference match",2038,0.204,0.115,-0.041,0.122,0.19,0.272,0.718,"N50","Other disorders of male genital organs","congenital anomalies of genital organs",130,"genitourinary congenital anomalies"
"10_9","ICD-9-CM to ICD-10-CA","mpnet","753","has a reference match",2038,0.184,0.116,-0.079,0.104,0.167,0.25,0.871,"Q64","Other congenital malformations of urinary system","congenital anomalies of urinary system",130,"genitourinary congenital anomalies"
"10_9","ICD-9-CM to ICD-10-CA","mpnet","754","has a reference match",2038,0.228,0.121,-0.036,0.138,0.208,0.294,0.86,"Q68","Other congenital musculoskeletal deformities","certain congenital musculoskeletal deformities",127,"other congenital anomalies"
"10_9","ICD-9-CM to ICD-10-CA","mpnet","755","has a reference match",2038,0.174,0.117,-0.095,0.09,0.158,0.241,0.812,"Q74","Other congenital malformations of limb(s)","other congenital anomalies of limbs",127,"other congenital anomalies"
"10_9","ICD-9-CM to ICD-10-CA","mpnet","756","has a reference match",2038,0.195,0.124,-0.052,0.104,0.177,0.266,0.863,"Q79","Congenital malformations of the musculoskeletal system, not elsewhere classified","other congenital musculoskeletal anomalies",127,"other congenital anomalies"
"10_9","ICD-9-CM to ICD-10-CA","mpnet","757","has a reference match",2038,0.218,0.113,-0.072,0.133,0.212,0.293,0.858,"Q84","Other congenital malformations of integument","congenital anomalies of the integument",127,"other congenital anomalies"
"10_9","ICD-9-CM to ICD-10-CA","mpnet","758","has a reference match",2038,0.236,0.105,-0.038,0.16,0.23,0.31,0.733,"Q99","Other chromosome abnormalities, not elsewhere classified","chromosomal anomalies",127,"other congenital anomalies"
"10_9","ICD-9-CM to ICD-10-CA","mpnet","759","has a reference match",2038,0.242,0.119,-0.056,0.157,0.234,0.314,0.801,"Q89","Other congenital malformations, not elsewhere classified","other and unspecified congenital anomalies",127,"other congenital anomalies"
"8_9","ICD-9-CM to ICDA-8","ClinicalBERT","140","has a reference match",858,0.816,0.062,0.589,0.782,0.813,0.843,1,"140","malignant neoplasm of lip","malignant neoplasm of lip",1,"cancer of head and neck"
"8_9","ICD-9-CM to ICDA-8","ClinicalBERT","141","has a reference match",858,0.81,0.069,0.565,0.774,0.811,0.844,1,"141","malignant neoplasm of tongue","malignant neoplasm of tongue",1,"cancer of head and neck"
"8_9","ICD-9-CM to ICDA-8","ClinicalBERT","142","has a reference match",858,0.813,0.069,0.581,0.778,0.81,0.846,0.992,"142","malignant neoplasm of salivary gland","malignant neoplasm of major salivary glands",1,"cancer of head and neck"
"8_9","ICD-9-CM to ICDA-8","ClinicalBERT","143","has a reference match",858,0.805,0.066,0.588,0.769,0.803,0.834,1,"143","malignant neoplasm of gum","malignant neoplasm of gum",1,"cancer of head and neck"
"8_9","ICD-9-CM to ICDA-8","ClinicalBERT","144","has a reference match",858,0.812,0.067,0.59,0.775,0.808,0.841,1,"144","malignant neoplasm of floor of mouth","malignant neoplasm of floor of mouth",1,"cancer of head and neck"
"8_9","ICD-9-CM to ICDA-8","ClinicalBERT","145","has a reference match",858,0.822,0.064,0.606,0.787,0.821,0.853,1,"145","malignant neoplasm of other and unspecified parts of mouth","malignant neoplasm of other and unspecified parts of mouth",1,"cancer of head and neck"
"8_9","ICD-9-CM to ICDA-8","ClinicalBERT","146","has a reference match",858,0.796,0.071,0.572,0.757,0.792,0.827,1,"146","malignant neoplasm of oropharynx","malignant neoplasm of oropharynx",1,"cancer of head and neck"
"8_9","ICD-9-CM to ICDA-8","ClinicalBERT","147","has a reference match",858,0.806,0.07,0.585,0.768,0.801,0.838,1,"147","malignant neoplasm of nasopharynx","malignant neoplasm of nasopharynx",1,"cancer of head and neck"
"8_9","ICD-9-CM to ICDA-8","ClinicalBERT","148","has a reference match",858,0.802,0.067,0.591,0.763,0.796,0.829,1,"148","malignant neoplasm of hypopharynx","malignant neoplasm of hypopharynx",1,"cancer of head and neck"
"8_9","ICD-9-CM to ICDA-8","ClinicalBERT","149","has a reference match",858,0.794,0.066,0.581,0.753,0.791,0.827,0.968,"210","benign neoplasm of buccal cavity and pharynx","malignant neoplasm of other and illdefined sites within the lip oral cavity and pharynx",1,"cancer of head and neck"
"8_9","ICD-9-CM to ICDA-8","ClinicalBERT","150","has a reference match",858,0.82,0.06,0.628,0.787,0.818,0.847,1,"150","malignant neoplasm of esophagus","malignant neoplasm of esophagus",2,"cancer of esophagus"
"8_9","ICD-9-CM to ICDA-8","ClinicalBERT","151","has a reference match",858,0.813,0.067,0.59,0.776,0.809,0.843,1,"151","malignant neoplasm of stomach","malignant neoplasm of stomach",3,"cancer of stomach"
"8_9","ICD-9-CM to ICDA-8","ClinicalBERT","152","has a reference match",858,0.797,0.072,0.578,0.755,0.792,0.83,1,"152","malignant neoplasm of small intestine including duodenum","malignant neoplasm of small intestine including duodenum",4,"cancer of other gi organs peritoneum"
"8_9","ICD-9-CM to ICDA-8","ClinicalBERT","153","has a reference match",858,0.807,0.072,0.57,0.77,0.806,0.845,0.984,"188","malignant neoplasm of bladder","malignant neoplasm of colon",5,"colon cancer"
"8_9","ICD-9-CM to ICDA-8","ClinicalBERT","154","has a reference match",858,0.821,0.064,0.605,0.786,0.818,0.853,0.984,"154","malignant neoplasm of rectum and rectosigmoid junction","malignant neoplasm of rectum rectosigmoid junction and anus",6,"cancer of rectum and anus"
"8_9","ICD-9-CM to ICDA-8","ClinicalBERT","155","has a reference match",858,0.813,0.068,0.604,0.776,0.813,0.845,0.995,"156","malignant neoplasm of gallbladder and bile ducts","malignant neoplasm of liver and intrahepatic bile ducts",7,"cancer of liver and intrahepatic bile duct"
"8_9","ICD-9-CM to ICDA-8","ClinicalBERT","156","has a reference match",858,0.814,0.068,0.599,0.777,0.814,0.848,0.997,"156","malignant neoplasm of gallbladder and bile ducts","malignant neoplasm of gallbladder and extrahepatic bile ducts",4,"cancer of other gi organs peritoneum"
"8_9","ICD-9-CM to ICDA-8","ClinicalBERT","157","has a reference match",858,0.807,0.067,0.605,0.771,0.804,0.835,1,"157","malignant neoplasm of pancreas","malignant neoplasm of pancreas",8,"pancreas cancer"
"8_9","ICD-9-CM to ICDA-8","ClinicalBERT","158","has a reference match",858,0.783,0.075,0.565,0.74,0.777,0.817,0.989,"158","malignant neoplasm of peritoneum and retroperitoneal tissue","malignant neoplasm of retroperitoneum and peritoneum",4,"cancer of other gi organs peritoneum"
"8_9","ICD-9-CM to ICDA-8","ClinicalBERT","159","has a reference match",858,0.798,0.066,0.599,0.758,0.795,0.83,0.971,"195","malignant neoplasm of illdefined sites","malignant neoplasm of other and illdefined sites within the digestive organs and peritoneum",4,"cancer of other gi organs peritoneum"
"8_9","ICD-9-CM to ICDA-8","ClinicalBERT","160","has a reference match",858,0.822,0.067,0.58,0.788,0.822,0.858,0.995,"160","malignant neoplasm of nose nasal cavities middle ear and accessory sinuses","malignant neoplasm of nasal cavities middle ear and accessory sinuses",1,"cancer of head and neck"
"8_9","ICD-9-CM to ICDA-8","ClinicalBERT","161","has a reference match",858,0.806,0.071,0.577,0.769,0.802,0.839,1,"161","malignant neoplasm of larynx","malignant neoplasm of larynx",1,"cancer of head and neck"
"8_9","ICD-9-CM to ICDA-8","ClinicalBERT","162","has a reference match",858,0.806,0.071,0.569,0.766,0.803,0.842,1,"162","malignant neoplasm of trachea bronchus and lung","malignant neoplasm of trachea bronchus and lung",9,"lung and other respiratory cancer"
"8_9","ICD-9-CM to ICDA-8","ClinicalBERT","163","has a reference match",858,0.786,0.074,0.554,0.745,0.782,0.822,0.977,"162","malignant neoplasm of trachea bronchus and lung","malignant neoplasm of pleura",9,"lung and other respiratory cancer"
"8_9","ICD-9-CM to ICDA-8","ClinicalBERT","164","no reference match",858,0.813,0.069,0.584,0.776,0.81,0.846,0.985,"142","malignant neoplasm of salivary gland","malignant neoplasm of thymus heart and mediastinum",10,"other cancers"
"8_9","ICD-9-CM to ICDA-8","ClinicalBERT","165","no reference match",858,0.796,0.068,0.587,0.755,0.795,0.832,0.971,"195","malignant neoplasm of illdefined sites","malignant neoplasm of other and illdefined sites within the respiratory system and intrathoracic organs",9,"lung and other respiratory cancer"
"8_9","ICD-9-CM to ICDA-8","ClinicalBERT","170","has a reference match",858,0.798,0.07,0.59,0.758,0.793,0.827,0.981,"158","malignant neoplasm of peritoneum and retroperitoneal tissue","malignant neoplasm of bone and articular cartilage",11,"cancer of bone and connective tissue"
"8_9","ICD-9-CM to ICDA-8","ClinicalBERT","171","has a reference match",858,0.807,0.065,0.615,0.767,0.803,0.834,1,"171","malignant neoplasm of connective and other soft tissue","malignant neoplasm of connective and other soft tissue",11,"cancer of bone and connective tissue"
"8_9","ICD-9-CM to ICDA-8","ClinicalBERT","172","has a reference match",858,0.833,0.059,0.596,0.802,0.835,0.868,1,"172","malignant melanoma of skin","malignant melanoma of skin",12,"skin melanoma"
"8_9","ICD-9-CM to ICDA-8","ClinicalBERT","174","has a reference match",858,0.816,0.066,0.584,0.782,0.816,0.849,0.99,"174","malignant neoplasm of breast","malignant neoplasm of female breast",13,"breast cancer"
"8_9","ICD-9-CM to ICDA-8","ClinicalBERT","175","no reference match",858,0.816,0.066,0.578,0.782,0.816,0.848,0.984,"174","malignant neoplasm of breast","malignant neoplasm of male breast",13,"breast cancer"
"8_9","ICD-9-CM to ICDA-8","ClinicalBERT","176","no reference match",858,0.855,0.046,0.668,0.826,0.862,0.888,0.955,"218","uterine fibroma","kaposis sarcoma",10,"other cancers"
"8_9","ICD-9-CM to ICDA-8","ClinicalBERT","179","no reference match",858,0.812,0.056,0.633,0.78,0.81,0.842,0.98,"149","malignant neoplasm of pharynx unspecified","malignant neoplasm of uterus part unspecified",14,"uterus cancer"
"8_9","ICD-9-CM to ICDA-8","ClinicalBERT","180","has a reference match",858,0.817,0.064,0.608,0.781,0.813,0.845,1,"180","malignant neoplasm of cervix uteri","malignant neoplasm of cervix uteri",15,"cervix cancer"
"8_9","ICD-9-CM to ICDA-8","ClinicalBERT","181","has a reference match",858,0.821,0.064,0.605,0.787,0.819,0.853,0.978,"151","malignant neoplasm of stomach","malignant neoplasm of placenta",16,"cancer of other female genital organs"
"8_9","ICD-9-CM to ICDA-8","ClinicalBERT","182","has a reference match",858,0.799,0.069,0.589,0.761,0.795,0.83,0.982,"157","malignant neoplasm of pancreas","malignant neoplasm of body of uterus",14,"uterus cancer"
"8_9","ICD-9-CM to ICDA-8","ClinicalBERT","183","has a reference match",858,0.819,0.067,0.589,0.783,0.817,0.852,0.983,"180","malignant neoplasm of cervix uteri","malignant neoplasm of ovary and other uterine adnexa",16,"cancer of other female genital organs"
"8_9","ICD-9-CM to ICDA-8","ClinicalBERT","184","has a reference match",858,0.819,0.068,0.589,0.781,0.818,0.854,1,"184","malignant neoplasm of other and unspecified female genital organs","malignant neoplasm of other and unspecified female genital organs",16,"cancer of other female genital organs"
"8_9","ICD-9-CM to ICDA-8","ClinicalBERT","185","has a reference match",858,0.814,0.069,0.587,0.778,0.815,0.85,1,"185","malignant neoplasm of prostate","malignant neoplasm of prostate",17,"prostate cancer"
"8_9","ICD-9-CM to ICDA-8","ClinicalBERT","186","has a reference match",858,0.826,0.063,0.623,0.789,0.823,0.856,1,"186","malignant neoplasm of testis","malignant neoplasm of testis",18,"testis cancer"
"8_9","ICD-9-CM to ICDA-8","ClinicalBERT","187","has a reference match",858,0.824,0.065,0.601,0.787,0.823,0.858,0.989,"187","malignant neoplasm of other and unspecified male genital organs","malignant neoplasm of penis and other male genital organs",19,"cancer of other male genital organs"
"8_9","ICD-9-CM to ICDA-8","ClinicalBERT","188","has a reference match",858,0.825,0.066,0.598,0.791,0.824,0.857,1,"188","malignant neoplasm of bladder","malignant neoplasm of bladder",20,"bladder cancer"
"8_9","ICD-9-CM to ICDA-8","ClinicalBERT","189","has a reference match",858,0.832,0.065,0.602,0.797,0.833,0.87,0.995,"189","malignant neoplasm of other and unspecified urinary organs","malignant neoplasm of kidney and other and unspecified urinary organs",21,"cancer of kidney and other urinary organs"
"8_9","ICD-9-CM to ICDA-8","ClinicalBERT","190","has a reference match",858,0.827,0.062,0.593,0.794,0.827,0.857,1,"190","malignant neoplasm of eye","malignant neoplasm of eye",10,"other cancers"
"8_9","ICD-9-CM to ICDA-8","ClinicalBERT","191","has a reference match",858,0.803,0.07,0.573,0.765,0.802,0.836,1,"191","malignant neoplasm of brain","malignant neoplasm of brain",22,"cancer of brain and nervous system"
"8_9","ICD-9-CM to ICDA-8","ClinicalBERT","192","has a reference match",858,0.819,0.064,0.612,0.783,0.817,0.85,0.988,"192","malignant neoplasm of other parts of nervous system","malignant neoplasm of other and unspecified parts of nervous system",22,"cancer of brain and nervous system"
"8_9","ICD-9-CM to ICDA-8","ClinicalBERT","193","has a reference match",858,0.809,0.071,0.574,0.772,0.807,0.842,1,"193","malignant neoplasm of thyroid gland","malignant neoplasm of thyroid gland",23,"thyroid cancer"
"8_9","ICD-9-CM to ICDA-8","ClinicalBERT","194","has a reference match",858,0.816,0.065,0.613,0.778,0.816,0.848,0.976,"184","malignant neoplasm of other and unspecified female genital organs","malignant neoplasm of other endocrine glands and related structures",10,"other cancers"
"8_9","ICD-9-CM to ICDA-8","ClinicalBERT","195","has a reference match",858,0.821,0.058,0.628,0.786,0.82,0.85,0.991,"195","malignant neoplasm of illdefined sites","malignant neoplasm of other and illdefined sites",10,"other cancers"
"8_9","ICD-9-CM to ICDA-8","ClinicalBERT","196","has a reference match",858,0.797,0.065,0.598,0.757,0.794,0.828,1,"196","secondary and unspecified malignant neoplasm of lymph nodes","secondary and unspecified malignant neoplasm of lymph nodes",24,"secondary malignancy"
"8_9","ICD-9-CM to ICDA-8","ClinicalBERT","197","has a reference match",858,0.826,0.06,0.609,0.792,0.827,0.861,1,"197","secondary malignant neoplasm of respiratory and digestive systems","secondary malignant neoplasm of respiratory and digestive systems",24,"secondary malignancy"
"8_9","ICD-9-CM to ICDA-8","ClinicalBERT","198","has a reference match",858,0.821,0.061,0.614,0.784,0.82,0.851,0.976,"195","malignant neoplasm of illdefined sites","secondary malignant neoplasm of other specified sites",24,"secondary malignancy"
"8_9","ICD-9-CM to ICDA-8","ClinicalBERT","199","has a reference match",858,0.805,0.056,0.633,0.769,0.803,0.834,1,"199","malignant neoplasm without specification of site","malignant neoplasm without specification of site",25,"malignant neoplasm without specification of site"
"8_9","ICD-9-CM to ICDA-8","ClinicalBERT","200","has a reference match",858,0.788,0.071,0.547,0.749,0.789,0.83,0.952,"187","malignant neoplasm of other and unspecified male genital organs","lymphosarcoma and reticulosarcoma and other specified malignant tumors of lymphatic tissue",26,"nonhodgkins lymphoma"
"8_9","ICD-9-CM to ICDA-8","ClinicalBERT","201","has a reference match",858,0.827,0.057,0.669,0.786,0.828,0.871,1,"201","hodgkins disease","hodgkins disease",27,"hodgkins disease"
"8_9","ICD-9-CM to ICDA-8","ClinicalBERT","202","has a reference match",858,0.796,0.069,0.578,0.757,0.796,0.835,0.962,"202","other neoplasms of lymphoid tissue","other malignant neoplasms of lymphoid and histiocytic tissue",26,"nonhodgkins lymphoma"
"8_9","ICD-9-CM to ICDA-8","ClinicalBERT","203","has a reference match",858,0.796,0.07,0.553,0.758,0.801,0.845,0.944,"200","lymphosarcoma and reticulumcell sarcoma","multiple myeloma and immunoproliferative neoplasms",28,"multiple myeloma and leukemias"
"8_9","ICD-9-CM to ICDA-8","ClinicalBERT","204","has a reference match",858,0.785,0.064,0.561,0.742,0.795,0.834,0.983,"205","myeloid leukemia","lymphoid leukemia",28,"multiple myeloma and leukemias"
"8_9","ICD-9-CM to ICDA-8","ClinicalBERT","205","has a reference match",858,0.809,0.059,0.604,0.772,0.82,0.851,1,"205","myeloid leukemia","myeloid leukemia",28,"multiple myeloma and leukemias"
"8_9","ICD-9-CM to ICDA-8","ClinicalBERT","206","has a reference match",858,0.82,0.06,0.594,0.781,0.828,0.865,1,"206","monocytic leukemia","monocytic leukemia",28,"multiple myeloma and leukemias"
"8_9","ICD-9-CM to ICDA-8","ClinicalBERT","207","has a reference match",858,0.835,0.053,0.66,0.798,0.837,0.878,0.952,"099","other venereal disease","other specified leukemia",28,"multiple myeloma and leukemias"
"8_9","ICD-9-CM to ICDA-8","ClinicalBERT","208","has a reference match",858,0.81,0.066,0.555,0.775,0.814,0.858,0.944,"206","monocytic leukemia","leukemia of unspecified cell type",28,"multiple myeloma and leukemias"
"8_9","ICD-9-CM to ICDA-8","ClinicalBERT","209","has a reference match",858,0.857,0.043,0.674,0.831,0.865,0.89,0.935,"621","other diseases of cervix","neuroendocrine tumors",10,"other cancers"
"8_9","ICD-9-CM to ICDA-8","ClinicalBERT","225","has a reference match",858,0.815,0.065,0.618,0.78,0.814,0.845,0.981,"223","benign neoplasm of kidney and other urinary organs","benign neoplasm of brain and other parts of nervous system",29,"other and unspecified benign neoplasm"
"8_9","ICD-9-CM to ICDA-8","ClinicalBERT","230","no reference match",858,0.839,0.058,0.616,0.808,0.84,0.873,0.963,"189","malignant neoplasm of other and unspecified urinary organs","carcinoma in situ of digestive organs",4,"cancer of other gi organs peritoneum"
"8_9","ICD-9-CM to ICDA-8","ClinicalBERT","231","no reference match",858,0.836,0.058,0.603,0.805,0.839,0.874,0.951,"212","benign neoplasm of respiratory system","carcinoma in situ of respiratory system",9,"lung and other respiratory cancer"
"8_9","ICD-9-CM to ICDA-8","ClinicalBERT","233","no reference match",858,0.82,0.065,0.583,0.785,0.822,0.859,0.962,"184","malignant neoplasm of other and unspecified female genital organs","carcinoma in situ of breast and genitourinary system",10,"other cancers"
"8_9","ICD-9-CM to ICDA-8","ClinicalBERT","234","no reference match",858,0.828,0.058,0.632,0.794,0.828,0.857,0.966,"195","malignant neoplasm of illdefined sites","carcinoma in situ of other and unspecified sites",10,"other cancers"
"8_9","ICD-9-CM to ICDA-8","ClinicalBERT","237","no reference match",858,0.821,0.064,0.594,0.785,0.822,0.855,0.984,"238","neoplasm of unspecified nature of eye brain and other parts of nervous system","neoplasm of uncertain behavior of endocrine glands and nervous system",30,"neoplasms of unspecified nature"
"8_9","ICD-9-CM to ICDA-8","ClinicalBERT","238","no reference match",858,0.814,0.063,0.626,0.777,0.811,0.845,0.977,"237","neoplasm of unspecified nature of other genitourinary organs","neoplasm of uncertain behavior of other and unspecified sites and tissues",30,"neoplasms of unspecified nature"
"8_9","ICD-9-CM to ICDA-8","ClinicalBERT","239","has a reference match",858,0.819,0.057,0.631,0.788,0.822,0.851,0.957,"239","neoplasm of unspecified nature of other and unspecified organs","neoplasms of unspecified nature",30,"neoplasms of unspecified nature"
"8_9","ICD-9-CM to ICDA-8","ClinicalBERT","240","has a reference match",858,0.84,0.044,0.673,0.814,0.842,0.87,0.944,"241","nontoxic nodular goiter","simple and unspecified goiter",31,"thyroid disorders"
"8_9","ICD-9-CM to ICDA-8","ClinicalBERT","241","has a reference match",858,0.859,0.051,0.648,0.83,0.865,0.896,1,"241","nontoxic nodular goiter","nontoxic nodular goiter",31,"thyroid disorders"
"8_9","ICD-9-CM to ICDA-8","ClinicalBERT","242","has a reference match",858,0.832,0.061,0.607,0.796,0.843,0.878,1,"242","thyrotoxicosis with or without goiter","thyrotoxicosis with or without goiter",31,"thyroid disorders"
"8_9","ICD-9-CM to ICDA-8","ClinicalBERT","243","has a reference match",858,0.82,0.06,0.606,0.78,0.829,0.864,0.972,"090","congenital syphilis","congenital hypothyroidism",31,"thyroid disorders"
"8_9","ICD-9-CM to ICDA-8","ClinicalBERT","244","has a reference match",858,0.816,0.057,0.616,0.78,0.822,0.856,0.93,"281","deficiency anemia","acquired hypothyroidism",31,"thyroid disorders"
"8_9","ICD-9-CM to ICDA-8","ClinicalBERT","245","has a reference match",858,0.83,0.054,0.655,0.79,0.831,0.869,1,"245","thyroiditis","thyroiditis",31,"thyroid disorders"
"8_9","ICD-9-CM to ICDA-8","ClinicalBERT","246","has a reference match",858,0.804,0.066,0.587,0.765,0.813,0.851,0.968,"246","other diseases of thyroid gland","other disorders of thyroid",31,"thyroid disorders"
"8_9","ICD-9-CM to ICDA-8","ClinicalBERT","249","no reference match",858,0.821,0.058,0.638,0.78,0.827,0.864,0.964,"250","diabetes mellitus","secondary diabetes mellitus",32,"diabetes mellitus"
"8_9","ICD-9-CM to ICDA-8","ClinicalBERT","250","has a reference match",858,0.803,0.059,0.637,0.759,0.802,0.847,1,"250","diabetes mellitus","diabetes mellitus",32,"diabetes mellitus"
"8_9","ICD-9-CM to ICDA-8","ClinicalBERT","251","has a reference match",858,0.836,0.055,0.622,0.808,0.845,0.877,0.938,"251","disorders of pancreatic internal secretion other than diabetes mellitus","other disorders of pancreatic internal secretiondisorders of parathyroid gland",33,"other endocrine disorders"
"8_9","ICD-9-CM to ICDA-8","ClinicalBERT","252","has a reference match",858,0.837,0.055,0.643,0.802,0.845,0.876,0.988,"252","diseases of parathyroid gland","disorders of parathyroid gland",33,"other endocrine disorders"
"8_9","ICD-9-CM to ICDA-8","ClinicalBERT","253","has a reference match",858,0.785,0.061,0.565,0.75,0.789,0.828,0.911,"236","neoplasm of unspecified nature of other female genital organs","disorders of the pituitary gland and its hypothalamic control",33,"other endocrine disorders"
"8_9","ICD-9-CM to ICDA-8","ClinicalBERT","254","has a reference match",858,0.837,0.051,0.659,0.803,0.844,0.873,1,"254","diseases of thymus gland","diseases of thymus gland",33,"other endocrine disorders"
"8_9","ICD-9-CM to ICDA-8","ClinicalBERT","255","has a reference match",858,0.857,0.043,0.654,0.835,0.864,0.887,0.967,"253","diseases of pituitary gland","disorders of adrenal glands",33,"other endocrine disorders"
"8_9","ICD-9-CM to ICDA-8","ClinicalBERT","256","has a reference match",858,0.818,0.061,0.613,0.784,0.824,0.861,1,"256","ovarian dysfunction","ovarian dysfunction",33,"other endocrine disorders"
"8_9","ICD-9-CM to ICDA-8","ClinicalBERT","257","has a reference match",858,0.818,0.053,0.645,0.788,0.828,0.855,1,"257","testicular dysfunction","testicular dysfunction",33,"other endocrine disorders"
"8_9","ICD-9-CM to ICDA-8","ClinicalBERT","258","has a reference match",858,0.814,0.06,0.606,0.779,0.819,0.855,0.958,"258","polyglandular dysfunction and other diseases of endocrine glands","polyglandular dysfunction and related disorders",33,"other endocrine disorders"
"8_9","ICD-9-CM to ICDA-8","ClinicalBERT","259","no reference match",858,0.818,0.048,0.667,0.784,0.821,0.853,0.928,"117","other systemic mycosis","other endocrine disorders",33,"other endocrine disorders"
"8_9","ICD-9-CM to ICDA-8","ClinicalBERT","260","has a reference match",858,0.791,0.038,0.652,0.765,0.795,0.818,0.909,"362","hordeolum","kwashiorkor",34,"nutritional deficiencies"
"8_9","ICD-9-CM to ICDA-8","ClinicalBERT","261","has a reference match",858,0.799,0.032,0.686,0.778,0.798,0.821,0.909,"268","nutritional marasmus","nutritional marasmus",34,"nutritional deficiencies"
"8_9","ICD-9-CM to ICDA-8","ClinicalBERT","262","has a reference match",858,0.762,0.044,0.585,0.74,0.766,0.791,0.885,"267","protein malnutrition","other severe proteincalorie malnutrition",34,"nutritional deficiencies"
"8_9","ICD-9-CM to ICDA-8","ClinicalBERT","263","no reference match",858,0.783,0.031,0.651,0.763,0.785,0.805,0.954,"267","protein malnutrition","other and unspecified proteincalorie malnutrition",34,"nutritional deficiencies"
"8_9","ICD-9-CM to ICDA-8","ClinicalBERT","268","has a reference match",858,0.822,0.052,0.624,0.787,0.828,0.861,0.972,"263","other vitamin b deficiency","vitamin d deficiency",34,"nutritional deficiencies"
"8_9","ICD-9-CM to ICDA-8","ClinicalBERT","270","has a reference match",858,0.744,0.06,0.529,0.707,0.749,0.787,0.907,"520","disorders of tooth development and eruption","disorders of aminoacid transport and metabolism",35,"other nutritional endocrine immunity and metabolic disorders"
"8_9","ICD-9-CM to ICDA-8","ClinicalBERT","271","has a reference match",858,0.799,0.033,0.667,0.777,0.8,0.823,0.89,"279","other and unspecified metabolic diseases","disorders of carbohydrate transport and metabolism",35,"other nutritional endocrine immunity and metabolic disorders"
"8_9","ICD-9-CM to ICDA-8","ClinicalBERT","272","has a reference match",858,0.836,0.049,0.633,0.81,0.843,0.87,0.95,"272","congenital disorders of lipid metabolism","disorders of lipoid metabolism",36,"disorders of lipid metabolism"
"8_9","ICD-9-CM to ICDA-8","ClinicalBERT","273","has a reference match",858,0.812,0.033,0.683,0.79,0.814,0.836,0.904,"279","other and unspecified metabolic diseases","disorders of plasma protein metabolism",35,"other nutritional endocrine immunity and metabolic disorders"
"8_9","ICD-9-CM to ICDA-8","ClinicalBERT","274","has a reference match",858,0.833,0.053,0.686,0.796,0.833,0.876,1,"274","gout","gout",37,"gout and other crystal arthropathies"
"8_9","ICD-9-CM to ICDA-8","ClinicalBERT","275","has a reference match",858,0.827,0.039,0.639,0.806,0.833,0.854,0.931,"520","disorders of tooth development and eruption","disorders of mineral metabolism",35,"other nutritional endocrine immunity and metabolic disorders"
"8_9","ICD-9-CM to ICDA-8","ClinicalBERT","277","has a reference match",858,0.829,0.041,0.653,0.807,0.833,0.858,0.962,"279","other and unspecified metabolic diseases","other and unspecified disorders of metabolism",35,"other nutritional endocrine immunity and metabolic disorders"
"8_9","ICD-9-CM to ICDA-8","ClinicalBERT","278","has a reference match",858,0.824,0.054,0.611,0.794,0.832,0.862,0.934,"258","polyglandular dysfunction and other diseases of endocrine glands","overweight obesity and other hyperalimentation",35,"other nutritional endocrine immunity and metabolic disorders"
"8_9","ICD-9-CM to ICDA-8","ClinicalBERT","279","has a reference match",858,0.853,0.033,0.711,0.833,0.856,0.877,0.933,"279","other and unspecified metabolic diseases","disorders involving the immune mechanism",35,"other nutritional endocrine immunity and metabolic disorders"
"8_9","ICD-9-CM to ICDA-8","ClinicalBERT","280","has a reference match",858,0.845,0.061,0.62,0.807,0.853,0.89,1,"280","iron deficiency anemias","iron deficiency anemias",38,"anemia"
"8_9","ICD-9-CM to ICDA-8","ClinicalBERT","282","has a reference match",858,0.846,0.057,0.638,0.809,0.85,0.891,1,"282","hereditary hemolytic anemias","hereditary hemolytic anemias",38,"anemia"
"8_9","ICD-9-CM to ICDA-8","ClinicalBERT","283","has a reference match",858,0.857,0.053,0.652,0.827,0.863,0.895,1,"283","acquired hemolytic anemias","acquired hemolytic anemias",38,"anemia"
"8_9","ICD-9-CM to ICDA-8","ClinicalBERT","284","has a reference match",858,0.852,0.046,0.634,0.829,0.858,0.882,0.962,"283","acquired hemolytic anemias","aplastic anemia and other bone marrow failure syndromes",38,"anemia"
"8_9","ICD-9-CM to ICDA-8","ClinicalBERT","285","has a reference match",858,0.855,0.052,0.666,0.827,0.864,0.894,1,"285","other and unspecified anemias","other and unspecified anemias",38,"anemia"
"8_9","ICD-9-CM to ICDA-8","ClinicalBERT","286","has a reference match",858,0.849,0.032,0.727,0.829,0.851,0.872,1,"286","coagulation defects","coagulation defects",39,"other hematologic conditions"
"8_9","ICD-9-CM to ICDA-8","ClinicalBERT","287","has a reference match",858,0.811,0.054,0.621,0.778,0.813,0.847,1,"287","purpura and other hemorrhagic conditions","purpura and other hemorrhagic conditions",39,"other hematologic conditions"
"8_9","ICD-9-CM to ICDA-8","ClinicalBERT","288","has a reference match",858,0.771,0.03,0.633,0.753,0.774,0.792,0.865,"448","diseases of capillaries","diseases of white blood cells",39,"other hematologic conditions"
"8_9","ICD-9-CM to ICDA-8","ClinicalBERT","289","has a reference match",858,0.838,0.039,0.703,0.817,0.84,0.864,1,"289","other diseases of blood and bloodforming organs","other diseases of blood and bloodforming organs",39,"other hematologic conditions"
"8_9","ICD-9-CM to ICDA-8","ClinicalBERT","290","has a reference match",858,0.824,0.054,0.674,0.785,0.824,0.865,0.957,"295","schizophrenia","dementias",40,"delirium dementia and other cognitive disorders"
"8_9","ICD-9-CM to ICDA-8","ClinicalBERT","291","has a reference match",858,0.84,0.048,0.693,0.81,0.843,0.88,0.951,"291","alcoholic psychosis","alcoholinduced mental disorders",41,"alcohol and substancerelated disorders"
"8_9","ICD-9-CM to ICDA-8","ClinicalBERT","292","has a reference match",858,0.85,0.047,0.702,0.821,0.852,0.887,0.947,"582","chronic nephritis","druginduced mental disorders",41,"alcohol and substancerelated disorders"
"8_9","ICD-9-CM to ICDA-8","ClinicalBERT","294","has a reference match",858,0.854,0.043,0.66,0.832,0.86,0.883,0.955,"294","psychosis associated with other physical conditions","persistent mental disorders due to conditions classified elsewhere",40,"delirium dementia and other cognitive disorders"
"8_9","ICD-9-CM to ICDA-8","ClinicalBERT","295","has a reference match",858,0.841,0.061,0.64,0.801,0.85,0.888,0.96,"295","schizophrenia","schizophrenic disorders",42,"schizophrenia and other psychotic disorders"
"8_9","ICD-9-CM to ICDA-8","ClinicalBERT","296","has a reference match",858,0.841,0.053,0.681,0.801,0.846,0.884,0.954,"291","alcoholic psychosis","episodic mood disorders",43,"mood and anxiety disorders"
"8_9","ICD-9-CM to ICDA-8","ClinicalBERT","297","has a reference match",858,0.844,0.043,0.644,0.82,0.851,0.875,0.941,"293","psychosis associated with other cerebral condition","delusional disorders",42,"schizophrenia and other psychotic disorders"
"8_9","ICD-9-CM to ICDA-8","ClinicalBERT","298","has a reference match",858,0.827,0.051,0.634,0.798,0.831,0.863,0.973,"298","other psychoses","other nonorganic psychoses",42,"schizophrenia and other psychotic disorders"
"8_9","ICD-9-CM to ICDA-8","ClinicalBERT","299","has a reference match",858,0.829,0.057,0.672,0.784,0.831,0.879,0.955,"523","periodontal diseases","pervasive developmental disorders",44,"disorders usually diagnosed in infancy childhood or adolescence"
"8_9","ICD-9-CM to ICDA-8","ClinicalBERT","300","has a reference match",858,0.834,0.053,0.619,0.808,0.84,0.87,0.938,"126","ancylostomiasis","anxiety dissociative and somatoform disorders",43,"mood and anxiety disorders"
"8_9","ICD-9-CM to ICDA-8","ClinicalBERT","301","has a reference match",858,0.81,0.057,0.639,0.77,0.81,0.853,1,"301","personality disorders","personality disorders",45,"personality disorders"
"8_9","ICD-9-CM to ICDA-8","ClinicalBERT","303","has a reference match",858,0.841,0.047,0.667,0.811,0.843,0.874,0.965,"303","alcoholism","alcohol dependence syndrome",41,"alcohol and substancerelated disorders"
"8_9","ICD-9-CM to ICDA-8","ClinicalBERT","304","has a reference match",858,0.817,0.049,0.674,0.782,0.817,0.853,1,"304","drug dependence","drug dependence",41,"alcohol and substancerelated disorders"
"8_9","ICD-9-CM to ICDA-8","ClinicalBERT","305","no reference match",858,0.8,0.057,0.566,0.773,0.811,0.837,0.913,"308","behavior disorders of childhood","nondependent abuse of drugs",41,"alcohol and substancerelated disorders"
"8_9","ICD-9-CM to ICDA-8","ClinicalBERT","306","has a reference match",858,0.791,0.041,0.663,0.763,0.79,0.819,0.922,"066","late effects of viral encephalitis","physiological malfunction arising from mental factors",46,"miscellaneous mental health disorders"
"8_9","ICD-9-CM to ICDA-8","ClinicalBERT","307","has a reference match",858,0.801,0.047,0.65,0.772,0.805,0.837,0.964,"306","special symptoms not elsewhere classified","special symptoms or syndromes not elsewhere classified",46,"miscellaneous mental health disorders"
"8_9","ICD-9-CM to ICDA-8","ClinicalBERT","308","no reference match",858,0.769,0.044,0.616,0.738,0.773,0.804,0.917,"307","transient situational disturbances","acute reaction to stress",43,"mood and anxiety disorders"
"8_9","ICD-9-CM to ICDA-8","ClinicalBERT","309","has a reference match",858,0.763,0.041,0.613,0.735,0.763,0.79,0.871,"268","nutritional marasmus","adjustment reaction",47,"adjustment disorders"
"8_9","ICD-9-CM to ICDA-8","ClinicalBERT","310","has a reference match",858,0.819,0.051,0.624,0.79,0.827,0.853,0.925,"290","senile and presenile dementia","specific nonpsychotic mental disorders due to brain damage",46,"miscellaneous mental health disorders"
"8_9","ICD-9-CM to ICDA-8","ClinicalBERT","311","has a reference match",858,0.827,0.047,0.629,0.8,0.831,0.863,0.932,"290","senile and presenile dementia","depressive disorder not elsewhere classified",43,"mood and anxiety disorders"
"8_9","ICD-9-CM to ICDA-8","ClinicalBERT","312","no reference match",858,0.775,0.033,0.678,0.751,0.775,0.797,0.895,"306","special symptoms not elsewhere classified","disturbance of conduct not elsewhere classified",48,"attentiondeficit conduct and disruptive behavior disorders"
"8_9","ICD-9-CM to ICDA-8","ClinicalBERT","314","has a reference match",858,0.849,0.046,0.644,0.821,0.853,0.882,0.948,"774","hemolytic disease of newborn with kernicterus","hyperkinetic syndrome of childhood",48,"attentiondeficit conduct and disruptive behavior disorders"
"8_9","ICD-9-CM to ICDA-8","ClinicalBERT","315","no reference match",858,0.777,0.034,0.671,0.752,0.776,0.8,0.883,"066","late effects of viral encephalitis","specific delays in development",49,"developmental disorders"
"8_9","ICD-9-CM to ICDA-8","ClinicalBERT","316","no reference match",858,0.824,0.055,0.601,0.796,0.836,0.862,0.938,"305","physical disorders of presumably psychogenic origin","psychic factors associated with diseases classified elsewhere",46,"miscellaneous mental health disorders"
"8_9","ICD-9-CM to ICDA-8","ClinicalBERT","317","has a reference match",858,0.827,0.052,0.649,0.79,0.829,0.869,0.934,"379","blindness","mild intellectual disabilities",49,"developmental disorders"
"8_9","ICD-9-CM to ICDA-8","ClinicalBERT","318","has a reference match",858,0.817,0.052,0.643,0.785,0.82,0.856,0.913,"378","other diseases of eye","other specified intellectual disabilities",49,"developmental disorders"
"8_9","ICD-9-CM to ICDA-8","ClinicalBERT","319","has a reference match",858,0.809,0.034,0.694,0.789,0.813,0.831,0.901,"486","pneumonia unspecified","unspecified intellectual disabilities",49,"developmental disorders"
"8_9","ICD-9-CM to ICDA-8","ClinicalBERT","327","no reference match",858,0.804,0.056,0.617,0.765,0.803,0.849,0.917,"717","other nonarticular rheumatism","organic sleep disorders",50,"other nervous system conditions"
"8_9","ICD-9-CM to ICDA-8","ClinicalBERT","330","no reference match",858,0.761,0.072,0.495,0.723,0.768,0.812,0.921,"095","other forms of late syphilis with symptoms","cerebral degenerations usually manifest in childhood",50,"other nervous system conditions"
"8_9","ICD-9-CM to ICDA-8","ClinicalBERT","331","no reference match",858,0.832,0.042,0.679,0.803,0.835,0.862,0.949,"344","other cerebral paralysis","other cerebral degenerations",40,"delirium dementia and other cognitive disorders"
"8_9","ICD-9-CM to ICDA-8","ClinicalBERT","332","has a reference match",858,0.845,0.054,0.688,0.807,0.846,0.888,0.962,"403","hypertensive renal disease","parkinsons disease",51,"parkinsons disease"
"8_9","ICD-9-CM to ICDA-8","ClinicalBERT","333","no reference match",858,0.835,0.054,0.651,0.805,0.844,0.871,0.945,"360","conjunctivitis and ophthalmia","other extrapyramidal disease and abnormal movement disorders",50,"other nervous system conditions"
"8_9","ICD-9-CM to ICDA-8","ClinicalBERT","334","no reference match",858,0.864,0.044,0.704,0.833,0.867,0.898,0.968,"348","motor neurone disease","spinocerebellar disease",50,"other nervous system conditions"
"8_9","ICD-9-CM to ICDA-8","ClinicalBERT","335","no reference match",858,0.851,0.051,0.674,0.816,0.856,0.889,0.965,"365","choroiditis","anterior horn cell disease",50,"other nervous system conditions"
"8_9","ICD-9-CM to ICDA-8","ClinicalBERT","336","has a reference match",858,0.845,0.049,0.69,0.813,0.846,0.881,0.992,"349","other diseases of spinal cord","other diseases of spinal cord",50,"other nervous system conditions"
"8_9","ICD-9-CM to ICDA-8","ClinicalBERT","337","has a reference match",858,0.84,0.05,0.635,0.813,0.846,0.874,0.966,"331","hereditary diseases of the striatopallidal system","disorders of the autonomic nervous system",50,"other nervous system conditions"
"8_9","ICD-9-CM to ICDA-8","ClinicalBERT","338","no reference match",858,0.811,0.036,0.687,0.786,0.814,0.837,0.907,"490","bronchitis unqualified","pain not elsewhere classified",50,"other nervous system conditions"
"8_9","ICD-9-CM to ICDA-8","ClinicalBERT","339","has a reference match",858,0.839,0.044,0.674,0.812,0.841,0.872,0.938,"387","other diseases of ear and mastoid process","other headache syndromes",52,"headache including migraine"
"8_9","ICD-9-CM to ICDA-8","ClinicalBERT","340","has a reference match",858,0.826,0.056,0.651,0.787,0.831,0.868,1,"340","multiple sclerosis","multiple sclerosis",53,"multiple sclerosis"
"8_9","ICD-9-CM to ICDA-8","ClinicalBERT","341","has a reference match",858,0.838,0.052,0.639,0.807,0.841,0.873,1,"341","other demyelinating diseases of central nervous system","other demyelinating diseases of central nervous system",50,"other nervous system conditions"
"8_9","ICD-9-CM to ICDA-8","ClinicalBERT","342","has a reference match",858,0.857,0.037,0.682,0.839,0.863,0.882,0.929,"844","sprains and strains of knee and leg","hemiplegia and hemiparesis",54,"paralysis"
"8_9","ICD-9-CM to ICDA-8","ClinicalBERT","343","has a reference match",858,0.813,0.049,0.644,0.779,0.815,0.85,0.946,"742","congenital hydrocephalus","infantile cerebral palsy",54,"paralysis"
"8_9","ICD-9-CM to ICDA-8","ClinicalBERT","344","has a reference match",858,0.842,0.043,0.694,0.815,0.844,0.873,0.932,"542","other appendicitis","other paralytic syndromes",54,"paralysis"
"8_9","ICD-9-CM to ICDA-8","ClinicalBERT","345","has a reference match",858,0.82,0.049,0.625,0.795,0.824,0.855,0.935,"360","conjunctivitis and ophthalmia","epilepsy and recurrent seizures",55,"epilepsyconvulsions"
"8_9","ICD-9-CM to ICDA-8","ClinicalBERT","346","has a reference match",858,0.849,0.046,0.705,0.818,0.854,0.883,1,"346","migraine","migraine",52,"headache including migraine"
"8_9","ICD-9-CM to ICDA-8","ClinicalBERT","347","has a reference match",858,0.856,0.043,0.694,0.828,0.86,0.888,0.941,"352","brachial neuritis","cataplexy and narcolepsy",50,"other nervous system conditions"
"8_9","ICD-9-CM to ICDA-8","ClinicalBERT","348","has a reference match",858,0.84,0.04,0.687,0.817,0.844,0.866,0.963,"347","other diseases of brain","other conditions of brain",50,"other nervous system conditions"
"8_9","ICD-9-CM to ICDA-8","ClinicalBERT","353","has a reference match",858,0.831,0.035,0.686,0.806,0.829,0.858,0.915,"724","internal derangement of joint","nerve root and plexus disorders",50,"other nervous system conditions"
"8_9","ICD-9-CM to ICDA-8","ClinicalBERT","354","has a reference match",858,0.858,0.045,0.627,0.837,0.863,0.887,0.956,"354","polyneuritis and polyradiculitis","mononeuritis of upper limb and mononeuritis multiplex",50,"other nervous system conditions"
"8_9","ICD-9-CM to ICDA-8","ClinicalBERT","355","has a reference match",858,0.86,0.04,0.669,0.834,0.866,0.889,0.963,"465","acute upper respiratory infection of multiple or unspecified sites","mononeuritis of lower limb and unspecified site",50,"other nervous system conditions"
"8_9","ICD-9-CM to ICDA-8","ClinicalBERT","356","has a reference match",858,0.856,0.047,0.674,0.825,0.86,0.891,0.959,"354","polyneuritis and polyradiculitis","hereditary and idiopathic peripheral neuropathy",50,"other nervous system conditions"
"8_9","ICD-9-CM to ICDA-8","ClinicalBERT","357","has a reference match",858,0.854,0.045,0.696,0.823,0.857,0.89,0.946,"348","motor neurone disease","inflammatory and toxic neuropathy",50,"other nervous system conditions"
"8_9","ICD-9-CM to ICDA-8","ClinicalBERT","358","no reference match",858,0.849,0.05,0.691,0.81,0.851,0.889,0.954,"523","periodontal diseases","myoneural disorders",50,"other nervous system conditions"
"8_9","ICD-9-CM to ICDA-8","ClinicalBERT","359","no reference match",858,0.842,0.054,0.663,0.805,0.847,0.885,0.942,"733","other diseases of muscle tendon and fascia","muscular dystrophies and other myopathies",50,"other nervous system conditions"
"8_9","ICD-9-CM to ICDA-8","ClinicalBERT","360","has a reference match",858,0.795,0.032,0.667,0.772,0.793,0.817,0.894,"605","redundant prepuce and phimosis","disorders of the globe",56,"other eye disorders"
"8_9","ICD-9-CM to ICDA-8","ClinicalBERT","361","has a reference match",858,0.844,0.043,0.704,0.815,0.847,0.876,0.928,"377","other diseases of retina and optic nerve","retinal detachments and defects",57,"retinal detachments defects vascular occlusion and retinopathy"
"8_9","ICD-9-CM to ICDA-8","ClinicalBERT","362","has a reference match",858,0.845,0.046,0.695,0.811,0.847,0.88,0.948,"378","other diseases of eye","other retinal disorders",57,"retinal detachments defects vascular occlusion and retinopathy"
"8_9","ICD-9-CM to ICDA-8","ClinicalBERT","363","has a reference match",858,0.86,0.038,0.679,0.842,0.867,0.887,0.939,"368","inflammation of lacrimal glands and ducts","chorioretinal inflammations scars and other disorders of choroid",56,"other eye disorders"
"8_9","ICD-9-CM to ICDA-8","ClinicalBERT","364","has a reference match",858,0.844,0.035,0.726,0.822,0.843,0.868,0.934,"448","diseases of capillaries","disorders of iris and ciliary body",56,"other eye disorders"
"8_9","ICD-9-CM to ICDA-8","ClinicalBERT","365","has a reference match",858,0.827,0.054,0.659,0.786,0.827,0.867,0.987,"375","glaucoma","glaucoma",58,"glaucoma"
"8_9","ICD-9-CM to ICDA-8","ClinicalBERT","366","has a reference match",858,0.832,0.054,0.645,0.795,0.833,0.874,0.986,"374","cataract","cataract",59,"cataract"
"8_9","ICD-9-CM to ICDA-8","ClinicalBERT","369","has a reference match",858,0.849,0.049,0.64,0.819,0.853,0.887,0.954,"379","blindness","blindness and low vision",60,"blindness and vision defects"
"8_9","ICD-9-CM to ICDA-8","ClinicalBERT","370","has a reference match",858,0.835,0.05,0.671,0.8,0.835,0.873,0.973,"363","keratitis","keratitis",56,"other eye disorders"
"8_9","ICD-9-CM to ICDA-8","ClinicalBERT","371","has a reference match",858,0.864,0.032,0.698,0.843,0.865,0.886,0.938,"371","corneal opacity","corneal opacity and other disorders of cornea",56,"other eye disorders"
"8_9","ICD-9-CM to ICDA-8","ClinicalBERT","372","has a reference match",858,0.801,0.035,0.63,0.783,0.805,0.825,0.903,"521","diseases of hard tissues of teeth","disorders of conjunctiva",56,"other eye disorders"
"8_9","ICD-9-CM to ICDA-8","ClinicalBERT","376","has a reference match",858,0.817,0.037,0.64,0.79,0.817,0.844,0.903,"724","internal derangement of joint","disorders of the orbit",56,"other eye disorders"
"8_9","ICD-9-CM to ICDA-8","ClinicalBERT","377","has a reference match",858,0.854,0.033,0.72,0.833,0.856,0.879,0.938,"377","other diseases of retina and optic nerve","disorders of optic nerve and visual pathways",56,"other eye disorders"
"8_9","ICD-9-CM to ICDA-8","ClinicalBERT","379","has a reference match",858,0.85,0.046,0.68,0.82,0.856,0.883,0.978,"378","other diseases of eye","other disorders of eye",56,"other eye disorders"
"8_9","ICD-9-CM to ICDA-8","ClinicalBERT","380","has a reference match",858,0.842,0.029,0.701,0.824,0.843,0.864,0.921,"605","redundant prepuce and phimosis","disorders of external ear",61,"other ear and sense organ disorders"
"8_9","ICD-9-CM to ICDA-8","ClinicalBERT","381","has a reference match",858,0.856,0.051,0.65,0.826,0.864,0.892,0.96,"613","chronic salpingitis and oophoritis","nonsuppurative otitis media and eustachian tube disorders",62,"otitis media and related conditions"
"8_9","ICD-9-CM to ICDA-8","ClinicalBERT","382","no reference match",858,0.863,0.037,0.658,0.844,0.868,0.888,0.939,"612","acute salpingitis and oophoritis","suppurative and unspecified otitis media",62,"otitis media and related conditions"
"8_9","ICD-9-CM to ICDA-8","ClinicalBERT","383","has a reference match",858,0.863,0.046,0.671,0.837,0.866,0.897,0.962,"678","mastitis and other disorders of lactation","mastoiditis and related conditions",62,"otitis media and related conditions"
"8_9","ICD-9-CM to ICDA-8","ClinicalBERT","384","has a reference match",858,0.854,0.035,0.698,0.833,0.857,0.88,0.927,"384","other inflammatory diseases of ear","other disorders of tympanic membrane",61,"other ear and sense organ disorders"
"8_9","ICD-9-CM to ICDA-8","ClinicalBERT","386","has a reference match",858,0.866,0.043,0.654,0.847,0.873,0.895,0.948,"446","polyarteritis nodosa and allied conditions","vertiginous syndromes and other disorders of vestibular system",63,"conditions associated with dizziness or vertigo"
"8_9","ICD-9-CM to ICDA-8","ClinicalBERT","389","has a reference match",858,0.842,0.05,0.677,0.807,0.845,0.884,0.959,"389","other deafness","hearing loss",61,"other ear and sense organ disorders"
"8_9","ICD-9-CM to ICDA-8","ClinicalBERT","393","has a reference match",858,0.852,0.049,0.703,0.816,0.852,0.889,0.96,"352","brachial neuritis","chronic rheumatic pericarditis",64,"peri endo and myocarditis cardiomyopathy"
"8_9","ICD-9-CM to ICDA-8","ClinicalBERT","394","has a reference match",858,0.776,0.04,0.639,0.748,0.777,0.803,1,"394","diseases of mitral valve","diseases of mitral valve",65,"heart valve disorders"
"8_9","ICD-9-CM to ICDA-8","ClinicalBERT","395","has a reference match",858,0.762,0.037,0.642,0.742,0.764,0.785,1,"395","diseases of aortic valve","diseases of aortic valve",65,"heart valve disorders"
"8_9","ICD-9-CM to ICDA-8","ClinicalBERT","396","has a reference match",858,0.802,0.045,0.654,0.774,0.8,0.836,1,"396","diseases of mitral and aortic valves","diseases of mitral and aortic valves",65,"heart valve disorders"
"8_9","ICD-9-CM to ICDA-8","ClinicalBERT","397","has a reference match",858,0.809,0.04,0.686,0.784,0.809,0.834,1,"397","diseases of other endocardial structures","diseases of other endocardial structures",65,"heart valve disorders"
"8_9","ICD-9-CM to ICDA-8","ClinicalBERT","398","has a reference match",858,0.833,0.057,0.67,0.791,0.833,0.879,0.961,"428","other myocardial insufficiency","other rheumatic heart disease",64,"peri endo and myocarditis cardiomyopathy"
"8_9","ICD-9-CM to ICDA-8","ClinicalBERT","401","has a reference match",858,0.83,0.056,0.66,0.789,0.832,0.871,0.973,"401","essential benign hypertension","essential hypertension",66,"hypertension"
"8_9","ICD-9-CM to ICDA-8","ClinicalBERT","402","has a reference match",858,0.826,0.053,0.68,0.787,0.824,0.863,1,"402","hypertensive heart disease","hypertensive heart disease",67,"hypertension complications"
"8_9","ICD-9-CM to ICDA-8","ClinicalBERT","403","has a reference match",858,0.833,0.052,0.666,0.796,0.832,0.87,0.985,"403","hypertensive renal disease","hypertensive chronic kidney disease",67,"hypertension complications"
"8_9","ICD-9-CM to ICDA-8","ClinicalBERT","404","has a reference match",858,0.832,0.06,0.634,0.79,0.843,0.875,0.992,"404","hypertensive heart and renal disease","hypertensive heart and chronic kidney disease",67,"hypertension complications"
"8_9","ICD-9-CM to ICDA-8","ClinicalBERT","405","no reference match",858,0.836,0.047,0.649,0.807,0.84,0.869,0.949,"401","essential benign hypertension","secondary hypertension",67,"hypertension complications"
"8_9","ICD-9-CM to ICDA-8","ClinicalBERT","410","has a reference match",858,0.752,0.05,0.602,0.719,0.749,0.787,1,"410","acute myocardial infarction","acute myocardial infarction",68,"acute myocardial infarction"
"8_9","ICD-9-CM to ICDA-8","ClinicalBERT","411","has a reference match",858,0.842,0.039,0.707,0.817,0.841,0.871,1,"411","other acute and subacute forms of ischemic heart disease","other acute and subacute forms of ischemic heart disease",69,"coronary atherosclerosis and other heart disease"
"8_9","ICD-9-CM to ICDA-8","ClinicalBERT","412","has a reference match",858,0.817,0.048,0.625,0.785,0.817,0.85,0.94,"412","chronic ischemic heart disease","old myocardial infarction",69,"coronary atherosclerosis and other heart disease"
"8_9","ICD-9-CM to ICDA-8","ClinicalBERT","413","has a reference match",858,0.845,0.055,0.675,0.805,0.845,0.888,1,"413","angina pectoris","angina pectoris",69,"coronary atherosclerosis and other heart disease"
"8_9","ICD-9-CM to ICDA-8","ClinicalBERT","414","has a reference match",858,0.845,0.051,0.677,0.81,0.847,0.884,0.961,"411","other acute and subacute forms of ischemic heart disease","other forms of chronic ischemic heart disease",69,"coronary atherosclerosis and other heart disease"
"8_9","ICD-9-CM to ICDA-8","ClinicalBERT","415","has a reference match",858,0.769,0.055,0.618,0.728,0.773,0.809,0.945,"410","acute myocardial infarction","acute pulmonary heart disease",70,"pulmonary heart disease"
"8_9","ICD-9-CM to ICDA-8","ClinicalBERT","416","has a reference match",858,0.83,0.056,0.666,0.79,0.829,0.875,0.972,"426","pulmonary heart disease","chronic pulmonary heart disease",70,"pulmonary heart disease"
"8_9","ICD-9-CM to ICDA-8","ClinicalBERT","417","no reference match",858,0.826,0.048,0.697,0.796,0.825,0.858,0.96,"447","other diseases of arteries and arterioles","other diseases of pulmonary circulation",70,"pulmonary heart disease"
"8_9","ICD-9-CM to ICDA-8","ClinicalBERT","423","has a reference match",858,0.807,0.038,0.642,0.78,0.807,0.834,0.929,"393","diseases of pericardium","other diseases of pericardium",64,"peri endo and myocarditis cardiomyopathy"
"8_9","ICD-9-CM to ICDA-8","ClinicalBERT","424","has a reference match",858,0.845,0.045,0.701,0.814,0.844,0.877,0.958,"349","other diseases of spinal cord","other diseases of endocardium",65,"heart valve disorders"
"8_9","ICD-9-CM to ICDA-8","ClinicalBERT","425","has a reference match",858,0.826,0.052,0.675,0.789,0.831,0.863,1,"425","cardiomyopathy","cardiomyopathy",64,"peri endo and myocarditis cardiomyopathy"
"8_9","ICD-9-CM to ICDA-8","ClinicalBERT","426","has a reference match",858,0.798,0.035,0.657,0.779,0.803,0.821,0.889,"388","deaf mutism","conduction disorders",71,"conduction disorders"
"8_9","ICD-9-CM to ICDA-8","ClinicalBERT","427","has a reference match",858,0.842,0.046,0.677,0.809,0.848,0.878,0.94,"427","symptomatic heart disease","cardiac dysrhythmias",72,"cardiac dysrhythmias arrest chf and ventricular fibrillation"
"8_9","ICD-9-CM to ICDA-8","ClinicalBERT","428","has a reference match",858,0.827,0.051,0.639,0.799,0.832,0.862,0.958,"422","acute myocarditis","heart failure",72,"cardiac dysrhythmias arrest chf and ventricular fibrillation"
"8_9","ICD-9-CM to ICDA-8","ClinicalBERT","429","has a reference match",858,0.795,0.038,0.633,0.774,0.798,0.821,0.906,"438","other and illdefined cerebrovascular disease","illdefined descriptions and complications of heart disease",73,"other and illdefined heart disease"
"8_9","ICD-9-CM to ICDA-8","ClinicalBERT","430","has a reference match",858,0.8,0.05,0.65,0.768,0.797,0.834,1,"430","subarachnoid hemorrhage","subarachnoid hemorrhage",74,"acute cerebrovascular disease"
"8_9","ICD-9-CM to ICDA-8","ClinicalBERT","431","has a reference match",858,0.836,0.037,0.691,0.81,0.834,0.863,0.979,"431","cerebral hemorrhage","intracerebral hemorrhage",74,"acute cerebrovascular disease"
"8_9","ICD-9-CM to ICDA-8","ClinicalBERT","432","has a reference match",858,0.829,0.038,0.712,0.801,0.83,0.856,0.955,"853","other and unspecified intracranial hemorrhage following injury without mention of cerebral laceration or contusion","other and unspecified intracranial hemorrhage",74,"acute cerebrovascular disease"
"8_9","ICD-9-CM to ICDA-8","ClinicalBERT","433","has a reference match",858,0.815,0.039,0.671,0.791,0.819,0.841,0.982,"432","occlusion of precerebral arteries","occlusion and stenosis of precerebral arteries",74,"acute cerebrovascular disease"
"8_9","ICD-9-CM to ICDA-8","ClinicalBERT","434","has a reference match",858,0.822,0.038,0.686,0.796,0.822,0.847,0.985,"432","occlusion of precerebral arteries","occlusion of cerebral arteries",74,"acute cerebrovascular disease"
"8_9","ICD-9-CM to ICDA-8","ClinicalBERT","435","has a reference match",858,0.767,0.046,0.658,0.735,0.763,0.797,1,"435","transient cerebral ischemia","transient cerebral ischemia",75,"transient cerebral ischemia"
"8_9","ICD-9-CM to ICDA-8","ClinicalBERT","436","has a reference match",858,0.842,0.035,0.69,0.82,0.843,0.862,1,"436","acute but illdefined cerebrovascular disease","acute but illdefined cerebrovascular disease",74,"acute cerebrovascular disease"
"8_9","ICD-9-CM to ICDA-8","ClinicalBERT","437","has a reference match",858,0.862,0.039,0.718,0.836,0.864,0.891,0.995,"438","other and illdefined cerebrovascular disease","other and illdefined cerebrovascular disease",76,"other and illdefined cerebrovascular disease"
"8_9","ICD-9-CM to ICDA-8","ClinicalBERT","438","has a reference match",858,0.858,0.035,0.715,0.835,0.86,0.881,0.954,"438","other and illdefined cerebrovascular disease","late effects of cerebrovascular disease",76,"other and illdefined cerebrovascular disease"
"8_9","ICD-9-CM to ICDA-8","ClinicalBERT","440","has a reference match",858,0.817,0.045,0.668,0.79,0.824,0.847,0.978,"440","arteriosclerosis","atherosclerosis",77,"other circulatory disease"
"8_9","ICD-9-CM to ICDA-8","ClinicalBERT","441","has a reference match",858,0.794,0.046,0.637,0.76,0.79,0.826,0.937,"441","aortic aneurysm nonsyphilitic","aortic aneurysm and dissection",77,"other circulatory disease"
"8_9","ICD-9-CM to ICDA-8","ClinicalBERT","442","has a reference match",858,0.773,0.052,0.56,0.734,0.771,0.811,1,"442","other aneurysm","other aneurysm",77,"other circulatory disease"
"8_9","ICD-9-CM to ICDA-8","ClinicalBERT","443","has a reference match",858,0.838,0.052,0.673,0.797,0.837,0.876,1,"443","other peripheral vascular disease","other peripheral vascular disease",77,"other circulatory disease"
"8_9","ICD-9-CM to ICDA-8","ClinicalBERT","444","has a reference match",858,0.842,0.036,0.696,0.818,0.841,0.866,1,"444","arterial embolism and thrombosis","arterial embolism and thrombosis",78,"aortic and peripheral arterial embolism or thrombosis"
"8_9","ICD-9-CM to ICDA-8","ClinicalBERT","445","has a reference match",858,0.76,0.054,0.552,0.722,0.757,0.801,0.914,"444","arterial embolism and thrombosis","atheroembolism",78,"aortic and peripheral arterial embolism or thrombosis"
"8_9","ICD-9-CM to ICDA-8","ClinicalBERT","446","has a reference match",858,0.872,0.046,0.657,0.85,0.879,0.904,1,"446","polyarteritis nodosa and allied conditions","polyarteritis nodosa and allied conditions",77,"other circulatory disease"
"8_9","ICD-9-CM to ICDA-8","ClinicalBERT","447","has a reference match",858,0.847,0.042,0.683,0.823,0.849,0.876,0.981,"447","other diseases of arteries and arterioles","other disorders of arteries and arterioles",77,"other circulatory disease"
"8_9","ICD-9-CM to ICDA-8","ClinicalBERT","448","has a reference match",858,0.844,0.034,0.719,0.82,0.846,0.868,0.977,"448","diseases of capillaries","disease of capillaries",77,"other circulatory disease"
"8_9","ICD-9-CM to ICDA-8","ClinicalBERT","453","has a reference match",858,0.858,0.037,0.718,0.834,0.863,0.885,1,"453","other venous embolism and thrombosis","other venous embolism and thrombosis",79,"phlebitis thrombophlebitis and thromboembolism"
"8_9","ICD-9-CM to ICDA-8","ClinicalBERT","456","has a reference match",858,0.833,0.035,0.682,0.812,0.835,0.856,1,"456","varicose veins of other sites","varicose veins of other sites",80,"other diseases of veins and lymphatics"
"8_9","ICD-9-CM to ICDA-8","ClinicalBERT","457","has a reference match",858,0.819,0.058,0.58,0.789,0.829,0.858,0.964,"457","noninfective disease of lymphatic channels","noninfectious disorders of lymphatic channels",80,"other diseases of veins and lymphatics"
"8_9","ICD-9-CM to ICDA-8","ClinicalBERT","459","has a reference match",858,0.846,0.046,0.669,0.822,0.851,0.877,0.974,"458","other diseases of circulatory system","other disorders of circulatory system",80,"other diseases of veins and lymphatics"
"8_9","ICD-9-CM to ICDA-8","ClinicalBERT","472","has a reference match",858,0.854,0.047,0.658,0.824,0.854,0.887,0.983,"502","chronic pharyngitis and nasopharyngitis","chronic pharyngitis and nasopharyngitis",81,"other upper respiratory disease"
"8_9","ICD-9-CM to ICDA-8","ClinicalBERT","473","has a reference match",858,0.854,0.052,0.696,0.817,0.855,0.897,0.984,"503","chronic sinusitis","chronic sinusitis",82,"other upper respiratory infections"
"8_9","ICD-9-CM to ICDA-8","ClinicalBERT","474","has a reference match",858,0.871,0.048,0.647,0.847,0.878,0.904,0.963,"446","polyarteritis nodosa and allied conditions","chronic disease of tonsils and adenoids",83,"acute and chronic tonsillitis"
"8_9","ICD-9-CM to ICDA-8","ClinicalBERT","476","has a reference match",858,0.864,0.046,0.674,0.831,0.868,0.9,0.967,"464","acute laryngitis and tracheitis","chronic laryngitis and laryngotracheitis",81,"other upper respiratory disease"
"8_9","ICD-9-CM to ICDA-8","ClinicalBERT","477","has a reference match",858,0.849,0.045,0.631,0.823,0.853,0.884,0.947,"718","rheumatism unspecified","allergic rhinitis",81,"other upper respiratory disease"
"8_9","ICD-9-CM to ICDA-8","ClinicalBERT","478","has a reference match",858,0.843,0.049,0.687,0.811,0.845,0.877,0.986,"508","other diseases of upper respiratory tract","other diseases of upper respiratory tract",81,"other upper respiratory disease"
"8_9","ICD-9-CM to ICDA-8","ClinicalBERT","491","has a reference match",858,0.85,0.053,0.671,0.81,0.85,0.894,1,"491","chronic bronchitis","chronic bronchitis",84,"chronic obstructive pulmonary disease copd"
"8_9","ICD-9-CM to ICDA-8","ClinicalBERT","492","has a reference match",858,0.842,0.043,0.691,0.813,0.844,0.873,1,"492","emphysema","emphysema",84,"chronic obstructive pulmonary disease copd"
"8_9","ICD-9-CM to ICDA-8","ClinicalBERT","493","has a reference match",858,0.849,0.054,0.663,0.811,0.851,0.891,1,"493","asthma","asthma",85,"asthma"
"8_9","ICD-9-CM to ICDA-8","ClinicalBERT","494","has a reference match",858,0.863,0.039,0.689,0.84,0.869,0.892,0.992,"518","bronchiectasis","bronchiectasis",84,"chronic obstructive pulmonary disease copd"
"8_9","ICD-9-CM to ICDA-8","ClinicalBERT","495","no reference match",858,0.863,0.042,0.649,0.844,0.866,0.891,0.944,"092","early syphilis latent","extrinsic allergic alveolitis",86,"lung disease due to external agents"
"8_9","ICD-9-CM to ICDA-8","ClinicalBERT","496","no reference match",858,0.862,0.033,0.703,0.841,0.868,0.884,0.937,"584","renal sclerosis unqualified","chronic airway obstruction not elsewhere classified",84,"chronic obstructive pulmonary disease copd"
"8_9","ICD-9-CM to ICDA-8","ClinicalBERT","500","has a reference match",858,0.844,0.033,0.683,0.823,0.846,0.869,0.915,"604","orchitis and epididymitis","coal workers pneumoconiosis",86,"lung disease due to external agents"
"8_9","ICD-9-CM to ICDA-8","ClinicalBERT","501","has a reference match",858,0.846,0.049,0.673,0.812,0.85,0.882,0.966,"133","acariasis","asbestosis",86,"lung disease due to external agents"
"8_9","ICD-9-CM to ICDA-8","ClinicalBERT","502","has a reference match",858,0.843,0.033,0.708,0.823,0.844,0.865,0.989,"515","pneumoconiosis due to silica and silicates","pneumoconiosis due to other silica or silicates",86,"lung disease due to external agents"
"8_9","ICD-9-CM to ICDA-8","ClinicalBERT","503","has a reference match",858,0.842,0.032,0.719,0.821,0.841,0.865,0.967,"515","pneumoconiosis due to silica and silicates","pneumoconiosis due to other inorganic dust",86,"lung disease due to external agents"
"8_9","ICD-9-CM to ICDA-8","ClinicalBERT","504","has a reference match",858,0.852,0.04,0.663,0.828,0.856,0.88,0.951,"515","pneumoconiosis due to silica and silicates","pneumonopathy due to inhalation of other dust",86,"lung disease due to external agents"
"8_9","ICD-9-CM to ICDA-8","ClinicalBERT","505","has a reference match",858,0.812,0.037,0.69,0.786,0.812,0.837,0.949,"485","bronchopneumonia unspecified","pneumoconiosis unspecified",86,"lung disease due to external agents"
"8_9","ICD-9-CM to ICDA-8","ClinicalBERT","506","has a reference match",858,0.796,0.037,0.636,0.774,0.799,0.82,0.904,"515","pneumoconiosis due to silica and silicates","respiratory conditions due to chemical fumes and vapors",86,"lung disease due to external agents"
"8_9","ICD-9-CM to ICDA-8","ClinicalBERT","508","no reference match",858,0.821,0.033,0.689,0.8,0.822,0.842,0.932,"515","pneumoconiosis due to silica and silicates","respiratory conditions due to other and unspecified external agents",86,"lung disease due to external agents"
"8_9","ICD-9-CM to ICDA-8","ClinicalBERT","512","has a reference match",858,0.758,0.046,0.651,0.723,0.754,0.791,0.956,"512","spontaneous pneumothorax","pneumothorax and air leak",87,"other lower respiratory disease"
"8_9","ICD-9-CM to ICDA-8","ClinicalBERT","514","has a reference match",858,0.779,0.037,0.64,0.753,0.777,0.803,1,"514","pulmonary congestion and hypostasis","pulmonary congestion and hypostasis",87,"other lower respiratory disease"
"8_9","ICD-9-CM to ICDA-8","ClinicalBERT","515","no reference match",858,0.868,0.041,0.68,0.847,0.874,0.895,0.952,"354","polyneuritis and polyradiculitis","postinflammatory pulmonary fibrosis",87,"other lower respiratory disease"
"8_9","ICD-9-CM to ICDA-8","ClinicalBERT","516","no reference match",858,0.868,0.041,0.686,0.849,0.873,0.896,0.961,"517","other chronic interstitial pneumonia","other alveolar and parietoalveolar pneumonopathy",87,"other lower respiratory disease"
"8_9","ICD-9-CM to ICDA-8","ClinicalBERT","517","no reference match",858,0.84,0.039,0.662,0.822,0.849,0.867,0.917,"776","anoxic and hypoxic conditions not elsewhere classifiable","lung involvement in conditions classified elsewhere",87,"other lower respiratory disease"
"8_9","ICD-9-CM to ICDA-8","ClinicalBERT","518","has a reference match",858,0.838,0.054,0.659,0.805,0.842,0.874,0.974,"573","other diseases of liver","other diseases of lung",88,"respiratory failure pulmonary collapse"
"8_9","ICD-9-CM to ICDA-8","ClinicalBERT","523","has a reference match",858,0.857,0.049,0.685,0.824,0.859,0.895,0.973,"523","periodontal diseases","gingival and periodontal diseases",89,"disorders of teeth and jaw"
"8_9","ICD-9-CM to ICDA-8","ClinicalBERT","525","has a reference match",858,0.804,0.037,0.678,0.781,0.805,0.831,1,"525","other diseases and conditions of the teeth and supporting structures","other diseases and conditions of the teeth and supporting structures",89,"disorders of teeth and jaw"
"8_9","ICD-9-CM to ICDA-8","ClinicalBERT","530","has a reference match",858,0.836,0.045,0.688,0.808,0.838,0.869,0.995,"530","diseases of esophagus","diseases of oesophagus",90,"esophageal disorders"
"8_9","ICD-9-CM to ICDA-8","ClinicalBERT","531","has a reference match",858,0.859,0.043,0.699,0.83,0.86,0.891,0.969,"534","gastrojejunal ulcer","gastric ulcer",91,"gasduo ulcer without hemorrhage"
"8_9","ICD-9-CM to ICDA-8","ClinicalBERT","532","has a reference match",858,0.855,0.038,0.711,0.829,0.857,0.88,0.979,"534","gastrojejunal ulcer","duodenal ulcer",91,"gasduo ulcer without hemorrhage"
"8_9","ICD-9-CM to ICDA-8","ClinicalBERT","533","has a reference match",858,0.828,0.038,0.68,0.801,0.826,0.855,1,"533","peptic ulcer site unspecified","peptic ulcer site unspecified",91,"gasduo ulcer without hemorrhage"
"8_9","ICD-9-CM to ICDA-8","ClinicalBERT","534","has a reference match",858,0.852,0.039,0.7,0.826,0.854,0.877,1,"534","gastrojejunal ulcer","gastrojejunal ulcer",91,"gasduo ulcer without hemorrhage"
"8_9","ICD-9-CM to ICDA-8","ClinicalBERT","535","has a reference match",858,0.88,0.037,0.708,0.856,0.883,0.907,1,"535","gastritis and duodenitis","gastritis and duodenitis",92,"gastritis and duodenitis"
"8_9","ICD-9-CM to ICDA-8","ClinicalBERT","537","has a reference match",858,0.848,0.05,0.684,0.818,0.848,0.882,1,"537","other diseases of stomach and duodenum","other diseases of stomach and duodenum",93,"other disorders of stomach and duodenum"
"8_9","ICD-9-CM to ICDA-8","ClinicalBERT","555","no reference match",858,0.851,0.041,0.655,0.823,0.854,0.879,0.95,"422","acute myocarditis","regional enteritis",94,"regional enteritis and ulcerative colitis"
"8_9","ICD-9-CM to ICDA-8","ClinicalBERT","556","has a reference match",858,0.865,0.047,0.688,0.831,0.866,0.901,0.977,"563","chronic enteritis and ulcerative colitis","ulcerative colitis",94,"regional enteritis and ulcerative colitis"
"8_9","ICD-9-CM to ICDA-8","ClinicalBERT","557","no reference match",858,0.867,0.041,0.711,0.842,0.87,0.898,0.945,"424","chronic disease of endocardium","vascular insufficiency of intestine",77,"other circulatory disease"
"8_9","ICD-9-CM to ICDA-8","ClinicalBERT","558","has a reference match",858,0.87,0.041,0.683,0.849,0.876,0.899,0.957,"355","other and unspecified forms of neuralgia and neuritis","other and unspecified noninfectious gastroenteritis and colitis",95,"noninfectious gastroenteritis"
"8_9","ICD-9-CM to ICDA-8","ClinicalBERT","562","has a reference match",858,0.846,0.039,0.698,0.821,0.846,0.872,1,"562","diverticula of intestine","diverticula of intestine",96,"diverticulosis and diverticulitis"
"8_9","ICD-9-CM to ICDA-8","ClinicalBERT","564","has a reference match",858,0.828,0.036,0.699,0.807,0.834,0.853,0.914,"306","special symptoms not elsewhere classified","functional digestive disorders not elsewhere classified",97,"other gastrointestinal disorders"
"8_9","ICD-9-CM to ICDA-8","ClinicalBERT","571","has a reference match",858,0.854,0.046,0.681,0.823,0.854,0.889,0.968,"563","chronic enteritis and ulcerative colitis","chronic liver disease and cirrhosis",98,"hepatitis and other liver diseases"
"8_9","ICD-9-CM to ICDA-8","ClinicalBERT","572","has a reference match",858,0.859,0.036,0.714,0.837,0.861,0.883,0.961,"572","suppurative hepatitis and liver abscess","liver abscess and sequelae of chronic liver disease",98,"hepatitis and other liver diseases"
"8_9","ICD-9-CM to ICDA-8","ClinicalBERT","573","has a reference match",858,0.837,0.056,0.667,0.8,0.837,0.876,1,"573","other diseases of liver","other diseases of liver",98,"hepatitis and other liver diseases"
"8_9","ICD-9-CM to ICDA-8","ClinicalBERT","575","has a reference match",858,0.849,0.047,0.706,0.817,0.851,0.884,0.966,"576","other diseases of gallbladder and biliary ducts","other disorders of gallbladder",99,"biliary tract disease"
"8_9","ICD-9-CM to ICDA-8","ClinicalBERT","576","no reference match",858,0.854,0.048,0.68,0.823,0.858,0.888,0.956,"508","other diseases of upper respiratory tract","other disorders of biliary tract",99,"biliary tract disease"
"8_9","ICD-9-CM to ICDA-8","ClinicalBERT","577","has a reference match",858,0.846,0.04,0.705,0.823,0.847,0.875,1,"577","diseases of pancreas","diseases of pancreas",100,"pancreatic disorders excluding diabetes"
"8_9","ICD-9-CM to ICDA-8","ClinicalBERT","579","has a reference match",858,0.871,0.032,0.734,0.851,0.874,0.894,0.943,"462","acute pharyngitis","intestinal malabsorption",97,"other gastrointestinal disorders"
"8_9","ICD-9-CM to ICDA-8","ClinicalBERT","581","has a reference match",858,0.86,0.043,0.692,0.828,0.86,0.892,1,"581","nephrotic syndrome","nephrotic syndrome",101,"chronic kideny disease and related conditions"
"8_9","ICD-9-CM to ICDA-8","ClinicalBERT","582","has a reference match",858,0.846,0.054,0.691,0.807,0.846,0.889,0.986,"582","chronic nephritis","chronic glomerulonephritis",101,"chronic kideny disease and related conditions"
"8_9","ICD-9-CM to ICDA-8","ClinicalBERT","583","has a reference match",858,0.86,0.037,0.669,0.839,0.864,0.885,0.942,"784","symptoms referable to upper gastrointestinal tract","nephritis and nephropathy not specified as acute or chronic",101,"chronic kideny disease and related conditions"
"8_9","ICD-9-CM to ICDA-8","ClinicalBERT","585","no reference match",858,0.848,0.05,0.68,0.813,0.847,0.886,0.973,"582","chronic nephritis","chronic kidney disease",101,"chronic kideny disease and related conditions"
"8_9","ICD-9-CM to ICDA-8","ClinicalBERT","586","no reference match",858,0.847,0.036,0.697,0.824,0.85,0.871,0.929,"583","nephritis unqualified","renal failure unspecified",101,"chronic kideny disease and related conditions"
"8_9","ICD-9-CM to ICDA-8","ClinicalBERT","587","has a reference match",858,0.856,0.035,0.722,0.832,0.858,0.88,0.95,"584","renal sclerosis unqualified","renal sclerosis unspecified",101,"chronic kideny disease and related conditions"
"8_9","ICD-9-CM to ICDA-8","ClinicalBERT","588","no reference match",858,0.82,0.031,0.7,0.801,0.822,0.84,0.901,"515","pneumoconiosis due to silica and silicates","disorders resulting from impaired renal function",102,"other diseases of kidney and ureters"
"8_9","ICD-9-CM to ICDA-8","ClinicalBERT","590","has a reference match",858,0.844,0.037,0.712,0.821,0.845,0.872,1,"590","infections of kidney","infections of kidney",103,"urinary tract infections"
"8_9","ICD-9-CM to ICDA-8","ClinicalBERT","595","has a reference match",858,0.855,0.05,0.696,0.817,0.855,0.895,1,"595","cystitis","cystitis",103,"urinary tract infections"
"8_9","ICD-9-CM to ICDA-8","ClinicalBERT","596","has a reference match",858,0.858,0.05,0.688,0.825,0.862,0.895,0.986,"596","other diseases of bladder","other disorders of bladder",104,"other diseases of bladder and urethra"
"8_9","ICD-9-CM to ICDA-8","ClinicalBERT","599","has a reference match",858,0.853,0.054,0.636,0.824,0.859,0.891,0.973,"599","other diseases of urinary tract","other disorders of urethra and urinary tract",104,"other diseases of bladder and urethra"
"8_9","ICD-9-CM to ICDA-8","ClinicalBERT","600","has a reference match",858,0.832,0.057,0.627,0.797,0.843,0.873,1,"600","hyperplasia of prostate","hyperplasia of prostate",105,"hyperplasia of prostate"
"8_9","ICD-9-CM to ICDA-8","ClinicalBERT","601","has a reference match",858,0.85,0.051,0.684,0.818,0.851,0.889,0.969,"596","other diseases of bladder","inflammatory diseases of prostate",106,"other male genital disorders"
"8_9","ICD-9-CM to ICDA-8","ClinicalBERT","607","has a reference match",858,0.844,0.04,0.685,0.819,0.848,0.873,0.944,"771","conditions of umbilical cord","disorders of penis",106,"other male genital disorders"
"8_9","ICD-9-CM to ICDA-8","ClinicalBERT","610","has a reference match",858,0.84,0.056,0.645,0.804,0.853,0.882,0.941,"218","uterine fibroma","benign mammary dysplasias",107,"nonmalignant breast conditions"
"8_9","ICD-9-CM to ICDA-8","ClinicalBERT","614","has a reference match",858,0.862,0.042,0.666,0.839,0.869,0.893,0.938,"612","acute salpingitis and oophoritis","inflammatory disease of ovary fallopian tube pelvic cellular tissue and peritoneum",108,"other female genital disorders"
"8_9","ICD-9-CM to ICDA-8","ClinicalBERT","615","no reference match",858,0.855,0.052,0.631,0.828,0.863,0.89,0.971,"621","other diseases of cervix","inflammatory diseases of uterus except cervix",108,"other female genital disorders"
"8_9","ICD-9-CM to ICDA-8","ClinicalBERT","617","no reference match",858,0.864,0.047,0.698,0.831,0.865,0.901,0.958,"582","chronic nephritis","endometriosis",108,"other female genital disorders"
"8_9","ICD-9-CM to ICDA-8","ClinicalBERT","618","has a reference match",858,0.836,0.045,0.667,0.806,0.837,0.868,0.962,"623","uterovaginal prolapse","genital prolapse",110,"prolapse of female genital organs"
"8_9","ICD-9-CM to ICDA-8","ClinicalBERT","619","no reference match",858,0.856,0.038,0.682,0.837,0.862,0.882,0.943,"939","foreign body in genitourinary tract","fistula involving female genital tract",108,"other female genital disorders"
"8_9","ICD-9-CM to ICDA-8","ClinicalBERT","621","has a reference match",858,0.829,0.03,0.694,0.81,0.83,0.849,0.921,"765","difficult labor with disproportion but no mention of abnormality of pelvis","disorders of uterus not elsewhere classified",108,"other female genital disorders"
"8_9","ICD-9-CM to ICDA-8","ClinicalBERT","625","no reference match",858,0.762,0.061,0.54,0.727,0.768,0.807,0.893,"781","other symptoms referable to nervous system and special senses","pain and other symptoms associated with female genital organs",108,"other female genital disorders"
"8_9","ICD-9-CM to ICDA-8","ClinicalBERT","626","has a reference match",858,0.837,0.048,0.617,0.812,0.845,0.869,0.955,"635","urinary infections arising during pregnancy and the puerperium","disorders of menstruation and other abnormal bleeding from female genital tract",109,"menstrual disorders"
"8_9","ICD-9-CM to ICDA-8","ClinicalBERT","627","has a reference match",858,0.836,0.054,0.634,0.803,0.842,0.875,0.964,"627","menopausal symptoms","menopausal and postmenopausal disorders",111,"menopausal disorders"
"8_9","ICD-9-CM to ICDA-8","ClinicalBERT","628","has a reference match",858,0.811,0.047,0.596,0.789,0.818,0.842,0.91,"633","anemia of pregnancy","female infertility",112,"female infertility"
"8_9","ICD-9-CM to ICDA-8","ClinicalBERT","629","has a reference match",858,0.843,0.05,0.638,0.817,0.848,0.876,0.982,"629","other diseases of female genital organs","other disorders of female genital organs",108,"other female genital disorders"
"8_9","ICD-9-CM to ICDA-8","ClinicalBERT","691","has a reference match",858,0.845,0.054,0.623,0.815,0.85,0.882,0.967,"696","psoriasis and similar disorders","atopic dermatitis and related conditions",113,"allergic reactions"
"8_9","ICD-9-CM to ICDA-8","ClinicalBERT","694","has a reference match",858,0.844,0.043,0.647,0.826,0.849,0.875,0.952,"702","other dermatoses","bullous dermatoses",114,"other inflammatory condition of skin"
"8_9","ICD-9-CM to ICDA-8","ClinicalBERT","695","has a reference match",858,0.789,0.039,0.641,0.764,0.79,0.813,1,"695","erythematous conditions","erythematous conditions",114,"other inflammatory condition of skin"
"8_9","ICD-9-CM to ICDA-8","ClinicalBERT","696","has a reference match",858,0.851,0.052,0.636,0.823,0.857,0.889,1,"696","psoriasis and similar disorders","psoriasis and similar disorders",114,"other inflammatory condition of skin"
"8_9","ICD-9-CM to ICDA-8","ClinicalBERT","701","has a reference match",858,0.843,0.035,0.689,0.824,0.847,0.866,1,"701","other hypertrophic and atrophic conditions of skin","other hypertrophic and atrophic conditions of skin",115,"other skin disorders"
"8_9","ICD-9-CM to ICDA-8","ClinicalBERT","705","has a reference match",858,0.845,0.046,0.707,0.812,0.843,0.88,1,"705","diseases of sweat glands","diseases of sweat glands",115,"other skin disorders"
"8_9","ICD-9-CM to ICDA-8","ClinicalBERT","707","has a reference match",858,0.835,0.044,0.617,0.81,0.84,0.863,1,"707","chronic ulcer of skin","chronic ulcer of skin",116,"chronic ulcer of skin"
"8_9","ICD-9-CM to ICDA-8","ClinicalBERT","710","has a reference match",858,0.845,0.038,0.679,0.824,0.85,0.873,0.981,"734","diffuse diseases of connective tissue","diffuse diseases of connective tissue",117,"systemic lupus erythematosus and connective tissue disorders"
"8_9","ICD-9-CM to ICDA-8","ClinicalBERT","712","no reference match",858,0.832,0.056,0.673,0.79,0.833,0.878,0.964,"523","periodontal diseases","crystal arthropathies",37,"gout and other crystal arthropathies"
"8_9","ICD-9-CM to ICDA-8","ClinicalBERT","713","no reference match",858,0.844,0.049,0.625,0.822,0.855,0.878,0.935,"775","hemolytic disease of newborn without mention of kernicterus","arthropathy associated with other disorders classified elsewhere",118,"joint disorders"
"8_9","ICD-9-CM to ICDA-8","ClinicalBERT","714","has a reference match",858,0.862,0.05,0.652,0.836,0.87,0.896,0.973,"716","polymyositis and dermatomyositis","rheumatoid arthritis and other inflammatory polyarthropathies",119,"rheumatoid arthritis and related disease"
"8_9","ICD-9-CM to ICDA-8","ClinicalBERT","715","has a reference match",858,0.865,0.046,0.696,0.836,0.867,0.898,0.964,"721","osteitis deformans","osteoarthrosis and allied disorders",120,"osteoarthritis"
"8_9","ICD-9-CM to ICDA-8","ClinicalBERT","716","has a reference match",858,0.854,0.052,0.679,0.818,0.857,0.893,0.96,"733","other diseases of muscle tendon and fascia","other and unspecified arthropathies",118,"joint disorders"
"8_9","ICD-9-CM to ICDA-8","ClinicalBERT","717","has a reference match",858,0.818,0.045,0.66,0.785,0.815,0.851,0.968,"724","internal derangement of joint","internal derangement of knee",118,"joint disorders"
"8_9","ICD-9-CM to ICDA-8","ClinicalBERT","718","has a reference match",858,0.846,0.038,0.685,0.819,0.85,0.873,0.936,"367","inflammation of optic nerve and retina","other derangement of joint",118,"joint disorders"
"8_9","ICD-9-CM to ICDA-8","ClinicalBERT","719","has a reference match",858,0.857,0.048,0.648,0.834,0.864,0.89,0.949,"727","ankylosis of joint","other and unspecified disorders of joint",118,"joint disorders"
"8_9","ICD-9-CM to ICDA-8","ClinicalBERT","720","no reference match",858,0.823,0.063,0.581,0.789,0.83,0.869,0.945,"321","phlebitis and thrombophlebitis of intracranial venous sinuses","ankylosing spondylitis and other inflammatory spondylopathies",121,"spondylosis intervertebral disc disorders other back problems"
"8_9","ICD-9-CM to ICDA-8","ClinicalBERT","721","no reference match",858,0.863,0.05,0.675,0.83,0.868,0.902,0.968,"721","osteitis deformans","spondylosis and allied disorders",121,"spondylosis intervertebral disc disorders other back problems"
"8_9","ICD-9-CM to ICDA-8","ClinicalBERT","722","has a reference match",858,0.842,0.038,0.71,0.818,0.842,0.868,0.936,"352","brachial neuritis","intervertebral disc disorders",121,"spondylosis intervertebral disc disorders other back problems"
"8_9","ICD-9-CM to ICDA-8","ClinicalBERT","730","has a reference match",858,0.857,0.044,0.658,0.834,0.861,0.886,0.961,"732","infective myositis and other inflammatory diseases of tendon and fascia","osteomyelitis periostitis and other infections involving bone",122,"infective arthritis and osteomyelitis"
"8_9","ICD-9-CM to ICDA-8","ClinicalBERT","731","has a reference match",858,0.8,0.064,0.543,0.767,0.812,0.844,0.921,"732","infective myositis and other inflammatory diseases of tendon and fascia","osteitis deformans and osteopathies associated with other disorders classified elsewhere",123,"osteoporosis and other bone disease"
"8_9","ICD-9-CM to ICDA-8","ClinicalBERT","732","has a reference match",858,0.857,0.052,0.686,0.819,0.86,0.899,0.971,"721","osteitis deformans","osteochondropathies",123,"osteoporosis and other bone disease"
"8_9","ICD-9-CM to ICDA-8","ClinicalBERT","733","has a reference match",858,0.852,0.043,0.674,0.827,0.854,0.883,0.952,"733","other diseases of muscle tendon and fascia","other disorders of bone and cartilage",123,"osteoporosis and other bone disease"
"8_9","ICD-9-CM to ICDA-8","ClinicalBERT","735","has a reference match",858,0.819,0.04,0.625,0.797,0.824,0.846,0.916,"826","fracture of one or more phalanges of foot","acquired deformities of toe",124,"acquired foot deformities"
"8_9","ICD-9-CM to ICDA-8","ClinicalBERT","737","has a reference match",858,0.752,0.051,0.534,0.723,0.756,0.788,0.949,"735","curvature of spine","curvature of spine",125,"other acquired deformities"
"8_9","ICD-9-CM to ICDA-8","ClinicalBERT","740","has a reference match",858,0.836,0.03,0.717,0.815,0.836,0.856,0.928,"674","cerebral hemorrhage in the puerperium","anencephalus and similar anomalies",126,"nervous system congenital anomalies"
"8_9","ICD-9-CM to ICDA-8","ClinicalBERT","741","has a reference match",858,0.852,0.041,0.698,0.827,0.855,0.882,1,"741","spina bifida","spina bifida",126,"nervous system congenital anomalies"
"8_9","ICD-9-CM to ICDA-8","ClinicalBERT","742","has a reference match",858,0.808,0.053,0.648,0.774,0.807,0.843,0.997,"743","other congenital anomalies of nervous system","other congenital anomalies of nervous system",126,"nervous system congenital anomalies"
"8_9","ICD-9-CM to ICDA-8","ClinicalBERT","743","has a reference match",858,0.807,0.051,0.623,0.783,0.808,0.84,0.992,"744","congenital anomalies of eye","congenital anomalies of eye",127,"other congenital anomalies"
"8_9","ICD-9-CM to ICDA-8","ClinicalBERT","744","has a reference match",858,0.818,0.05,0.637,0.793,0.819,0.851,0.996,"745","congenital anomalies of ear face and neck","congenital anomalies of ear face and neck",127,"other congenital anomalies"
"8_9","ICD-9-CM to ICDA-8","ClinicalBERT","745","no reference match",858,0.845,0.034,0.724,0.825,0.846,0.87,0.928,"605","redundant prepuce and phimosis","bulbus cordis anomalies and anomalies of cardiac septal closure",128,"cardiac and circulatory congenital anomalies"
"8_9","ICD-9-CM to ICDA-8","ClinicalBERT","746","has a reference match",858,0.803,0.052,0.645,0.768,0.801,0.837,0.987,"746","congenital anomalies of heart","other congenital anomalies of heart",128,"cardiac and circulatory congenital anomalies"
"8_9","ICD-9-CM to ICDA-8","ClinicalBERT","747","has a reference match",858,0.815,0.052,0.644,0.787,0.815,0.848,1,"747","other congenital anomalies of circulatory system","other congenital anomalies of circulatory system",128,"cardiac and circulatory congenital anomalies"
"8_9","ICD-9-CM to ICDA-8","ClinicalBERT","748","has a reference match",858,0.812,0.05,0.639,0.782,0.809,0.845,1,"748","congenital anomalies of respiratory system","congenital anomalies of respiratory system",127,"other congenital anomalies"
"8_9","ICD-9-CM to ICDA-8","ClinicalBERT","749","has a reference match",858,0.828,0.047,0.646,0.804,0.833,0.858,1,"749","cleft palate and cleft lip","cleft palate and cleft lip",127,"other congenital anomalies"
"8_9","ICD-9-CM to ICDA-8","ClinicalBERT","750","has a reference match",858,0.808,0.051,0.635,0.782,0.813,0.844,1,"750","other congenital anomalies of upper alimentary tract","other congenital anomalies of upper alimentary tract",129,"digestive congenital anomalies"
"8_9","ICD-9-CM to ICDA-8","ClinicalBERT","751","has a reference match",858,0.812,0.054,0.651,0.78,0.811,0.849,1,"751","other congenital anomalies of digestive system","other congenital anomalies of digestive system",129,"digestive congenital anomalies"
"8_9","ICD-9-CM to ICDA-8","ClinicalBERT","752","has a reference match",858,0.8,0.055,0.598,0.773,0.805,0.833,1,"752","congenital anomalies of genital organs","congenital anomalies of genital organs",130,"genitourinary congenital anomalies"
"8_9","ICD-9-CM to ICDA-8","ClinicalBERT","753","has a reference match",858,0.809,0.056,0.615,0.779,0.809,0.845,1,"753","congenital anomalies of urinary system","congenital anomalies of urinary system",130,"genitourinary congenital anomalies"
"8_9","ICD-9-CM to ICDA-8","ClinicalBERT","754","has a reference match",858,0.83,0.047,0.65,0.8,0.833,0.862,0.957,"756","other congenital anomalies of musculoskeletal system","certain congenital musculoskeletal deformities",127,"other congenital anomalies"
"8_9","ICD-9-CM to ICDA-8","ClinicalBERT","755","has a reference match",858,0.803,0.05,0.64,0.774,0.803,0.834,1,"755","other congenital anomalies of limbs","other congenital anomalies of limbs",127,"other congenital anomalies"
"8_9","ICD-9-CM to ICDA-8","ClinicalBERT","756","has a reference match",858,0.815,0.053,0.668,0.777,0.815,0.854,0.978,"756","other congenital anomalies of musculoskeletal system","other congenital musculoskeletal anomalies",127,"other congenital anomalies"
"8_9","ICD-9-CM to ICDA-8","ClinicalBERT","757","has a reference match",858,0.812,0.047,0.629,0.79,0.814,0.842,0.964,"752","congenital anomalies of genital organs","congenital anomalies of the integument",127,"other congenital anomalies"
"8_9","ICD-9-CM to ICDA-8","ClinicalBERT","758","has a reference match",858,0.826,0.046,0.672,0.795,0.827,0.863,0.927,"576","other diseases of gallbladder and biliary ducts","chromosomal anomalies",127,"other congenital anomalies"
"8_9","ICD-9-CM to ICDA-8","ClinicalBERT","759","has a reference match",858,0.82,0.048,0.685,0.789,0.82,0.854,0.995,"758","other and unspecified congenital anomalies","other and unspecified congenital anomalies",127,"other congenital anomalies"
"8_9","ICD-9-CM to ICDA-8","SapBERT","140","has a reference match",858,0.34,0.073,0.134,0.297,0.331,0.371,1,"140","malignant neoplasm of lip","malignant neoplasm of lip",1,"cancer of head and neck"
"8_9","ICD-9-CM to ICDA-8","SapBERT","141","has a reference match",858,0.304,0.082,0.047,0.249,0.302,0.351,1,"141","malignant neoplasm of tongue","malignant neoplasm of tongue",1,"cancer of head and neck"
"8_9","ICD-9-CM to ICDA-8","SapBERT","142","has a reference match",858,0.327,0.081,0.101,0.272,0.322,0.372,0.948,"142","malignant neoplasm of salivary gland","malignant neoplasm of major salivary glands",1,"cancer of head and neck"
"8_9","ICD-9-CM to ICDA-8","SapBERT","143","has a reference match",858,0.341,0.076,0.056,0.293,0.333,0.379,1,"143","malignant neoplasm of gum","malignant neoplasm of gum",1,"cancer of head and neck"
"8_9","ICD-9-CM to ICDA-8","SapBERT","144","has a reference match",858,0.309,0.083,0.052,0.258,0.305,0.346,1,"144","malignant neoplasm of floor of mouth","malignant neoplasm of floor of mouth",1,"cancer of head and neck"
"8_9","ICD-9-CM to ICDA-8","SapBERT","145","has a reference match",858,0.309,0.097,0.085,0.239,0.293,0.37,1,"145","malignant neoplasm of other and unspecified parts of mouth","malignant neoplasm of other and unspecified parts of mouth",1,"cancer of head and neck"
"8_9","ICD-9-CM to ICDA-8","SapBERT","146","has a reference match",858,0.307,0.082,0.122,0.256,0.296,0.342,1,"146","malignant neoplasm of oropharynx","malignant neoplasm of oropharynx",1,"cancer of head and neck"
"8_9","ICD-9-CM to ICDA-8","SapBERT","147","has a reference match",858,0.307,0.078,0.115,0.26,0.302,0.343,1,"147","malignant neoplasm of nasopharynx","malignant neoplasm of nasopharynx",1,"cancer of head and neck"
"8_9","ICD-9-CM to ICDA-8","SapBERT","148","has a reference match",858,0.294,0.08,0.109,0.245,0.285,0.329,1,"148","malignant neoplasm of hypopharynx","malignant neoplasm of hypopharynx",1,"cancer of head and neck"
"8_9","ICD-9-CM to ICDA-8","SapBERT","149","has a reference match",858,0.347,0.091,0.102,0.282,0.339,0.411,0.751,"149","malignant neoplasm of pharynx unspecified","malignant neoplasm of other and illdefined sites within the lip oral cavity and pharynx",1,"cancer of head and neck"
"8_9","ICD-9-CM to ICDA-8","SapBERT","150","has a reference match",858,0.312,0.079,0.107,0.262,0.304,0.348,1,"150","malignant neoplasm of esophagus","malignant neoplasm of esophagus",2,"cancer of esophagus"
"8_9","ICD-9-CM to ICDA-8","SapBERT","151","has a reference match",858,0.308,0.079,0.127,0.26,0.3,0.345,1,"151","malignant neoplasm of stomach","malignant neoplasm of stomach",3,"cancer of stomach"
"8_9","ICD-9-CM to ICDA-8","SapBERT","152","has a reference match",858,0.33,0.078,0.11,0.281,0.319,0.371,1,"152","malignant neoplasm of small intestine including duodenum","malignant neoplasm of small intestine including duodenum",4,"cancer of other gi organs peritoneum"
"8_9","ICD-9-CM to ICDA-8","SapBERT","153","has a reference match",858,0.298,0.08,0.103,0.25,0.287,0.329,0.863,"153","malignant neoplasm of large intestine except rectum","malignant neoplasm of colon",5,"colon cancer"
"8_9","ICD-9-CM to ICDA-8","SapBERT","154","has a reference match",858,0.309,0.073,0.108,0.265,0.303,0.34,0.965,"154","malignant neoplasm of rectum and rectosigmoid junction","malignant neoplasm of rectum rectosigmoid junction and anus",6,"cancer of rectum and anus"
"8_9","ICD-9-CM to ICDA-8","SapBERT","155","has a reference match",858,0.342,0.073,0.151,0.295,0.335,0.376,0.92,"155","malignant neoplasm of liver and intrahepatic bile ducts specified as primary","malignant neoplasm of liver and intrahepatic bile ducts",7,"cancer of liver and intrahepatic bile duct"
"8_9","ICD-9-CM to ICDA-8","SapBERT","156","has a reference match",858,0.359,0.07,0.16,0.317,0.355,0.396,0.974,"156","malignant neoplasm of gallbladder and bile ducts","malignant neoplasm of gallbladder and extrahepatic bile ducts",4,"cancer of other gi organs peritoneum"
"8_9","ICD-9-CM to ICDA-8","SapBERT","157","has a reference match",858,0.308,0.079,0.072,0.259,0.301,0.343,1,"157","malignant neoplasm of pancreas","malignant neoplasm of pancreas",8,"pancreas cancer"
"8_9","ICD-9-CM to ICDA-8","SapBERT","158","has a reference match",858,0.351,0.081,0.137,0.299,0.346,0.394,0.983,"158","malignant neoplasm of peritoneum and retroperitoneal tissue","malignant neoplasm of retroperitoneum and peritoneum",4,"cancer of other gi organs peritoneum"
"8_9","ICD-9-CM to ICDA-8","SapBERT","159","has a reference match",858,0.339,0.096,0.135,0.267,0.326,0.399,0.883,"159","malignant neoplasm of unspecified digestive organs","malignant neoplasm of other and illdefined sites within the digestive organs and peritoneum",4,"cancer of other gi organs peritoneum"
"8_9","ICD-9-CM to ICDA-8","SapBERT","160","has a reference match",858,0.322,0.08,0.121,0.27,0.317,0.365,0.993,"160","malignant neoplasm of nose nasal cavities middle ear and accessory sinuses","malignant neoplasm of nasal cavities middle ear and accessory sinuses",1,"cancer of head and neck"
"8_9","ICD-9-CM to ICDA-8","SapBERT","161","has a reference match",858,0.334,0.076,0.065,0.284,0.324,0.378,1,"161","malignant neoplasm of larynx","malignant neoplasm of larynx",1,"cancer of head and neck"
"8_9","ICD-9-CM to ICDA-8","SapBERT","162","has a reference match",858,0.335,0.071,0.162,0.291,0.33,0.367,1,"162","malignant neoplasm of trachea bronchus and lung","malignant neoplasm of trachea bronchus and lung",9,"lung and other respiratory cancer"
"8_9","ICD-9-CM to ICDA-8","SapBERT","163","has a reference match",858,0.308,0.075,0.119,0.262,0.305,0.35,0.641,"163","malignant neoplasm of other and unspecified respiratory organs","malignant neoplasm of pleura",9,"lung and other respiratory cancer"
"8_9","ICD-9-CM to ICDA-8","SapBERT","164","no reference match",858,0.344,0.068,0.136,0.303,0.34,0.377,0.693,"162","malignant neoplasm of trachea bronchus and lung","malignant neoplasm of thymus heart and mediastinum",10,"other cancers"
"8_9","ICD-9-CM to ICDA-8","SapBERT","165","no reference match",858,0.35,0.097,0.118,0.276,0.334,0.416,0.789,"163","malignant neoplasm of other and unspecified respiratory organs","malignant neoplasm of other and illdefined sites within the respiratory system and intrathoracic organs",9,"lung and other respiratory cancer"
"8_9","ICD-9-CM to ICDA-8","SapBERT","170","has a reference match",858,0.369,0.078,0.2,0.316,0.36,0.408,0.889,"170","malignant neoplasm of bone","malignant neoplasm of bone and articular cartilage",11,"cancer of bone and connective tissue"
"8_9","ICD-9-CM to ICDA-8","SapBERT","171","has a reference match",858,0.365,0.086,0.174,0.305,0.354,0.413,1,"171","malignant neoplasm of connective and other soft tissue","malignant neoplasm of connective and other soft tissue",11,"cancer of bone and connective tissue"
"8_9","ICD-9-CM to ICDA-8","SapBERT","172","has a reference match",858,0.316,0.07,0.141,0.273,0.309,0.354,1,"172","malignant melanoma of skin","malignant melanoma of skin",12,"skin melanoma"
"8_9","ICD-9-CM to ICDA-8","SapBERT","174","has a reference match",858,0.355,0.078,0.123,0.305,0.348,0.398,0.949,"174","malignant neoplasm of breast","malignant neoplasm of female breast",13,"breast cancer"
"8_9","ICD-9-CM to ICDA-8","SapBERT","175","no reference match",858,0.321,0.073,0.125,0.273,0.316,0.358,0.737,"174","malignant neoplasm of breast","malignant neoplasm of male breast",13,"breast cancer"
"8_9","ICD-9-CM to ICDA-8","SapBERT","176","no reference match",858,0.358,0.066,0.102,0.312,0.362,0.404,0.591,"172","malignant melanoma of skin","kaposis sarcoma",10,"other cancers"
"8_9","ICD-9-CM to ICDA-8","SapBERT","179","no reference match",858,0.326,0.087,0.07,0.269,0.319,0.372,0.79,"182","other malignant neoplasm of uterus","malignant neoplasm of uterus part unspecified",14,"uterus cancer"
"8_9","ICD-9-CM to ICDA-8","SapBERT","180","has a reference match",858,0.314,0.079,0.127,0.267,0.308,0.349,1,"180","malignant neoplasm of cervix uteri","malignant neoplasm of cervix uteri",15,"cervix cancer"
"8_9","ICD-9-CM to ICDA-8","SapBERT","181","has a reference match",858,0.321,0.072,0.149,0.276,0.315,0.358,0.758,"181","chorionepithelioma","malignant neoplasm of placenta",16,"cancer of other female genital organs"
"8_9","ICD-9-CM to ICDA-8","SapBERT","182","has a reference match",858,0.32,0.083,0.073,0.265,0.312,0.364,0.805,"182","other malignant neoplasm of uterus","malignant neoplasm of body of uterus",14,"uterus cancer"
"8_9","ICD-9-CM to ICDA-8","SapBERT","183","has a reference match",858,0.364,0.081,0.161,0.313,0.355,0.406,0.864,"183","malignant neoplasm of ovary fallopian tube and broad ligament","malignant neoplasm of ovary and other uterine adnexa",16,"cancer of other female genital organs"
"8_9","ICD-9-CM to ICDA-8","SapBERT","184","has a reference match",858,0.348,0.102,0.115,0.273,0.333,0.409,1,"184","malignant neoplasm of other and unspecified female genital organs","malignant neoplasm of other and unspecified female genital organs",16,"cancer of other female genital organs"
"8_9","ICD-9-CM to ICDA-8","SapBERT","185","has a reference match",858,0.306,0.076,0.129,0.26,0.296,0.338,1,"185","malignant neoplasm of prostate","malignant neoplasm of prostate",17,"prostate cancer"
"8_9","ICD-9-CM to ICDA-8","SapBERT","186","has a reference match",858,0.301,0.072,0.132,0.255,0.292,0.336,1,"186","malignant neoplasm of testis","malignant neoplasm of testis",18,"testis cancer"
"8_9","ICD-9-CM to ICDA-8","SapBERT","187","has a reference match",858,0.337,0.081,0.106,0.283,0.327,0.381,0.874,"187","malignant neoplasm of other and unspecified male genital organs","malignant neoplasm of penis and other male genital organs",19,"cancer of other male genital organs"
"8_9","ICD-9-CM to ICDA-8","SapBERT","188","has a reference match",858,0.314,0.077,0.118,0.264,0.307,0.351,1,"188","malignant neoplasm of bladder","malignant neoplasm of bladder",20,"bladder cancer"
"8_9","ICD-9-CM to ICDA-8","SapBERT","189","has a reference match",858,0.339,0.085,0.156,0.285,0.33,0.379,0.903,"189","malignant neoplasm of other and unspecified urinary organs","malignant neoplasm of kidney and other and unspecified urinary organs",21,"cancer of kidney and other urinary organs"
"8_9","ICD-9-CM to ICDA-8","SapBERT","190","has a reference match",858,0.308,0.082,0.1,0.26,0.298,0.344,1,"190","malignant neoplasm of eye","malignant neoplasm of eye",10,"other cancers"
"8_9","ICD-9-CM to ICDA-8","SapBERT","191","has a reference match",858,0.337,0.073,0.129,0.293,0.327,0.37,1,"191","malignant neoplasm of brain","malignant neoplasm of brain",22,"cancer of brain and nervous system"
"8_9","ICD-9-CM to ICDA-8","SapBERT","192","has a reference match",858,0.328,0.092,0.097,0.262,0.315,0.382,0.978,"192","malignant neoplasm of other parts of nervous system","malignant neoplasm of other and unspecified parts of nervous system",22,"cancer of brain and nervous system"
"8_9","ICD-9-CM to ICDA-8","SapBERT","193","has a reference match",858,0.294,0.081,0.065,0.245,0.283,0.333,1,"193","malignant neoplasm of thyroid gland","malignant neoplasm of thyroid gland",23,"thyroid cancer"
"8_9","ICD-9-CM to ICDA-8","SapBERT","194","has a reference match",858,0.365,0.086,0.135,0.307,0.362,0.417,0.983,"194","malignant neoplasm of other endocrine glands","malignant neoplasm of other endocrine glands and related structures",10,"other cancers"
"8_9","ICD-9-CM to ICDA-8","SapBERT","195","has a reference match",858,0.352,0.092,0.126,0.289,0.337,0.407,0.904,"195","malignant neoplasm of illdefined sites","malignant neoplasm of other and illdefined sites",10,"other cancers"
"8_9","ICD-9-CM to ICDA-8","SapBERT","196","has a reference match",858,0.328,0.076,0.138,0.283,0.32,0.367,1,"196","secondary and unspecified malignant neoplasm of lymph nodes","secondary and unspecified malignant neoplasm of lymph nodes",24,"secondary malignancy"
"8_9","ICD-9-CM to ICDA-8","SapBERT","197","has a reference match",858,0.373,0.082,0.159,0.316,0.369,0.422,1,"197","secondary malignant neoplasm of respiratory and digestive systems","secondary malignant neoplasm of respiratory and digestive systems",24,"secondary malignancy"
"8_9","ICD-9-CM to ICDA-8","SapBERT","198","has a reference match",858,0.343,0.101,0.105,0.272,0.324,0.407,0.949,"198","other secondary malignant neoplasm","secondary malignant neoplasm of other specified sites",24,"secondary malignancy"
"8_9","ICD-9-CM to ICDA-8","SapBERT","199","has a reference match",858,0.34,0.085,0.121,0.288,0.332,0.375,1,"199","malignant neoplasm without specification of site","malignant neoplasm without specification of site",25,"malignant neoplasm without specification of site"
"8_9","ICD-9-CM to ICDA-8","SapBERT","200","has a reference match",858,0.306,0.083,0.095,0.25,0.302,0.355,0.837,"200","lymphosarcoma and reticulumcell sarcoma","lymphosarcoma and reticulosarcoma and other specified malignant tumors of lymphatic tissue",26,"nonhodgkins lymphoma"
"8_9","ICD-9-CM to ICDA-8","SapBERT","201","has a reference match",858,0.308,0.083,0.053,0.258,0.309,0.362,1,"201","hodgkins disease","hodgkins disease",27,"hodgkins disease"
"8_9","ICD-9-CM to ICDA-8","SapBERT","202","has a reference match",858,0.354,0.088,0.143,0.293,0.346,0.405,0.933,"202","other neoplasms of lymphoid tissue","other malignant neoplasms of lymphoid and histiocytic tissue",26,"nonhodgkins lymphoma"
"8_9","ICD-9-CM to ICDA-8","SapBERT","203","has a reference match",858,0.349,0.076,0.141,0.304,0.345,0.392,0.929,"203","multiple myeloma","multiple myeloma and immunoproliferative neoplasms",28,"multiple myeloma and leukemias"
"8_9","ICD-9-CM to ICDA-8","SapBERT","204","has a reference match",858,0.31,0.064,0.155,0.273,0.309,0.342,0.939,"204","lymphatic leukemia","lymphoid leukemia",28,"multiple myeloma and leukemias"
"8_9","ICD-9-CM to ICDA-8","SapBERT","205","has a reference match",858,0.336,0.067,0.141,0.296,0.335,0.372,1,"205","myeloid leukemia","myeloid leukemia",28,"multiple myeloma and leukemias"
"8_9","ICD-9-CM to ICDA-8","SapBERT","206","has a reference match",858,0.335,0.071,0.168,0.289,0.335,0.377,1,"206","monocytic leukemia","monocytic leukemia",28,"multiple myeloma and leukemias"
"8_9","ICD-9-CM to ICDA-8","SapBERT","207","has a reference match",858,0.368,0.088,0.129,0.306,0.36,0.424,0.945,"207","other and unspecified leukemia","other specified leukemia",28,"multiple myeloma and leukemias"
"8_9","ICD-9-CM to ICDA-8","SapBERT","208","has a reference match",858,0.339,0.067,0.115,0.298,0.338,0.376,0.735,"204","lymphatic leukemia","leukemia of unspecified cell type",28,"multiple myeloma and leukemias"
"8_9","ICD-9-CM to ICDA-8","SapBERT","209","has a reference match",858,0.32,0.072,0.125,0.274,0.319,0.365,0.653,"194","malignant neoplasm of other endocrine glands","neuroendocrine tumors",10,"other cancers"
"8_9","ICD-9-CM to ICDA-8","SapBERT","225","has a reference match",858,0.333,0.075,0.135,0.285,0.328,0.376,0.998,"225","benign neoplasm of brain and other parts of nervous","benign neoplasm of brain and other parts of nervous system",29,"other and unspecified benign neoplasm"
"8_9","ICD-9-CM to ICDA-8","SapBERT","230","no reference match",858,0.331,0.076,0.079,0.282,0.333,0.378,0.788,"230","neoplasm of unspecified nature of digestive organs","carcinoma in situ of digestive organs",4,"cancer of other gi organs peritoneum"
"8_9","ICD-9-CM to ICDA-8","SapBERT","231","no reference match",858,0.348,0.07,0.163,0.306,0.347,0.386,0.737,"231","neoplasm of unspecified nature of respiratory organs","carcinoma in situ of respiratory system",9,"lung and other respiratory cancer"
"8_9","ICD-9-CM to ICDA-8","SapBERT","233","no reference match",858,0.385,0.069,0.189,0.341,0.382,0.425,0.693,"233","neoplasm of unspecified nature of breast","carcinoma in situ of breast and genitourinary system",10,"other cancers"
"8_9","ICD-9-CM to ICDA-8","SapBERT","234","no reference match",858,0.372,0.079,0.093,0.318,0.369,0.423,0.654,"228","benign neoplasm of other and unspecified organs and tissues","carcinoma in situ of other and unspecified sites",10,"other cancers"
"8_9","ICD-9-CM to ICDA-8","SapBERT","237","no reference match",858,0.33,0.087,0.109,0.267,0.325,0.386,0.745,"226","benign neoplasm of endocrine glands","neoplasm of uncertain behavior of endocrine glands and nervous system",30,"neoplasms of unspecified nature"
"8_9","ICD-9-CM to ICDA-8","SapBERT","238","no reference match",858,0.34,0.095,0.044,0.275,0.33,0.402,0.729,"228","benign neoplasm of other and unspecified organs and tissues","neoplasm of uncertain behavior of other and unspecified sites and tissues",30,"neoplasms of unspecified nature"
"8_9","ICD-9-CM to ICDA-8","SapBERT","239","has a reference match",858,0.313,0.084,0.085,0.257,0.307,0.36,0.88,"239","neoplasm of unspecified nature of other and unspecified organs","neoplasms of unspecified nature",30,"neoplasms of unspecified nature"
"8_9","ICD-9-CM to ICDA-8","SapBERT","240","has a reference match",858,0.337,0.073,0.064,0.29,0.337,0.381,0.955,"240","simple goiter","simple and unspecified goiter",31,"thyroid disorders"
"8_9","ICD-9-CM to ICDA-8","SapBERT","241","has a reference match",858,0.325,0.074,0.143,0.275,0.323,0.366,1,"241","nontoxic nodular goiter","nontoxic nodular goiter",31,"thyroid disorders"
"8_9","ICD-9-CM to ICDA-8","SapBERT","242","has a reference match",858,0.364,0.075,0.12,0.318,0.36,0.409,1,"242","thyrotoxicosis with or without goiter","thyrotoxicosis with or without goiter",31,"thyroid disorders"
"8_9","ICD-9-CM to ICDA-8","SapBERT","243","has a reference match",858,0.333,0.08,0.113,0.278,0.331,0.383,0.717,"242","thyrotoxicosis with or without goiter","congenital hypothyroidism",31,"thyroid disorders"
"8_9","ICD-9-CM to ICDA-8","SapBERT","244","has a reference match",858,0.359,0.071,0.161,0.313,0.355,0.402,0.773,"244","myxedema","acquired hypothyroidism",31,"thyroid disorders"
"8_9","ICD-9-CM to ICDA-8","SapBERT","245","has a reference match",858,0.336,0.083,0.122,0.277,0.332,0.389,1,"245","thyroiditis","thyroiditis",31,"thyroid disorders"
"8_9","ICD-9-CM to ICDA-8","SapBERT","246","has a reference match",858,0.369,0.094,0.129,0.303,0.356,0.43,0.972,"246","other diseases of thyroid gland","other disorders of thyroid",31,"thyroid disorders"
"8_9","ICD-9-CM to ICDA-8","SapBERT","249","no reference match",858,0.358,0.07,0.166,0.312,0.358,0.403,0.834,"250","diabetes mellitus","secondary diabetes mellitus",32,"diabetes mellitus"
"8_9","ICD-9-CM to ICDA-8","SapBERT","250","has a reference match",858,0.355,0.073,0.165,0.31,0.356,0.399,1,"250","diabetes mellitus","diabetes mellitus",32,"diabetes mellitus"
"8_9","ICD-9-CM to ICDA-8","SapBERT","251","has a reference match",858,0.361,0.079,0.154,0.308,0.357,0.41,0.802,"251","disorders of pancreatic internal secretion other than diabetes mellitus","other disorders of pancreatic internal secretiondisorders of parathyroid gland",33,"other endocrine disorders"
"8_9","ICD-9-CM to ICDA-8","SapBERT","252","has a reference match",858,0.312,0.075,0.125,0.263,0.309,0.35,0.972,"252","diseases of parathyroid gland","disorders of parathyroid gland",33,"other endocrine disorders"
"8_9","ICD-9-CM to ICDA-8","SapBERT","253","has a reference match",858,0.335,0.081,0.098,0.282,0.331,0.379,0.912,"253","diseases of pituitary gland","disorders of the pituitary gland and its hypothalamic control",33,"other endocrine disorders"
"8_9","ICD-9-CM to ICDA-8","SapBERT","254","has a reference match",858,0.27,0.078,0.009,0.224,0.267,0.317,1,"254","diseases of thymus gland","diseases of thymus gland",33,"other endocrine disorders"
"8_9","ICD-9-CM to ICDA-8","SapBERT","255","has a reference match",858,0.281,0.079,0.075,0.227,0.279,0.326,0.976,"255","diseases of adrenal glands","disorders of adrenal glands",33,"other endocrine disorders"
"8_9","ICD-9-CM to ICDA-8","SapBERT","256","has a reference match",858,0.364,0.082,0.098,0.31,0.365,0.415,1,"256","ovarian dysfunction","ovarian dysfunction",33,"other endocrine disorders"
"8_9","ICD-9-CM to ICDA-8","SapBERT","257","has a reference match",858,0.395,0.077,0.155,0.343,0.393,0.449,1,"257","testicular dysfunction","testicular dysfunction",33,"other endocrine disorders"
"8_9","ICD-9-CM to ICDA-8","SapBERT","258","has a reference match",858,0.39,0.084,0.135,0.337,0.39,0.444,0.799,"258","polyglandular dysfunction and other diseases of endocrine glands","polyglandular dysfunction and related disorders",33,"other endocrine disorders"
"8_9","ICD-9-CM to ICDA-8","SapBERT","259","no reference match",858,0.398,0.103,0.155,0.323,0.386,0.461,0.778,"258","polyglandular dysfunction and other diseases of endocrine glands","other endocrine disorders",33,"other endocrine disorders"
"8_9","ICD-9-CM to ICDA-8","SapBERT","260","has a reference match",858,0.373,0.072,0.162,0.323,0.372,0.422,0.704,"267","protein malnutrition","kwashiorkor",34,"nutritional deficiencies"
"8_9","ICD-9-CM to ICDA-8","SapBERT","261","has a reference match",858,0.347,0.068,0.142,0.299,0.343,0.393,0.89,"268","nutritional marasmus","nutritional marasmus",34,"nutritional deficiencies"
"8_9","ICD-9-CM to ICDA-8","SapBERT","262","has a reference match",858,0.411,0.071,0.215,0.365,0.41,0.459,0.71,"269","other nutritional deficiency","other severe proteincalorie malnutrition",34,"nutritional deficiencies"
"8_9","ICD-9-CM to ICDA-8","SapBERT","263","no reference match",858,0.362,0.078,0.162,0.312,0.359,0.411,0.773,"267","protein malnutrition","other and unspecified proteincalorie malnutrition",34,"nutritional deficiencies"
"8_9","ICD-9-CM to ICDA-8","SapBERT","268","has a reference match",858,0.342,0.081,0.121,0.291,0.343,0.391,0.936,"265","vitamin d deficiency","vitamin d deficiency",34,"nutritional deficiencies"
"8_9","ICD-9-CM to ICDA-8","SapBERT","270","has a reference match",858,0.372,0.077,0.118,0.318,0.369,0.422,0.913,"270","congenital disorders of aminoacid metabolism","disorders of aminoacid transport and metabolism",35,"other nutritional endocrine immunity and metabolic disorders"
"8_9","ICD-9-CM to ICDA-8","SapBERT","271","has a reference match",858,0.356,0.078,0.122,0.304,0.353,0.404,0.893,"271","congenital disorders of carbohydrate metabolism","disorders of carbohydrate transport and metabolism",35,"other nutritional endocrine immunity and metabolic disorders"
"8_9","ICD-9-CM to ICDA-8","SapBERT","272","has a reference match",858,0.357,0.083,0.079,0.304,0.356,0.409,0.921,"272","congenital disorders of lipid metabolism","disorders of lipoid metabolism",36,"disorders of lipid metabolism"
"8_9","ICD-9-CM to ICDA-8","SapBERT","273","has a reference match",858,0.341,0.083,0.084,0.286,0.341,0.391,0.738,"275","plasma protein abnormalities","disorders of plasma protein metabolism",35,"other nutritional endocrine immunity and metabolic disorders"
"8_9","ICD-9-CM to ICDA-8","SapBERT","274","has a reference match",858,0.38,0.076,0.147,0.331,0.38,0.432,1,"274","gout","gout",37,"gout and other crystal arthropathies"
"8_9","ICD-9-CM to ICDA-8","SapBERT","275","has a reference match",858,0.33,0.082,0.104,0.275,0.326,0.378,0.64,"265","vitamin d deficiency","disorders of mineral metabolism",35,"other nutritional endocrine immunity and metabolic disorders"
"8_9","ICD-9-CM to ICDA-8","SapBERT","277","has a reference match",858,0.341,0.113,0.078,0.265,0.324,0.406,0.892,"273","other and unspecified congenital disorders of metabolism","other and unspecified disorders of metabolism",35,"other nutritional endocrine immunity and metabolic disorders"
"8_9","ICD-9-CM to ICDA-8","SapBERT","278","has a reference match",858,0.39,0.07,0.112,0.349,0.393,0.433,0.789,"278","other hyperalimentation","overweight obesity and other hyperalimentation",35,"other nutritional endocrine immunity and metabolic disorders"
"8_9","ICD-9-CM to ICDA-8","SapBERT","279","has a reference match",858,0.294,0.082,0.057,0.24,0.294,0.349,0.518,"79",NA,"disorders involving the immune mechanism",35,"other nutritional endocrine immunity and metabolic disorders"
"8_9","ICD-9-CM to ICDA-8","SapBERT","280","has a reference match",858,0.346,0.079,0.13,0.298,0.34,0.391,1,"280","iron deficiency anemias","iron deficiency anemias",38,"anemia"
"8_9","ICD-9-CM to ICDA-8","SapBERT","282","has a reference match",858,0.35,0.078,0.16,0.299,0.351,0.393,1,"282","hereditary hemolytic anemias","hereditary hemolytic anemias",38,"anemia"
"8_9","ICD-9-CM to ICDA-8","SapBERT","283","has a reference match",858,0.359,0.072,0.165,0.313,0.355,0.404,1,"283","acquired hemolytic anemias","acquired hemolytic anemias",38,"anemia"
"8_9","ICD-9-CM to ICDA-8","SapBERT","284","has a reference match",858,0.377,0.072,0.163,0.332,0.373,0.421,0.843,"284","aplastic anemia","aplastic anemia and other bone marrow failure syndromes",38,"anemia"
"8_9","ICD-9-CM to ICDA-8","SapBERT","285","has a reference match",858,0.342,0.086,0.128,0.284,0.336,0.392,1,"285","other and unspecified anemias","other and unspecified anemias",38,"anemia"
"8_9","ICD-9-CM to ICDA-8","SapBERT","286","has a reference match",858,0.367,0.076,0.121,0.318,0.363,0.414,1,"286","coagulation defects","coagulation defects",39,"other hematologic conditions"
"8_9","ICD-9-CM to ICDA-8","SapBERT","287","has a reference match",858,0.389,0.073,0.125,0.342,0.388,0.434,1,"287","purpura and other hemorrhagic conditions","purpura and other hemorrhagic conditions",39,"other hematologic conditions"
"8_9","ICD-9-CM to ICDA-8","SapBERT","288","has a reference match",858,0.335,0.076,0.127,0.281,0.334,0.383,0.609,"288","agranulocytosis","diseases of white blood cells",39,"other hematologic conditions"
"8_9","ICD-9-CM to ICDA-8","SapBERT","289","has a reference match",858,0.375,0.089,0.161,0.315,0.367,0.431,1,"289","other diseases of blood and bloodforming organs","other diseases of blood and bloodforming organs",39,"other hematologic conditions"
"8_9","ICD-9-CM to ICDA-8","SapBERT","290","has a reference match",858,0.378,0.077,0.116,0.328,0.375,0.424,0.858,"290","senile and presenile dementia","dementias",40,"delirium dementia and other cognitive disorders"
"8_9","ICD-9-CM to ICDA-8","SapBERT","291","has a reference match",858,0.376,0.074,0.168,0.328,0.372,0.419,0.823,"291","alcoholic psychosis","alcoholinduced mental disorders",41,"alcohol and substancerelated disorders"
"8_9","ICD-9-CM to ICDA-8","SapBERT","292","has a reference match",858,0.363,0.07,0.151,0.317,0.361,0.404,0.612,"292","psychosis associated with intracranial infection","druginduced mental disorders",41,"alcohol and substancerelated disorders"
"8_9","ICD-9-CM to ICDA-8","SapBERT","294","has a reference match",858,0.363,0.087,0.054,0.31,0.361,0.413,0.8,"294","psychosis associated with other physical conditions","persistent mental disorders due to conditions classified elsewhere",40,"delirium dementia and other cognitive disorders"
"8_9","ICD-9-CM to ICDA-8","SapBERT","295","has a reference match",858,0.366,0.072,0.169,0.319,0.362,0.404,0.916,"295","schizophrenia","schizophrenic disorders",42,"schizophrenia and other psychotic disorders"
"8_9","ICD-9-CM to ICDA-8","SapBERT","296","has a reference match",858,0.38,0.075,0.142,0.33,0.381,0.427,0.842,"296","affective psychoses","episodic mood disorders",43,"mood and anxiety disorders"
"8_9","ICD-9-CM to ICDA-8","SapBERT","297","has a reference match",858,0.393,0.075,0.18,0.342,0.39,0.439,0.814,"297","paranoid states","delusional disorders",42,"schizophrenia and other psychotic disorders"
"8_9","ICD-9-CM to ICDA-8","SapBERT","298","has a reference match",858,0.405,0.088,0.206,0.346,0.396,0.457,0.942,"298","other psychoses","other nonorganic psychoses",42,"schizophrenia and other psychotic disorders"
"8_9","ICD-9-CM to ICDA-8","SapBERT","299","has a reference match",858,0.358,0.075,0.15,0.31,0.352,0.402,0.674,"299","unspecified psychosis","pervasive developmental disorders",44,"disorders usually diagnosed in infancy childhood or adolescence"
"8_9","ICD-9-CM to ICDA-8","SapBERT","300","has a reference match",858,0.373,0.07,0.143,0.323,0.375,0.418,0.668,"300","neuroses","anxiety dissociative and somatoform disorders",43,"mood and anxiety disorders"
"8_9","ICD-9-CM to ICDA-8","SapBERT","301","has a reference match",858,0.365,0.076,0.148,0.317,0.359,0.408,1,"301","personality disorders","personality disorders",45,"personality disorders"
"8_9","ICD-9-CM to ICDA-8","SapBERT","303","has a reference match",858,0.357,0.078,0.123,0.307,0.356,0.403,0.878,"303","alcoholism","alcohol dependence syndrome",41,"alcohol and substancerelated disorders"
"8_9","ICD-9-CM to ICDA-8","SapBERT","304","has a reference match",858,0.343,0.072,0.149,0.298,0.344,0.387,1,"304","drug dependence","drug dependence",41,"alcohol and substancerelated disorders"
"8_9","ICD-9-CM to ICDA-8","SapBERT","305","no reference match",858,0.283,0.062,0.099,0.242,0.281,0.32,0.68,"304","drug dependence","nondependent abuse of drugs",41,"alcohol and substancerelated disorders"
"8_9","ICD-9-CM to ICDA-8","SapBERT","306","has a reference match",858,0.381,0.074,0.178,0.333,0.375,0.419,0.703,"305","physical disorders of presumably psychogenic origin","physiological malfunction arising from mental factors",46,"miscellaneous mental health disorders"
"8_9","ICD-9-CM to ICDA-8","SapBERT","307","has a reference match",858,0.388,0.085,0.129,0.33,0.381,0.448,0.859,"306","special symptoms not elsewhere classified","special symptoms or syndromes not elsewhere classified",46,"miscellaneous mental health disorders"
"8_9","ICD-9-CM to ICDA-8","SapBERT","308","no reference match",858,0.355,0.068,0.15,0.308,0.352,0.401,0.626,"307","transient situational disturbances","acute reaction to stress",43,"mood and anxiety disorders"
"8_9","ICD-9-CM to ICDA-8","SapBERT","309","has a reference match",858,0.326,0.068,0.127,0.282,0.322,0.37,0.662,"307","transient situational disturbances","adjustment reaction",47,"adjustment disorders"
"8_9","ICD-9-CM to ICDA-8","SapBERT","310","has a reference match",858,0.372,0.076,0.16,0.319,0.366,0.412,0.681,"347","other diseases of brain","specific nonpsychotic mental disorders due to brain damage",46,"miscellaneous mental health disorders"
"8_9","ICD-9-CM to ICDA-8","SapBERT","311","has a reference match",858,0.365,0.074,0.138,0.318,0.365,0.411,0.626,"309","mental disorders not specified as psychotic associated with physical conditions","depressive disorder not elsewhere classified",43,"mood and anxiety disorders"
"8_9","ICD-9-CM to ICDA-8","SapBERT","312","no reference match",858,0.35,0.073,0.133,0.303,0.346,0.395,0.63,"308","behavior disorders of childhood","disturbance of conduct not elsewhere classified",48,"attentiondeficit conduct and disruptive behavior disorders"
"8_9","ICD-9-CM to ICDA-8","SapBERT","314","has a reference match",858,0.332,0.073,0.11,0.287,0.332,0.375,0.648,"308","behavior disorders of childhood","hyperkinetic syndrome of childhood",48,"attentiondeficit conduct and disruptive behavior disorders"
"8_9","ICD-9-CM to ICDA-8","SapBERT","315","no reference match",858,0.335,0.077,0.14,0.282,0.331,0.381,0.745,"315","unspecified mental retardation","specific delays in development",49,"developmental disorders"
"8_9","ICD-9-CM to ICDA-8","SapBERT","316","no reference match",858,0.377,0.083,0.153,0.318,0.373,0.429,0.7,"309","mental disorders not specified as psychotic associated with physical conditions","psychic factors associated with diseases classified elsewhere",46,"miscellaneous mental health disorders"
"8_9","ICD-9-CM to ICDA-8","SapBERT","317","has a reference match",858,0.345,0.083,0.106,0.296,0.339,0.385,0.844,"311","mild mental retardation","mild intellectual disabilities",49,"developmental disorders"
"8_9","ICD-9-CM to ICDA-8","SapBERT","318","has a reference match",858,0.384,0.09,0.161,0.321,0.372,0.441,0.675,"347","other diseases of brain","other specified intellectual disabilities",49,"developmental disorders"
"8_9","ICD-9-CM to ICDA-8","SapBERT","319","has a reference match",858,0.328,0.082,0.1,0.28,0.318,0.368,0.782,"315","unspecified mental retardation","unspecified intellectual disabilities",49,"developmental disorders"
"8_9","ICD-9-CM to ICDA-8","SapBERT","327","no reference match",858,0.4,0.074,0.144,0.346,0.401,0.449,0.61,"309","mental disorders not specified as psychotic associated with physical conditions","organic sleep disorders",50,"other nervous system conditions"
"8_9","ICD-9-CM to ICDA-8","SapBERT","330","no reference match",858,0.337,0.078,0.143,0.285,0.331,0.384,0.641,"290","senile and presenile dementia","cerebral degenerations usually manifest in childhood",50,"other nervous system conditions"
"8_9","ICD-9-CM to ICDA-8","SapBERT","331","no reference match",858,0.405,0.088,0.189,0.343,0.402,0.457,0.816,"347","other diseases of brain","other cerebral degenerations",40,"delirium dementia and other cognitive disorders"
"8_9","ICD-9-CM to ICDA-8","SapBERT","332","has a reference match",858,0.382,0.077,0.198,0.326,0.377,0.43,0.705,"332","hereditary ataxia","parkinsons disease",51,"parkinsons disease"
"8_9","ICD-9-CM to ICDA-8","SapBERT","333","no reference match",858,0.395,0.083,0.161,0.338,0.39,0.447,0.708,"333","other hereditary and familial diseases of nervous system","other extrapyramidal disease and abnormal movement disorders",50,"other nervous system conditions"
"8_9","ICD-9-CM to ICDA-8","SapBERT","334","no reference match",858,0.359,0.077,0.123,0.309,0.36,0.407,0.738,"332","hereditary ataxia","spinocerebellar disease",50,"other nervous system conditions"
"8_9","ICD-9-CM to ICDA-8","SapBERT","335","no reference match",858,0.372,0.073,0.119,0.322,0.378,0.422,0.652,"348","motor neurone disease","anterior horn cell disease",50,"other nervous system conditions"
"8_9","ICD-9-CM to ICDA-8","SapBERT","336","has a reference match",858,0.383,0.094,0.179,0.318,0.371,0.438,0.901,"349","other diseases of spinal cord","other diseases of spinal cord",50,"other nervous system conditions"
"8_9","ICD-9-CM to ICDA-8","SapBERT","337","has a reference match",858,0.351,0.082,0.122,0.295,0.347,0.401,0.85,"358","diseases of peripheral autonomic nervous system","disorders of the autonomic nervous system",50,"other nervous system conditions"
"8_9","ICD-9-CM to ICDA-8","SapBERT","338","no reference match",858,0.374,0.069,0.183,0.329,0.369,0.419,0.626,"353","sciatica","pain not elsewhere classified",50,"other nervous system conditions"
"8_9","ICD-9-CM to ICDA-8","SapBERT","339","has a reference match",858,0.405,0.076,0.218,0.351,0.4,0.456,0.688,"346","migraine","other headache syndromes",52,"headache including migraine"
"8_9","ICD-9-CM to ICDA-8","SapBERT","340","has a reference match",858,0.335,0.076,0.115,0.286,0.332,0.377,1,"340","multiple sclerosis","multiple sclerosis",53,"multiple sclerosis"
"8_9","ICD-9-CM to ICDA-8","SapBERT","341","has a reference match",858,0.361,0.093,0.123,0.297,0.348,0.414,1,"341","other demyelinating diseases of central nervous system","other demyelinating diseases of central nervous system",50,"other nervous system conditions"
"8_9","ICD-9-CM to ICDA-8","SapBERT","342","has a reference match",858,0.409,0.07,0.225,0.365,0.408,0.453,0.676,"344","other cerebral paralysis","hemiplegia and hemiparesis",54,"paralysis"
"8_9","ICD-9-CM to ICDA-8","SapBERT","343","has a reference match",858,0.38,0.077,0.159,0.332,0.379,0.427,0.907,"343","cerebral spastic infantile paralysis","infantile cerebral palsy",54,"paralysis"
"8_9","ICD-9-CM to ICDA-8","SapBERT","344","has a reference match",858,0.433,0.076,0.19,0.38,0.427,0.484,0.849,"344","other cerebral paralysis","other paralytic syndromes",54,"paralysis"
"8_9","ICD-9-CM to ICDA-8","SapBERT","345","has a reference match",858,0.378,0.075,0.154,0.33,0.373,0.422,0.887,"345","epilepsy","epilepsy and recurrent seizures",55,"epilepsyconvulsions"
"8_9","ICD-9-CM to ICDA-8","SapBERT","346","has a reference match",858,0.367,0.072,0.182,0.316,0.362,0.408,1,"346","migraine","migraine",52,"headache including migraine"
"8_9","ICD-9-CM to ICDA-8","SapBERT","347","has a reference match",858,0.368,0.065,0.178,0.324,0.365,0.408,0.596,"297","paranoid states","cataplexy and narcolepsy",50,"other nervous system conditions"
"8_9","ICD-9-CM to ICDA-8","SapBERT","348","has a reference match",858,0.403,0.098,0.192,0.332,0.389,0.46,0.9,"347","other diseases of brain","other conditions of brain",50,"other nervous system conditions"
"8_9","ICD-9-CM to ICDA-8","SapBERT","353","has a reference match",858,0.376,0.078,0.202,0.322,0.369,0.425,0.717,"358","diseases of peripheral autonomic nervous system","nerve root and plexus disorders",50,"other nervous system conditions"
"8_9","ICD-9-CM to ICDA-8","SapBERT","354","has a reference match",858,0.385,0.069,0.155,0.341,0.385,0.429,0.704,"354","polyneuritis and polyradiculitis","mononeuritis of upper limb and mononeuritis multiplex",50,"other nervous system conditions"
"8_9","ICD-9-CM to ICDA-8","SapBERT","355","has a reference match",858,0.354,0.072,0.153,0.305,0.352,0.401,0.647,"355","other and unspecified forms of neuralgia and neuritis","mononeuritis of lower limb and unspecified site",50,"other nervous system conditions"
"8_9","ICD-9-CM to ICDA-8","SapBERT","356","has a reference match",858,0.366,0.075,0.174,0.315,0.361,0.41,0.71,"330","hereditary neuromuscular disorders","hereditary and idiopathic peripheral neuropathy",50,"other nervous system conditions"
"8_9","ICD-9-CM to ICDA-8","SapBERT","357","has a reference match",858,0.401,0.076,0.204,0.35,0.397,0.446,0.693,"354","polyneuritis and polyradiculitis","inflammatory and toxic neuropathy",50,"other nervous system conditions"
"8_9","ICD-9-CM to ICDA-8","SapBERT","358","no reference match",858,0.41,0.078,0.19,0.353,0.411,0.461,0.758,"330","hereditary neuromuscular disorders","myoneural disorders",50,"other nervous system conditions"
"8_9","ICD-9-CM to ICDA-8","SapBERT","359","no reference match",858,0.365,0.08,0.153,0.314,0.36,0.414,0.666,"733","other diseases of muscle tendon and fascia","muscular dystrophies and other myopathies",50,"other nervous system conditions"
"8_9","ICD-9-CM to ICDA-8","SapBERT","360","has a reference match",858,0.327,0.07,0.114,0.283,0.322,0.367,0.638,"360","conjunctivitis and ophthalmia","disorders of the globe",56,"other eye disorders"
"8_9","ICD-9-CM to ICDA-8","SapBERT","361","has a reference match",858,0.398,0.07,0.194,0.35,0.4,0.442,0.789,"376","detachment of retina","retinal detachments and defects",57,"retinal detachments defects vascular occlusion and retinopathy"
"8_9","ICD-9-CM to ICDA-8","SapBERT","362","has a reference match",858,0.402,0.088,0.141,0.343,0.391,0.455,0.802,"377","other diseases of retina and optic nerve","other retinal disorders",57,"retinal detachments defects vascular occlusion and retinopathy"
"8_9","ICD-9-CM to ICDA-8","SapBERT","363","has a reference match",858,0.385,0.076,0.154,0.337,0.384,0.435,0.758,"365","choroiditis","chorioretinal inflammations scars and other disorders of choroid",56,"other eye disorders"
"8_9","ICD-9-CM to ICDA-8","SapBERT","364","has a reference match",858,0.344,0.076,0.079,0.296,0.337,0.389,0.632,"378","other diseases of eye","disorders of iris and ciliary body",56,"other eye disorders"
"8_9","ICD-9-CM to ICDA-8","SapBERT","365","has a reference match",858,0.385,0.075,0.174,0.337,0.382,0.43,0.909,"375","glaucoma","glaucoma",58,"glaucoma"
"8_9","ICD-9-CM to ICDA-8","SapBERT","366","has a reference match",858,0.361,0.075,0.149,0.308,0.359,0.41,0.873,"374","cataract","cataract",59,"cataract"
"8_9","ICD-9-CM to ICDA-8","SapBERT","369","has a reference match",858,0.371,0.073,0.161,0.323,0.374,0.414,0.857,"379","blindness","blindness and low vision",60,"blindness and vision defects"
"8_9","ICD-9-CM to ICDA-8","SapBERT","370","has a reference match",858,0.379,0.068,0.19,0.332,0.374,0.42,0.924,"363","keratitis","keratitis",56,"other eye disorders"
"8_9","ICD-9-CM to ICDA-8","SapBERT","371","has a reference match",858,0.393,0.072,0.17,0.348,0.393,0.437,0.884,"371","corneal opacity","corneal opacity and other disorders of cornea",56,"other eye disorders"
"8_9","ICD-9-CM to ICDA-8","SapBERT","372","has a reference match",858,0.305,0.083,0.056,0.248,0.297,0.352,0.632,"360","conjunctivitis and ophthalmia","disorders of conjunctiva",56,"other eye disorders"
"8_9","ICD-9-CM to ICDA-8","SapBERT","376","has a reference match",858,0.306,0.073,0.121,0.258,0.297,0.352,0.663,"378","other diseases of eye","disorders of the orbit",56,"other eye disorders"
"8_9","ICD-9-CM to ICDA-8","SapBERT","377","has a reference match",858,0.315,0.076,0.105,0.264,0.306,0.351,0.745,"377","other diseases of retina and optic nerve","disorders of optic nerve and visual pathways",56,"other eye disorders"
"8_9","ICD-9-CM to ICDA-8","SapBERT","379","has a reference match",858,0.342,0.103,0.11,0.271,0.325,0.4,0.897,"378","other diseases of eye","other disorders of eye",56,"other eye disorders"
"8_9","ICD-9-CM to ICDA-8","SapBERT","380","has a reference match",858,0.302,0.076,0.117,0.25,0.297,0.351,0.612,"387","other diseases of ear and mastoid process","disorders of external ear",61,"other ear and sense organ disorders"
"8_9","ICD-9-CM to ICDA-8","SapBERT","381","has a reference match",858,0.387,0.071,0.2,0.339,0.391,0.433,0.8,"381","otitis media without mention of mastoiditis","nonsuppurative otitis media and eustachian tube disorders",62,"otitis media and related conditions"
"8_9","ICD-9-CM to ICDA-8","SapBERT","382","no reference match",858,0.385,0.075,0.169,0.338,0.384,0.432,0.835,"382","otitis media with mastoiditis","suppurative and unspecified otitis media",62,"otitis media and related conditions"
"8_9","ICD-9-CM to ICDA-8","SapBERT","383","has a reference match",858,0.403,0.08,0.18,0.35,0.398,0.456,0.851,"383","mastoiditis without mention of otitis media","mastoiditis and related conditions",62,"otitis media and related conditions"
"8_9","ICD-9-CM to ICDA-8","SapBERT","384","has a reference match",858,0.399,0.095,0.143,0.331,0.39,0.458,0.826,"384","other inflammatory diseases of ear","other disorders of tympanic membrane",61,"other ear and sense organ disorders"
"8_9","ICD-9-CM to ICDA-8","SapBERT","386","has a reference match",858,0.403,0.065,0.22,0.361,0.402,0.446,0.656,"388","deaf mutism","vertiginous syndromes and other disorders of vestibular system",63,"conditions associated with dizziness or vertigo"
"8_9","ICD-9-CM to ICDA-8","SapBERT","389","has a reference match",858,0.368,0.07,0.171,0.323,0.364,0.408,0.762,"389","other deafness","hearing loss",61,"other ear and sense organ disorders"
"8_9","ICD-9-CM to ICDA-8","SapBERT","393","has a reference match",858,0.364,0.086,0.127,0.307,0.357,0.411,0.749,"423","chronic disease of pericardium nonrheumatic","chronic rheumatic pericarditis",64,"peri endo and myocarditis cardiomyopathy"
"8_9","ICD-9-CM to ICDA-8","SapBERT","394","has a reference match",858,0.306,0.085,0.072,0.254,0.302,0.355,1,"394","diseases of mitral valve","diseases of mitral valve",65,"heart valve disorders"
"8_9","ICD-9-CM to ICDA-8","SapBERT","395","has a reference match",858,0.335,0.08,0.131,0.285,0.335,0.38,1,"395","diseases of aortic valve","diseases of aortic valve",65,"heart valve disorders"
"8_9","ICD-9-CM to ICDA-8","SapBERT","396","has a reference match",858,0.373,0.08,0.145,0.32,0.368,0.417,1,"396","diseases of mitral and aortic valves","diseases of mitral and aortic valves",65,"heart valve disorders"
"8_9","ICD-9-CM to ICDA-8","SapBERT","397","has a reference match",858,0.393,0.092,0.164,0.33,0.384,0.448,1,"397","diseases of other endocardial structures","diseases of other endocardial structures",65,"heart valve disorders"
"8_9","ICD-9-CM to ICDA-8","SapBERT","398","has a reference match",858,0.412,0.095,0.185,0.348,0.401,0.47,0.983,"398","other heart disease specified as rheumatic","other rheumatic heart disease",64,"peri endo and myocarditis cardiomyopathy"
"8_9","ICD-9-CM to ICDA-8","SapBERT","401","has a reference match",858,0.348,0.072,0.164,0.301,0.34,0.384,0.949,"401","essential benign hypertension","essential hypertension",66,"hypertension"
"8_9","ICD-9-CM to ICDA-8","SapBERT","402","has a reference match",858,0.383,0.079,0.149,0.335,0.375,0.416,1,"402","hypertensive heart disease","hypertensive heart disease",67,"hypertension complications"
"8_9","ICD-9-CM to ICDA-8","SapBERT","403","has a reference match",858,0.349,0.078,0.164,0.301,0.342,0.385,0.959,"403","hypertensive renal disease","hypertensive chronic kidney disease",67,"hypertension complications"
"8_9","ICD-9-CM to ICDA-8","SapBERT","404","has a reference match",858,0.363,0.082,0.113,0.314,0.358,0.4,0.968,"404","hypertensive heart and renal disease","hypertensive heart and chronic kidney disease",67,"hypertension complications"
"8_9","ICD-9-CM to ICDA-8","SapBERT","405","no reference match",858,0.346,0.07,0.182,0.302,0.34,0.383,0.816,"401","essential benign hypertension","secondary hypertension",67,"hypertension complications"
"8_9","ICD-9-CM to ICDA-8","SapBERT","410","has a reference match",858,0.369,0.081,0.196,0.314,0.361,0.412,1,"410","acute myocardial infarction","acute myocardial infarction",68,"acute myocardial infarction"
"8_9","ICD-9-CM to ICDA-8","SapBERT","411","has a reference match",858,0.388,0.092,0.147,0.325,0.379,0.441,1,"411","other acute and subacute forms of ischemic heart disease","other acute and subacute forms of ischemic heart disease",69,"coronary atherosclerosis and other heart disease"
"8_9","ICD-9-CM to ICDA-8","SapBERT","412","has a reference match",858,0.373,0.083,0.171,0.321,0.365,0.417,0.855,"412","chronic ischemic heart disease","old myocardial infarction",69,"coronary atherosclerosis and other heart disease"
"8_9","ICD-9-CM to ICDA-8","SapBERT","413","has a reference match",858,0.382,0.085,0.187,0.326,0.377,0.426,1,"413","angina pectoris","angina pectoris",69,"coronary atherosclerosis and other heart disease"
"8_9","ICD-9-CM to ICDA-8","SapBERT","414","has a reference match",858,0.373,0.093,0.105,0.311,0.361,0.42,0.843,"411","other acute and subacute forms of ischemic heart disease","other forms of chronic ischemic heart disease",69,"coronary atherosclerosis and other heart disease"
"8_9","ICD-9-CM to ICDA-8","SapBERT","415","has a reference match",858,0.404,0.082,0.188,0.357,0.398,0.447,0.81,"426","pulmonary heart disease","acute pulmonary heart disease",70,"pulmonary heart disease"
"8_9","ICD-9-CM to ICDA-8","SapBERT","416","has a reference match",858,0.375,0.085,0.101,0.319,0.364,0.417,0.859,"426","pulmonary heart disease","chronic pulmonary heart disease",70,"pulmonary heart disease"
"8_9","ICD-9-CM to ICDA-8","SapBERT","417","no reference match",858,0.388,0.101,0.131,0.313,0.373,0.448,0.754,"458","other diseases of circulatory system","other diseases of pulmonary circulation",70,"pulmonary heart disease"
"8_9","ICD-9-CM to ICDA-8","SapBERT","423","has a reference match",858,0.366,0.096,0.123,0.3,0.358,0.42,0.82,"393","diseases of pericardium","other diseases of pericardium",64,"peri endo and myocarditis cardiomyopathy"
"8_9","ICD-9-CM to ICDA-8","SapBERT","424","has a reference match",858,0.392,0.091,0.142,0.332,0.383,0.436,0.847,"397","diseases of other endocardial structures","other diseases of endocardium",65,"heart valve disorders"
"8_9","ICD-9-CM to ICDA-8","SapBERT","425","has a reference match",858,0.362,0.082,0.156,0.309,0.357,0.402,1,"425","cardiomyopathy","cardiomyopathy",64,"peri endo and myocarditis cardiomyopathy"
"8_9","ICD-9-CM to ICDA-8","SapBERT","426","has a reference match",858,0.417,0.071,0.233,0.369,0.416,0.462,0.674,"426","pulmonary heart disease","conduction disorders",71,"conduction disorders"
"8_9","ICD-9-CM to ICDA-8","SapBERT","427","has a reference match",858,0.4,0.071,0.174,0.352,0.399,0.446,0.748,"427","symptomatic heart disease","cardiac dysrhythmias",72,"cardiac dysrhythmias arrest chf and ventricular fibrillation"
"8_9","ICD-9-CM to ICDA-8","SapBERT","428","has a reference match",858,0.398,0.071,0.185,0.353,0.396,0.434,0.742,"429","illdefined heart disease","heart failure",72,"cardiac dysrhythmias arrest chf and ventricular fibrillation"
"8_9","ICD-9-CM to ICDA-8","SapBERT","429","has a reference match",858,0.407,0.079,0.146,0.358,0.405,0.45,0.875,"429","illdefined heart disease","illdefined descriptions and complications of heart disease",73,"other and illdefined heart disease"
"8_9","ICD-9-CM to ICDA-8","SapBERT","430","has a reference match",858,0.363,0.085,0.149,0.306,0.36,0.412,1,"430","subarachnoid hemorrhage","subarachnoid hemorrhage",74,"acute cerebrovascular disease"
"8_9","ICD-9-CM to ICDA-8","SapBERT","431","has a reference match",858,0.357,0.082,0.156,0.3,0.35,0.403,0.975,"431","cerebral hemorrhage","intracerebral hemorrhage",74,"acute cerebrovascular disease"
"8_9","ICD-9-CM to ICDA-8","SapBERT","432","has a reference match",858,0.377,0.083,0.174,0.319,0.369,0.431,0.68,"929","contusion of other multiple and unspecified sites","other and unspecified intracranial hemorrhage",74,"acute cerebrovascular disease"
"8_9","ICD-9-CM to ICDA-8","SapBERT","433","has a reference match",858,0.379,0.066,0.202,0.338,0.382,0.421,0.823,"432","occlusion of precerebral arteries","occlusion and stenosis of precerebral arteries",74,"acute cerebrovascular disease"
"8_9","ICD-9-CM to ICDA-8","SapBERT","434","has a reference match",858,0.38,0.073,0.192,0.332,0.372,0.419,0.788,"432","occlusion of precerebral arteries","occlusion of cerebral arteries",74,"acute cerebrovascular disease"
"8_9","ICD-9-CM to ICDA-8","SapBERT","435","has a reference match",858,0.38,0.078,0.187,0.326,0.373,0.421,1,"435","transient cerebral ischemia","transient cerebral ischemia",75,"transient cerebral ischemia"
"8_9","ICD-9-CM to ICDA-8","SapBERT","436","has a reference match",858,0.41,0.078,0.229,0.361,0.407,0.45,1,"436","acute but illdefined cerebrovascular disease","acute but illdefined cerebrovascular disease",74,"acute cerebrovascular disease"
"8_9","ICD-9-CM to ICDA-8","SapBERT","437","has a reference match",858,0.433,0.087,0.251,0.37,0.427,0.484,0.939,"438","other and illdefined cerebrovascular disease","other and illdefined cerebrovascular disease",76,"other and illdefined cerebrovascular disease"
"8_9","ICD-9-CM to ICDA-8","SapBERT","438","has a reference match",858,0.401,0.079,0.196,0.346,0.393,0.447,0.831,"438","other and illdefined cerebrovascular disease","late effects of cerebrovascular disease",76,"other and illdefined cerebrovascular disease"
"8_9","ICD-9-CM to ICDA-8","SapBERT","440","has a reference match",858,0.379,0.082,0.174,0.321,0.373,0.423,0.877,"440","arteriosclerosis","atherosclerosis",77,"other circulatory disease"
"8_9","ICD-9-CM to ICDA-8","SapBERT","441","has a reference match",858,0.387,0.072,0.193,0.339,0.385,0.427,0.831,"441","aortic aneurysm nonsyphilitic","aortic aneurysm and dissection",77,"other circulatory disease"
"8_9","ICD-9-CM to ICDA-8","SapBERT","442","has a reference match",858,0.403,0.078,0.196,0.354,0.397,0.449,1,"442","other aneurysm","other aneurysm",77,"other circulatory disease"
"8_9","ICD-9-CM to ICDA-8","SapBERT","443","has a reference match",858,0.405,0.091,0.205,0.343,0.391,0.454,1,"443","other peripheral vascular disease","other peripheral vascular disease",77,"other circulatory disease"
"8_9","ICD-9-CM to ICDA-8","SapBERT","444","has a reference match",858,0.417,0.073,0.22,0.373,0.41,0.452,1,"444","arterial embolism and thrombosis","arterial embolism and thrombosis",78,"aortic and peripheral arterial embolism or thrombosis"
"8_9","ICD-9-CM to ICDA-8","SapBERT","445","has a reference match",858,0.387,0.081,0.197,0.334,0.382,0.429,0.791,"434","cerebral embolism","atheroembolism",78,"aortic and peripheral arterial embolism or thrombosis"
"8_9","ICD-9-CM to ICDA-8","SapBERT","446","has a reference match",858,0.414,0.076,0.224,0.363,0.412,0.459,1,"446","polyarteritis nodosa and allied conditions","polyarteritis nodosa and allied conditions",77,"other circulatory disease"
"8_9","ICD-9-CM to ICDA-8","SapBERT","447","has a reference match",858,0.385,0.092,0.157,0.318,0.376,0.437,0.99,"447","other diseases of arteries and arterioles","other disorders of arteries and arterioles",77,"other circulatory disease"
"8_9","ICD-9-CM to ICDA-8","SapBERT","448","has a reference match",858,0.297,0.087,0.059,0.24,0.295,0.353,0.966,"448","diseases of capillaries","disease of capillaries",77,"other circulatory disease"
"8_9","ICD-9-CM to ICDA-8","SapBERT","453","has a reference match",858,0.382,0.087,0.166,0.319,0.373,0.434,1,"453","other venous embolism and thrombosis","other venous embolism and thrombosis",79,"phlebitis thrombophlebitis and thromboembolism"
"8_9","ICD-9-CM to ICDA-8","SapBERT","456","has a reference match",858,0.284,0.082,0.081,0.23,0.282,0.33,1,"456","varicose veins of other sites","varicose veins of other sites",80,"other diseases of veins and lymphatics"
"8_9","ICD-9-CM to ICDA-8","SapBERT","457","has a reference match",858,0.308,0.082,0.108,0.254,0.308,0.362,0.973,"457","noninfective disease of lymphatic channels","noninfectious disorders of lymphatic channels",80,"other diseases of veins and lymphatics"
"8_9","ICD-9-CM to ICDA-8","SapBERT","459","has a reference match",858,0.375,0.106,0.156,0.298,0.362,0.436,0.928,"458","other diseases of circulatory system","other disorders of circulatory system",80,"other diseases of veins and lymphatics"
"8_9","ICD-9-CM to ICDA-8","SapBERT","472","has a reference match",858,0.414,0.082,0.196,0.361,0.407,0.465,0.893,"502","chronic pharyngitis and nasopharyngitis","chronic pharyngitis and nasopharyngitis",81,"other upper respiratory disease"
"8_9","ICD-9-CM to ICDA-8","SapBERT","473","has a reference match",858,0.358,0.082,0.164,0.301,0.351,0.409,0.968,"503","chronic sinusitis","chronic sinusitis",82,"other upper respiratory infections"
"8_9","ICD-9-CM to ICDA-8","SapBERT","474","has a reference match",858,0.4,0.081,0.132,0.346,0.392,0.454,0.676,"463","acute tonsillitis","chronic disease of tonsils and adenoids",83,"acute and chronic tonsillitis"
"8_9","ICD-9-CM to ICDA-8","SapBERT","476","has a reference match",858,0.419,0.082,0.194,0.368,0.412,0.468,0.804,"464","acute laryngitis and tracheitis","chronic laryngitis and laryngotracheitis",81,"other upper respiratory disease"
"8_9","ICD-9-CM to ICDA-8","SapBERT","477","has a reference match",858,0.364,0.076,0.132,0.314,0.359,0.407,0.738,"507","hay fever","allergic rhinitis",81,"other upper respiratory disease"
"8_9","ICD-9-CM to ICDA-8","SapBERT","478","has a reference match",858,0.401,0.109,0.152,0.322,0.387,0.467,0.921,"508","other diseases of upper respiratory tract","other diseases of upper respiratory tract",81,"other upper respiratory disease"
"8_9","ICD-9-CM to ICDA-8","SapBERT","491","has a reference match",858,0.37,0.083,0.157,0.318,0.367,0.416,1,"491","chronic bronchitis","chronic bronchitis",84,"chronic obstructive pulmonary disease copd"
"8_9","ICD-9-CM to ICDA-8","SapBERT","492","has a reference match",858,0.4,0.078,0.204,0.352,0.396,0.448,1,"492","emphysema","emphysema",84,"chronic obstructive pulmonary disease copd"
"8_9","ICD-9-CM to ICDA-8","SapBERT","493","has a reference match",858,0.374,0.082,0.113,0.32,0.371,0.417,1,"493","asthma","asthma",85,"asthma"
"8_9","ICD-9-CM to ICDA-8","SapBERT","494","has a reference match",858,0.357,0.081,0.078,0.304,0.357,0.405,0.885,"518","bronchiectasis","bronchiectasis",84,"chronic obstructive pulmonary disease copd"
"8_9","ICD-9-CM to ICDA-8","SapBERT","495","no reference match",858,0.365,0.082,0.089,0.315,0.361,0.413,0.68,"518","bronchiectasis","extrinsic allergic alveolitis",86,"lung disease due to external agents"
"8_9","ICD-9-CM to ICDA-8","SapBERT","496","no reference match",858,0.401,0.081,0.191,0.346,0.4,0.454,0.677,"491","chronic bronchitis","chronic airway obstruction not elsewhere classified",84,"chronic obstructive pulmonary disease copd"
"8_9","ICD-9-CM to ICDA-8","SapBERT","500","has a reference match",858,0.321,0.076,0.058,0.273,0.316,0.365,0.694,"515","pneumoconiosis due to silica and silicates","coal workers pneumoconiosis",86,"lung disease due to external agents"
"8_9","ICD-9-CM to ICDA-8","SapBERT","501","has a reference match",858,0.373,0.065,0.153,0.33,0.372,0.418,0.611,"515","pneumoconiosis due to silica and silicates","asbestosis",86,"lung disease due to external agents"
"8_9","ICD-9-CM to ICDA-8","SapBERT","502","has a reference match",858,0.32,0.07,0.123,0.275,0.319,0.363,0.868,"515","pneumoconiosis due to silica and silicates","pneumoconiosis due to other silica or silicates",86,"lung disease due to external agents"
"8_9","ICD-9-CM to ICDA-8","SapBERT","503","has a reference match",858,0.329,0.078,0.137,0.271,0.326,0.382,0.701,"516","other pneumoconioses and related diseases","pneumoconiosis due to other inorganic dust",86,"lung disease due to external agents"
"8_9","ICD-9-CM to ICDA-8","SapBERT","504","has a reference match",858,0.34,0.089,0.105,0.277,0.331,0.403,0.725,"516","other pneumoconioses and related diseases","pneumonopathy due to inhalation of other dust",86,"lung disease due to external agents"
"8_9","ICD-9-CM to ICDA-8","SapBERT","505","has a reference match",858,0.354,0.072,0.133,0.308,0.349,0.393,0.767,"515","pneumoconiosis due to silica and silicates","pneumoconiosis unspecified",86,"lung disease due to external agents"
"8_9","ICD-9-CM to ICDA-8","SapBERT","506","has a reference match",858,0.342,0.071,0.167,0.295,0.341,0.384,0.687,"987","toxic effect of other gases fumes or vapors","respiratory conditions due to chemical fumes and vapors",86,"lung disease due to external agents"
"8_9","ICD-9-CM to ICDA-8","SapBERT","508","no reference match",858,0.381,0.102,0.129,0.305,0.369,0.452,0.812,"508","other diseases of upper respiratory tract","respiratory conditions due to other and unspecified external agents",86,"lung disease due to external agents"
"8_9","ICD-9-CM to ICDA-8","SapBERT","512","has a reference match",858,0.383,0.073,0.16,0.335,0.383,0.424,0.864,"512","spontaneous pneumothorax","pneumothorax and air leak",87,"other lower respiratory disease"
"8_9","ICD-9-CM to ICDA-8","SapBERT","514","has a reference match",858,0.372,0.079,0.146,0.318,0.368,0.419,1,"514","pulmonary congestion and hypostasis","pulmonary congestion and hypostasis",87,"other lower respiratory disease"
"8_9","ICD-9-CM to ICDA-8","SapBERT","515","no reference match",858,0.38,0.077,0.128,0.33,0.376,0.424,0.724,"518","bronchiectasis","postinflammatory pulmonary fibrosis",87,"other lower respiratory disease"
"8_9","ICD-9-CM to ICDA-8","SapBERT","516","no reference match",858,0.424,0.082,0.212,0.369,0.416,0.476,0.868,"516","other pneumoconioses and related diseases","other alveolar and parietoalveolar pneumonopathy",87,"other lower respiratory disease"
"8_9","ICD-9-CM to ICDA-8","SapBERT","517","no reference match",858,0.381,0.092,0.15,0.312,0.37,0.444,0.768,"517","other chronic interstitial pneumonia","lung involvement in conditions classified elsewhere",87,"other lower respiratory disease"
"8_9","ICD-9-CM to ICDA-8","SapBERT","518","has a reference match",858,0.389,0.108,0.167,0.309,0.37,0.451,0.865,"519","other diseases of respiratory system","other diseases of lung",88,"respiratory failure pulmonary collapse"
"8_9","ICD-9-CM to ICDA-8","SapBERT","523","has a reference match",858,0.449,0.081,0.252,0.396,0.439,0.493,0.917,"523","periodontal diseases","gingival and periodontal diseases",89,"disorders of teeth and jaw"
"8_9","ICD-9-CM to ICDA-8","SapBERT","525","has a reference match",858,0.402,0.103,0.204,0.327,0.39,0.456,1,"525","other diseases and conditions of the teeth and supporting structures","other diseases and conditions of the teeth and supporting structures",89,"disorders of teeth and jaw"
"8_9","ICD-9-CM to ICDA-8","SapBERT","530","has a reference match",858,0.361,0.08,0.153,0.309,0.351,0.408,0.97,"530","diseases of esophagus","diseases of oesophagus",90,"esophageal disorders"
"8_9","ICD-9-CM to ICDA-8","SapBERT","531","has a reference match",858,0.391,0.079,0.176,0.34,0.383,0.435,0.972,"531","ulcer of stomach","gastric ulcer",91,"gasduo ulcer without hemorrhage"
"8_9","ICD-9-CM to ICDA-8","SapBERT","532","has a reference match",858,0.375,0.081,0.183,0.322,0.368,0.422,0.952,"532","ulcer of duodenum","duodenal ulcer",91,"gasduo ulcer without hemorrhage"
"8_9","ICD-9-CM to ICDA-8","SapBERT","533","has a reference match",858,0.383,0.082,0.142,0.33,0.38,0.429,1,"533","peptic ulcer site unspecified","peptic ulcer site unspecified",91,"gasduo ulcer without hemorrhage"
"8_9","ICD-9-CM to ICDA-8","SapBERT","534","has a reference match",858,0.379,0.081,0.194,0.323,0.37,0.427,1,"534","gastrojejunal ulcer","gastrojejunal ulcer",91,"gasduo ulcer without hemorrhage"
"8_9","ICD-9-CM to ICDA-8","SapBERT","535","has a reference match",858,0.386,0.087,0.202,0.327,0.376,0.433,1,"535","gastritis and duodenitis","gastritis and duodenitis",92,"gastritis and duodenitis"
"8_9","ICD-9-CM to ICDA-8","SapBERT","537","has a reference match",858,0.405,0.11,0.196,0.328,0.388,0.462,1,"537","other diseases of stomach and duodenum","other diseases of stomach and duodenum",93,"other disorders of stomach and duodenum"
"8_9","ICD-9-CM to ICDA-8","SapBERT","555","no reference match",858,0.362,0.084,0.166,0.305,0.357,0.414,0.716,"563","chronic enteritis and ulcerative colitis","regional enteritis",94,"regional enteritis and ulcerative colitis"
"8_9","ICD-9-CM to ICDA-8","SapBERT","556","has a reference match",858,0.37,0.076,0.186,0.32,0.362,0.412,0.861,"563","chronic enteritis and ulcerative colitis","ulcerative colitis",94,"regional enteritis and ulcerative colitis"
"8_9","ICD-9-CM to ICDA-8","SapBERT","557","no reference match",858,0.401,0.075,0.16,0.352,0.401,0.45,0.659,"563","chronic enteritis and ulcerative colitis","vascular insufficiency of intestine",77,"other circulatory disease"
"8_9","ICD-9-CM to ICDA-8","SapBERT","558","has a reference match",858,0.406,0.097,0.182,0.333,0.393,0.47,0.901,"561","gastroenteritis and colitis except ulcerative of noninfectious origin","other and unspecified noninfectious gastroenteritis and colitis",95,"noninfectious gastroenteritis"
"8_9","ICD-9-CM to ICDA-8","SapBERT","562","has a reference match",858,0.354,0.08,0.152,0.301,0.346,0.398,1,"562","diverticula of intestine","diverticula of intestine",96,"diverticulosis and diverticulitis"
"8_9","ICD-9-CM to ICDA-8","SapBERT","564","has a reference match",858,0.392,0.099,0.149,0.321,0.381,0.452,0.859,"564","functional disorders of intestines","functional digestive disorders not elsewhere classified",97,"other gastrointestinal disorders"
"8_9","ICD-9-CM to ICDA-8","SapBERT","571","has a reference match",858,0.395,0.079,0.159,0.343,0.395,0.44,0.903,"571","cirrhosis of liver","chronic liver disease and cirrhosis",98,"hepatitis and other liver diseases"
"8_9","ICD-9-CM to ICDA-8","SapBERT","572","has a reference match",858,0.44,0.072,0.241,0.393,0.44,0.487,0.878,"572","suppurative hepatitis and liver abscess","liver abscess and sequelae of chronic liver disease",98,"hepatitis and other liver diseases"
"8_9","ICD-9-CM to ICDA-8","SapBERT","573","has a reference match",858,0.395,0.099,0.171,0.326,0.38,0.45,1,"573","other diseases of liver","other diseases of liver",98,"hepatitis and other liver diseases"
"8_9","ICD-9-CM to ICDA-8","SapBERT","575","has a reference match",858,0.396,0.107,0.18,0.32,0.381,0.46,0.934,"576","other diseases of gallbladder and biliary ducts","other disorders of gallbladder",99,"biliary tract disease"
"8_9","ICD-9-CM to ICDA-8","SapBERT","576","no reference match",858,0.394,0.104,0.174,0.318,0.38,0.461,0.95,"576","other diseases of gallbladder and biliary ducts","other disorders of biliary tract",99,"biliary tract disease"
"8_9","ICD-9-CM to ICDA-8","SapBERT","577","has a reference match",858,0.387,0.088,0.157,0.328,0.378,0.436,1,"577","diseases of pancreas","diseases of pancreas",100,"pancreatic disorders excluding diabetes"
"8_9","ICD-9-CM to ICDA-8","SapBERT","579","has a reference match",858,0.404,0.077,0.211,0.352,0.404,0.451,0.732,"564","functional disorders of intestines","intestinal malabsorption",97,"other gastrointestinal disorders"
"8_9","ICD-9-CM to ICDA-8","SapBERT","581","has a reference match",858,0.393,0.078,0.187,0.342,0.39,0.441,1,"581","nephrotic syndrome","nephrotic syndrome",101,"chronic kideny disease and related conditions"
"8_9","ICD-9-CM to ICDA-8","SapBERT","582","has a reference match",858,0.378,0.08,0.171,0.327,0.375,0.421,0.92,"582","chronic nephritis","chronic glomerulonephritis",101,"chronic kideny disease and related conditions"
"8_9","ICD-9-CM to ICDA-8","SapBERT","583","has a reference match",858,0.436,0.082,0.223,0.38,0.428,0.485,0.907,"583","nephritis unqualified","nephritis and nephropathy not specified as acute or chronic",101,"chronic kideny disease and related conditions"
"8_9","ICD-9-CM to ICDA-8","SapBERT","585","no reference match",858,0.389,0.078,0.18,0.342,0.384,0.432,0.854,"582","chronic nephritis","chronic kidney disease",101,"chronic kideny disease and related conditions"
"8_9","ICD-9-CM to ICDA-8","SapBERT","586","no reference match",858,0.397,0.074,0.179,0.35,0.396,0.441,0.743,"582","chronic nephritis","renal failure unspecified",101,"chronic kideny disease and related conditions"
"8_9","ICD-9-CM to ICDA-8","SapBERT","587","has a reference match",858,0.38,0.076,0.185,0.332,0.378,0.421,0.952,"584","renal sclerosis unqualified","renal sclerosis unspecified",101,"chronic kideny disease and related conditions"
"8_9","ICD-9-CM to ICDA-8","SapBERT","588","no reference match",858,0.379,0.08,0.17,0.326,0.378,0.429,0.735,"583","nephritis unqualified","disorders resulting from impaired renal function",102,"other diseases of kidney and ureters"
"8_9","ICD-9-CM to ICDA-8","SapBERT","590","has a reference match",858,0.37,0.081,0.164,0.315,0.362,0.411,1,"590","infections of kidney","infections of kidney",103,"urinary tract infections"
"8_9","ICD-9-CM to ICDA-8","SapBERT","595","has a reference match",858,0.367,0.082,0.156,0.311,0.359,0.412,1,"595","cystitis","cystitis",103,"urinary tract infections"
"8_9","ICD-9-CM to ICDA-8","SapBERT","596","has a reference match",858,0.389,0.108,0.175,0.309,0.371,0.455,0.982,"596","other diseases of bladder","other disorders of bladder",104,"other diseases of bladder and urethra"
"8_9","ICD-9-CM to ICDA-8","SapBERT","599","has a reference match",858,0.354,0.113,0.144,0.268,0.332,0.422,0.918,"599","other diseases of urinary tract","other disorders of urethra and urinary tract",104,"other diseases of bladder and urethra"
"8_9","ICD-9-CM to ICDA-8","SapBERT","600","has a reference match",858,0.331,0.069,0.107,0.289,0.328,0.369,1,"600","hyperplasia of prostate","hyperplasia of prostate",105,"hyperplasia of prostate"
"8_9","ICD-9-CM to ICDA-8","SapBERT","601","has a reference match",858,0.384,0.081,0.156,0.332,0.377,0.424,0.86,"601","prostatitis","inflammatory diseases of prostate",106,"other male genital disorders"
"8_9","ICD-9-CM to ICDA-8","SapBERT","607","has a reference match",858,0.339,0.075,0.146,0.289,0.327,0.379,0.732,"703","diseases of nail","disorders of penis",106,"other male genital disorders"
"8_9","ICD-9-CM to ICDA-8","SapBERT","610","has a reference match",858,0.372,0.073,0.135,0.323,0.366,0.42,0.754,"610","chronic cystic disease of breast","benign mammary dysplasias",107,"nonmalignant breast conditions"
"8_9","ICD-9-CM to ICDA-8","SapBERT","614","has a reference match",858,0.385,0.077,0.188,0.334,0.377,0.433,0.748,"616","diseases of parametrium and pelvic peritoneum female","inflammatory disease of ovary fallopian tube pelvic cellular tissue and peritoneum",108,"other female genital disorders"
"8_9","ICD-9-CM to ICDA-8","SapBERT","615","no reference match",858,0.419,0.087,0.215,0.358,0.407,0.472,0.792,"622","infective diseases of uterus except cervix vagina and vulva","inflammatory diseases of uterus except cervix",108,"other female genital disorders"
"8_9","ICD-9-CM to ICDA-8","SapBERT","617","no reference match",858,0.389,0.069,0.201,0.344,0.386,0.429,0.673,"614","salpingitis and oophoritis unqualified","endometriosis",108,"other female genital disorders"
"8_9","ICD-9-CM to ICDA-8","SapBERT","618","has a reference match",858,0.418,0.071,0.235,0.371,0.413,0.462,0.835,"623","uterovaginal prolapse","genital prolapse",110,"prolapse of female genital organs"
"8_9","ICD-9-CM to ICDA-8","SapBERT","619","no reference match",858,0.282,0.072,0.04,0.233,0.276,0.324,0.518,"622","infective diseases of uterus except cervix vagina and vulva","fistula involving female genital tract",108,"other female genital disorders"
"8_9","ICD-9-CM to ICDA-8","SapBERT","621","has a reference match",858,0.36,0.1,0.112,0.29,0.347,0.417,0.862,"625","other diseases of uterus","disorders of uterus not elsewhere classified",108,"other female genital disorders"
"8_9","ICD-9-CM to ICDA-8","SapBERT","625","no reference match",858,0.332,0.086,0.122,0.272,0.323,0.381,0.762,"629","other diseases of female genital organs","pain and other symptoms associated with female genital organs",108,"other female genital disorders"
"8_9","ICD-9-CM to ICDA-8","SapBERT","626","has a reference match",858,0.374,0.086,0.13,0.316,0.365,0.427,0.865,"626","disorders of menstruation","disorders of menstruation and other abnormal bleeding from female genital tract",109,"menstrual disorders"
"8_9","ICD-9-CM to ICDA-8","SapBERT","627","has a reference match",858,0.424,0.088,0.15,0.365,0.42,0.477,0.837,"627","menopausal symptoms","menopausal and postmenopausal disorders",111,"menopausal disorders"
"8_9","ICD-9-CM to ICDA-8","SapBERT","628","has a reference match",858,0.385,0.081,0.148,0.328,0.382,0.433,0.898,"628","sterility female","female infertility",112,"female infertility"
"8_9","ICD-9-CM to ICDA-8","SapBERT","629","has a reference match",858,0.368,0.113,0.135,0.282,0.353,0.436,0.983,"629","other diseases of female genital organs","other disorders of female genital organs",108,"other female genital disorders"
"8_9","ICD-9-CM to ICDA-8","SapBERT","691","has a reference match",858,0.404,0.078,0.16,0.352,0.402,0.448,0.843,"691","infantile eczema and related conditions","atopic dermatitis and related conditions",113,"allergic reactions"
"8_9","ICD-9-CM to ICDA-8","SapBERT","694","has a reference match",858,0.385,0.074,0.184,0.34,0.382,0.422,0.795,"694","pemphigus","bullous dermatoses",114,"other inflammatory condition of skin"
"8_9","ICD-9-CM to ICDA-8","SapBERT","695","has a reference match",858,0.397,0.079,0.172,0.349,0.395,0.441,1,"695","erythematous conditions","erythematous conditions",114,"other inflammatory condition of skin"
"8_9","ICD-9-CM to ICDA-8","SapBERT","696","has a reference match",858,0.372,0.077,0.154,0.324,0.366,0.411,1,"696","psoriasis and similar disorders","psoriasis and similar disorders",114,"other inflammatory condition of skin"
"8_9","ICD-9-CM to ICDA-8","SapBERT","701","has a reference match",858,0.407,0.086,0.195,0.348,0.403,0.455,1,"701","other hypertrophic and atrophic conditions of skin","other hypertrophic and atrophic conditions of skin",115,"other skin disorders"
"8_9","ICD-9-CM to ICDA-8","SapBERT","705","has a reference match",858,0.367,0.079,0.162,0.318,0.365,0.411,1,"705","diseases of sweat glands","diseases of sweat glands",115,"other skin disorders"
"8_9","ICD-9-CM to ICDA-8","SapBERT","707","has a reference match",858,0.364,0.074,0.194,0.314,0.36,0.407,1,"707","chronic ulcer of skin","chronic ulcer of skin",116,"chronic ulcer of skin"
"8_9","ICD-9-CM to ICDA-8","SapBERT","710","has a reference match",858,0.364,0.078,0.142,0.309,0.357,0.413,0.843,"734","diffuse diseases of connective tissue","diffuse diseases of connective tissue",117,"systemic lupus erythematosus and connective tissue disorders"
"8_9","ICD-9-CM to ICDA-8","SapBERT","712","no reference match",858,0.411,0.075,0.217,0.363,0.405,0.453,0.751,"715","arthritis unspecified","crystal arthropathies",37,"gout and other crystal arthropathies"
"8_9","ICD-9-CM to ICDA-8","SapBERT","713","no reference match",858,0.389,0.088,0.184,0.326,0.382,0.44,0.855,"714","other specified forms of arthritis","arthropathy associated with other disorders classified elsewhere",118,"joint disorders"
"8_9","ICD-9-CM to ICDA-8","SapBERT","714","has a reference match",858,0.387,0.08,0.175,0.336,0.381,0.429,0.876,"712","rheumatoid arthritis and allied conditions","rheumatoid arthritis and other inflammatory polyarthropathies",119,"rheumatoid arthritis and related disease"
"8_9","ICD-9-CM to ICDA-8","SapBERT","715","has a reference match",858,0.422,0.074,0.232,0.375,0.413,0.461,0.916,"713","osteoarthritis and allied conditions","osteoarthrosis and allied disorders",120,"osteoarthritis"
"8_9","ICD-9-CM to ICDA-8","SapBERT","716","has a reference match",858,0.386,0.094,0.183,0.318,0.377,0.44,0.913,"714","other specified forms of arthritis","other and unspecified arthropathies",118,"joint disorders"
"8_9","ICD-9-CM to ICDA-8","SapBERT","717","has a reference match",858,0.371,0.078,0.184,0.318,0.367,0.417,0.809,"724","internal derangement of joint","internal derangement of knee",118,"joint disorders"
"8_9","ICD-9-CM to ICDA-8","SapBERT","718","has a reference match",858,0.4,0.085,0.201,0.342,0.392,0.453,0.773,"724","internal derangement of joint","other derangement of joint",118,"joint disorders"
"8_9","ICD-9-CM to ICDA-8","SapBERT","719","has a reference match",858,0.355,0.102,0.162,0.279,0.336,0.413,0.872,"729","other diseases of joint","other and unspecified disorders of joint",118,"joint disorders"
"8_9","ICD-9-CM to ICDA-8","SapBERT","720","no reference match",858,0.363,0.073,0.173,0.316,0.363,0.402,0.675,"720","osteomyelitis and periostitis","ankylosing spondylitis and other inflammatory spondylopathies",121,"spondylosis intervertebral disc disorders other back problems"
"8_9","ICD-9-CM to ICDA-8","SapBERT","721","no reference match",858,0.406,0.072,0.223,0.356,0.404,0.448,0.755,"727","ankylosis of joint","spondylosis and allied disorders",121,"spondylosis intervertebral disc disorders other back problems"
"8_9","ICD-9-CM to ICDA-8","SapBERT","722","has a reference match",858,0.366,0.079,0.136,0.316,0.361,0.411,0.8,"725","displacement of intervertebral disc","intervertebral disc disorders",121,"spondylosis intervertebral disc disorders other back problems"
"8_9","ICD-9-CM to ICDA-8","SapBERT","730","has a reference match",858,0.415,0.069,0.254,0.368,0.413,0.455,0.816,"720","osteomyelitis and periostitis","osteomyelitis periostitis and other infections involving bone",122,"infective arthritis and osteomyelitis"
"8_9","ICD-9-CM to ICDA-8","SapBERT","731","has a reference match",858,0.382,0.082,0.187,0.321,0.371,0.428,0.777,"723","other diseases of bone","osteitis deformans and osteopathies associated with other disorders classified elsewhere",123,"osteoporosis and other bone disease"
"8_9","ICD-9-CM to ICDA-8","SapBERT","732","has a reference match",858,0.415,0.073,0.22,0.369,0.413,0.455,0.827,"722","osteochondrosis","osteochondropathies",123,"osteoporosis and other bone disease"
"8_9","ICD-9-CM to ICDA-8","SapBERT","733","has a reference match",858,0.404,0.098,0.199,0.333,0.391,0.458,0.863,"723","other diseases of bone","other disorders of bone and cartilage",123,"osteoporosis and other bone disease"
"8_9","ICD-9-CM to ICDA-8","SapBERT","735","has a reference match",858,0.37,0.074,0.173,0.319,0.361,0.407,0.739,"736","flat foot","acquired deformities of toe",124,"acquired foot deformities"
"8_9","ICD-9-CM to ICDA-8","SapBERT","737","has a reference match",858,0.323,0.071,0.119,0.278,0.32,0.363,0.9,"735","curvature of spine","curvature of spine",125,"other acquired deformities"
"8_9","ICD-9-CM to ICDA-8","SapBERT","740","has a reference match",858,0.409,0.075,0.233,0.355,0.405,0.45,0.858,"740","anencephalus","anencephalus and similar anomalies",126,"nervous system congenital anomalies"
"8_9","ICD-9-CM to ICDA-8","SapBERT","741","has a reference match",858,0.39,0.074,0.213,0.34,0.386,0.432,1,"741","spina bifida","spina bifida",126,"nervous system congenital anomalies"
"8_9","ICD-9-CM to ICDA-8","SapBERT","742","has a reference match",858,0.404,0.094,0.192,0.338,0.396,0.455,0.988,"743","other congenital anomalies of nervous system","other congenital anomalies of nervous system",126,"nervous system congenital anomalies"
"8_9","ICD-9-CM to ICDA-8","SapBERT","743","has a reference match",858,0.365,0.082,0.153,0.315,0.356,0.399,0.992,"744","congenital anomalies of eye","congenital anomalies of eye",127,"other congenital anomalies"
"8_9","ICD-9-CM to ICDA-8","SapBERT","744","has a reference match",858,0.379,0.083,0.183,0.326,0.37,0.421,0.98,"745","congenital anomalies of ear face and neck","congenital anomalies of ear face and neck",127,"other congenital anomalies"
"8_9","ICD-9-CM to ICDA-8","SapBERT","745","no reference match",858,0.4,0.074,0.227,0.353,0.397,0.44,0.74,"745","congenital anomalies of ear face and neck","bulbus cordis anomalies and anomalies of cardiac septal closure",128,"cardiac and circulatory congenital anomalies"
"8_9","ICD-9-CM to ICDA-8","SapBERT","746","has a reference match",858,0.418,0.092,0.207,0.357,0.413,0.472,0.925,"746","congenital anomalies of heart","other congenital anomalies of heart",128,"cardiac and circulatory congenital anomalies"
"8_9","ICD-9-CM to ICDA-8","SapBERT","747","has a reference match",858,0.403,0.097,0.183,0.335,0.398,0.464,1,"747","other congenital anomalies of circulatory system","other congenital anomalies of circulatory system",128,"cardiac and circulatory congenital anomalies"
"8_9","ICD-9-CM to ICDA-8","SapBERT","748","has a reference match",858,0.382,0.087,0.162,0.327,0.373,0.421,1,"748","congenital anomalies of respiratory system","congenital anomalies of respiratory system",127,"other congenital anomalies"
"8_9","ICD-9-CM to ICDA-8","SapBERT","749","has a reference match",858,0.413,0.076,0.21,0.364,0.408,0.457,1,"749","cleft palate and cleft lip","cleft palate and cleft lip",127,"other congenital anomalies"
"8_9","ICD-9-CM to ICDA-8","SapBERT","750","has a reference match",858,0.387,0.092,0.162,0.323,0.385,0.442,1,"750","other congenital anomalies of upper alimentary tract","other congenital anomalies of upper alimentary tract",129,"digestive congenital anomalies"
"8_9","ICD-9-CM to ICDA-8","SapBERT","751","has a reference match",858,0.387,0.1,0.165,0.317,0.373,0.45,1,"751","other congenital anomalies of digestive system","other congenital anomalies of digestive system",129,"digestive congenital anomalies"
"8_9","ICD-9-CM to ICDA-8","SapBERT","752","has a reference match",858,0.373,0.084,0.186,0.32,0.365,0.41,1,"752","congenital anomalies of genital organs","congenital anomalies of genital organs",130,"genitourinary congenital anomalies"
"8_9","ICD-9-CM to ICDA-8","SapBERT","753","has a reference match",858,0.364,0.085,0.172,0.312,0.353,0.403,1,"753","congenital anomalies of urinary system","congenital anomalies of urinary system",130,"genitourinary congenital anomalies"
"8_9","ICD-9-CM to ICDA-8","SapBERT","754","has a reference match",858,0.39,0.083,0.145,0.334,0.375,0.43,0.838,"756","other congenital anomalies of musculoskeletal system","certain congenital musculoskeletal deformities",127,"other congenital anomalies"
"8_9","ICD-9-CM to ICDA-8","SapBERT","755","has a reference match",858,0.412,0.089,0.184,0.352,0.403,0.458,1,"755","other congenital anomalies of limbs","other congenital anomalies of limbs",127,"other congenital anomalies"
"8_9","ICD-9-CM to ICDA-8","SapBERT","756","has a reference match",858,0.422,0.096,0.172,0.353,0.409,0.474,0.989,"756","other congenital anomalies of musculoskeletal system","other congenital musculoskeletal anomalies",127,"other congenital anomalies"
"8_9","ICD-9-CM to ICDA-8","SapBERT","757","has a reference match",858,0.368,0.086,0.167,0.313,0.355,0.408,0.862,"757","congenital anomalies of skin hair and nails","congenital anomalies of the integument",127,"other congenital anomalies"
"8_9","ICD-9-CM to ICDA-8","SapBERT","758","has a reference match",858,0.378,0.073,0.174,0.332,0.37,0.411,0.773,"752","congenital anomalies of genital organs","chromosomal anomalies",127,"other congenital anomalies"
"8_9","ICD-9-CM to ICDA-8","SapBERT","759","has a reference match",858,0.361,0.108,0.12,0.283,0.338,0.424,0.976,"758","other and unspecified congenital anomalies","other and unspecified congenital anomalies",127,"other congenital anomalies"
"8_9","ICD-9-CM to ICDA-8","mpnet","140","has a reference match",858,0.255,0.136,-0.04,0.171,0.223,0.296,1,"140","malignant neoplasm of lip","malignant neoplasm of lip",1,"cancer of head and neck"
"8_9","ICD-9-CM to ICDA-8","mpnet","141","has a reference match",858,0.27,0.137,-0.003,0.188,0.237,0.312,1,"141","malignant neoplasm of tongue","malignant neoplasm of tongue",1,"cancer of head and neck"
"8_9","ICD-9-CM to ICDA-8","mpnet","142","has a reference match",858,0.212,0.149,-0.055,0.121,0.173,0.252,0.977,"142","malignant neoplasm of salivary gland","malignant neoplasm of major salivary glands",1,"cancer of head and neck"
"8_9","ICD-9-CM to ICDA-8","mpnet","143","has a reference match",858,0.235,0.13,-0.016,0.152,0.209,0.278,1,"143","malignant neoplasm of gum","malignant neoplasm of gum",1,"cancer of head and neck"
"8_9","ICD-9-CM to ICDA-8","mpnet","144","has a reference match",858,0.291,0.126,0.038,0.214,0.265,0.331,1,"144","malignant neoplasm of floor of mouth","malignant neoplasm of floor of mouth",1,"cancer of head and neck"
"8_9","ICD-9-CM to ICDA-8","mpnet","145","has a reference match",858,0.263,0.139,-0.003,0.178,0.232,0.304,1,"145","malignant neoplasm of other and unspecified parts of mouth","malignant neoplasm of other and unspecified parts of mouth",1,"cancer of head and neck"
"8_9","ICD-9-CM to ICDA-8","mpnet","146","has a reference match",858,0.245,0.144,-0.008,0.16,0.21,0.284,1,"146","malignant neoplasm of oropharynx","malignant neoplasm of oropharynx",1,"cancer of head and neck"
"8_9","ICD-9-CM to ICDA-8","mpnet","147","has a reference match",858,0.236,0.137,-0.052,0.15,0.206,0.28,1,"147","malignant neoplasm of nasopharynx","malignant neoplasm of nasopharynx",1,"cancer of head and neck"
"8_9","ICD-9-CM to ICDA-8","mpnet","148","has a reference match",858,0.238,0.127,-0.025,0.156,0.21,0.291,1,"148","malignant neoplasm of hypopharynx","malignant neoplasm of hypopharynx",1,"cancer of head and neck"
"8_9","ICD-9-CM to ICDA-8","mpnet","149","has a reference match",858,0.229,0.142,-0.017,0.136,0.193,0.271,0.836,"145","malignant neoplasm of other and unspecified parts of mouth","malignant neoplasm of other and illdefined sites within the lip oral cavity and pharynx",1,"cancer of head and neck"
"8_9","ICD-9-CM to ICDA-8","mpnet","150","has a reference match",858,0.218,0.141,-0.031,0.129,0.182,0.254,1,"150","malignant neoplasm of esophagus","malignant neoplasm of esophagus",2,"cancer of esophagus"
"8_9","ICD-9-CM to ICDA-8","mpnet","151","has a reference match",858,0.266,0.151,-0.008,0.17,0.228,0.306,1,"151","malignant neoplasm of stomach","malignant neoplasm of stomach",3,"cancer of stomach"
"8_9","ICD-9-CM to ICDA-8","mpnet","152","has a reference match",858,0.183,0.144,-0.071,0.102,0.144,0.209,1,"152","malignant neoplasm of small intestine including duodenum","malignant neoplasm of small intestine including duodenum",4,"cancer of other gi organs peritoneum"
"8_9","ICD-9-CM to ICDA-8","mpnet","153","has a reference match",858,0.257,0.138,-0.045,0.17,0.224,0.302,0.842,"153","malignant neoplasm of large intestine except rectum","malignant neoplasm of colon",5,"colon cancer"
"8_9","ICD-9-CM to ICDA-8","mpnet","154","has a reference match",858,0.217,0.123,-0.028,0.134,0.191,0.26,0.974,"154","malignant neoplasm of rectum and rectosigmoid junction","malignant neoplasm of rectum rectosigmoid junction and anus",6,"cancer of rectum and anus"
"8_9","ICD-9-CM to ICDA-8","mpnet","155","has a reference match",858,0.221,0.136,-0.066,0.134,0.189,0.254,0.975,"155","malignant neoplasm of liver and intrahepatic bile ducts specified as primary","malignant neoplasm of liver and intrahepatic bile ducts",7,"cancer of liver and intrahepatic bile duct"
"8_9","ICD-9-CM to ICDA-8","mpnet","156","has a reference match",858,0.192,0.136,-0.065,0.104,0.161,0.231,0.963,"156","malignant neoplasm of gallbladder and bile ducts","malignant neoplasm of gallbladder and extrahepatic bile ducts",4,"cancer of other gi organs peritoneum"
"8_9","ICD-9-CM to ICDA-8","mpnet","157","has a reference match",858,0.244,0.143,-0.017,0.159,0.212,0.278,1,"157","malignant neoplasm of pancreas","malignant neoplasm of pancreas",8,"pancreas cancer"
"8_9","ICD-9-CM to ICDA-8","mpnet","158","has a reference match",858,0.187,0.135,-0.038,0.097,0.152,0.241,0.978,"158","malignant neoplasm of peritoneum and retroperitoneal tissue","malignant neoplasm of retroperitoneum and peritoneum",4,"cancer of other gi organs peritoneum"
"8_9","ICD-9-CM to ICDA-8","mpnet","159","has a reference match",858,0.234,0.153,-0.051,0.136,0.19,0.283,0.88,"159","malignant neoplasm of unspecified digestive organs","malignant neoplasm of other and illdefined sites within the digestive organs and peritoneum",4,"cancer of other gi organs peritoneum"
"8_9","ICD-9-CM to ICDA-8","mpnet","160","has a reference match",858,0.217,0.137,-0.052,0.129,0.187,0.26,0.99,"160","malignant neoplasm of nose nasal cavities middle ear and accessory sinuses","malignant neoplasm of nasal cavities middle ear and accessory sinuses",1,"cancer of head and neck"
"8_9","ICD-9-CM to ICDA-8","mpnet","161","has a reference match",858,0.255,0.141,-0.009,0.168,0.223,0.291,1,"161","malignant neoplasm of larynx","malignant neoplasm of larynx",1,"cancer of head and neck"
"8_9","ICD-9-CM to ICDA-8","mpnet","162","has a reference match",858,0.239,0.146,-0.058,0.151,0.201,0.27,1,"162","malignant neoplasm of trachea bronchus and lung","malignant neoplasm of trachea bronchus and lung",9,"lung and other respiratory cancer"
"8_9","ICD-9-CM to ICDA-8","mpnet","163","has a reference match",858,0.258,0.133,-0.008,0.178,0.234,0.29,0.742,"162","malignant neoplasm of trachea bronchus and lung","malignant neoplasm of pleura",9,"lung and other respiratory cancer"
"8_9","ICD-9-CM to ICDA-8","mpnet","164","no reference match",858,0.204,0.118,-0.037,0.123,0.182,0.246,0.64,"193","malignant neoplasm of thyroid gland","malignant neoplasm of thymus heart and mediastinum",10,"other cancers"
"8_9","ICD-9-CM to ICDA-8","mpnet","165","no reference match",858,0.24,0.147,-0.028,0.148,0.209,0.276,0.901,"163","malignant neoplasm of other and unspecified respiratory organs","malignant neoplasm of other and illdefined sites within the respiratory system and intrathoracic organs",9,"lung and other respiratory cancer"
"8_9","ICD-9-CM to ICDA-8","mpnet","170","has a reference match",858,0.235,0.136,-0.047,0.145,0.209,0.29,0.862,"170","malignant neoplasm of bone","malignant neoplasm of bone and articular cartilage",11,"cancer of bone and connective tissue"
"8_9","ICD-9-CM to ICDA-8","mpnet","171","has a reference match",858,0.286,0.143,-0.009,0.192,0.263,0.335,1,"171","malignant neoplasm of connective and other soft tissue","malignant neoplasm of connective and other soft tissue",11,"cancer of bone and connective tissue"
"8_9","ICD-9-CM to ICDA-8","mpnet","172","has a reference match",858,0.282,0.129,-0.023,0.202,0.255,0.341,1,"172","malignant melanoma of skin","malignant melanoma of skin",12,"skin melanoma"
"8_9","ICD-9-CM to ICDA-8","mpnet","174","has a reference match",858,0.247,0.139,-0.011,0.168,0.218,0.27,0.982,"174","malignant neoplasm of breast","malignant neoplasm of female breast",13,"breast cancer"
"8_9","ICD-9-CM to ICDA-8","mpnet","175","no reference match",858,0.234,0.141,-0.051,0.155,0.204,0.259,0.843,"174","malignant neoplasm of breast","malignant neoplasm of male breast",13,"breast cancer"
"8_9","ICD-9-CM to ICDA-8","mpnet","176","no reference match",858,0.343,0.103,0.024,0.276,0.338,0.398,0.647,"173","other malignant neoplasm of skin","kaposis sarcoma",10,"other cancers"
"8_9","ICD-9-CM to ICDA-8","mpnet","179","no reference match",858,0.267,0.154,-0.049,0.172,0.227,0.31,0.902,"182","other malignant neoplasm of uterus","malignant neoplasm of uterus part unspecified",14,"uterus cancer"
"8_9","ICD-9-CM to ICDA-8","mpnet","180","has a reference match",858,0.22,0.139,-0.094,0.134,0.189,0.26,1,"180","malignant neoplasm of cervix uteri","malignant neoplasm of cervix uteri",15,"cervix cancer"
"8_9","ICD-9-CM to ICDA-8","mpnet","181","has a reference match",858,0.24,0.136,-0.02,0.152,0.2,0.282,0.758,"182","other malignant neoplasm of uterus","malignant neoplasm of placenta",16,"cancer of other female genital organs"
"8_9","ICD-9-CM to ICDA-8","mpnet","182","has a reference match",858,0.263,0.154,-0.053,0.17,0.223,0.302,0.947,"182","other malignant neoplasm of uterus","malignant neoplasm of body of uterus",14,"uterus cancer"
"8_9","ICD-9-CM to ICDA-8","mpnet","183","has a reference match",858,0.204,0.139,-0.08,0.123,0.167,0.236,0.791,"220","benign neoplasm of ovary","malignant neoplasm of ovary and other uterine adnexa",16,"cancer of other female genital organs"
"8_9","ICD-9-CM to ICDA-8","mpnet","184","has a reference match",858,0.273,0.15,-0.024,0.178,0.232,0.317,1,"184","malignant neoplasm of other and unspecified female genital organs","malignant neoplasm of other and unspecified female genital organs",16,"cancer of other female genital organs"
"8_9","ICD-9-CM to ICDA-8","mpnet","185","has a reference match",858,0.242,0.142,-0.058,0.159,0.213,0.274,1,"185","malignant neoplasm of prostate","malignant neoplasm of prostate",17,"prostate cancer"
"8_9","ICD-9-CM to ICDA-8","mpnet","186","has a reference match",858,0.259,0.137,-0.002,0.173,0.229,0.298,1,"186","malignant neoplasm of testis","malignant neoplasm of testis",18,"testis cancer"
"8_9","ICD-9-CM to ICDA-8","mpnet","187","has a reference match",858,0.246,0.139,-0.031,0.162,0.209,0.275,0.957,"187","malignant neoplasm of other and unspecified male genital organs","malignant neoplasm of penis and other male genital organs",19,"cancer of other male genital organs"
"8_9","ICD-9-CM to ICDA-8","mpnet","188","has a reference match",858,0.25,0.135,0.01,0.168,0.219,0.28,1,"188","malignant neoplasm of bladder","malignant neoplasm of bladder",20,"bladder cancer"
"8_9","ICD-9-CM to ICDA-8","mpnet","189","has a reference match",858,0.253,0.148,-0.002,0.164,0.215,0.286,0.947,"189","malignant neoplasm of other and unspecified urinary organs","malignant neoplasm of kidney and other and unspecified urinary organs",21,"cancer of kidney and other urinary organs"
"8_9","ICD-9-CM to ICDA-8","mpnet","190","has a reference match",858,0.25,0.134,-0.019,0.171,0.217,0.274,1,"190","malignant neoplasm of eye","malignant neoplasm of eye",10,"other cancers"
"8_9","ICD-9-CM to ICDA-8","mpnet","191","has a reference match",858,0.273,0.14,0.006,0.187,0.243,0.306,1,"191","malignant neoplasm of brain","malignant neoplasm of brain",22,"cancer of brain and nervous system"
"8_9","ICD-9-CM to ICDA-8","mpnet","192","has a reference match",858,0.276,0.14,-0.02,0.188,0.246,0.316,0.985,"192","malignant neoplasm of other parts of nervous system","malignant neoplasm of other and unspecified parts of nervous system",22,"cancer of brain and nervous system"
"8_9","ICD-9-CM to ICDA-8","mpnet","193","has a reference match",858,0.236,0.139,-0.019,0.157,0.205,0.259,1,"193","malignant neoplasm of thyroid gland","malignant neoplasm of thyroid gland",23,"thyroid cancer"
"8_9","ICD-9-CM to ICDA-8","mpnet","194","has a reference match",858,0.22,0.148,-0.046,0.13,0.183,0.244,0.981,"194","malignant neoplasm of other endocrine glands","malignant neoplasm of other endocrine glands and related structures",10,"other cancers"
"8_9","ICD-9-CM to ICDA-8","mpnet","195","has a reference match",858,0.3,0.147,0.001,0.213,0.265,0.332,0.982,"195","malignant neoplasm of illdefined sites","malignant neoplasm of other and illdefined sites",10,"other cancers"
"8_9","ICD-9-CM to ICDA-8","mpnet","196","has a reference match",858,0.257,0.142,-0.015,0.166,0.225,0.293,1,"196","secondary and unspecified malignant neoplasm of lymph nodes","secondary and unspecified malignant neoplasm of lymph nodes",24,"secondary malignancy"
"8_9","ICD-9-CM to ICDA-8","mpnet","197","has a reference match",858,0.25,0.153,-0.024,0.152,0.213,0.289,1,"197","secondary malignant neoplasm of respiratory and digestive systems","secondary malignant neoplasm of respiratory and digestive systems",24,"secondary malignancy"
"8_9","ICD-9-CM to ICDA-8","mpnet","198","has a reference match",858,0.272,0.149,-0.007,0.184,0.235,0.303,0.915,"198","other secondary malignant neoplasm","secondary malignant neoplasm of other specified sites",24,"secondary malignancy"
"8_9","ICD-9-CM to ICDA-8","mpnet","199","has a reference match",858,0.287,0.14,-0.014,0.204,0.258,0.317,1,"199","malignant neoplasm without specification of site","malignant neoplasm without specification of site",25,"malignant neoplasm without specification of site"
"8_9","ICD-9-CM to ICDA-8","mpnet","200","has a reference match",858,0.227,0.125,0.003,0.15,0.198,0.259,0.92,"200","lymphosarcoma and reticulumcell sarcoma","lymphosarcoma and reticulosarcoma and other specified malignant tumors of lymphatic tissue",26,"nonhodgkins lymphoma"
"8_9","ICD-9-CM to ICDA-8","mpnet","201","has a reference match",858,0.294,0.09,0.036,0.235,0.291,0.349,1,"201","hodgkins disease","hodgkins disease",27,"hodgkins disease"
"8_9","ICD-9-CM to ICDA-8","mpnet","202","has a reference match",858,0.236,0.137,-0.029,0.148,0.205,0.273,0.92,"202","other neoplasms of lymphoid tissue","other malignant neoplasms of lymphoid and histiocytic tissue",26,"nonhodgkins lymphoma"
"8_9","ICD-9-CM to ICDA-8","mpnet","203","has a reference match",858,0.221,0.111,-0.037,0.15,0.195,0.26,0.824,"203","multiple myeloma","multiple myeloma and immunoproliferative neoplasms",28,"multiple myeloma and leukemias"
"8_9","ICD-9-CM to ICDA-8","mpnet","204","has a reference match",858,0.337,0.1,0.047,0.274,0.328,0.386,0.959,"204","lymphatic leukemia","lymphoid leukemia",28,"multiple myeloma and leukemias"
"8_9","ICD-9-CM to ICDA-8","mpnet","205","has a reference match",858,0.305,0.104,0.02,0.24,0.298,0.354,1,"205","myeloid leukemia","myeloid leukemia",28,"multiple myeloma and leukemias"
"8_9","ICD-9-CM to ICDA-8","mpnet","206","has a reference match",858,0.296,0.102,0.049,0.233,0.284,0.344,1,"206","monocytic leukemia","monocytic leukemia",28,"multiple myeloma and leukemias"
"8_9","ICD-9-CM to ICDA-8","mpnet","207","has a reference match",858,0.335,0.101,0.048,0.275,0.326,0.383,0.94,"207","other and unspecified leukemia","other specified leukemia",28,"multiple myeloma and leukemias"
"8_9","ICD-9-CM to ICDA-8","mpnet","208","has a reference match",858,0.314,0.117,0,0.247,0.3,0.356,0.899,"207","other and unspecified leukemia","leukemia of unspecified cell type",28,"multiple myeloma and leukemias"
"8_9","ICD-9-CM to ICDA-8","mpnet","209","has a reference match",858,0.249,0.116,-0.022,0.17,0.23,0.296,0.76,"226","benign neoplasm of endocrine glands","neuroendocrine tumors",10,"other cancers"
"8_9","ICD-9-CM to ICDA-8","mpnet","225","has a reference match",858,0.264,0.133,0.01,0.18,0.232,0.313,0.99,"225","benign neoplasm of brain and other parts of nervous","benign neoplasm of brain and other parts of nervous system",29,"other and unspecified benign neoplasm"
"8_9","ICD-9-CM to ICDA-8","mpnet","230","no reference match",858,0.271,0.13,-0.052,0.189,0.24,0.317,0.88,"230","neoplasm of unspecified nature of digestive organs","carcinoma in situ of digestive organs",4,"cancer of other gi organs peritoneum"
"8_9","ICD-9-CM to ICDA-8","mpnet","231","no reference match",858,0.254,0.135,-0.055,0.166,0.222,0.303,0.89,"231","neoplasm of unspecified nature of respiratory organs","carcinoma in situ of respiratory system",9,"lung and other respiratory cancer"
"8_9","ICD-9-CM to ICDA-8","mpnet","233","no reference match",858,0.26,0.122,-0.006,0.185,0.237,0.299,0.803,"233","neoplasm of unspecified nature of breast","carcinoma in situ of breast and genitourinary system",10,"other cancers"
"8_9","ICD-9-CM to ICDA-8","mpnet","234","no reference match",858,0.264,0.125,-0.028,0.19,0.241,0.307,0.782,"195","malignant neoplasm of illdefined sites","carcinoma in situ of other and unspecified sites",10,"other cancers"
"8_9","ICD-9-CM to ICDA-8","mpnet","237","no reference match",858,0.187,0.129,-0.028,0.104,0.158,0.223,0.794,"226","benign neoplasm of endocrine glands","neoplasm of uncertain behavior of endocrine glands and nervous system",30,"neoplasms of unspecified nature"
"8_9","ICD-9-CM to ICDA-8","mpnet","238","no reference match",858,0.256,0.128,0.015,0.18,0.233,0.289,0.791,"239","neoplasm of unspecified nature of other and unspecified organs","neoplasm of uncertain behavior of other and unspecified sites and tissues",30,"neoplasms of unspecified nature"
"8_9","ICD-9-CM to ICDA-8","mpnet","239","has a reference match",858,0.34,0.139,0.023,0.259,0.311,0.385,0.906,"239","neoplasm of unspecified nature of other and unspecified organs","neoplasms of unspecified nature",30,"neoplasms of unspecified nature"
"8_9","ICD-9-CM to ICDA-8","mpnet","240","has a reference match",858,0.231,0.079,0.046,0.179,0.229,0.279,0.908,"240","simple goiter","simple and unspecified goiter",31,"thyroid disorders"
"8_9","ICD-9-CM to ICDA-8","mpnet","241","has a reference match",858,0.303,0.08,0.035,0.252,0.306,0.357,1,"241","nontoxic nodular goiter","nontoxic nodular goiter",31,"thyroid disorders"
"8_9","ICD-9-CM to ICDA-8","mpnet","242","has a reference match",858,0.276,0.084,0.056,0.225,0.276,0.322,1,"242","thyrotoxicosis with or without goiter","thyrotoxicosis with or without goiter",31,"thyroid disorders"
"8_9","ICD-9-CM to ICDA-8","mpnet","243","has a reference match",858,0.265,0.094,0.046,0.2,0.255,0.32,0.672,"246","other diseases of thyroid gland","congenital hypothyroidism",31,"thyroid disorders"
"8_9","ICD-9-CM to ICDA-8","mpnet","244","has a reference match",858,0.286,0.087,0.082,0.224,0.279,0.336,0.742,"245","thyroiditis","acquired hypothyroidism",31,"thyroid disorders"
"8_9","ICD-9-CM to ICDA-8","mpnet","245","has a reference match",858,0.308,0.09,0.088,0.248,0.301,0.361,1,"245","thyroiditis","thyroiditis",31,"thyroid disorders"
"8_9","ICD-9-CM to ICDA-8","mpnet","246","has a reference match",858,0.267,0.097,0.041,0.202,0.257,0.321,0.942,"246","other diseases of thyroid gland","other disorders of thyroid",31,"thyroid disorders"
"8_9","ICD-9-CM to ICDA-8","mpnet","249","no reference match",858,0.329,0.093,0.075,0.268,0.326,0.384,0.83,"250","diabetes mellitus","secondary diabetes mellitus",32,"diabetes mellitus"
"8_9","ICD-9-CM to ICDA-8","mpnet","250","has a reference match",858,0.246,0.096,-0.009,0.184,0.239,0.294,1,"250","diabetes mellitus","diabetes mellitus",32,"diabetes mellitus"
"8_9","ICD-9-CM to ICDA-8","mpnet","251","has a reference match",858,0.159,0.093,-0.059,0.096,0.15,0.209,0.75,"252","diseases of parathyroid gland","other disorders of pancreatic internal secretiondisorders of parathyroid gland",33,"other endocrine disorders"
"8_9","ICD-9-CM to ICDA-8","mpnet","252","has a reference match",858,0.216,0.096,-0.011,0.151,0.209,0.268,0.98,"252","diseases of parathyroid gland","disorders of parathyroid gland",33,"other endocrine disorders"
"8_9","ICD-9-CM to ICDA-8","mpnet","253","has a reference match",858,0.164,0.089,-0.026,0.106,0.152,0.209,0.861,"253","diseases of pituitary gland","disorders of the pituitary gland and its hypothalamic control",33,"other endocrine disorders"
"8_9","ICD-9-CM to ICDA-8","mpnet","254","has a reference match",858,0.274,0.095,0.05,0.204,0.272,0.331,1,"254","diseases of thymus gland","diseases of thymus gland",33,"other endocrine disorders"
"8_9","ICD-9-CM to ICDA-8","mpnet","255","has a reference match",858,0.236,0.099,-0.006,0.168,0.228,0.294,0.972,"255","diseases of adrenal glands","disorders of adrenal glands",33,"other endocrine disorders"
"8_9","ICD-9-CM to ICDA-8","mpnet","256","has a reference match",858,0.249,0.101,0.04,0.182,0.237,0.307,1,"256","ovarian dysfunction","ovarian dysfunction",33,"other endocrine disorders"
"8_9","ICD-9-CM to ICDA-8","mpnet","257","has a reference match",858,0.285,0.091,0.047,0.227,0.282,0.342,1,"257","testicular dysfunction","testicular dysfunction",33,"other endocrine disorders"
"8_9","ICD-9-CM to ICDA-8","mpnet","258","has a reference match",858,0.219,0.094,-0.001,0.152,0.21,0.281,0.808,"258","polyglandular dysfunction and other diseases of endocrine glands","polyglandular dysfunction and related disorders",33,"other endocrine disorders"
"8_9","ICD-9-CM to ICDA-8","mpnet","259","no reference match",858,0.291,0.109,-0.041,0.209,0.279,0.358,0.686,"279","other and unspecified metabolic diseases","other endocrine disorders",33,"other endocrine disorders"
"8_9","ICD-9-CM to ICDA-8","mpnet","260","has a reference match",858,0.207,0.08,-0.025,0.152,0.207,0.26,0.472,"392","chorea","kwashiorkor",34,"nutritional deficiencies"
"8_9","ICD-9-CM to ICDA-8","mpnet","261","has a reference match",858,0.215,0.089,-0.002,0.157,0.202,0.255,0.956,"268","nutritional marasmus","nutritional marasmus",34,"nutritional deficiencies"
"8_9","ICD-9-CM to ICDA-8","mpnet","262","has a reference match",858,0.248,0.081,0.039,0.196,0.242,0.289,0.81,"267","protein malnutrition","other severe proteincalorie malnutrition",34,"nutritional deficiencies"
"8_9","ICD-9-CM to ICDA-8","mpnet","263","no reference match",858,0.269,0.083,0.045,0.22,0.26,0.311,0.855,"267","protein malnutrition","other and unspecified proteincalorie malnutrition",34,"nutritional deficiencies"
"8_9","ICD-9-CM to ICDA-8","mpnet","268","has a reference match",858,0.258,0.101,0.029,0.194,0.244,0.308,0.955,"265","vitamin d deficiency","vitamin d deficiency",34,"nutritional deficiencies"
"8_9","ICD-9-CM to ICDA-8","mpnet","270","has a reference match",858,0.15,0.082,-0.045,0.092,0.14,0.199,0.795,"270","congenital disorders of aminoacid metabolism","disorders of aminoacid transport and metabolism",35,"other nutritional endocrine immunity and metabolic disorders"
"8_9","ICD-9-CM to ICDA-8","mpnet","271","has a reference match",858,0.214,0.091,0.023,0.15,0.2,0.265,0.762,"271","congenital disorders of carbohydrate metabolism","disorders of carbohydrate transport and metabolism",35,"other nutritional endocrine immunity and metabolic disorders"
"8_9","ICD-9-CM to ICDA-8","mpnet","272","has a reference match",858,0.193,0.094,-0.013,0.129,0.176,0.251,0.797,"272","congenital disorders of lipid metabolism","disorders of lipoid metabolism",36,"disorders of lipid metabolism"
"8_9","ICD-9-CM to ICDA-8","mpnet","273","has a reference match",858,0.215,0.093,0.005,0.151,0.2,0.269,0.724,"275","plasma protein abnormalities","disorders of plasma protein metabolism",35,"other nutritional endocrine immunity and metabolic disorders"
"8_9","ICD-9-CM to ICDA-8","mpnet","274","has a reference match",858,0.345,0.106,0.062,0.264,0.346,0.421,1,"274","gout","gout",37,"gout and other crystal arthropathies"
"8_9","ICD-9-CM to ICDA-8","mpnet","275","has a reference match",858,0.229,0.097,0.022,0.161,0.212,0.28,0.675,"273","other and unspecified congenital disorders of metabolism","disorders of mineral metabolism",35,"other nutritional endocrine immunity and metabolic disorders"
"8_9","ICD-9-CM to ICDA-8","mpnet","277","has a reference match",858,0.282,0.102,0.066,0.212,0.268,0.343,0.854,"273","other and unspecified congenital disorders of metabolism","other and unspecified disorders of metabolism",35,"other nutritional endocrine immunity and metabolic disorders"
"8_9","ICD-9-CM to ICDA-8","mpnet","278","has a reference match",858,0.258,0.091,-0.007,0.201,0.251,0.305,0.76,"277","obesity not specified as of endocrine origin","overweight obesity and other hyperalimentation",35,"other nutritional endocrine immunity and metabolic disorders"
"8_9","ICD-9-CM to ICDA-8","mpnet","279","has a reference match",858,0.323,0.1,0.073,0.255,0.323,0.398,0.604,"289","other diseases of blood and bloodforming organs","disorders involving the immune mechanism",35,"other nutritional endocrine immunity and metabolic disorders"
"8_9","ICD-9-CM to ICDA-8","mpnet","280","has a reference match",858,0.23,0.099,-0.001,0.172,0.221,0.274,1,"280","iron deficiency anemias","iron deficiency anemias",38,"anemia"
"8_9","ICD-9-CM to ICDA-8","mpnet","282","has a reference match",858,0.226,0.1,0.004,0.163,0.211,0.273,1,"282","hereditary hemolytic anemias","hereditary hemolytic anemias",38,"anemia"
"8_9","ICD-9-CM to ICDA-8","mpnet","283","has a reference match",858,0.289,0.101,0.059,0.223,0.282,0.345,1,"283","acquired hemolytic anemias","acquired hemolytic anemias",38,"anemia"
"8_9","ICD-9-CM to ICDA-8","mpnet","284","has a reference match",858,0.213,0.088,0.018,0.158,0.206,0.251,0.79,"284","aplastic anemia","aplastic anemia and other bone marrow failure syndromes",38,"anemia"
"8_9","ICD-9-CM to ICDA-8","mpnet","285","has a reference match",858,0.328,0.098,0.067,0.265,0.324,0.381,1,"285","other and unspecified anemias","other and unspecified anemias",38,"anemia"
"8_9","ICD-9-CM to ICDA-8","mpnet","286","has a reference match",858,0.321,0.091,0.065,0.258,0.321,0.379,1,"286","coagulation defects","coagulation defects",39,"other hematologic conditions"
"8_9","ICD-9-CM to ICDA-8","mpnet","287","has a reference match",858,0.347,0.092,0.124,0.283,0.339,0.401,1,"287","purpura and other hemorrhagic conditions","purpura and other hemorrhagic conditions",39,"other hematologic conditions"
"8_9","ICD-9-CM to ICDA-8","mpnet","288","has a reference match",858,0.252,0.096,0.026,0.184,0.243,0.317,0.683,"289","other diseases of blood and bloodforming organs","diseases of white blood cells",39,"other hematologic conditions"
"8_9","ICD-9-CM to ICDA-8","mpnet","289","has a reference match",858,0.32,0.104,0.044,0.247,0.319,0.385,1,"289","other diseases of blood and bloodforming organs","other diseases of blood and bloodforming organs",39,"other hematologic conditions"
"8_9","ICD-9-CM to ICDA-8","mpnet","290","has a reference match",858,0.268,0.105,0.031,0.197,0.261,0.325,0.756,"290","senile and presenile dementia","dementias",40,"delirium dementia and other cognitive disorders"
"8_9","ICD-9-CM to ICDA-8","mpnet","291","has a reference match",858,0.191,0.089,-0.024,0.137,0.178,0.228,0.847,"291","alcoholic psychosis","alcoholinduced mental disorders",41,"alcohol and substancerelated disorders"
"8_9","ICD-9-CM to ICDA-8","mpnet","292","has a reference match",858,0.241,0.106,0.029,0.171,0.227,0.281,0.744,"309","mental disorders not specified as psychotic associated with physical conditions","druginduced mental disorders",41,"alcohol and substancerelated disorders"
"8_9","ICD-9-CM to ICDA-8","mpnet","294","has a reference match",858,0.224,0.098,-0.003,0.162,0.216,0.268,0.796,"309","mental disorders not specified as psychotic associated with physical conditions","persistent mental disorders due to conditions classified elsewhere",40,"delirium dementia and other cognitive disorders"
"8_9","ICD-9-CM to ICDA-8","mpnet","295","has a reference match",858,0.233,0.097,-0.009,0.173,0.219,0.277,0.761,"309","mental disorders not specified as psychotic associated with physical conditions","schizophrenic disorders",42,"schizophrenia and other psychotic disorders"
"8_9","ICD-9-CM to ICDA-8","mpnet","296","has a reference match",858,0.181,0.096,-0.015,0.125,0.169,0.221,0.795,"296","affective psychoses","episodic mood disorders",43,"mood and anxiety disorders"
"8_9","ICD-9-CM to ICDA-8","mpnet","297","has a reference match",858,0.246,0.103,-0.007,0.183,0.235,0.29,0.795,"298","other psychoses","delusional disorders",42,"schizophrenia and other psychotic disorders"
"8_9","ICD-9-CM to ICDA-8","mpnet","298","has a reference match",858,0.258,0.105,0.032,0.19,0.246,0.304,0.882,"298","other psychoses","other nonorganic psychoses",42,"schizophrenia and other psychotic disorders"
"8_9","ICD-9-CM to ICDA-8","mpnet","299","has a reference match",858,0.207,0.103,0.003,0.144,0.197,0.252,0.713,"308","behavior disorders of childhood","pervasive developmental disorders",44,"disorders usually diagnosed in infancy childhood or adolescence"
"8_9","ICD-9-CM to ICDA-8","mpnet","300","has a reference match",858,0.161,0.088,-0.053,0.108,0.154,0.2,0.623,"309","mental disorders not specified as psychotic associated with physical conditions","anxiety dissociative and somatoform disorders",43,"mood and anxiety disorders"
"8_9","ICD-9-CM to ICDA-8","mpnet","301","has a reference match",858,0.245,0.106,0.015,0.184,0.23,0.286,1,"301","personality disorders","personality disorders",45,"personality disorders"
"8_9","ICD-9-CM to ICDA-8","mpnet","303","has a reference match",858,0.279,0.095,0.038,0.219,0.267,0.325,0.828,"291","alcoholic psychosis","alcohol dependence syndrome",41,"alcohol and substancerelated disorders"
"8_9","ICD-9-CM to ICDA-8","mpnet","304","has a reference match",858,0.249,0.108,0.034,0.178,0.231,0.313,1,"304","drug dependence","drug dependence",41,"alcohol and substancerelated disorders"
"8_9","ICD-9-CM to ICDA-8","mpnet","305","no reference match",858,0.247,0.095,0.03,0.183,0.234,0.3,0.772,"304","drug dependence","nondependent abuse of drugs",41,"alcohol and substancerelated disorders"
"8_9","ICD-9-CM to ICDA-8","mpnet","306","has a reference match",858,0.302,0.097,0.072,0.238,0.291,0.358,0.69,"305","physical disorders of presumably psychogenic origin","physiological malfunction arising from mental factors",46,"miscellaneous mental health disorders"
"8_9","ICD-9-CM to ICDA-8","mpnet","307","has a reference match",858,0.368,0.099,0.094,0.306,0.366,0.426,0.912,"306","special symptoms not elsewhere classified","special symptoms or syndromes not elsewhere classified",46,"miscellaneous mental health disorders"
"8_9","ICD-9-CM to ICDA-8","mpnet","308","no reference match",858,0.319,0.101,0.038,0.248,0.319,0.394,0.6,"306","special symptoms not elsewhere classified","acute reaction to stress",43,"mood and anxiety disorders"
"8_9","ICD-9-CM to ICDA-8","mpnet","309","has a reference match",858,0.178,0.085,-0.026,0.116,0.173,0.233,0.486,"307","transient situational disturbances","adjustment reaction",47,"adjustment disorders"
"8_9","ICD-9-CM to ICDA-8","mpnet","310","has a reference match",858,0.211,0.106,-0.037,0.143,0.196,0.261,0.735,"309","mental disorders not specified as psychotic associated with physical conditions","specific nonpsychotic mental disorders due to brain damage",46,"miscellaneous mental health disorders"
"8_9","ICD-9-CM to ICDA-8","mpnet","311","has a reference match",858,0.235,0.099,-0.025,0.171,0.223,0.28,0.69,"301","personality disorders","depressive disorder not elsewhere classified",43,"mood and anxiety disorders"
"8_9","ICD-9-CM to ICDA-8","mpnet","312","no reference match",858,0.222,0.076,-0.019,0.167,0.224,0.27,0.642,"307","transient situational disturbances","disturbance of conduct not elsewhere classified",48,"attentiondeficit conduct and disruptive behavior disorders"
"8_9","ICD-9-CM to ICDA-8","mpnet","314","has a reference match",858,0.25,0.083,0.045,0.195,0.246,0.297,0.529,"330","hereditary neuromuscular disorders","hyperkinetic syndrome of childhood",48,"attentiondeficit conduct and disruptive behavior disorders"
"8_9","ICD-9-CM to ICDA-8","mpnet","315","no reference match",858,0.185,0.073,-0.018,0.137,0.18,0.227,0.491,"313","severe mental retardation","specific delays in development",49,"developmental disorders"
"8_9","ICD-9-CM to ICDA-8","mpnet","316","no reference match",858,0.207,0.09,-0.007,0.15,0.201,0.254,0.621,"294","psychosis associated with other physical conditions","psychic factors associated with diseases classified elsewhere",46,"miscellaneous mental health disorders"
"8_9","ICD-9-CM to ICDA-8","mpnet","317","has a reference match",858,0.272,0.108,0.017,0.204,0.262,0.319,0.859,"313","severe mental retardation","mild intellectual disabilities",49,"developmental disorders"
"8_9","ICD-9-CM to ICDA-8","mpnet","318","has a reference match",858,0.284,0.107,0.027,0.217,0.274,0.338,0.837,"313","severe mental retardation","other specified intellectual disabilities",49,"developmental disorders"
"8_9","ICD-9-CM to ICDA-8","mpnet","319","has a reference match",858,0.296,0.104,0.038,0.232,0.286,0.346,0.879,"315","unspecified mental retardation","unspecified intellectual disabilities",49,"developmental disorders"
"8_9","ICD-9-CM to ICDA-8","mpnet","327","no reference match",858,0.197,0.09,0.011,0.132,0.187,0.252,0.58,"967","adverse effect of other sedatives and hypnotics","organic sleep disorders",50,"other nervous system conditions"
"8_9","ICD-9-CM to ICDA-8","mpnet","330","no reference match",858,0.242,0.107,0.006,0.167,0.233,0.302,0.663,"347","other diseases of brain","cerebral degenerations usually manifest in childhood",50,"other nervous system conditions"
"8_9","ICD-9-CM to ICDA-8","mpnet","331","no reference match",858,0.314,0.107,0.076,0.237,0.301,0.373,0.782,"347","other diseases of brain","other cerebral degenerations",40,"delirium dementia and other cognitive disorders"
"8_9","ICD-9-CM to ICDA-8","mpnet","332","has a reference match",858,0.299,0.097,0.06,0.228,0.291,0.363,0.684,"332","hereditary ataxia","parkinsons disease",51,"parkinsons disease"
"8_9","ICD-9-CM to ICDA-8","mpnet","333","no reference match",858,0.274,0.089,0.024,0.215,0.265,0.329,0.604,"341","other demyelinating diseases of central nervous system","other extrapyramidal disease and abnormal movement disorders",50,"other nervous system conditions"
"8_9","ICD-9-CM to ICDA-8","mpnet","334","no reference match",858,0.314,0.097,-0.018,0.245,0.31,0.373,0.663,"348","motor neurone disease","spinocerebellar disease",50,"other nervous system conditions"
"8_9","ICD-9-CM to ICDA-8","mpnet","335","no reference match",858,0.312,0.084,0.035,0.259,0.31,0.37,0.535,"385","menieres disease","anterior horn cell disease",50,"other nervous system conditions"
"8_9","ICD-9-CM to ICDA-8","mpnet","336","has a reference match",858,0.325,0.103,0.03,0.258,0.313,0.38,0.964,"349","other diseases of spinal cord","other diseases of spinal cord",50,"other nervous system conditions"
"8_9","ICD-9-CM to ICDA-8","mpnet","337","has a reference match",858,0.281,0.102,0.062,0.206,0.272,0.346,0.882,"358","diseases of peripheral autonomic nervous system","disorders of the autonomic nervous system",50,"other nervous system conditions"
"8_9","ICD-9-CM to ICDA-8","mpnet","338","no reference match",858,0.265,0.088,0.042,0.203,0.269,0.326,0.592,"306","special symptoms not elsewhere classified","pain not elsewhere classified",50,"other nervous system conditions"
"8_9","ICD-9-CM to ICDA-8","mpnet","339","has a reference match",858,0.266,0.094,0.033,0.201,0.256,0.324,0.633,"356","other diseases of cranial nerves","other headache syndromes",52,"headache including migraine"
"8_9","ICD-9-CM to ICDA-8","mpnet","340","has a reference match",858,0.295,0.106,0.043,0.221,0.282,0.358,1,"340","multiple sclerosis","multiple sclerosis",53,"multiple sclerosis"
"8_9","ICD-9-CM to ICDA-8","mpnet","341","has a reference match",858,0.278,0.107,0.037,0.207,0.263,0.332,1,"341","other demyelinating diseases of central nervous system","other demyelinating diseases of central nervous system",50,"other nervous system conditions"
"8_9","ICD-9-CM to ICDA-8","mpnet","342","has a reference match",858,0.278,0.107,0.008,0.199,0.273,0.35,0.65,"344","other cerebral paralysis","hemiplegia and hemiparesis",54,"paralysis"
"8_9","ICD-9-CM to ICDA-8","mpnet","343","has a reference match",858,0.293,0.106,0.007,0.221,0.287,0.351,0.797,"343","cerebral spastic infantile paralysis","infantile cerebral palsy",54,"paralysis"
"8_9","ICD-9-CM to ICDA-8","mpnet","344","has a reference match",858,0.259,0.095,0.037,0.199,0.248,0.316,0.659,"344","other cerebral paralysis","other paralytic syndromes",54,"paralysis"
"8_9","ICD-9-CM to ICDA-8","mpnet","345","has a reference match",858,0.256,0.088,0.014,0.197,0.251,0.307,0.778,"345","epilepsy","epilepsy and recurrent seizures",55,"epilepsyconvulsions"
"8_9","ICD-9-CM to ICDA-8","mpnet","346","has a reference match",858,0.303,0.102,0.04,0.234,0.298,0.361,1,"346","migraine","migraine",52,"headache including migraine"
"8_9","ICD-9-CM to ICDA-8","mpnet","347","has a reference match",858,0.225,0.087,0.004,0.161,0.217,0.279,0.633,"967","adverse effect of other sedatives and hypnotics","cataplexy and narcolepsy",50,"other nervous system conditions"
"8_9","ICD-9-CM to ICDA-8","mpnet","348","has a reference match",858,0.294,0.114,0.048,0.211,0.275,0.367,0.896,"347","other diseases of brain","other conditions of brain",50,"other nervous system conditions"
"8_9","ICD-9-CM to ICDA-8","mpnet","353","has a reference match",858,0.225,0.099,0.009,0.159,0.214,0.275,0.682,"357","other diseases of peripheral nerves except autonomic","nerve root and plexus disorders",50,"other nervous system conditions"
"8_9","ICD-9-CM to ICDA-8","mpnet","354","has a reference match",858,0.323,0.102,0.061,0.252,0.317,0.391,0.737,"354","polyneuritis and polyradiculitis","mononeuritis of upper limb and mononeuritis multiplex",50,"other nervous system conditions"
"8_9","ICD-9-CM to ICDA-8","mpnet","355","has a reference match",858,0.305,0.101,0.067,0.235,0.298,0.368,0.687,"354","polyneuritis and polyradiculitis","mononeuritis of lower limb and unspecified site",50,"other nervous system conditions"
"8_9","ICD-9-CM to ICDA-8","mpnet","356","has a reference match",858,0.24,0.109,0.014,0.16,0.23,0.298,0.72,"357","other diseases of peripheral nerves except autonomic","hereditary and idiopathic peripheral neuropathy",50,"other nervous system conditions"
"8_9","ICD-9-CM to ICDA-8","mpnet","357","has a reference match",858,0.315,0.114,0.043,0.239,0.318,0.386,0.669,"355","other and unspecified forms of neuralgia and neuritis","inflammatory and toxic neuropathy",50,"other nervous system conditions"
"8_9","ICD-9-CM to ICDA-8","mpnet","358","no reference match",858,0.277,0.099,0.053,0.207,0.276,0.341,0.648,"330","hereditary neuromuscular disorders","myoneural disorders",50,"other nervous system conditions"
"8_9","ICD-9-CM to ICDA-8","mpnet","359","no reference match",858,0.207,0.095,-0.007,0.139,0.198,0.266,0.681,"330","hereditary neuromuscular disorders","muscular dystrophies and other myopathies",50,"other nervous system conditions"
"8_9","ICD-9-CM to ICDA-8","mpnet","360","has a reference match",858,0.266,0.097,0.003,0.208,0.266,0.319,0.71,"305","physical disorders of presumably psychogenic origin","disorders of the globe",56,"other eye disorders"
"8_9","ICD-9-CM to ICDA-8","mpnet","361","has a reference match",858,0.248,0.094,0.023,0.181,0.243,0.306,0.801,"376","detachment of retina","retinal detachments and defects",57,"retinal detachments defects vascular occlusion and retinopathy"
"8_9","ICD-9-CM to ICDA-8","mpnet","362","has a reference match",858,0.231,0.106,-0.018,0.158,0.215,0.285,0.89,"377","other diseases of retina and optic nerve","other retinal disorders",57,"retinal detachments defects vascular occlusion and retinopathy"
"8_9","ICD-9-CM to ICDA-8","mpnet","363","has a reference match",858,0.207,0.096,-0.068,0.141,0.2,0.262,0.676,"365","choroiditis","chorioretinal inflammations scars and other disorders of choroid",56,"other eye disorders"
"8_9","ICD-9-CM to ICDA-8","mpnet","364","has a reference match",858,0.23,0.098,-0.022,0.165,0.222,0.284,0.72,"378","other diseases of eye","disorders of iris and ciliary body",56,"other eye disorders"
"8_9","ICD-9-CM to ICDA-8","mpnet","365","has a reference match",858,0.166,0.096,-0.039,0.103,0.154,0.219,0.778,"375","glaucoma","glaucoma",58,"glaucoma"
"8_9","ICD-9-CM to ICDA-8","mpnet","366","has a reference match",858,0.329,0.106,0.065,0.257,0.326,0.395,0.935,"374","cataract","cataract",59,"cataract"
"8_9","ICD-9-CM to ICDA-8","mpnet","369","has a reference match",858,0.314,0.101,0.047,0.244,0.31,0.377,0.803,"379","blindness","blindness and low vision",60,"blindness and vision defects"
"8_9","ICD-9-CM to ICDA-8","mpnet","370","has a reference match",858,0.299,0.102,0.049,0.228,0.297,0.359,0.892,"363","keratitis","keratitis",56,"other eye disorders"
"8_9","ICD-9-CM to ICDA-8","mpnet","371","has a reference match",858,0.262,0.087,0.044,0.204,0.253,0.307,0.802,"371","corneal opacity","corneal opacity and other disorders of cornea",56,"other eye disorders"
"8_9","ICD-9-CM to ICDA-8","mpnet","372","has a reference match",858,0.275,0.097,0.03,0.211,0.266,0.335,0.774,"378","other diseases of eye","disorders of conjunctiva",56,"other eye disorders"
"8_9","ICD-9-CM to ICDA-8","mpnet","376","has a reference match",858,0.29,0.084,0.064,0.231,0.286,0.344,0.571,"921","contusion of eye and orbit","disorders of the orbit",56,"other eye disorders"
"8_9","ICD-9-CM to ICDA-8","mpnet","377","has a reference match",858,0.195,0.108,-0.033,0.118,0.177,0.251,0.864,"377","other diseases of retina and optic nerve","disorders of optic nerve and visual pathways",56,"other eye disorders"
"8_9","ICD-9-CM to ICDA-8","mpnet","379","has a reference match",858,0.269,0.112,-0.011,0.191,0.252,0.332,0.944,"378","other diseases of eye","other disorders of eye",56,"other eye disorders"
"8_9","ICD-9-CM to ICDA-8","mpnet","380","has a reference match",858,0.282,0.1,0.041,0.216,0.276,0.338,0.734,"380","otitis externa","disorders of external ear",61,"other ear and sense organ disorders"
"8_9","ICD-9-CM to ICDA-8","mpnet","381","has a reference match",858,0.205,0.101,-0.021,0.136,0.195,0.261,0.678,"381","otitis media without mention of mastoiditis","nonsuppurative otitis media and eustachian tube disorders",62,"otitis media and related conditions"
"8_9","ICD-9-CM to ICDA-8","mpnet","382","no reference match",858,0.307,0.102,0.073,0.234,0.297,0.364,0.802,"380","otitis externa","suppurative and unspecified otitis media",62,"otitis media and related conditions"
"8_9","ICD-9-CM to ICDA-8","mpnet","383","has a reference match",858,0.291,0.093,0.056,0.234,0.29,0.343,0.852,"383","mastoiditis without mention of otitis media","mastoiditis and related conditions",62,"otitis media and related conditions"
"8_9","ICD-9-CM to ICDA-8","mpnet","384","has a reference match",858,0.225,0.096,-0.019,0.158,0.218,0.288,0.543,"387","other diseases of ear and mastoid process","other disorders of tympanic membrane",61,"other ear and sense organ disorders"
"8_9","ICD-9-CM to ICDA-8","mpnet","386","has a reference match",858,0.211,0.094,-0.017,0.144,0.2,0.267,0.561,"385","menieres disease","vertiginous syndromes and other disorders of vestibular system",63,"conditions associated with dizziness or vertigo"
"8_9","ICD-9-CM to ICDA-8","mpnet","389","has a reference match",858,0.28,0.094,0.031,0.212,0.274,0.334,0.845,"389","other deafness","hearing loss",61,"other ear and sense organ disorders"
"8_9","ICD-9-CM to ICDA-8","mpnet","393","has a reference match",858,0.326,0.108,0.06,0.249,0.319,0.389,0.752,"420","acute pericarditis nonrheumatic","chronic rheumatic pericarditis",64,"peri endo and myocarditis cardiomyopathy"
"8_9","ICD-9-CM to ICDA-8","mpnet","394","has a reference match",858,0.235,0.101,-0.027,0.171,0.222,0.284,1,"394","diseases of mitral valve","diseases of mitral valve",65,"heart valve disorders"
"8_9","ICD-9-CM to ICDA-8","mpnet","395","has a reference match",858,0.272,0.101,0.041,0.21,0.26,0.316,1,"395","diseases of aortic valve","diseases of aortic valve",65,"heart valve disorders"
"8_9","ICD-9-CM to ICDA-8","mpnet","396","has a reference match",858,0.228,0.104,-0.022,0.161,0.215,0.274,1,"396","diseases of mitral and aortic valves","diseases of mitral and aortic valves",65,"heart valve disorders"
"8_9","ICD-9-CM to ICDA-8","mpnet","397","has a reference match",858,0.267,0.107,0.027,0.199,0.252,0.316,1,"397","diseases of other endocardial structures","diseases of other endocardial structures",65,"heart valve disorders"
"8_9","ICD-9-CM to ICDA-8","mpnet","398","has a reference match",858,0.215,0.113,-0.037,0.138,0.197,0.273,0.945,"398","other heart disease specified as rheumatic","other rheumatic heart disease",64,"peri endo and myocarditis cardiomyopathy"
"8_9","ICD-9-CM to ICDA-8","mpnet","401","has a reference match",858,0.226,0.099,0.003,0.158,0.219,0.283,0.923,"401","essential benign hypertension","essential hypertension",66,"hypertension"
"8_9","ICD-9-CM to ICDA-8","mpnet","402","has a reference match",858,0.287,0.118,0.024,0.211,0.27,0.346,1,"402","hypertensive heart disease","hypertensive heart disease",67,"hypertension complications"
"8_9","ICD-9-CM to ICDA-8","mpnet","403","has a reference match",858,0.214,0.112,-0.044,0.139,0.197,0.271,0.953,"403","hypertensive renal disease","hypertensive chronic kidney disease",67,"hypertension complications"
"8_9","ICD-9-CM to ICDA-8","mpnet","404","has a reference match",858,0.135,0.116,-0.054,0.059,0.114,0.185,0.943,"404","hypertensive heart and renal disease","hypertensive heart and chronic kidney disease",67,"hypertension complications"
"8_9","ICD-9-CM to ICDA-8","mpnet","405","no reference match",858,0.295,0.102,-0.021,0.224,0.294,0.355,0.778,"401","essential benign hypertension","secondary hypertension",67,"hypertension complications"
"8_9","ICD-9-CM to ICDA-8","mpnet","410","has a reference match",858,0.312,0.121,0,0.23,0.306,0.384,1,"410","acute myocardial infarction","acute myocardial infarction",68,"acute myocardial infarction"
"8_9","ICD-9-CM to ICDA-8","mpnet","411","has a reference match",858,0.253,0.105,0.016,0.185,0.243,0.294,1,"411","other acute and subacute forms of ischemic heart disease","other acute and subacute forms of ischemic heart disease",69,"coronary atherosclerosis and other heart disease"
"8_9","ICD-9-CM to ICDA-8","mpnet","412","has a reference match",858,0.257,0.105,0.008,0.189,0.254,0.313,0.792,"410","acute myocardial infarction","old myocardial infarction",69,"coronary atherosclerosis and other heart disease"
"8_9","ICD-9-CM to ICDA-8","mpnet","413","has a reference match",858,0.329,0.119,0.056,0.249,0.317,0.388,1,"413","angina pectoris","angina pectoris",69,"coronary atherosclerosis and other heart disease"
"8_9","ICD-9-CM to ICDA-8","mpnet","414","has a reference match",858,0.236,0.113,0.023,0.163,0.22,0.289,0.831,"411","other acute and subacute forms of ischemic heart disease","other forms of chronic ischemic heart disease",69,"coronary atherosclerosis and other heart disease"
"8_9","ICD-9-CM to ICDA-8","mpnet","415","has a reference match",858,0.31,0.111,0.034,0.235,0.297,0.365,0.829,"426","pulmonary heart disease","acute pulmonary heart disease",70,"pulmonary heart disease"
"8_9","ICD-9-CM to ICDA-8","mpnet","416","has a reference match",858,0.309,0.117,0.047,0.233,0.288,0.367,0.92,"426","pulmonary heart disease","chronic pulmonary heart disease",70,"pulmonary heart disease"
"8_9","ICD-9-CM to ICDA-8","mpnet","417","no reference match",858,0.303,0.107,0.03,0.23,0.292,0.366,0.754,"458","other diseases of circulatory system","other diseases of pulmonary circulation",70,"pulmonary heart disease"
"8_9","ICD-9-CM to ICDA-8","mpnet","423","has a reference match",858,0.259,0.098,0.045,0.198,0.248,0.302,0.988,"393","diseases of pericardium","other diseases of pericardium",64,"peri endo and myocarditis cardiomyopathy"
"8_9","ICD-9-CM to ICDA-8","mpnet","424","has a reference match",858,0.28,0.106,0.018,0.215,0.261,0.332,0.917,"397","diseases of other endocardial structures","other diseases of endocardium",65,"heart valve disorders"
"8_9","ICD-9-CM to ICDA-8","mpnet","425","has a reference match",858,0.31,0.108,0.043,0.236,0.303,0.367,1,"425","cardiomyopathy","cardiomyopathy",64,"peri endo and myocarditis cardiomyopathy"
"8_9","ICD-9-CM to ICDA-8","mpnet","426","has a reference match",858,0.268,0.082,0.041,0.21,0.268,0.326,0.518,"781","other symptoms referable to nervous system and special senses","conduction disorders",71,"conduction disorders"
"8_9","ICD-9-CM to ICDA-8","mpnet","427","has a reference match",858,0.291,0.1,0.01,0.224,0.282,0.342,0.731,"427","symptomatic heart disease","cardiac dysrhythmias",72,"cardiac dysrhythmias arrest chf and ventricular fibrillation"
"8_9","ICD-9-CM to ICDA-8","mpnet","428","has a reference match",858,0.327,0.119,0.037,0.245,0.315,0.397,0.83,"426","pulmonary heart disease","heart failure",72,"cardiac dysrhythmias arrest chf and ventricular fibrillation"
"8_9","ICD-9-CM to ICDA-8","mpnet","429","has a reference match",858,0.281,0.106,0.047,0.208,0.271,0.333,0.82,"429","illdefined heart disease","illdefined descriptions and complications of heart disease",73,"other and illdefined heart disease"
"8_9","ICD-9-CM to ICDA-8","mpnet","430","has a reference match",858,0.258,0.112,-0.044,0.18,0.247,0.322,1,"430","subarachnoid hemorrhage","subarachnoid hemorrhage",74,"acute cerebrovascular disease"
"8_9","ICD-9-CM to ICDA-8","mpnet","431","has a reference match",858,0.279,0.117,0.028,0.194,0.267,0.348,0.892,"431","cerebral hemorrhage","intracerebral hemorrhage",74,"acute cerebrovascular disease"
"8_9","ICD-9-CM to ICDA-8","mpnet","432","has a reference match",858,0.312,0.11,0.037,0.236,0.302,0.372,0.886,"853","other and unspecified intracranial hemorrhage following injury without mention of cerebral laceration or contusion","other and unspecified intracranial hemorrhage",74,"acute cerebrovascular disease"
"8_9","ICD-9-CM to ICDA-8","mpnet","433","has a reference match",858,0.246,0.102,-0.004,0.177,0.234,0.297,0.964,"432","occlusion of precerebral arteries","occlusion and stenosis of precerebral arteries",74,"acute cerebrovascular disease"
"8_9","ICD-9-CM to ICDA-8","mpnet","434","has a reference match",858,0.28,0.107,0.037,0.21,0.269,0.337,0.862,"432","occlusion of precerebral arteries","occlusion of cerebral arteries",74,"acute cerebrovascular disease"
"8_9","ICD-9-CM to ICDA-8","mpnet","435","has a reference match",858,0.3,0.115,0.012,0.218,0.295,0.369,1,"435","transient cerebral ischemia","transient cerebral ischemia",75,"transient cerebral ischemia"
"8_9","ICD-9-CM to ICDA-8","mpnet","436","has a reference match",858,0.282,0.113,0.05,0.207,0.265,0.342,1,"436","acute but illdefined cerebrovascular disease","acute but illdefined cerebrovascular disease",74,"acute cerebrovascular disease"
"8_9","ICD-9-CM to ICDA-8","mpnet","437","has a reference match",858,0.248,0.114,0.009,0.174,0.231,0.297,0.999,"438","other and illdefined cerebrovascular disease","other and illdefined cerebrovascular disease",76,"other and illdefined cerebrovascular disease"
"8_9","ICD-9-CM to ICDA-8","mpnet","438","has a reference match",858,0.184,0.112,-0.075,0.112,0.179,0.243,0.777,"438","other and illdefined cerebrovascular disease","late effects of cerebrovascular disease",76,"other and illdefined cerebrovascular disease"
"8_9","ICD-9-CM to ICDA-8","mpnet","440","has a reference match",858,0.29,0.108,0.045,0.22,0.278,0.35,0.787,"440","arteriosclerosis","atherosclerosis",77,"other circulatory disease"
"8_9","ICD-9-CM to ICDA-8","mpnet","441","has a reference match",858,0.23,0.095,-0.056,0.165,0.227,0.291,0.826,"441","aortic aneurysm nonsyphilitic","aortic aneurysm and dissection",77,"other circulatory disease"
"8_9","ICD-9-CM to ICDA-8","mpnet","442","has a reference match",858,0.304,0.097,0.048,0.242,0.302,0.365,1,"442","other aneurysm","other aneurysm",77,"other circulatory disease"
"8_9","ICD-9-CM to ICDA-8","mpnet","443","has a reference match",858,0.321,0.109,0.04,0.245,0.312,0.382,1,"443","other peripheral vascular disease","other peripheral vascular disease",77,"other circulatory disease"
"8_9","ICD-9-CM to ICDA-8","mpnet","444","has a reference match",858,0.27,0.116,0.028,0.185,0.256,0.331,1,"444","arterial embolism and thrombosis","arterial embolism and thrombosis",78,"aortic and peripheral arterial embolism or thrombosis"
"8_9","ICD-9-CM to ICDA-8","mpnet","445","has a reference match",858,0.314,0.103,0.053,0.24,0.31,0.378,0.683,"429","illdefined heart disease","atheroembolism",78,"aortic and peripheral arterial embolism or thrombosis"
"8_9","ICD-9-CM to ICDA-8","mpnet","446","has a reference match",858,0.252,0.102,0.008,0.188,0.244,0.316,1,"446","polyarteritis nodosa and allied conditions","polyarteritis nodosa and allied conditions",77,"other circulatory disease"
"8_9","ICD-9-CM to ICDA-8","mpnet","447","has a reference match",858,0.239,0.113,0.005,0.16,0.224,0.293,0.951,"447","other diseases of arteries and arterioles","other disorders of arteries and arterioles",77,"other circulatory disease"
"8_9","ICD-9-CM to ICDA-8","mpnet","448","has a reference match",858,0.334,0.095,0.034,0.268,0.331,0.392,0.895,"448","diseases of capillaries","disease of capillaries",77,"other circulatory disease"
"8_9","ICD-9-CM to ICDA-8","mpnet","453","has a reference match",858,0.288,0.101,0.053,0.219,0.277,0.341,1,"453","other venous embolism and thrombosis","other venous embolism and thrombosis",79,"phlebitis thrombophlebitis and thromboembolism"
"8_9","ICD-9-CM to ICDA-8","mpnet","456","has a reference match",858,0.299,0.094,0.029,0.24,0.302,0.356,1,"456","varicose veins of other sites","varicose veins of other sites",80,"other diseases of veins and lymphatics"
"8_9","ICD-9-CM to ICDA-8","mpnet","457","has a reference match",858,0.228,0.093,0.002,0.166,0.229,0.29,0.973,"457","noninfective disease of lymphatic channels","noninfectious disorders of lymphatic channels",80,"other diseases of veins and lymphatics"
"8_9","ICD-9-CM to ICDA-8","mpnet","459","has a reference match",858,0.295,0.111,0.061,0.217,0.288,0.36,0.945,"458","other diseases of circulatory system","other disorders of circulatory system",80,"other diseases of veins and lymphatics"
"8_9","ICD-9-CM to ICDA-8","mpnet","472","has a reference match",858,0.22,0.11,-0.002,0.143,0.207,0.284,0.976,"502","chronic pharyngitis and nasopharyngitis","chronic pharyngitis and nasopharyngitis",81,"other upper respiratory disease"
"8_9","ICD-9-CM to ICDA-8","mpnet","473","has a reference match",858,0.334,0.115,0.085,0.258,0.321,0.399,0.902,"503","chronic sinusitis","chronic sinusitis",82,"other upper respiratory infections"
"8_9","ICD-9-CM to ICDA-8","mpnet","474","has a reference match",858,0.28,0.113,0.025,0.196,0.27,0.354,0.752,"500","hypertrophy of tonsils and adenoids","chronic disease of tonsils and adenoids",83,"acute and chronic tonsillitis"
"8_9","ICD-9-CM to ICDA-8","mpnet","476","has a reference match",858,0.214,0.103,-0.037,0.144,0.203,0.275,0.888,"506","chronic laryngitis","chronic laryngitis and laryngotracheitis",81,"other upper respiratory disease"
"8_9","ICD-9-CM to ICDA-8","mpnet","477","has a reference match",858,0.315,0.114,0.03,0.241,0.302,0.38,0.727,"493","asthma","allergic rhinitis",81,"other upper respiratory disease"
"8_9","ICD-9-CM to ICDA-8","mpnet","478","has a reference match",858,0.283,0.125,0.008,0.194,0.268,0.358,0.991,"508","other diseases of upper respiratory tract","other diseases of upper respiratory tract",81,"other upper respiratory disease"
"8_9","ICD-9-CM to ICDA-8","mpnet","491","has a reference match",858,0.339,0.114,0.069,0.266,0.322,0.401,1,"491","chronic bronchitis","chronic bronchitis",84,"chronic obstructive pulmonary disease copd"
"8_9","ICD-9-CM to ICDA-8","mpnet","492","has a reference match",858,0.34,0.105,0.069,0.273,0.331,0.397,1,"492","emphysema","emphysema",84,"chronic obstructive pulmonary disease copd"
"8_9","ICD-9-CM to ICDA-8","mpnet","493","has a reference match",858,0.288,0.113,0.029,0.21,0.276,0.348,1,"493","asthma","asthma",85,"asthma"
"8_9","ICD-9-CM to ICDA-8","mpnet","494","has a reference match",858,0.366,0.107,0.116,0.296,0.353,0.423,0.903,"518","bronchiectasis","bronchiectasis",84,"chronic obstructive pulmonary disease copd"
"8_9","ICD-9-CM to ICDA-8","mpnet","495","no reference match",858,0.28,0.101,0.024,0.21,0.268,0.341,0.584,"695","erythematous conditions","extrinsic allergic alveolitis",86,"lung disease due to external agents"
"8_9","ICD-9-CM to ICDA-8","mpnet","496","no reference match",858,0.3,0.108,0.048,0.225,0.293,0.361,0.742,"491","chronic bronchitis","chronic airway obstruction not elsewhere classified",84,"chronic obstructive pulmonary disease copd"
"8_9","ICD-9-CM to ICDA-8","mpnet","500","has a reference match",858,0.245,0.086,0.032,0.181,0.239,0.299,0.634,"516","other pneumoconioses and related diseases","coal workers pneumoconiosis",86,"lung disease due to external agents"
"8_9","ICD-9-CM to ICDA-8","mpnet","501","has a reference match",858,0.338,0.082,0.066,0.284,0.337,0.391,0.652,"492","emphysema","asbestosis",86,"lung disease due to external agents"
"8_9","ICD-9-CM to ICDA-8","mpnet","502","has a reference match",858,0.262,0.088,0.023,0.204,0.26,0.311,0.958,"515","pneumoconiosis due to silica and silicates","pneumoconiosis due to other silica or silicates",86,"lung disease due to external agents"
"8_9","ICD-9-CM to ICDA-8","mpnet","503","has a reference match",858,0.276,0.095,0.041,0.209,0.266,0.334,0.764,"515","pneumoconiosis due to silica and silicates","pneumoconiosis due to other inorganic dust",86,"lung disease due to external agents"
"8_9","ICD-9-CM to ICDA-8","mpnet","504","has a reference match",858,0.272,0.1,0.033,0.207,0.266,0.328,0.644,"515","pneumoconiosis due to silica and silicates","pneumonopathy due to inhalation of other dust",86,"lung disease due to external agents"
"8_9","ICD-9-CM to ICDA-8","mpnet","505","has a reference match",858,0.354,0.099,0.094,0.287,0.349,0.417,0.769,"516","other pneumoconioses and related diseases","pneumoconiosis unspecified",86,"lung disease due to external agents"
"8_9","ICD-9-CM to ICDA-8","mpnet","506","has a reference match",858,0.248,0.104,0.005,0.184,0.239,0.298,0.717,"987","toxic effect of other gases fumes or vapors","respiratory conditions due to chemical fumes and vapors",86,"lung disease due to external agents"
"8_9","ICD-9-CM to ICDA-8","mpnet","508","no reference match",858,0.306,0.119,0.024,0.228,0.299,0.37,0.757,"783","symptoms referable to respiratory system","respiratory conditions due to other and unspecified external agents",86,"lung disease due to external agents"
"8_9","ICD-9-CM to ICDA-8","mpnet","512","has a reference match",858,0.256,0.094,0.037,0.182,0.249,0.316,0.846,"512","spontaneous pneumothorax","pneumothorax and air leak",87,"other lower respiratory disease"
"8_9","ICD-9-CM to ICDA-8","mpnet","514","has a reference match",858,0.254,0.122,-0.036,0.167,0.241,0.329,1,"514","pulmonary congestion and hypostasis","pulmonary congestion and hypostasis",87,"other lower respiratory disease"
"8_9","ICD-9-CM to ICDA-8","mpnet","515","no reference match",858,0.235,0.099,0.006,0.169,0.226,0.29,0.626,"514","pulmonary congestion and hypostasis","postinflammatory pulmonary fibrosis",87,"other lower respiratory disease"
"8_9","ICD-9-CM to ICDA-8","mpnet","516","no reference match",858,0.233,0.106,-0.015,0.157,0.221,0.293,0.67,"516","other pneumoconioses and related diseases","other alveolar and parietoalveolar pneumonopathy",87,"other lower respiratory disease"
"8_9","ICD-9-CM to ICDA-8","mpnet","517","no reference match",858,0.303,0.106,0.031,0.235,0.29,0.357,0.765,"514","pulmonary congestion and hypostasis","lung involvement in conditions classified elsewhere",87,"other lower respiratory disease"
"8_9","ICD-9-CM to ICDA-8","mpnet","518","has a reference match",858,0.268,0.117,0.002,0.189,0.249,0.337,0.885,"519","other diseases of respiratory system","other diseases of lung",88,"respiratory failure pulmonary collapse"
"8_9","ICD-9-CM to ICDA-8","mpnet","523","has a reference match",858,0.204,0.09,0.015,0.146,0.195,0.251,0.891,"523","periodontal diseases","gingival and periodontal diseases",89,"disorders of teeth and jaw"
"8_9","ICD-9-CM to ICDA-8","mpnet","525","has a reference match",858,0.282,0.094,0.067,0.221,0.277,0.328,1,"525","other diseases and conditions of the teeth and supporting structures","other diseases and conditions of the teeth and supporting structures",89,"disorders of teeth and jaw"
"8_9","ICD-9-CM to ICDA-8","mpnet","530","has a reference match",858,0.296,0.097,0.035,0.229,0.289,0.354,0.924,"530","diseases of esophagus","diseases of oesophagus",90,"esophageal disorders"
"8_9","ICD-9-CM to ICDA-8","mpnet","531","has a reference match",858,0.338,0.101,0.074,0.272,0.331,0.397,0.939,"531","ulcer of stomach","gastric ulcer",91,"gasduo ulcer without hemorrhage"
"8_9","ICD-9-CM to ICDA-8","mpnet","532","has a reference match",858,0.355,0.106,0.085,0.287,0.344,0.416,0.954,"532","ulcer of duodenum","duodenal ulcer",91,"gasduo ulcer without hemorrhage"
"8_9","ICD-9-CM to ICDA-8","mpnet","533","has a reference match",858,0.309,0.101,0.063,0.242,0.299,0.365,1,"533","peptic ulcer site unspecified","peptic ulcer site unspecified",91,"gasduo ulcer without hemorrhage"
"8_9","ICD-9-CM to ICDA-8","mpnet","534","has a reference match",858,0.356,0.1,0.106,0.291,0.35,0.41,1,"534","gastrojejunal ulcer","gastrojejunal ulcer",91,"gasduo ulcer without hemorrhage"
"8_9","ICD-9-CM to ICDA-8","mpnet","535","has a reference match",858,0.29,0.109,0.055,0.216,0.274,0.34,1,"535","gastritis and duodenitis","gastritis and duodenitis",92,"gastritis and duodenitis"
"8_9","ICD-9-CM to ICDA-8","mpnet","537","has a reference match",858,0.279,0.12,-0.004,0.2,0.264,0.334,1,"537","other diseases of stomach and duodenum","other diseases of stomach and duodenum",93,"other disorders of stomach and duodenum"
"8_9","ICD-9-CM to ICDA-8","mpnet","555","no reference match",858,0.308,0.1,0.081,0.235,0.301,0.367,0.659,"561","gastroenteritis and colitis except ulcerative of noninfectious origin","regional enteritis",94,"regional enteritis and ulcerative colitis"
"8_9","ICD-9-CM to ICDA-8","mpnet","556","has a reference match",858,0.346,0.104,0.064,0.273,0.346,0.408,0.762,"534","gastrojejunal ulcer","ulcerative colitis",94,"regional enteritis and ulcerative colitis"
"8_9","ICD-9-CM to ICDA-8","mpnet","557","no reference match",858,0.259,0.098,0.023,0.186,0.248,0.319,0.649,"564","functional disorders of intestines","vascular insufficiency of intestine",77,"other circulatory disease"
"8_9","ICD-9-CM to ICDA-8","mpnet","558","has a reference match",858,0.294,0.111,0.014,0.219,0.278,0.358,0.896,"561","gastroenteritis and colitis except ulcerative of noninfectious origin","other and unspecified noninfectious gastroenteritis and colitis",95,"noninfectious gastroenteritis"
"8_9","ICD-9-CM to ICDA-8","mpnet","562","has a reference match",858,0.287,0.099,-0.006,0.226,0.275,0.336,1,"562","diverticula of intestine","diverticula of intestine",96,"diverticulosis and diverticulitis"
"8_9","ICD-9-CM to ICDA-8","mpnet","564","has a reference match",858,0.216,0.111,-0.027,0.14,0.202,0.273,0.855,"564","functional disorders of intestines","functional digestive disorders not elsewhere classified",97,"other gastrointestinal disorders"
"8_9","ICD-9-CM to ICDA-8","mpnet","571","has a reference match",858,0.26,0.095,-0.026,0.197,0.255,0.316,0.805,"571","cirrhosis of liver","chronic liver disease and cirrhosis",98,"hepatitis and other liver diseases"
"8_9","ICD-9-CM to ICDA-8","mpnet","572","has a reference match",858,0.261,0.096,-0.021,0.196,0.254,0.319,0.835,"572","suppurative hepatitis and liver abscess","liver abscess and sequelae of chronic liver disease",98,"hepatitis and other liver diseases"
"8_9","ICD-9-CM to ICDA-8","mpnet","573","has a reference match",858,0.301,0.099,-0.02,0.237,0.294,0.356,1,"573","other diseases of liver","other diseases of liver",98,"hepatitis and other liver diseases"
"8_9","ICD-9-CM to ICDA-8","mpnet","575","has a reference match",858,0.219,0.104,-0.023,0.148,0.208,0.277,0.879,"576","other diseases of gallbladder and biliary ducts","other disorders of gallbladder",99,"biliary tract disease"
"8_9","ICD-9-CM to ICDA-8","mpnet","576","no reference match",858,0.217,0.104,-0.028,0.147,0.2,0.274,0.826,"576","other diseases of gallbladder and biliary ducts","other disorders of biliary tract",99,"biliary tract disease"
"8_9","ICD-9-CM to ICDA-8","mpnet","577","has a reference match",858,0.256,0.097,-0.003,0.192,0.25,0.313,1,"577","diseases of pancreas","diseases of pancreas",100,"pancreatic disorders excluding diabetes"
"8_9","ICD-9-CM to ICDA-8","mpnet","579","has a reference match",858,0.301,0.101,0.053,0.227,0.293,0.362,0.656,"936","foreign body in intestine and colon","intestinal malabsorption",97,"other gastrointestinal disorders"
"8_9","ICD-9-CM to ICDA-8","mpnet","581","has a reference match",858,0.315,0.097,0.066,0.257,0.311,0.371,1,"581","nephrotic syndrome","nephrotic syndrome",101,"chronic kideny disease and related conditions"
"8_9","ICD-9-CM to ICDA-8","mpnet","582","has a reference match",858,0.312,0.103,0.036,0.242,0.309,0.376,0.886,"582","chronic nephritis","chronic glomerulonephritis",101,"chronic kideny disease and related conditions"
"8_9","ICD-9-CM to ICDA-8","mpnet","583","has a reference match",858,0.303,0.104,0.041,0.234,0.294,0.362,0.897,"582","chronic nephritis","nephritis and nephropathy not specified as acute or chronic",101,"chronic kideny disease and related conditions"
"8_9","ICD-9-CM to ICDA-8","mpnet","585","no reference match",858,0.322,0.11,0.042,0.247,0.312,0.386,0.834,"582","chronic nephritis","chronic kidney disease",101,"chronic kideny disease and related conditions"
"8_9","ICD-9-CM to ICDA-8","mpnet","586","no reference match",858,0.321,0.102,0.084,0.247,0.316,0.383,0.775,"584","renal sclerosis unqualified","renal failure unspecified",101,"chronic kideny disease and related conditions"
"8_9","ICD-9-CM to ICDA-8","mpnet","587","has a reference match",858,0.329,0.095,0.06,0.263,0.327,0.388,0.921,"584","renal sclerosis unqualified","renal sclerosis unspecified",101,"chronic kideny disease and related conditions"
"8_9","ICD-9-CM to ICDA-8","mpnet","588","no reference match",858,0.26,0.107,0.002,0.186,0.252,0.321,0.785,"593","other diseases of kidney and ureter","disorders resulting from impaired renal function",102,"other diseases of kidney and ureters"
"8_9","ICD-9-CM to ICDA-8","mpnet","590","has a reference match",858,0.322,0.105,0.079,0.244,0.313,0.389,1,"590","infections of kidney","infections of kidney",103,"urinary tract infections"
"8_9","ICD-9-CM to ICDA-8","mpnet","595","has a reference match",858,0.365,0.101,0.12,0.3,0.36,0.42,1,"595","cystitis","cystitis",103,"urinary tract infections"
"8_9","ICD-9-CM to ICDA-8","mpnet","596","has a reference match",858,0.235,0.1,0.018,0.164,0.224,0.29,0.947,"596","other diseases of bladder","other disorders of bladder",104,"other diseases of bladder and urethra"
"8_9","ICD-9-CM to ICDA-8","mpnet","599","has a reference match",858,0.267,0.113,0.028,0.187,0.253,0.332,0.849,"599","other diseases of urinary tract","other disorders of urethra and urinary tract",104,"other diseases of bladder and urethra"
"8_9","ICD-9-CM to ICDA-8","mpnet","600","has a reference match",858,0.264,0.098,-0.021,0.199,0.263,0.322,1,"600","hyperplasia of prostate","hyperplasia of prostate",105,"hyperplasia of prostate"
"8_9","ICD-9-CM to ICDA-8","mpnet","601","has a reference match",858,0.189,0.102,-0.071,0.115,0.179,0.257,0.789,"602","other diseases of prostate","inflammatory diseases of prostate",106,"other male genital disorders"
"8_9","ICD-9-CM to ICDA-8","mpnet","607","has a reference match",858,0.283,0.092,0.039,0.222,0.273,0.339,0.777,"607","other diseases of male genital organs","disorders of penis",106,"other male genital disorders"
"8_9","ICD-9-CM to ICDA-8","mpnet","610","has a reference match",858,0.264,0.095,-0.018,0.204,0.26,0.318,0.706,"611","other diseases of breast","benign mammary dysplasias",107,"nonmalignant breast conditions"
"8_9","ICD-9-CM to ICDA-8","mpnet","614","has a reference match",858,0.248,0.111,-0.006,0.164,0.242,0.308,0.771,"615","other diseases of ovary and fallopian tube","inflammatory disease of ovary fallopian tube pelvic cellular tissue and peritoneum",108,"other female genital disorders"
"8_9","ICD-9-CM to ICDA-8","mpnet","615","no reference match",858,0.277,0.115,0.049,0.194,0.269,0.346,0.834,"625","other diseases of uterus","inflammatory diseases of uterus except cervix",108,"other female genital disorders"
"8_9","ICD-9-CM to ICDA-8","mpnet","617","no reference match",858,0.332,0.102,0.079,0.261,0.322,0.388,0.741,"624","malposition of uterus","endometriosis",108,"other female genital disorders"
"8_9","ICD-9-CM to ICDA-8","mpnet","618","has a reference match",858,0.331,0.102,0.078,0.263,0.325,0.394,0.805,"623","uterovaginal prolapse","genital prolapse",110,"prolapse of female genital organs"
"8_9","ICD-9-CM to ICDA-8","mpnet","619","no reference match",858,0.32,0.102,0.077,0.247,0.313,0.388,0.74,"565","anal fissure and fistula","fistula involving female genital tract",108,"other female genital disorders"
"8_9","ICD-9-CM to ICDA-8","mpnet","621","has a reference match",858,0.261,0.12,0.014,0.178,0.243,0.328,0.899,"625","other diseases of uterus","disorders of uterus not elsewhere classified",108,"other female genital disorders"
"8_9","ICD-9-CM to ICDA-8","mpnet","625","no reference match",858,0.3,0.096,0.078,0.233,0.282,0.351,0.751,"629","other diseases of female genital organs","pain and other symptoms associated with female genital organs",108,"other female genital disorders"
"8_9","ICD-9-CM to ICDA-8","mpnet","626","has a reference match",858,0.262,0.1,0.026,0.191,0.248,0.319,0.785,"626","disorders of menstruation","disorders of menstruation and other abnormal bleeding from female genital tract",109,"menstrual disorders"
"8_9","ICD-9-CM to ICDA-8","mpnet","627","has a reference match",858,0.218,0.102,-0.031,0.142,0.209,0.286,0.738,"627","menopausal symptoms","menopausal and postmenopausal disorders",111,"menopausal disorders"
"8_9","ICD-9-CM to ICDA-8","mpnet","628","has a reference match",858,0.248,0.108,0.012,0.173,0.233,0.306,0.749,"628","sterility female","female infertility",112,"female infertility"
"8_9","ICD-9-CM to ICDA-8","mpnet","629","has a reference match",858,0.279,0.116,0.021,0.197,0.266,0.347,0.956,"629","other diseases of female genital organs","other disorders of female genital organs",108,"other female genital disorders"
"8_9","ICD-9-CM to ICDA-8","mpnet","691","has a reference match",858,0.281,0.104,-0.002,0.209,0.276,0.337,0.801,"692","other eczema and dermatitis","atopic dermatitis and related conditions",113,"allergic reactions"
"8_9","ICD-9-CM to ICDA-8","mpnet","694","has a reference match",858,0.294,0.089,0.052,0.237,0.29,0.342,0.774,"702","other dermatoses","bullous dermatoses",114,"other inflammatory condition of skin"
"8_9","ICD-9-CM to ICDA-8","mpnet","695","has a reference match",858,0.381,0.101,0.106,0.313,0.379,0.44,1,"695","erythematous conditions","erythematous conditions",114,"other inflammatory condition of skin"
"8_9","ICD-9-CM to ICDA-8","mpnet","696","has a reference match",858,0.244,0.103,0.005,0.175,0.236,0.299,1,"696","psoriasis and similar disorders","psoriasis and similar disorders",114,"other inflammatory condition of skin"
"8_9","ICD-9-CM to ICDA-8","mpnet","701","has a reference match",858,0.206,0.1,-0.038,0.134,0.2,0.267,1,"701","other hypertrophic and atrophic conditions of skin","other hypertrophic and atrophic conditions of skin",115,"other skin disorders"
"8_9","ICD-9-CM to ICDA-8","mpnet","705","has a reference match",858,0.233,0.111,-0.01,0.153,0.219,0.3,1,"705","diseases of sweat glands","diseases of sweat glands",115,"other skin disorders"
"8_9","ICD-9-CM to ICDA-8","mpnet","707","has a reference match",858,0.361,0.108,0.07,0.285,0.348,0.423,1,"707","chronic ulcer of skin","chronic ulcer of skin",116,"chronic ulcer of skin"
"8_9","ICD-9-CM to ICDA-8","mpnet","710","has a reference match",858,0.33,0.114,0.029,0.254,0.322,0.405,0.974,"734","diffuse diseases of connective tissue","diffuse diseases of connective tissue",117,"systemic lupus erythematosus and connective tissue disorders"
"8_9","ICD-9-CM to ICDA-8","mpnet","712","no reference match",858,0.307,0.106,0.053,0.234,0.304,0.378,0.653,"722","osteochondrosis","crystal arthropathies",37,"gout and other crystal arthropathies"
"8_9","ICD-9-CM to ICDA-8","mpnet","713","no reference match",858,0.355,0.113,0.072,0.273,0.354,0.422,0.77,"713","osteoarthritis and allied conditions","arthropathy associated with other disorders classified elsewhere",118,"joint disorders"
"8_9","ICD-9-CM to ICDA-8","mpnet","714","has a reference match",858,0.325,0.101,0.094,0.259,0.32,0.377,0.883,"712","rheumatoid arthritis and allied conditions","rheumatoid arthritis and other inflammatory polyarthropathies",119,"rheumatoid arthritis and related disease"
"8_9","ICD-9-CM to ICDA-8","mpnet","715","has a reference match",858,0.253,0.116,-0.009,0.166,0.241,0.318,0.933,"713","osteoarthritis and allied conditions","osteoarthrosis and allied disorders",120,"osteoarthritis"
"8_9","ICD-9-CM to ICDA-8","mpnet","716","has a reference match",858,0.33,0.12,0.061,0.24,0.318,0.406,0.742,"713","osteoarthritis and allied conditions","other and unspecified arthropathies",118,"joint disorders"
"8_9","ICD-9-CM to ICDA-8","mpnet","717","has a reference match",858,0.315,0.121,0.001,0.225,0.296,0.389,0.745,"836","dislocation of knee","internal derangement of knee",118,"joint disorders"
"8_9","ICD-9-CM to ICDA-8","mpnet","718","has a reference match",858,0.228,0.086,0.007,0.166,0.218,0.283,0.814,"724","internal derangement of joint","other derangement of joint",118,"joint disorders"
"8_9","ICD-9-CM to ICDA-8","mpnet","719","has a reference match",858,0.302,0.122,0.048,0.215,0.287,0.373,0.934,"729","other diseases of joint","other and unspecified disorders of joint",118,"joint disorders"
"8_9","ICD-9-CM to ICDA-8","mpnet","720","no reference match",858,0.259,0.101,0.003,0.188,0.251,0.319,0.645,"727","ankylosis of joint","ankylosing spondylitis and other inflammatory spondylopathies",121,"spondylosis intervertebral disc disorders other back problems"
"8_9","ICD-9-CM to ICDA-8","mpnet","721","no reference match",858,0.252,0.108,0.001,0.176,0.239,0.309,0.669,"722","osteochondrosis","spondylosis and allied disorders",121,"spondylosis intervertebral disc disorders other back problems"
"8_9","ICD-9-CM to ICDA-8","mpnet","722","has a reference match",858,0.206,0.107,-0.067,0.132,0.194,0.268,0.751,"725","displacement of intervertebral disc","intervertebral disc disorders",121,"spondylosis intervertebral disc disorders other back problems"
"8_9","ICD-9-CM to ICDA-8","mpnet","730","has a reference match",858,0.273,0.105,0.043,0.196,0.272,0.34,0.897,"720","osteomyelitis and periostitis","osteomyelitis periostitis and other infections involving bone",122,"infective arthritis and osteomyelitis"
"8_9","ICD-9-CM to ICDA-8","mpnet","731","has a reference match",858,0.267,0.107,0.03,0.196,0.256,0.333,0.855,"721","osteitis deformans","osteitis deformans and osteopathies associated with other disorders classified elsewhere",123,"osteoporosis and other bone disease"
"8_9","ICD-9-CM to ICDA-8","mpnet","732","has a reference match",858,0.337,0.103,0.101,0.268,0.336,0.399,0.869,"722","osteochondrosis","osteochondropathies",123,"osteoporosis and other bone disease"
"8_9","ICD-9-CM to ICDA-8","mpnet","733","has a reference match",858,0.292,0.112,0.02,0.214,0.282,0.36,0.811,"723","other diseases of bone","other disorders of bone and cartilage",123,"osteoporosis and other bone disease"
"8_9","ICD-9-CM to ICDA-8","mpnet","735","has a reference match",858,0.3,0.111,0.076,0.219,0.283,0.361,0.724,"754","clubfoot congenital","acquired deformities of toe",124,"acquired foot deformities"
"8_9","ICD-9-CM to ICDA-8","mpnet","737","has a reference match",858,0.255,0.087,0.041,0.196,0.247,0.307,0.934,"735","curvature of spine","curvature of spine",125,"other acquired deformities"
"8_9","ICD-9-CM to ICDA-8","mpnet","740","has a reference match",858,0.262,0.099,0.067,0.193,0.244,0.316,0.823,"740","anencephalus","anencephalus and similar anomalies",126,"nervous system congenital anomalies"
"8_9","ICD-9-CM to ICDA-8","mpnet","741","has a reference match",858,0.324,0.092,0.089,0.258,0.322,0.387,1,"741","spina bifida","spina bifida",126,"nervous system congenital anomalies"
"8_9","ICD-9-CM to ICDA-8","mpnet","742","has a reference match",858,0.262,0.116,-0.012,0.188,0.246,0.307,0.998,"743","other congenital anomalies of nervous system","other congenital anomalies of nervous system",126,"nervous system congenital anomalies"
"8_9","ICD-9-CM to ICDA-8","mpnet","743","has a reference match",858,0.307,0.101,0.042,0.244,0.298,0.35,0.992,"744","congenital anomalies of eye","congenital anomalies of eye",127,"other congenital anomalies"
"8_9","ICD-9-CM to ICDA-8","mpnet","744","has a reference match",858,0.286,0.103,-0.033,0.22,0.279,0.337,0.983,"745","congenital anomalies of ear face and neck","congenital anomalies of ear face and neck",127,"other congenital anomalies"
"8_9","ICD-9-CM to ICDA-8","mpnet","745","no reference match",858,0.24,0.084,0.01,0.186,0.232,0.287,0.72,"746","congenital anomalies of heart","bulbus cordis anomalies and anomalies of cardiac septal closure",128,"cardiac and circulatory congenital anomalies"
"8_9","ICD-9-CM to ICDA-8","mpnet","746","has a reference match",858,0.277,0.107,0.016,0.205,0.266,0.329,0.917,"746","congenital anomalies of heart","other congenital anomalies of heart",128,"cardiac and circulatory congenital anomalies"
"8_9","ICD-9-CM to ICDA-8","mpnet","747","has a reference match",858,0.308,0.103,0.077,0.244,0.295,0.354,1,"747","other congenital anomalies of circulatory system","other congenital anomalies of circulatory system",128,"cardiac and circulatory congenital anomalies"
"8_9","ICD-9-CM to ICDA-8","mpnet","748","has a reference match",858,0.298,0.101,0.085,0.232,0.282,0.341,1,"748","congenital anomalies of respiratory system","congenital anomalies of respiratory system",127,"other congenital anomalies"
"8_9","ICD-9-CM to ICDA-8","mpnet","749","has a reference match",858,0.239,0.089,0.027,0.18,0.232,0.286,1,"749","cleft palate and cleft lip","cleft palate and cleft lip",127,"other congenital anomalies"
"8_9","ICD-9-CM to ICDA-8","mpnet","750","has a reference match",858,0.23,0.111,-0.001,0.156,0.212,0.282,1,"750","other congenital anomalies of upper alimentary tract","other congenital anomalies of upper alimentary tract",129,"digestive congenital anomalies"
"8_9","ICD-9-CM to ICDA-8","mpnet","751","has a reference match",858,0.213,0.121,-0.04,0.133,0.191,0.26,1,"751","other congenital anomalies of digestive system","other congenital anomalies of digestive system",129,"digestive congenital anomalies"
"8_9","ICD-9-CM to ICDA-8","mpnet","752","has a reference match",858,0.258,0.116,-0.006,0.178,0.245,0.318,1,"752","congenital anomalies of genital organs","congenital anomalies of genital organs",130,"genitourinary congenital anomalies"
"8_9","ICD-9-CM to ICDA-8","mpnet","753","has a reference match",858,0.22,0.116,-0.001,0.14,0.195,0.277,1,"753","congenital anomalies of urinary system","congenital anomalies of urinary system",130,"genitourinary congenital anomalies"
"8_9","ICD-9-CM to ICDA-8","mpnet","754","has a reference match",858,0.279,0.111,0.058,0.203,0.266,0.338,0.912,"756","other congenital anomalies of musculoskeletal system","certain congenital musculoskeletal deformities",127,"other congenital anomalies"
"8_9","ICD-9-CM to ICDA-8","mpnet","755","has a reference match",858,0.225,0.117,-0.03,0.144,0.213,0.287,1,"755","other congenital anomalies of limbs","other congenital anomalies of limbs",127,"other congenital anomalies"
"8_9","ICD-9-CM to ICDA-8","mpnet","756","has a reference match",858,0.225,0.116,-0.01,0.146,0.214,0.285,0.977,"756","other congenital anomalies of musculoskeletal system","other congenital musculoskeletal anomalies",127,"other congenital anomalies"
"8_9","ICD-9-CM to ICDA-8","mpnet","757","has a reference match",858,0.284,0.102,-0.012,0.219,0.277,0.342,0.761,"758","other and unspecified congenital anomalies","congenital anomalies of the integument",127,"other congenital anomalies"
"8_9","ICD-9-CM to ICDA-8","mpnet","758","has a reference match",858,0.283,0.091,0.058,0.22,0.273,0.338,0.714,"758","other and unspecified congenital anomalies","chromosomal anomalies",127,"other congenital anomalies"
"8_9","ICD-9-CM to ICDA-8","mpnet","759","has a reference match",858,0.304,0.111,0.032,0.239,0.29,0.354,0.998,"758","other and unspecified congenital anomalies","other and unspecified congenital anomalies",127,"other congenital anomalies"
